[04Mar2026 15:24:17.284] [main/INFO] [cpw.mods.modlauncher.Launcher/MODLAUNCHER]: ModLauncher running: args [--nogui, --launchTarget, forgeserverdev, --gameDir, ., --fml.fmlVersion, 4.0.42, --fml.mcVersion, 1.21.1, --fml.neoForgeVersion, 21.1.219, --fml.neoFormVersion, 20240808.144430]
[04Mar2026 15:24:17.285] [main/INFO] [cpw.mods.modlauncher.Launcher/MODLAUNCHER]: JVM identified as Homebrew OpenJDK 64-Bit Server VM 21.0.10
[04Mar2026 15:24:17.286] [main/INFO] [cpw.mods.modlauncher.Launcher/MODLAUNCHER]: ModLauncher 11.0.5+main.901c6ea8 starting: java version 21.0.10 by Homebrew; OS Mac OS X arch aarch64 version 26.2
[04Mar2026 15:24:17.305] [main/DEBUG] [cpw.mods.modlauncher.LaunchServiceHandler/MODLAUNCHER]: Found launch services [minecraft,forgeclient,forgedatauserdev,testharness,forgeserverdev,forgeserveruserdev,forgejunitdev,forgeclientdev,forgeclientuserdev,forgeserver,forgejunituserdev,forgedatadev]
[04Mar2026 15:24:17.323] [main/DEBUG] [cpw.mods.modlauncher.LaunchPluginHandler/MODLAUNCHER]: Found launch plugins: [mixin,slf4jfixer,runtime_enum_extender,accesstransformer,runtimedistcleaner]
[04Mar2026 15:24:17.329] [main/DEBUG] [cpw.mods.modlauncher.TransformationServicesHandler/MODLAUNCHER]: Discovering transformation services
[04Mar2026 15:24:17.332] [main/DEBUG] [net.neoforged.fml.loading.FMLPaths/CORE]: Path GAMEDIR is /Users/caliane/Sources/nuclearcraft/runs/server
[04Mar2026 15:24:17.332] [main/DEBUG] [net.neoforged.fml.loading.FMLPaths/CORE]: Path MODSDIR is /Users/caliane/Sources/nuclearcraft/runs/server/mods
[04Mar2026 15:24:17.332] [main/DEBUG] [net.neoforged.fml.loading.FMLPaths/CORE]: Path CONFIGDIR is /Users/caliane/Sources/nuclearcraft/runs/server/config
[04Mar2026 15:24:17.332] [main/DEBUG] [net.neoforged.fml.loading.FMLPaths/CORE]: Path FMLCONFIG is /Users/caliane/Sources/nuclearcraft/runs/server/config/fml.toml
[04Mar2026 15:24:17.349] [main/TRACE] [net.neoforged.fml.loading.FMLConfig/CORE]: Loaded FML config from /Users/caliane/Sources/nuclearcraft/runs/server/config/fml.toml
[04Mar2026 15:24:17.349] [main/TRACE] [net.neoforged.fml.loading.FMLConfig/CORE]: FMLConfig disableConfigWatcher is false
[04Mar2026 15:24:17.349] [main/TRACE] [net.neoforged.fml.loading.FMLConfig/CORE]: FMLConfig earlyWindowControl is true
[04Mar2026 15:24:17.349] [main/TRACE] [net.neoforged.fml.loading.FMLConfig/CORE]: FMLConfig maxThreads is 32
[04Mar2026 15:24:17.349] [main/TRACE] [net.neoforged.fml.loading.FMLConfig/CORE]: FMLConfig versionCheck is true
[04Mar2026 15:24:17.349] [main/TRACE] [net.neoforged.fml.loading.FMLConfig/CORE]: FMLConfig defaultConfigPath is defaultconfigs
[04Mar2026 15:24:17.349] [main/TRACE] [net.neoforged.fml.loading.FMLConfig/CORE]: FMLConfig disableOptimizedDFU is true
[04Mar2026 15:24:17.349] [main/TRACE] [net.neoforged.fml.loading.FMLConfig/CORE]: FMLConfig earlyWindowProvider is fmlearlywindow
[04Mar2026 15:24:17.349] [main/TRACE] [net.neoforged.fml.loading.FMLConfig/CORE]: FMLConfig earlyWindowWidth is 854
[04Mar2026 15:24:17.349] [main/TRACE] [net.neoforged.fml.loading.FMLConfig/CORE]: FMLConfig earlyWindowHeight is 480
[04Mar2026 15:24:17.349] [main/TRACE] [net.neoforged.fml.loading.FMLConfig/CORE]: FMLConfig earlyWindowFBScale is 1
[04Mar2026 15:24:17.350] [main/TRACE] [net.neoforged.fml.loading.FMLConfig/CORE]: FMLConfig earlyWindowMaximized is false
[04Mar2026 15:24:17.350] [main/TRACE] [net.neoforged.fml.loading.FMLConfig/CORE]: FMLConfig earlyWindowSkipGLVersions is []
[04Mar2026 15:24:17.350] [main/TRACE] [net.neoforged.fml.loading.FMLConfig/CORE]: FMLConfig earlyWindowSquir is false
[04Mar2026 15:24:17.355] [main/DEBUG] [net.neoforged.fml.loading.targets.CommonLaunchHandler/CORE]: Got mod coordinates nuclearcraft%%/Users/caliane/Sources/nuclearcraft/build/resources/main:nuclearcraft%%/Users/caliane/Sources/nuclearcraft/build/classes/java/main from env
[04Mar2026 15:24:17.357] [main/DEBUG] [net.neoforged.fml.loading.targets.CommonLaunchHandler/CORE]: Found supplied mod coordinates [{nuclearcraft=[/Users/caliane/Sources/nuclearcraft/build/resources/main, /Users/caliane/Sources/nuclearcraft/build/classes/java/main]}]
[04Mar2026 15:24:17.358] [main/DEBUG] [cpw.mods.modlauncher.TransformationServicesHandler/MODLAUNCHER]: Found additional transformation services from discovery services: 
[04Mar2026 15:24:17.364] [main/INFO] [net.neoforged.fml.loading.ImmediateWindowHandler/]: ImmediateWindowProvider not loading because launch target is forgeserverdev
[04Mar2026 15:24:17.371] [main/DEBUG] [cpw.mods.modlauncher.TransformationServicesHandler/MODLAUNCHER]: Found transformer services : [mixin,fml]
[04Mar2026 15:24:17.372] [main/DEBUG] [cpw.mods.modlauncher.TransformationServicesHandler/MODLAUNCHER]: Transformation services loading
[04Mar2026 15:24:17.372] [main/DEBUG] [cpw.mods.modlauncher.TransformationServiceDecorator/MODLAUNCHER]: Loading service mixin
[04Mar2026 15:24:17.372] [main/DEBUG] [cpw.mods.modlauncher.TransformationServiceDecorator/MODLAUNCHER]: Loaded service mixin
[04Mar2026 15:24:17.372] [main/DEBUG] [cpw.mods.modlauncher.TransformationServiceDecorator/MODLAUNCHER]: Loading service fml
[04Mar2026 15:24:17.373] [main/DEBUG] [net.neoforged.fml.loading.FMLLoader/CORE]: FML 4.0.42 loading
[04Mar2026 15:24:17.373] [main/DEBUG] [net.neoforged.fml.loading.FMLLoader/CORE]: FML found ModLauncher version : 11.0.5+main.901c6ea8
[04Mar2026 15:24:17.373] [main/DEBUG] [net.neoforged.fml.loading.FMLLoader/CORE]: FML found AccessTransformer version : 10.0.1+139da711
[04Mar2026 15:24:17.374] [main/DEBUG] [net.neoforged.fml.loading.FMLLoader/CORE]: FML found EventBus version : null
[04Mar2026 15:24:17.374] [main/DEBUG] [net.neoforged.fml.loading.FMLLoader/CORE]: Found Runtime Dist Cleaner
[04Mar2026 15:24:17.374] [main/DEBUG] [cpw.mods.modlauncher.TransformationServiceDecorator/MODLAUNCHER]: Loaded service fml
[04Mar2026 15:24:17.374] [main/DEBUG] [cpw.mods.modlauncher.TransformationServicesHandler/MODLAUNCHER]: Configuring option handling for services
[04Mar2026 15:24:17.399] [main/DEBUG] [net.neoforged.fml.loading.FMLServiceProvider/CORE]: Received command line version data  : VersionInfo[neoForgeVersion=21.1.219, fmlVersion=4.0.42, mcVersion=1.21.1, neoFormVersion=20240808.144430]
[04Mar2026 15:24:17.399] [main/DEBUG] [cpw.mods.modlauncher.TransformationServicesHandler/MODLAUNCHER]: Transformation services initializing
[04Mar2026 15:24:17.400] [main/DEBUG] [cpw.mods.modlauncher.TransformationServiceDecorator/MODLAUNCHER]: Initializing transformation service mixin
[04Mar2026 15:24:17.407] [main/DEBUG] [mixin/]: MixinService [ModLauncher] was successfully booted in cpw.mods.cl.ModuleClassLoader@4e718207
[04Mar2026 15:24:17.413] [main/INFO] [mixin/]: SpongePowered MIXIN Subsystem Version=0.8.7 Source=union:/Users/caliane/.gradle/caches/modules-2/files-2.1/net.fabricmc/sponge-mixin/0.15.2+mixin.0.8.7/2af2f021d8e02a0220dc27a7a72b4666d66d44ca/sponge-mixin-0.15.2+mixin.0.8.7.jar%23134!/ Service=ModLauncher Env=SERVER
[04Mar2026 15:24:17.415] [main/DEBUG] [mixin/]: Initialising Mixin Platform Manager
[04Mar2026 15:24:17.416] [main/DEBUG] [mixin/]: Adding mixin platform agents for container ModLauncher Root Container(ModLauncher:4f56a0a2)
[04Mar2026 15:24:17.416] [main/DEBUG] [mixin/]: Instancing new MixinPlatformAgentMinecraftForge for ModLauncher Root Container(ModLauncher:4f56a0a2)
[04Mar2026 15:24:17.416] [main/DEBUG] [mixin/]: MixinPlatformAgentMinecraftForge rejected container ModLauncher Root Container(ModLauncher:4f56a0a2)
[04Mar2026 15:24:17.417] [main/DEBUG] [mixin/]: Instancing new MixinPlatformAgentDefault for ModLauncher Root Container(ModLauncher:4f56a0a2)
[04Mar2026 15:24:17.417] [main/DEBUG] [mixin/]: MixinPlatformAgentDefault accepted container ModLauncher Root Container(ModLauncher:4f56a0a2)
[04Mar2026 15:24:17.418] [main/DEBUG] [cpw.mods.modlauncher.TransformationServiceDecorator/MODLAUNCHER]: Initialized transformation service mixin
[04Mar2026 15:24:17.418] [main/DEBUG] [cpw.mods.modlauncher.TransformationServiceDecorator/MODLAUNCHER]: Initializing transformation service fml
[04Mar2026 15:24:17.418] [main/DEBUG] [net.neoforged.fml.loading.FMLServiceProvider/CORE]: Setting up basic FML game directories
[04Mar2026 15:24:17.418] [main/DEBUG] [net.neoforged.fml.loading.FMLPaths/CORE]: Path GAMEDIR is /Users/caliane/Sources/nuclearcraft/runs/server
[04Mar2026 15:24:17.418] [main/DEBUG] [net.neoforged.fml.loading.FMLPaths/CORE]: Path MODSDIR is /Users/caliane/Sources/nuclearcraft/runs/server/mods
[04Mar2026 15:24:17.418] [main/DEBUG] [net.neoforged.fml.loading.FMLPaths/CORE]: Path CONFIGDIR is /Users/caliane/Sources/nuclearcraft/runs/server/config
[04Mar2026 15:24:17.419] [main/DEBUG] [net.neoforged.fml.loading.FMLPaths/CORE]: Path FMLCONFIG is /Users/caliane/Sources/nuclearcraft/runs/server/config/fml.toml
[04Mar2026 15:24:17.419] [main/DEBUG] [net.neoforged.fml.loading.FMLServiceProvider/CORE]: Loading configuration
[04Mar2026 15:24:17.421] [main/TRACE] [net.neoforged.fml.loading.FMLConfig/CORE]: Loaded FML config from /Users/caliane/Sources/nuclearcraft/runs/server/config/fml.toml
[04Mar2026 15:24:17.421] [main/TRACE] [net.neoforged.fml.loading.FMLConfig/CORE]: FMLConfig disableConfigWatcher is false
[04Mar2026 15:24:17.421] [main/TRACE] [net.neoforged.fml.loading.FMLConfig/CORE]: FMLConfig earlyWindowControl is true
[04Mar2026 15:24:17.422] [main/TRACE] [net.neoforged.fml.loading.FMLConfig/CORE]: FMLConfig maxThreads is 32
[04Mar2026 15:24:17.422] [main/TRACE] [net.neoforged.fml.loading.FMLConfig/CORE]: FMLConfig versionCheck is true
[04Mar2026 15:24:17.422] [main/TRACE] [net.neoforged.fml.loading.FMLConfig/CORE]: FMLConfig defaultConfigPath is defaultconfigs
[04Mar2026 15:24:17.422] [main/TRACE] [net.neoforged.fml.loading.FMLConfig/CORE]: FMLConfig disableOptimizedDFU is true
[04Mar2026 15:24:17.422] [main/TRACE] [net.neoforged.fml.loading.FMLConfig/CORE]: FMLConfig earlyWindowProvider is fmlearlywindow
[04Mar2026 15:24:17.422] [main/TRACE] [net.neoforged.fml.loading.FMLConfig/CORE]: FMLConfig earlyWindowWidth is 854
[04Mar2026 15:24:17.422] [main/TRACE] [net.neoforged.fml.loading.FMLConfig/CORE]: FMLConfig earlyWindowHeight is 480
[04Mar2026 15:24:17.422] [main/TRACE] [net.neoforged.fml.loading.FMLConfig/CORE]: FMLConfig earlyWindowFBScale is 1
[04Mar2026 15:24:17.422] [main/TRACE] [net.neoforged.fml.loading.FMLConfig/CORE]: FMLConfig earlyWindowMaximized is false
[04Mar2026 15:24:17.423] [main/TRACE] [net.neoforged.fml.loading.FMLConfig/CORE]: FMLConfig earlyWindowSkipGLVersions is []
[04Mar2026 15:24:17.423] [main/TRACE] [net.neoforged.fml.loading.FMLConfig/CORE]: FMLConfig earlyWindowSquir is false
[04Mar2026 15:24:17.425] [main/DEBUG] [net.neoforged.fml.loading.LaunchContext/SCAN]: Located paths when launch context was created: [/Users/caliane/.gradle/caches/modules-2/files-2.1/net.neoforged/JarJarMetadata/0.4.1/f8da03683dc81694556dc3e177c5e3bb77ae6fcb/JarJarMetadata-0.4.1.jar, /Users/caliane/.gradle/caches/modules-2/files-2.1/net.neoforged.fancymodloader/earlydisplay/4.0.42/46555dbfff14e9e052f1f693aed14d542a74e111/earlydisplay-4.0.42.jar, /Users/caliane/.gradle/caches/modules-2/files-2.1/net.minecraftforge/srgutils/0.4.15/ca408b131759478f164e010fae0d73997e125fb5/srgutils-0.4.15.jar, /Users/caliane/.gradle/caches/modules-2/files-2.1/org.joml/joml/1.10.5/22566d58af70ad3d72308bab63b8339906deb649/joml-1.10.5.jar, /Users/caliane/.gradle/caches/modules-2/files-2.1/io.netty/netty-buffer/4.1.97.Final/f8f3d8644afa5e6e1a40a3a6aeb9d9aa970ecb4f/netty-buffer-4.1.97.Final.jar, /Users/caliane/.gradle/caches/modules-2/files-2.1/io.netty/netty-common/4.1.97.Final/7cceacaf11df8dc63f23d0fb58e9d4640fc88404/netty-common-4.1.97.Final.jar, /Users/caliane/.gradle/caches/modules-2/files-2.1/com.electronwill.night-config/toml/3.8.3/90b2fd6efcb4a7d5b9810cf78f9d824994d717f2/toml-3.8.3.jar, /Users/caliane/.gradle/caches/modules-2/files-2.1/org.openjdk.nashorn/nashorn-core/15.4/f67f5ffaa5f5130cf6fb9b133da00c7df3b532a5/nashorn-core-15.4.jar, /Users/caliane/.gradle/caches/modules-2/files-2.1/org.lwjgl/lwjgl-tinyfd/3.3.3/82d755ca94b102e9ca77283b9e2dc46d1b15fbe5/lwjgl-tinyfd-3.3.3.jar, /Users/caliane/.gradle/caches/modules-2/files-2.1/org.lwjgl/lwjgl-freetype/3.3.3/806d869f37ce0df388a24e17aaaf5ca0894d851b/lwjgl-freetype-3.3.3-natives-macos-patch.jar, /Users/caliane/.gradle/caches/modules-2/files-2.1/org.lwjgl/lwjgl-openal/3.3.3/8df8338bfa77f2ebabef4e58964bd04d24805cbf/lwjgl-openal-3.3.3-natives-macos.jar, /Users/caliane/.gradle/caches/modules-2/files-2.1/com.google.guava/listenablefuture/9999.0-empty-to-avoid-conflict-with-guava/b421526c5f297295adef1c886e5246c39d4ac629/listenablefuture-9999.0-empty-to-avoid-conflict-with-guava.jar, /Users/caliane/.gradle/caches/modules-2/files-2.1/com.google.guava/failureaccess/1.0.1/1dcf1de382a0bf95a3d8b0849546c88bac1292c9/failureaccess-1.0.1.jar, /Users/caliane/.gradle/caches/modules-2/files-2.1/ca.weblite/java-objc-bridge/1.1/1227f9e0666314f9de41477e3ec277e542ed7f7b/java-objc-bridge-1.1.jar, /Users/caliane/.gradle/caches/modules-2/files-2.1/org.lz4/lz4-java/1.8.0/4b986a99445e49ea5fbf5d149c4b63f6ed6c6780/lz4-java-1.8.0.jar, /Users/caliane/.gradle/caches/modules-2/files-2.1/net.minecrell/terminalconsoleappender/1.3.0/b562e9bb61235c9520e26282cdee71f8f802d1fc/terminalconsoleappender-1.3.0.jar, /Users/caliane/Sources/nuclearcraft/.gradle/repositories/ng_dummy_ng/net/minecraft/client/1.21.1/client-1.21.1-client-extra.jar, /Users/caliane/.gradle/caches/modules-2/files-2.1/com.mojang/datafixerupper/8.0.16/67d4de6d7f95d89bcf5862995fb854ebaec02a34/datafixerupper-8.0.16.jar, /Users/caliane/.gradle/caches/modules-2/files-2.1/cpw.mods/modlauncher/11.0.5/b8f0d49294f733fdb6173931b263553e943dc950/modlauncher-11.0.5.jar, /Users/caliane/.gradle/caches/modules-2/files-2.1/io.netty/netty-transport/4.1.97.Final/f37380d23c9bb079bc702910833b2fd532c9abd0/netty-transport-4.1.97.Final.jar, /Users/caliane/.gradle/caches/modules-2/files-2.1/org.lwjgl/lwjgl-jemalloc/3.3.3/2906637657a57579847238c9c72d2c4bde7083f8/lwjgl-jemalloc-3.3.3-natives-macos.jar, /Users/caliane/.gradle/caches/modules-2/files-2.1/com.electronwill.night-config/core/3.8.3/b442a95f09e349927f5a945ecb594455870fcf4f/core-3.8.3.jar, /Users/caliane/.gradle/caches/modules-2/files-2.1/com.mojang/brigadier/1.3.10/d15b53a14cf20fdcaa98f731af5dda654452c010/brigadier-1.3.10.jar, /Users/caliane/.gradle/caches/modules-2/files-2.1/com.ibm.icu/icu4j/73.2/61ad4ef7f9131fcf6d25c34b817f90d6da06c9e9/icu4j-73.2.jar, /Users/caliane/.gradle/caches/modules-2/files-2.1/com.google.guava/guava/32.1.2-jre/5e64ec7e056456bef3a4bc4c6fdaef71e8ab6318/guava-32.1.2-jre.jar, /Users/caliane/.gradle/caches/modules-2/files-2.1/org.lwjgl/lwjgl-tinyfd/3.3.3/406feedb977372085a61eb0fee358183f4f4c67a/lwjgl-tinyfd-3.3.3-natives-macos-arm64.jar, /Users/caliane/.gradle/caches/modules-2/files-2.1/org.lwjgl/lwjgl-freetype/3.3.3/b0a8c9baa9d1f54ac61e1ab9640c7659e7fa700c/lwjgl-freetype-3.3.3-natives-macos-arm64.jar, /Users/caliane/.gradle/caches/modules-2/files-2.1/net.sf.jopt-simple/jopt-simple/5.0.4/4fdac2fbe92dfad86aa6e9301736f6b4342a3f5c/jopt-simple-5.0.4.jar, /Users/caliane/.gradle/caches/modules-2/files-2.1/net.neoforged.accesstransformers/at-modlauncher/10.0.1/5aba50202aceead086bc09fbc2751c9f05cb4890/at-modlauncher-10.0.1.jar, /Users/caliane/.gradle/caches/modules-2/files-2.1/it.unimi.dsi/fastutil/8.5.12/c24946d46824bd528054bface3231d2ecb7e95e8/fastutil-8.5.12.jar, /Users/caliane/.gradle/caches/modules-2/files-2.1/com.google.code.gson/gson/2.10.1/b3add478d4382b78ea20b1671390a858002feb6c/gson-2.10.1.jar, /Users/caliane/.gradle/caches/modules-2/files-2.1/net.java.dev.jna/jna-platform/5.14.0/28934d48aed814f11e4c584da55c49fa7032b31b/jna-platform-5.14.0.jar, /Users/caliane/.gradle/caches/modules-2/files-2.1/org.slf4j/slf4j-api/2.0.9/7cf2726fdcfbc8610f9a71fb3ed639871f315340/slf4j-api-2.0.9.jar, /Users/caliane/.gradle/caches/modules-2/files-2.1/org.lwjgl/lwjgl-stb/3.3.3/25dd6161988d7e65f71d5065c99902402ee32746/lwjgl-stb-3.3.3.jar, /Users/caliane/.gradle/caches/modules-2/files-2.1/org.jcraft/jorbis/0.0.17/8872d22b293e8f5d7d56ff92be966e6dc28ebdc6/jorbis-0.0.17.jar, /Users/caliane/.gradle/caches/modules-2/files-2.1/org.lwjgl/lwjgl-jemalloc/3.3.3/b543467b7ff3c6920539a88ee602d34098628be5/lwjgl-jemalloc-3.3.3.jar, /Users/caliane/.gradle/caches/modules-2/files-2.1/org.apache.maven/maven-artifact/3.8.5/4433f50c07debefaed0553bd0068f4f48d449313/maven-artifact-3.8.5.jar, /Users/caliane/.gradle/caches/modules-2/files-2.1/com.github.oshi/oshi-core/6.4.10/b1d8ab82d11d92fd639b56d639f8f46f739dd5fa/oshi-core-6.4.10.jar, /Users/caliane/.gradle/caches/modules-2/files-2.1/com.mojang/authlib/6.0.54/de8bc95660e1b2fe8793fd427a7a10dcec5b3ea7/authlib-6.0.54.jar, /Users/caliane/.gradle/caches/modules-2/files-2.1/net.neoforged/coremods/7.0.3/9147e6f638b4272b3bd5fc8f92ad37802512c6c/coremods-7.0.3.jar, /Users/caliane/.gradle/caches/modules-2/files-2.1/org.jline/jline-terminal/3.20.0/d0ddcc708ddf527a3454c941b7b9225cc83a15ff/jline-terminal-3.20.0.jar, /Users/caliane/.gradle/caches/modules-2/files-2.1/net.jodah/typetools/0.6.3/a01aaa6ddaea9ec07ec4f209487b7a46a526283a/typetools-0.6.3.jar, /Users/caliane/.gradle/caches/modules-2/files-2.1/io.netty/netty-codec/4.1.97.Final/384ba4d75670befbedb45c4d3b497a93639c206d/netty-codec-4.1.97.Final.jar, /Users/caliane/.gradle/caches/modules-2/files-2.1/org.jetbrains/annotations/24.1.0/7af6a669488450c4a07c2c3254e2151df42d7d04/annotations-24.1.0.jar, /Users/caliane/.gradle/caches/modules-2/files-2.1/commons-codec/commons-codec/1.16.0/4e3eb3d79888d76b54e28b350915b5dc3919c9de/commons-codec-1.16.0.jar, /Users/caliane/.gradle/caches/modules-2/files-2.1/org.antlr/antlr4-runtime/4.13.1/17125bae1d965624e265ef49552f6465a2bfa307/antlr4-runtime-4.13.1.jar, /Users/caliane/.gradle/caches/modules-2/files-2.1/org.lwjgl/lwjgl-glfw/3.3.3/efa1eb78c5ccd840e9f329717109b5e892d72f8e/lwjgl-glfw-3.3.3.jar, /Users/caliane/.gradle/caches/modules-2/files-2.1/org.apache.commons/commons-lang3/3.14.0/1ed471194b02f2c6cb734a0cd6f6f107c673afae/commons-lang3-3.14.0.jar, /Users/caliane/.gradle/caches/modules-2/files-2.1/org.apache.commons/commons-compress/1.26.0/659feffdd12280201c8aacb8f7be94f9a883c824/commons-compress-1.26.0.jar, /Users/caliane/.gradle/caches/modules-2/files-2.1/com.machinezoo.noexception/noexception/1.7.1/b65330c98e38a1f915fa54a6e5eca496505e3f0a/noexception-1.7.1.jar, /Users/caliane/.gradle/caches/modules-2/files-2.1/org.lwjgl/lwjgl-stb/3.3.3/472792c98fb2c1557c060cb9da5fca6a9773621f/lwjgl-stb-3.3.3-natives-macos.jar, /Users/caliane/.gradle/caches/modules-2/files-2.1/org.checkerframework/checker-qual/3.33.0/de2b60b62da487644fc11f734e73c8b0b431238f/checker-qual-3.33.0.jar, /Users/caliane/.gradle/caches/modules-2/files-2.1/org.jline/jline-reader/3.20.0/8f15415b022a25b473e8e16c28ae913186ffb9c4/jline-reader-3.20.0.jar, /Users/caliane/.gradle/caches/modules-2/files-2.1/commons-io/commons-io/2.15.1/f11560da189ab563a5c8e351941415430e9304ea/commons-io-2.15.1.jar, /Users/caliane/.gradle/caches/modules-2/files-2.1/org.apache.logging.log4j/log4j-slf4j2-impl/2.22.1/d7e6693c2606cb7e7335047d7bb96dec52db5665/log4j-slf4j2-impl-2.22.1.jar, /Users/caliane/.gradle/caches/modules-2/files-2.1/net.neoforged/accesstransformers/10.0.1/fd83b5725f76eae9115e9355fa1c456a6a441400/accesstransformers-10.0.1.jar, /Users/caliane/.gradle/caches/modules-2/files-2.1/net.fabricmc/sponge-mixin/0.15.2+mixin.0.8.7/2af2f021d8e02a0220dc27a7a72b4666d66d44ca/sponge-mixin-0.15.2+mixin.0.8.7.jar, /Users/caliane/.gradle/caches/modules-2/files-2.1/org.lwjgl/lwjgl-freetype/3.3.3/a0db6c84a8becc8ca05f9dbfa985edc348a824c7/lwjgl-freetype-3.3.3.jar, /Users/caliane/.gradle/caches/modules-2/files-2.1/com.google.errorprone/error_prone_annotations/2.18.0/89b684257096f548fa39a7df9fdaa409d4d4df91/error_prone_annotations-2.18.0.jar, /Users/caliane/.gradle/caches/modules-2/files-2.1/io.netty/netty-handler/4.1.97.Final/abb86c6906bf512bf2b797a41cd7d2e8d3cd7c36/netty-handler-4.1.97.Final.jar, /Users/caliane/.gradle/caches/modules-2/files-2.1/org.apache.httpcomponents/httpclient/4.5.13/e5f6cae5ca7ecaac1ec2827a9e2d65ae2869cada/httpclient-4.5.13.jar, /Users/caliane/.gradle/caches/modules-2/files-2.1/com.mojang/patchy/2.2.10/da05971b07cbb379d002cf7eaec6a2048211fefc/patchy-2.2.10.jar, /Users/caliane/.gradle/caches/modules-2/files-2.1/org.lwjgl/lwjgl-openal/3.3.3/daada81ceb5fc0c291fbfdd4433cb8d9423577f2/lwjgl-openal-3.3.3.jar, /Users/caliane/.gradle/caches/modules-2/files-2.1/org.apache.logging.log4j/log4j-api/2.22.1/bea6fede6328fabafd7e68363161a7ea6605abd1/log4j-api-2.22.1.jar, /Users/caliane/.gradle/caches/modules-2/files-2.1/net.java.dev.jna/jna/5.14.0/67bf3eaea4f0718cb376a181a629e5f88fa1c9dd/jna-5.14.0.jar, /Users/caliane/.gradle/caches/modules-2/files-2.1/org.codehaus.plexus/plexus-utils/3.3.0/cf43b5391de623b36fe066a21127baef82c64022/plexus-utils-3.3.0.jar, /Users/caliane/.gradle/caches/modules-2/files-2.1/org.lwjgl/lwjgl-opengl/3.3.3/1bd45997551ae8a28469f3a2b678f4b7289e12c0/lwjgl-opengl-3.3.3-natives-macos.jar, /Users/caliane/.gradle/caches/modules-2/files-2.1/net.neoforged/mergetool/2.0.3/1275202cbbb248f49345cf6787ce299afd9a02fb/mergetool-2.0.3-api.jar, /Users/caliane/.gradle/caches/modules-2/files-2.1/com.mojang/blocklist/1.0.10/5c685c5ffa94c4cd39496c7184c1d122e515ecef/blocklist-1.0.10.jar, /Users/caliane/.gradle/caches/modules-2/files-2.1/org.apache.httpcomponents/httpcore/4.4.16/51cf043c87253c9f58b539c9f7e44c8894223850/httpcore-4.4.16.jar, /Users/caliane/.gradle/caches/modules-2/files-2.1/net.neoforged/bus/8.0.5/5b2d33285ab5d1554e9798ad98c40d6ea3868bd5/bus-8.0.5.jar, /Users/caliane/.gradle/caches/modules-2/files-2.1/io.netty/netty-transport-native-unix-common/4.1.97.Final/d469d84265ab70095b01b40886cabdd433b6e664/netty-transport-native-unix-common-4.1.97.Final.jar, /Users/caliane/.gradle/caches/modules-2/files-2.1/org.lwjgl/lwjgl-glfw/3.3.3/a1bf400f6bc64e6195596cb1430dafda46090751/lwjgl-glfw-3.3.3-natives-macos.jar, /Users/caliane/.gradle/caches/modules-2/files-2.1/org.lwjgl/lwjgl/3.3.3/29589b5f87ed335a6c7e7ee6a5775f81f97ecb84/lwjgl-3.3.3.jar, /Users/caliane/.gradle/caches/modules-2/files-2.1/org.apache.logging.log4j/log4j-core/2.22.1/7183a25510a02ad00cc6a95d3b3d2a7d3c5a8dc4/log4j-core-2.22.1.jar, /Users/caliane/.gradle/caches/modules-2/files-2.1/net.neoforged/JarJarSelector/0.4.1/fb3cc7a58af22ad2880adb98af6d518128c47dae/JarJarSelector-0.4.1.jar, /Users/caliane/.gradle/caches/modules-2/files-2.1/net.neoforged.fancymodloader/loader/4.0.42/76e15f98bf676fb44b36c5e776f52a55581ec43a/loader-4.0.42.jar, /Users/caliane/.gradle/caches/modules-2/files-2.1/commons-logging/commons-logging/1.2/4bfc12adfe4842bf07b657f0369c4cb522955686/commons-logging-1.2.jar, /Users/caliane/.gradle/caches/modules-2/files-2.1/com.google.j2objc/j2objc-annotations/2.8/c85270e307e7b822f1086b93689124b89768e273/j2objc-annotations-2.8.jar, /Users/caliane/.gradle/caches/modules-2/files-2.1/org.lwjgl/lwjgl-opengl/3.3.3/2f6b0147078396a58979125a4c947664e98293a/lwjgl-opengl-3.3.3.jar, /Users/caliane/.gradle/caches/modules-2/files-2.1/io.netty/netty-resolver/4.1.97.Final/cec8348108dc76c47cf87c669d514be52c922144/netty-resolver-4.1.97.Final.jar, /Users/caliane/.gradle/caches/modules-2/files-2.1/com.mojang/logging/1.2.7/24cb95ffb0e3433fd6e844c04e68009e504ca1c0/logging-1.2.7.jar, /Users/caliane/.gradle/caches/modules-2/files-2.1/org.lwjgl/lwjgl/3.3.3/226246e75f6bd8d4e1895bdce8638ef87808d114/lwjgl-3.3.3-natives-macos-arm64.jar, /Users/caliane/.gradle/caches/modules-2/files-2.1/com.google.code.findbugs/jsr305/3.0.2/25ea2e8b0c338a877313bd4672d3fe056ea78f0d/jsr305-3.0.2.jar, /Users/caliane/.gradle/caches/modules-2/files-2.1/io.netty/netty-transport-classes-epoll/4.1.97.Final/795da37ded759e862457a82d9d92c4d39ce8ecee/netty-transport-classes-epoll-4.1.97.Final.jar, /Users/caliane/.gradle/caches/modules-2/files-2.1/com.mojang/text2speech/1.17.9/3cad216e3a7f0c19b4b394388bc9ffc446f13b14/text2speech-1.17.9.jar]
[04Mar2026 15:24:17.425] [main/DEBUG] [net.neoforged.fml.loading.FMLServiceProvider/CORE]: Preparing launch handler
[04Mar2026 15:24:17.426] [main/DEBUG] [net.neoforged.fml.loading.FMLLoader/CORE]: Using forgeserverdev as launch service
[04Mar2026 15:24:17.426] [main/DEBUG] [net.neoforged.fml.common.asm.RuntimeDistCleaner/DISTXFORM]: Configuring for Dist DEDICATED_SERVER
[04Mar2026 15:24:17.429] [main/DEBUG] [cpw.mods.modlauncher.TransformationServiceDecorator/MODLAUNCHER]: Initialized transformation service fml
[04Mar2026 15:24:17.429] [main/DEBUG] [cpw.mods.modlauncher.TransformationServicesHandler/MODLAUNCHER]: Transformation services begin scanning
[04Mar2026 15:24:17.431] [main/DEBUG] [cpw.mods.modlauncher.TransformationServiceDecorator/MODLAUNCHER]: Beginning scan trigger - transformation service mixin
[04Mar2026 15:24:17.431] [main/DEBUG] [cpw.mods.modlauncher.TransformationServiceDecorator/MODLAUNCHER]: End scan trigger - transformation service mixin
[04Mar2026 15:24:17.431] [main/DEBUG] [cpw.mods.modlauncher.TransformationServiceDecorator/MODLAUNCHER]: Beginning scan trigger - transformation service fml
[04Mar2026 15:24:17.431] [main/DEBUG] [net.neoforged.fml.loading.FMLServiceProvider/CORE]: Initiating mod scan
[04Mar2026 15:24:17.432] [main/DEBUG] [net.neoforged.fml.loading.targets.CommonLaunchHandler/CORE]: Got mod coordinates nuclearcraft%%/Users/caliane/Sources/nuclearcraft/build/resources/main:nuclearcraft%%/Users/caliane/Sources/nuclearcraft/build/classes/java/main from env
[04Mar2026 15:24:17.432] [main/DEBUG] [net.neoforged.fml.loading.targets.CommonLaunchHandler/CORE]: Found supplied mod coordinates [{nuclearcraft=[/Users/caliane/Sources/nuclearcraft/build/resources/main, /Users/caliane/Sources/nuclearcraft/build/classes/java/main]}]
[04Mar2026 15:24:17.433] [main/DEBUG] [net.neoforged.fml.loading.targets.CommonDevLaunchHandler/]: Launching with NeoForge from /Users/caliane/Sources/nuclearcraft/.gradle/repositories/ng_dummy_ng/net/neoforged/neoforge/21.1.219/neoforge-21.1.219.jar
[04Mar2026 15:24:17.441] [main/DEBUG] [net.neoforged.fml.util.ServiceLoaderUtil/CORE]: Found 4 implementations of IModFileCandidateLocator:
[04Mar2026 15:24:17.442] [main/DEBUG] [net.neoforged.fml.util.ServiceLoaderUtil/CORE]: 	       0 - [built-in] net.neoforged.fml.loading.moddiscovery.locators.NeoForgeDevProvider from loader-4.0.42.jar
[04Mar2026 15:24:17.442] [main/DEBUG] [net.neoforged.fml.util.ServiceLoaderUtil/CORE]: 	       0 - net.neoforged.fml.loading.moddiscovery.locators.ModsFolderLocator from loader-4.0.42.jar
[04Mar2026 15:24:17.442] [main/DEBUG] [net.neoforged.fml.util.ServiceLoaderUtil/CORE]: 	       0 - net.neoforged.fml.loading.moddiscovery.locators.MavenDirectoryLocator from loader-4.0.42.jar
[04Mar2026 15:24:17.442] [main/DEBUG] [net.neoforged.fml.util.ServiceLoaderUtil/CORE]: 	   -1000 - [built-in] net.neoforged.fml.loading.moddiscovery.locators.UserdevLocator from loader-4.0.42.jar
[04Mar2026 15:24:17.443] [main/DEBUG] [net.neoforged.fml.util.ServiceLoaderUtil/CORE]: Found 2 implementations of IModFileReader:
[04Mar2026 15:24:17.444] [main/DEBUG] [net.neoforged.fml.util.ServiceLoaderUtil/CORE]: 	       0 - net.neoforged.fml.loading.moddiscovery.readers.JarModsDotTomlModFileReader from loader-4.0.42.jar
[04Mar2026 15:24:17.444] [main/DEBUG] [net.neoforged.fml.util.ServiceLoaderUtil/CORE]: 	   -1000 - net.neoforged.fml.loading.moddiscovery.readers.NestedLibraryModReader from loader-4.0.42.jar
[04Mar2026 15:24:17.444] [main/DEBUG] [net.neoforged.fml.util.ServiceLoaderUtil/CORE]: Found 1 implementations of IDependencyLocator:
[04Mar2026 15:24:17.445] [main/DEBUG] [net.neoforged.fml.util.ServiceLoaderUtil/CORE]: 	       0 - net.neoforged.fml.loading.moddiscovery.locators.JarInJarDependencyLocator from loader-4.0.42.jar
[04Mar2026 15:24:17.445] [main/DEBUG] [net.neoforged.fml.loading.moddiscovery.ModDiscoverer/SCAN]: Scanning for mods and other resources to load. We know 4 ways to find mods
[04Mar2026 15:24:17.445] [main/DEBUG] [net.neoforged.fml.loading.moddiscovery.ModDiscoverer/SCAN]: Trying locator neoforge devenv provider ([/Users/caliane/Sources/nuclearcraft/.gradle/repositories/ng_dummy_ng/net/neoforged/neoforge/21.1.219/neoforge-21.1.219.jar])
[04Mar2026 15:24:17.485] [main/DEBUG] [net.neoforged.fml.loading.moddiscovery.ModFileInfo/LOADING]: Found valid mod file neoforge-21.1.219.jar with {minecraft} mods - versions {1.21.1}
[04Mar2026 15:24:17.486] [main/INFO] [net.neoforged.fml.loading.moddiscovery.ModDiscoverer/SCAN]: Found mod file "neoforge-21.1.219.jar" [locator: neoforge devenv provider ([/Users/caliane/Sources/nuclearcraft/.gradle/repositories/ng_dummy_ng/net/neoforged/neoforge/21.1.219/neoforge-21.1.219.jar])]
[04Mar2026 15:24:17.491] [main/DEBUG] [net.neoforged.fml.loading.moddiscovery.readers.JarModsDotTomlModFileReader/SCAN]: Found META-INF/neoforge.mods.toml mod of type null: /Users/caliane/Sources/nuclearcraft/.gradle/repositories/ng_dummy_ng/net/neoforged/neoforge/21.1.219/neoforge-21.1.219.jar
[04Mar2026 15:24:17.491] [main/DEBUG] [net.neoforged.fml.loading.moddiscovery.ModFileParser/LOADING]: Considering mod file candidate /Users/caliane/Sources/nuclearcraft/.gradle/repositories/ng_dummy_ng/net/neoforged/neoforge/21.1.219/neoforge-21.1.219.jar
[04Mar2026 15:24:17.512] [main/DEBUG] [net.neoforged.fml.loading.moddiscovery.ModFileInfo/LOADING]: Found valid mod file neoforge-21.1.219.jar with {neoforge} mods - versions {21.1.219}
[04Mar2026 15:24:17.512] [main/INFO] [net.neoforged.fml.loading.moddiscovery.ModDiscoverer/SCAN]: Found mod file "neoforge-21.1.219.jar" [locator: neoforge devenv provider ([/Users/caliane/Sources/nuclearcraft/.gradle/repositories/ng_dummy_ng/net/neoforged/neoforge/21.1.219/neoforge-21.1.219.jar])]
[04Mar2026 15:24:17.513] [main/DEBUG] [net.neoforged.fml.loading.moddiscovery.ModDiscoverer/SCAN]: Locator neoforge devenv provider ([/Users/caliane/Sources/nuclearcraft/.gradle/repositories/ng_dummy_ng/net/neoforged/neoforge/21.1.219/neoforge-21.1.219.jar]) found 2 mods, 0 warnings, 0 errors and skipped 0 candidates
[04Mar2026 15:24:17.513] [main/DEBUG] [net.neoforged.fml.loading.moddiscovery.ModDiscoverer/SCAN]: Trying locator {mods folder locator at /Users/caliane/Sources/nuclearcraft/runs/server/mods}
[04Mar2026 15:24:17.513] [main/DEBUG] [net.neoforged.fml.loading.moddiscovery.locators.ModsFolderLocator/SCAN]: Scanning mods dir /Users/caliane/Sources/nuclearcraft/runs/server/mods for mods
[04Mar2026 15:24:17.514] [main/DEBUG] [net.neoforged.fml.loading.moddiscovery.ModDiscoverer/SCAN]: Locator {mods folder locator at /Users/caliane/Sources/nuclearcraft/runs/server/mods} found 0 mods, 0 warnings, 0 errors and skipped 0 candidates
[04Mar2026 15:24:17.514] [main/DEBUG] [net.neoforged.fml.loading.moddiscovery.ModDiscoverer/SCAN]: Trying locator maven libs
[04Mar2026 15:24:17.516] [main/DEBUG] [net.neoforged.fml.loading.moddiscovery.ModListHandler/CORE]: Found mod coordinates from lists: []
[04Mar2026 15:24:17.516] [main/DEBUG] [net.neoforged.fml.loading.moddiscovery.ModDiscoverer/SCAN]: Locator maven libs found 0 mods, 0 warnings, 0 errors and skipped 0 candidates
[04Mar2026 15:24:17.516] [main/DEBUG] [net.neoforged.fml.loading.moddiscovery.ModDiscoverer/SCAN]: Trying locator userdev mods and services
[04Mar2026 15:24:17.518] [main/DEBUG] [net.neoforged.fml.loading.moddiscovery.readers.JarModsDotTomlModFileReader/SCAN]: Found META-INF/neoforge.mods.toml mod of type null: /Users/caliane/Sources/nuclearcraft/build/resources/main
[04Mar2026 15:24:17.519] [main/DEBUG] [net.neoforged.fml.loading.moddiscovery.ModFileParser/LOADING]: Considering mod file candidate /Users/caliane/Sources/nuclearcraft/build/resources/main
[04Mar2026 15:24:17.525] [main/DEBUG] [net.neoforged.fml.loading.moddiscovery.ModFileInfo/LOADING]: Found valid mod file main with {nuclearcraft} mods - versions {1.3.0}
[04Mar2026 15:24:17.525] [main/INFO] [net.neoforged.fml.loading.moddiscovery.ModDiscoverer/SCAN]: Found mod file "main" [locator: userdev mods and services, reader: mod manifest]
[04Mar2026 15:24:17.535] [main/DEBUG] [net.neoforged.fml.loading.moddiscovery.readers.JarModsDotTomlModFileReader/SCAN]: Found META-INF/neoforge.mods.toml mod of type null: /Users/caliane/Sources/nuclearcraft/.gradle/repositories/ng_dummy_ng/net/neoforged/neoforge/21.1.219/neoforge-21.1.219.jar
[04Mar2026 15:24:17.535] [main/DEBUG] [net.neoforged.fml.loading.moddiscovery.ModFileParser/LOADING]: Considering mod file candidate /Users/caliane/Sources/nuclearcraft/.gradle/repositories/ng_dummy_ng/net/neoforged/neoforge/21.1.219/neoforge-21.1.219.jar
[04Mar2026 15:24:17.538] [main/DEBUG] [net.neoforged.fml.loading.moddiscovery.ModFileInfo/LOADING]: Found valid mod file neoforge-21.1.219.jar with {neoforge} mods - versions {21.1.219}
[04Mar2026 15:24:17.538] [main/INFO] [net.neoforged.fml.loading.moddiscovery.ModDiscoverer/SCAN]: Found mod file "neoforge-21.1.219.jar" [locator: userdev mods and services, reader: mod manifest]
[04Mar2026 15:24:17.541] [main/DEBUG] [net.neoforged.fml.loading.moddiscovery.readers.JarModsDotTomlModFileReader/SCAN]: Found META-INF/neoforge.mods.toml mod of type null: /Users/caliane/.gradle/caches/modules-2/files-2.1/mekanism/Mekanism/1.21.1-10.7.18.84/2c48df86350bb733e4285437e136b271a70f4cbc/Mekanism-1.21.1-10.7.18.84.jar
[04Mar2026 15:24:17.541] [main/DEBUG] [net.neoforged.fml.loading.moddiscovery.ModFileParser/LOADING]: Considering mod file candidate /Users/caliane/.gradle/caches/modules-2/files-2.1/mekanism/Mekanism/1.21.1-10.7.18.84/2c48df86350bb733e4285437e136b271a70f4cbc/Mekanism-1.21.1-10.7.18.84.jar
[04Mar2026 15:24:17.551] [main/DEBUG] [net.neoforged.fml.loading.moddiscovery.ModFileInfo/LOADING]: Found valid mod file Mekanism-1.21.1-10.7.18.84.jar with {mekanism} mods - versions {10.7.18}
[04Mar2026 15:24:17.552] [main/INFO] [net.neoforged.fml.loading.moddiscovery.ModDiscoverer/SCAN]: Found mod file "Mekanism-1.21.1-10.7.18.84.jar" [locator: userdev mods and services, reader: mod manifest]
[04Mar2026 15:24:17.553] [main/DEBUG] [net.neoforged.fml.loading.moddiscovery.readers.JarModsDotTomlModFileReader/SCAN]: Found META-INF/neoforge.mods.toml mod of type null: /Users/caliane/.gradle/caches/modules-2/files-2.1/mekanism/Mekanism/1.21.1-10.7.18.84/9849756f8258367638df3a34261cfcc9b1a7e236/Mekanism-1.21.1-10.7.18.84-generators.jar
[04Mar2026 15:24:17.553] [main/DEBUG] [net.neoforged.fml.loading.moddiscovery.ModFileParser/LOADING]: Considering mod file candidate /Users/caliane/.gradle/caches/modules-2/files-2.1/mekanism/Mekanism/1.21.1-10.7.18.84/9849756f8258367638df3a34261cfcc9b1a7e236/Mekanism-1.21.1-10.7.18.84-generators.jar
[04Mar2026 15:24:17.555] [main/DEBUG] [net.neoforged.fml.loading.moddiscovery.ModFileInfo/LOADING]: Found valid mod file Mekanism-1.21.1-10.7.18.84-generators.jar with {mekanismgenerators} mods - versions {10.7.18}
[04Mar2026 15:24:17.556] [main/INFO] [net.neoforged.fml.loading.moddiscovery.ModDiscoverer/SCAN]: Found mod file "Mekanism-1.21.1-10.7.18.84-generators.jar" [locator: userdev mods and services, reader: mod manifest]
[04Mar2026 15:24:17.558] [main/DEBUG] [net.neoforged.fml.loading.moddiscovery.readers.JarModsDotTomlModFileReader/SCAN]: Found META-INF/neoforge.mods.toml mod of type null: /Users/caliane/.gradle/caches/modules-2/files-2.1/dev.architectury/architectury-neoforge/13.0.8/6544bdc09e6d291e1307230fc0b7289601e164fa/architectury-neoforge-13.0.8.jar
[04Mar2026 15:24:17.558] [main/DEBUG] [net.neoforged.fml.loading.moddiscovery.ModFileParser/LOADING]: Considering mod file candidate /Users/caliane/.gradle/caches/modules-2/files-2.1/dev.architectury/architectury-neoforge/13.0.8/6544bdc09e6d291e1307230fc0b7289601e164fa/architectury-neoforge-13.0.8.jar
[04Mar2026 15:24:17.562] [main/DEBUG] [net.neoforged.fml.loading.moddiscovery.ModFileInfo/LOADING]: Found valid mod file architectury-neoforge-13.0.8.jar with {architectury} mods - versions {13.0.8}
[04Mar2026 15:24:17.562] [main/INFO] [net.neoforged.fml.loading.moddiscovery.ModDiscoverer/SCAN]: Found mod file "architectury-neoforge-13.0.8.jar" [locator: userdev mods and services, reader: mod manifest]
[04Mar2026 15:24:17.563] [main/DEBUG] [net.neoforged.fml.loading.moddiscovery.readers.JarModsDotTomlModFileReader/SCAN]: Found META-INF/neoforge.mods.toml mod of type null: /Users/caliane/.gradle/caches/modules-2/files-2.1/dev.emi/emi-neoforge/1.1.21+1.21.1/b142d57adbbe6dfbc44e881f33e5714556cef98f/emi-neoforge-1.1.21+1.21.1.jar
[04Mar2026 15:24:17.563] [main/DEBUG] [net.neoforged.fml.loading.moddiscovery.ModFileParser/LOADING]: Considering mod file candidate /Users/caliane/.gradle/caches/modules-2/files-2.1/dev.emi/emi-neoforge/1.1.21+1.21.1/b142d57adbbe6dfbc44e881f33e5714556cef98f/emi-neoforge-1.1.21+1.21.1.jar
[04Mar2026 15:24:17.564] [main/DEBUG] [net.neoforged.fml.loading.moddiscovery.ModFileInfo/LOADING]: Found valid mod file emi-neoforge-1.1.21+1.21.1.jar with {emi} mods - versions {1.1.21+1.21.1+neoforge}
[04Mar2026 15:24:17.564] [main/INFO] [net.neoforged.fml.loading.moddiscovery.ModDiscoverer/SCAN]: Found mod file "emi-neoforge-1.1.21+1.21.1.jar" [locator: userdev mods and services, reader: mod manifest]
[04Mar2026 15:24:17.565] [main/DEBUG] [net.neoforged.fml.loading.moddiscovery.readers.JarModsDotTomlModFileReader/SCAN]: Found META-INF/neoforge.mods.toml mod of type null: /Users/caliane/.gradle/caches/modules-2/files-2.1/mcjty.theoneprobe/theoneprobe/1.21_neo-12.0.3-5/9af76afc4721d9c5d0af245a5b6072d6b4fc4bf5/theoneprobe-1.21_neo-12.0.3-5.jar
[04Mar2026 15:24:17.565] [main/DEBUG] [net.neoforged.fml.loading.moddiscovery.ModFileParser/LOADING]: Considering mod file candidate /Users/caliane/.gradle/caches/modules-2/files-2.1/mcjty.theoneprobe/theoneprobe/1.21_neo-12.0.3-5/9af76afc4721d9c5d0af245a5b6072d6b4fc4bf5/theoneprobe-1.21_neo-12.0.3-5.jar
[04Mar2026 15:24:17.570] [main/DEBUG] [net.neoforged.fml.loading.moddiscovery.ModFileInfo/LOADING]: Found valid mod file theoneprobe-1.21_neo-12.0.3-5.jar with {theoneprobe} mods - versions {1.21_neo-12.0.3-5}
[04Mar2026 15:24:17.570] [main/INFO] [net.neoforged.fml.loading.moddiscovery.ModDiscoverer/SCAN]: Found mod file "theoneprobe-1.21_neo-12.0.3-5.jar" [locator: userdev mods and services, reader: mod manifest]
[04Mar2026 15:24:17.571] [main/DEBUG] [net.neoforged.fml.loading.moddiscovery.readers.JarModsDotTomlModFileReader/SCAN]: Found META-INF/neoforge.mods.toml mod of type null: /Users/caliane/.gradle/caches/modules-2/files-2.1/cc.tweaked/cc-tweaked-1.21.1-forge/1.117.0/46519af82cd69f7a147da36fdcc4b3b8fb0fa4bf/cc-tweaked-1.21.1-forge-1.117.0.jar
[04Mar2026 15:24:17.571] [main/DEBUG] [net.neoforged.fml.loading.moddiscovery.ModFileParser/LOADING]: Considering mod file candidate /Users/caliane/.gradle/caches/modules-2/files-2.1/cc.tweaked/cc-tweaked-1.21.1-forge/1.117.0/46519af82cd69f7a147da36fdcc4b3b8fb0fa4bf/cc-tweaked-1.21.1-forge-1.117.0.jar
[04Mar2026 15:24:17.573] [main/DEBUG] [net.neoforged.fml.loading.moddiscovery.ModFileInfo/LOADING]: Found valid mod file cc-tweaked-1.21.1-forge-1.117.0.jar with {computercraft} mods - versions {1.117.0}
[04Mar2026 15:24:17.573] [main/INFO] [net.neoforged.fml.loading.moddiscovery.ModDiscoverer/SCAN]: Found mod file "cc-tweaked-1.21.1-forge-1.117.0.jar" [locator: userdev mods and services, reader: mod manifest]
[04Mar2026 15:24:17.575] [main/DEBUG] [net.neoforged.fml.loading.moddiscovery.readers.JarModsDotTomlModFileReader/SCAN]: Found META-INF/neoforge.mods.toml mod of type null: /Users/caliane/.gradle/caches/modules-2/files-2.1/org.appliedenergistics/appliedenergistics2/19.2.17/49c18d6a4af487957d7e5a6ad5dcbf71090b8e14/appliedenergistics2-19.2.17.jar
[04Mar2026 15:24:17.575] [main/DEBUG] [net.neoforged.fml.loading.moddiscovery.ModFileParser/LOADING]: Considering mod file candidate /Users/caliane/.gradle/caches/modules-2/files-2.1/org.appliedenergistics/appliedenergistics2/19.2.17/49c18d6a4af487957d7e5a6ad5dcbf71090b8e14/appliedenergistics2-19.2.17.jar
[04Mar2026 15:24:17.579] [main/DEBUG] [net.neoforged.fml.loading.moddiscovery.ModFileInfo/LOADING]: Found valid mod file appliedenergistics2-19.2.17.jar with {ae2} mods - versions {19.2.17}
[04Mar2026 15:24:17.579] [main/INFO] [net.neoforged.fml.loading.moddiscovery.ModDiscoverer/SCAN]: Found mod file "appliedenergistics2-19.2.17.jar" [locator: userdev mods and services, reader: mod manifest]
[04Mar2026 15:24:17.580] [main/DEBUG] [net.neoforged.fml.loading.moddiscovery.readers.JarModsDotTomlModFileReader/SCAN]: Found META-INF/neoforge.mods.toml mod of type null: /Users/caliane/.gradle/caches/modules-2/files-2.1/vazkii.patchouli/Patchouli/1.21.1-92-NEOFORGE/f4b32d25521f898b3c1c80b88cfbd1bce30cf23b/Patchouli-1.21.1-92-NEOFORGE.jar
[04Mar2026 15:24:17.580] [main/DEBUG] [net.neoforged.fml.loading.moddiscovery.ModFileParser/LOADING]: Considering mod file candidate /Users/caliane/.gradle/caches/modules-2/files-2.1/vazkii.patchouli/Patchouli/1.21.1-92-NEOFORGE/f4b32d25521f898b3c1c80b88cfbd1bce30cf23b/Patchouli-1.21.1-92-NEOFORGE.jar
[04Mar2026 15:24:17.581] [main/DEBUG] [net.neoforged.fml.loading.moddiscovery.ModFileInfo/LOADING]: Found valid mod file Patchouli-1.21.1-92-NEOFORGE.jar with {patchouli} mods - versions {1.21.1-92-NEOFORGE}
[04Mar2026 15:24:17.581] [main/INFO] [net.neoforged.fml.loading.moddiscovery.ModDiscoverer/SCAN]: Found mod file "Patchouli-1.21.1-92-NEOFORGE.jar" [locator: userdev mods and services, reader: mod manifest]
[04Mar2026 15:24:17.582] [main/DEBUG] [net.neoforged.fml.loading.moddiscovery.readers.JarModsDotTomlModFileReader/SCAN]: Found META-INF/neoforge.mods.toml mod of type null: /Users/caliane/.gradle/caches/modules-2/files-2.1/org.appliedenergistics/guideme/21.1.1/175e3cd25b088777e942e860b333b10605fbc199/guideme-21.1.1.jar
[04Mar2026 15:24:17.582] [main/DEBUG] [net.neoforged.fml.loading.moddiscovery.ModFileParser/LOADING]: Considering mod file candidate /Users/caliane/.gradle/caches/modules-2/files-2.1/org.appliedenergistics/guideme/21.1.1/175e3cd25b088777e942e860b333b10605fbc199/guideme-21.1.1.jar
[04Mar2026 15:24:17.584] [main/DEBUG] [net.neoforged.fml.loading.moddiscovery.ModFileInfo/LOADING]: Found valid mod file guideme-21.1.1.jar with {guideme} mods - versions {21.1.1}
[04Mar2026 15:24:17.584] [main/INFO] [net.neoforged.fml.loading.moddiscovery.ModDiscoverer/SCAN]: Found mod file "guideme-21.1.1.jar" [locator: userdev mods and services, reader: mod manifest]
[04Mar2026 15:24:17.587] [main/DEBUG] [net.neoforged.fml.loading.moddiscovery.ModDiscoverer/]: Skipping /Users/caliane/.gradle/caches/modules-2/files-2.1/com.mojang/text2speech/1.17.9/3cad216e3a7f0c19b4b394388bc9ffc446f13b14/text2speech-1.17.9.jar because it was already located earlier
[04Mar2026 15:24:17.587] [main/DEBUG] [net.neoforged.fml.loading.moddiscovery.ModDiscoverer/]: Skipping /Users/caliane/.gradle/caches/modules-2/files-2.1/ca.weblite/java-objc-bridge/1.1/1227f9e0666314f9de41477e3ec277e542ed7f7b/java-objc-bridge-1.1.jar because it was already located earlier
[04Mar2026 15:24:17.587] [main/DEBUG] [net.neoforged.fml.loading.moddiscovery.ModDiscoverer/]: Skipping /Users/caliane/.gradle/caches/modules-2/files-2.1/com.github.oshi/oshi-core/6.4.10/b1d8ab82d11d92fd639b56d639f8f46f739dd5fa/oshi-core-6.4.10.jar because it was already located earlier
[04Mar2026 15:24:17.587] [main/DEBUG] [net.neoforged.fml.loading.moddiscovery.ModDiscoverer/]: Skipping /Users/caliane/.gradle/caches/modules-2/files-2.1/com.mojang/authlib/6.0.54/de8bc95660e1b2fe8793fd427a7a10dcec5b3ea7/authlib-6.0.54.jar because it was already located earlier
[04Mar2026 15:24:17.587] [main/DEBUG] [net.neoforged.fml.loading.moddiscovery.ModDiscoverer/]: Skipping /Users/caliane/.gradle/caches/modules-2/files-2.1/com.mojang/datafixerupper/8.0.16/67d4de6d7f95d89bcf5862995fb854ebaec02a34/datafixerupper-8.0.16.jar because it was already located earlier
[04Mar2026 15:24:17.587] [main/DEBUG] [net.neoforged.fml.loading.moddiscovery.ModDiscoverer/]: Skipping /Users/caliane/.gradle/caches/modules-2/files-2.1/net.neoforged.fancymodloader/earlydisplay/4.0.42/46555dbfff14e9e052f1f693aed14d542a74e111/earlydisplay-4.0.42.jar because it was already located earlier
[04Mar2026 15:24:17.587] [main/DEBUG] [net.neoforged.fml.loading.moddiscovery.ModDiscoverer/]: Skipping /Users/caliane/.gradle/caches/modules-2/files-2.1/net.neoforged.fancymodloader/loader/4.0.42/76e15f98bf676fb44b36c5e776f52a55581ec43a/loader-4.0.42.jar because it was already located earlier
[04Mar2026 15:24:17.587] [main/DEBUG] [net.neoforged.fml.loading.moddiscovery.ModDiscoverer/]: Skipping /Users/caliane/.gradle/caches/modules-2/files-2.1/net.neoforged/JarJarSelector/0.4.1/fb3cc7a58af22ad2880adb98af6d518128c47dae/JarJarSelector-0.4.1.jar because it was already located earlier
[04Mar2026 15:24:17.587] [main/DEBUG] [net.neoforged.fml.loading.moddiscovery.ModDiscoverer/]: Skipping /Users/caliane/.gradle/caches/modules-2/files-2.1/net.neoforged/JarJarMetadata/0.4.1/f8da03683dc81694556dc3e177c5e3bb77ae6fcb/JarJarMetadata-0.4.1.jar because it was already located earlier
[04Mar2026 15:24:17.587] [main/DEBUG] [net.neoforged.fml.loading.moddiscovery.ModDiscoverer/]: Skipping /Users/caliane/.gradle/caches/modules-2/files-2.1/net.fabricmc/sponge-mixin/0.15.2+mixin.0.8.7/2af2f021d8e02a0220dc27a7a72b4666d66d44ca/sponge-mixin-0.15.2+mixin.0.8.7.jar because it was already located earlier
[04Mar2026 15:24:17.588] [main/DEBUG] [net.neoforged.fml.loading.moddiscovery.ModDiscoverer/]: Skipping /Users/caliane/.gradle/caches/modules-2/files-2.1/com.google.code.gson/gson/2.10.1/b3add478d4382b78ea20b1671390a858002feb6c/gson-2.10.1.jar because it was already located earlier
[04Mar2026 15:24:17.588] [main/DEBUG] [net.neoforged.fml.loading.moddiscovery.ModDiscoverer/]: Skipping /Users/caliane/.gradle/caches/modules-2/files-2.1/com.mojang/patchy/2.2.10/da05971b07cbb379d002cf7eaec6a2048211fefc/patchy-2.2.10.jar because it was already located earlier
[04Mar2026 15:24:17.588] [main/DEBUG] [net.neoforged.fml.loading.moddiscovery.ModDiscoverer/]: Skipping /Users/caliane/.gradle/caches/modules-2/files-2.1/com.google.guava/guava/32.1.2-jre/5e64ec7e056456bef3a4bc4c6fdaef71e8ab6318/guava-32.1.2-jre.jar because it was already located earlier
[04Mar2026 15:24:17.588] [main/DEBUG] [net.neoforged.fml.loading.moddiscovery.ModDiscoverer/]: Skipping /Users/caliane/.gradle/caches/modules-2/files-2.1/com.google.guava/failureaccess/1.0.1/1dcf1de382a0bf95a3d8b0849546c88bac1292c9/failureaccess-1.0.1.jar because it was already located earlier
[04Mar2026 15:24:17.588] [main/DEBUG] [net.neoforged.fml.loading.moddiscovery.ModDiscoverer/]: Skipping /Users/caliane/.gradle/caches/modules-2/files-2.1/com.ibm.icu/icu4j/73.2/61ad4ef7f9131fcf6d25c34b817f90d6da06c9e9/icu4j-73.2.jar because it was already located earlier
[04Mar2026 15:24:17.588] [main/DEBUG] [net.neoforged.fml.loading.moddiscovery.ModDiscoverer/]: Skipping /Users/caliane/.gradle/caches/modules-2/files-2.1/com.mojang/blocklist/1.0.10/5c685c5ffa94c4cd39496c7184c1d122e515ecef/blocklist-1.0.10.jar because it was already located earlier
[04Mar2026 15:24:17.588] [main/DEBUG] [net.neoforged.fml.loading.moddiscovery.ModDiscoverer/]: Skipping /Users/caliane/.gradle/caches/modules-2/files-2.1/com.mojang/brigadier/1.3.10/d15b53a14cf20fdcaa98f731af5dda654452c010/brigadier-1.3.10.jar because it was already located earlier
[04Mar2026 15:24:17.588] [main/DEBUG] [net.neoforged.fml.loading.moddiscovery.ModDiscoverer/]: Skipping /Users/caliane/.gradle/caches/modules-2/files-2.1/com.mojang/logging/1.2.7/24cb95ffb0e3433fd6e844c04e68009e504ca1c0/logging-1.2.7.jar because it was already located earlier
[04Mar2026 15:24:17.588] [main/DEBUG] [net.neoforged.fml.loading.moddiscovery.ModDiscoverer/]: Skipping /Users/caliane/.gradle/caches/modules-2/files-2.1/org.apache.httpcomponents/httpclient/4.5.13/e5f6cae5ca7ecaac1ec2827a9e2d65ae2869cada/httpclient-4.5.13.jar because it was already located earlier
[04Mar2026 15:24:17.588] [main/DEBUG] [net.neoforged.fml.loading.moddiscovery.ModDiscoverer/]: Skipping /Users/caliane/.gradle/caches/modules-2/files-2.1/commons-codec/commons-codec/1.16.0/4e3eb3d79888d76b54e28b350915b5dc3919c9de/commons-codec-1.16.0.jar because it was already located earlier
[04Mar2026 15:24:17.588] [main/DEBUG] [net.neoforged.fml.loading.moddiscovery.ModDiscoverer/]: Skipping /Users/caliane/.gradle/caches/modules-2/files-2.1/org.apache.commons/commons-compress/1.26.0/659feffdd12280201c8aacb8f7be94f9a883c824/commons-compress-1.26.0.jar because it was already located earlier
[04Mar2026 15:24:17.588] [main/DEBUG] [net.neoforged.fml.loading.moddiscovery.ModDiscoverer/]: Skipping /Users/caliane/.gradle/caches/modules-2/files-2.1/commons-io/commons-io/2.15.1/f11560da189ab563a5c8e351941415430e9304ea/commons-io-2.15.1.jar because it was already located earlier
[04Mar2026 15:24:17.588] [main/DEBUG] [net.neoforged.fml.loading.moddiscovery.ModDiscoverer/]: Skipping /Users/caliane/.gradle/caches/modules-2/files-2.1/commons-logging/commons-logging/1.2/4bfc12adfe4842bf07b657f0369c4cb522955686/commons-logging-1.2.jar because it was already located earlier
[04Mar2026 15:24:17.589] [main/DEBUG] [net.neoforged.fml.loading.moddiscovery.ModDiscoverer/]: Skipping /Users/caliane/.gradle/caches/modules-2/files-2.1/io.netty/netty-handler/4.1.97.Final/abb86c6906bf512bf2b797a41cd7d2e8d3cd7c36/netty-handler-4.1.97.Final.jar because it was already located earlier
[04Mar2026 15:24:17.589] [main/DEBUG] [net.neoforged.fml.loading.moddiscovery.ModDiscoverer/]: Skipping /Users/caliane/.gradle/caches/modules-2/files-2.1/io.netty/netty-codec/4.1.97.Final/384ba4d75670befbedb45c4d3b497a93639c206d/netty-codec-4.1.97.Final.jar because it was already located earlier
[04Mar2026 15:24:17.589] [main/DEBUG] [net.neoforged.fml.loading.moddiscovery.ModDiscoverer/]: Skipping /Users/caliane/.gradle/caches/modules-2/files-2.1/io.netty/netty-transport-classes-epoll/4.1.97.Final/795da37ded759e862457a82d9d92c4d39ce8ecee/netty-transport-classes-epoll-4.1.97.Final.jar because it was already located earlier
[04Mar2026 15:24:17.589] [main/DEBUG] [net.neoforged.fml.loading.moddiscovery.ModDiscoverer/]: Skipping /Users/caliane/.gradle/caches/modules-2/files-2.1/io.netty/netty-transport-native-unix-common/4.1.97.Final/d469d84265ab70095b01b40886cabdd433b6e664/netty-transport-native-unix-common-4.1.97.Final.jar because it was already located earlier
[04Mar2026 15:24:17.589] [main/DEBUG] [net.neoforged.fml.loading.moddiscovery.ModDiscoverer/]: Skipping /Users/caliane/.gradle/caches/modules-2/files-2.1/io.netty/netty-transport/4.1.97.Final/f37380d23c9bb079bc702910833b2fd532c9abd0/netty-transport-4.1.97.Final.jar because it was already located earlier
[04Mar2026 15:24:17.589] [main/DEBUG] [net.neoforged.fml.loading.moddiscovery.ModDiscoverer/]: Skipping /Users/caliane/.gradle/caches/modules-2/files-2.1/io.netty/netty-buffer/4.1.97.Final/f8f3d8644afa5e6e1a40a3a6aeb9d9aa970ecb4f/netty-buffer-4.1.97.Final.jar because it was already located earlier
[04Mar2026 15:24:17.589] [main/DEBUG] [net.neoforged.fml.loading.moddiscovery.ModDiscoverer/]: Skipping /Users/caliane/.gradle/caches/modules-2/files-2.1/io.netty/netty-resolver/4.1.97.Final/cec8348108dc76c47cf87c669d514be52c922144/netty-resolver-4.1.97.Final.jar because it was already located earlier
[04Mar2026 15:24:17.589] [main/DEBUG] [net.neoforged.fml.loading.moddiscovery.ModDiscoverer/]: Skipping /Users/caliane/.gradle/caches/modules-2/files-2.1/io.netty/netty-common/4.1.97.Final/7cceacaf11df8dc63f23d0fb58e9d4640fc88404/netty-common-4.1.97.Final.jar because it was already located earlier
[04Mar2026 15:24:17.589] [main/DEBUG] [net.neoforged.fml.loading.moddiscovery.ModDiscoverer/]: Skipping /Users/caliane/.gradle/caches/modules-2/files-2.1/it.unimi.dsi/fastutil/8.5.12/c24946d46824bd528054bface3231d2ecb7e95e8/fastutil-8.5.12.jar because it was already located earlier
[04Mar2026 15:24:17.590] [main/DEBUG] [net.neoforged.fml.loading.moddiscovery.ModDiscoverer/]: Skipping /Users/caliane/.gradle/caches/modules-2/files-2.1/net.java.dev.jna/jna-platform/5.14.0/28934d48aed814f11e4c584da55c49fa7032b31b/jna-platform-5.14.0.jar because it was already located earlier
[04Mar2026 15:24:17.590] [main/DEBUG] [net.neoforged.fml.loading.moddiscovery.ModDiscoverer/]: Skipping /Users/caliane/.gradle/caches/modules-2/files-2.1/net.java.dev.jna/jna/5.14.0/67bf3eaea4f0718cb376a181a629e5f88fa1c9dd/jna-5.14.0.jar because it was already located earlier
[04Mar2026 15:24:17.590] [main/DEBUG] [net.neoforged.fml.loading.moddiscovery.ModDiscoverer/]: Skipping /Users/caliane/.gradle/caches/modules-2/files-2.1/net.neoforged/mergetool/2.0.3/1275202cbbb248f49345cf6787ce299afd9a02fb/mergetool-2.0.3-api.jar because it was already located earlier
[04Mar2026 15:24:17.590] [main/DEBUG] [net.neoforged.fml.loading.moddiscovery.ModDiscoverer/]: Skipping /Users/caliane/.gradle/caches/modules-2/files-2.1/net.neoforged.accesstransformers/at-modlauncher/10.0.1/5aba50202aceead086bc09fbc2751c9f05cb4890/at-modlauncher-10.0.1.jar because it was already located earlier
[04Mar2026 15:24:17.590] [main/DEBUG] [net.neoforged.fml.loading.moddiscovery.ModDiscoverer/]: Skipping /Users/caliane/.gradle/caches/modules-2/files-2.1/net.neoforged/coremods/7.0.3/9147e6f638b4272b3bd5fc8f92ad37802512c6c/coremods-7.0.3.jar because it was already located earlier
[04Mar2026 15:24:17.590] [main/DEBUG] [net.neoforged.fml.loading.moddiscovery.ModDiscoverer/]: Skipping /Users/caliane/.gradle/caches/modules-2/files-2.1/cpw.mods/modlauncher/11.0.5/b8f0d49294f733fdb6173931b263553e943dc950/modlauncher-11.0.5.jar because it was already located earlier
[04Mar2026 15:24:17.590] [main/DEBUG] [net.neoforged.fml.loading.moddiscovery.ModDiscoverer/]: Skipping /Users/caliane/.gradle/caches/modules-2/files-2.1/net.sf.jopt-simple/jopt-simple/5.0.4/4fdac2fbe92dfad86aa6e9301736f6b4342a3f5c/jopt-simple-5.0.4.jar because it was already located earlier
[04Mar2026 15:24:17.590] [main/DEBUG] [net.neoforged.fml.loading.moddiscovery.ModDiscoverer/]: Skipping /Users/caliane/.gradle/caches/modules-2/files-2.1/org.apache.maven/maven-artifact/3.8.5/4433f50c07debefaed0553bd0068f4f48d449313/maven-artifact-3.8.5.jar because it was already located earlier
[04Mar2026 15:24:17.590] [main/DEBUG] [net.neoforged.fml.loading.moddiscovery.ModDiscoverer/]: Skipping /Users/caliane/.gradle/caches/modules-2/files-2.1/org.apache.commons/commons-lang3/3.14.0/1ed471194b02f2c6cb734a0cd6f6f107c673afae/commons-lang3-3.14.0.jar because it was already located earlier
[04Mar2026 15:24:17.591] [main/DEBUG] [net.neoforged.fml.loading.moddiscovery.ModDiscoverer/]: Skipping /Users/caliane/.gradle/caches/modules-2/files-2.1/org.apache.httpcomponents/httpcore/4.4.16/51cf043c87253c9f58b539c9f7e44c8894223850/httpcore-4.4.16.jar because it was already located earlier
[04Mar2026 15:24:17.591] [main/DEBUG] [net.neoforged.fml.loading.moddiscovery.ModDiscoverer/]: Skipping /Users/caliane/.gradle/caches/modules-2/files-2.1/org.apache.logging.log4j/log4j-slf4j2-impl/2.22.1/d7e6693c2606cb7e7335047d7bb96dec52db5665/log4j-slf4j2-impl-2.22.1.jar because it was already located earlier
[04Mar2026 15:24:17.591] [main/DEBUG] [net.neoforged.fml.loading.moddiscovery.ModDiscoverer/]: Skipping /Users/caliane/.gradle/caches/modules-2/files-2.1/net.minecrell/terminalconsoleappender/1.3.0/b562e9bb61235c9520e26282cdee71f8f802d1fc/terminalconsoleappender-1.3.0.jar because it was already located earlier
[04Mar2026 15:24:17.591] [main/DEBUG] [net.neoforged.fml.loading.moddiscovery.ModDiscoverer/]: Skipping /Users/caliane/.gradle/caches/modules-2/files-2.1/org.apache.logging.log4j/log4j-core/2.22.1/7183a25510a02ad00cc6a95d3b3d2a7d3c5a8dc4/log4j-core-2.22.1.jar because it was already located earlier
[04Mar2026 15:24:17.591] [main/DEBUG] [net.neoforged.fml.loading.moddiscovery.ModDiscoverer/]: Skipping /Users/caliane/.gradle/caches/modules-2/files-2.1/net.neoforged/bus/8.0.5/5b2d33285ab5d1554e9798ad98c40d6ea3868bd5/bus-8.0.5.jar because it was already located earlier
[04Mar2026 15:24:17.591] [main/DEBUG] [net.neoforged.fml.loading.moddiscovery.ModDiscoverer/]: Skipping /Users/caliane/.gradle/caches/modules-2/files-2.1/org.apache.logging.log4j/log4j-api/2.22.1/bea6fede6328fabafd7e68363161a7ea6605abd1/log4j-api-2.22.1.jar because it was already located earlier
[04Mar2026 15:24:17.591] [main/DEBUG] [net.neoforged.fml.loading.moddiscovery.ModDiscoverer/]: Skipping /Users/caliane/.gradle/caches/modules-2/files-2.1/org.jcraft/jorbis/0.0.17/8872d22b293e8f5d7d56ff92be966e6dc28ebdc6/jorbis-0.0.17.jar because it was already located earlier
[04Mar2026 15:24:17.591] [main/DEBUG] [net.neoforged.fml.loading.moddiscovery.ModDiscoverer/]: Skipping /Users/caliane/.gradle/caches/modules-2/files-2.1/org.joml/joml/1.10.5/22566d58af70ad3d72308bab63b8339906deb649/joml-1.10.5.jar because it was already located earlier
[04Mar2026 15:24:17.591] [main/DEBUG] [net.neoforged.fml.loading.moddiscovery.ModDiscoverer/]: Skipping /Users/caliane/.gradle/caches/modules-2/files-2.1/org.lwjgl/lwjgl-freetype/3.3.3/a0db6c84a8becc8ca05f9dbfa985edc348a824c7/lwjgl-freetype-3.3.3.jar because it was already located earlier
[04Mar2026 15:24:17.591] [main/DEBUG] [net.neoforged.fml.loading.moddiscovery.ModDiscoverer/]: Skipping /Users/caliane/.gradle/caches/modules-2/files-2.1/org.lwjgl/lwjgl-freetype/3.3.3/b0a8c9baa9d1f54ac61e1ab9640c7659e7fa700c/lwjgl-freetype-3.3.3-natives-macos-arm64.jar because it was already located earlier
[04Mar2026 15:24:17.591] [main/DEBUG] [net.neoforged.fml.loading.moddiscovery.ModDiscoverer/]: Skipping /Users/caliane/.gradle/caches/modules-2/files-2.1/org.lwjgl/lwjgl-freetype/3.3.3/806d869f37ce0df388a24e17aaaf5ca0894d851b/lwjgl-freetype-3.3.3-natives-macos-patch.jar because it was already located earlier
[04Mar2026 15:24:17.591] [main/DEBUG] [net.neoforged.fml.loading.moddiscovery.ModDiscoverer/]: Skipping /Users/caliane/.gradle/caches/modules-2/files-2.1/org.lwjgl/lwjgl-glfw/3.3.3/efa1eb78c5ccd840e9f329717109b5e892d72f8e/lwjgl-glfw-3.3.3.jar because it was already located earlier
[04Mar2026 15:24:17.592] [main/DEBUG] [net.neoforged.fml.loading.moddiscovery.ModDiscoverer/]: Skipping /Users/caliane/.gradle/caches/modules-2/files-2.1/org.lwjgl/lwjgl-glfw/3.3.3/a1bf400f6bc64e6195596cb1430dafda46090751/lwjgl-glfw-3.3.3-natives-macos.jar because it was already located earlier
[04Mar2026 15:24:17.593] [main/DEBUG] [net.neoforged.fml.loading.moddiscovery.ModDiscoverer/]: Skipping /Users/caliane/.gradle/caches/modules-2/files-2.1/org.lwjgl/lwjgl-jemalloc/3.3.3/b543467b7ff3c6920539a88ee602d34098628be5/lwjgl-jemalloc-3.3.3.jar because it was already located earlier
[04Mar2026 15:24:17.593] [main/DEBUG] [net.neoforged.fml.loading.moddiscovery.ModDiscoverer/]: Skipping /Users/caliane/.gradle/caches/modules-2/files-2.1/org.lwjgl/lwjgl-jemalloc/3.3.3/2906637657a57579847238c9c72d2c4bde7083f8/lwjgl-jemalloc-3.3.3-natives-macos.jar because it was already located earlier
[04Mar2026 15:24:17.594] [main/DEBUG] [net.neoforged.fml.loading.moddiscovery.ModDiscoverer/]: Skipping /Users/caliane/.gradle/caches/modules-2/files-2.1/org.lwjgl/lwjgl-openal/3.3.3/daada81ceb5fc0c291fbfdd4433cb8d9423577f2/lwjgl-openal-3.3.3.jar because it was already located earlier
[04Mar2026 15:24:17.594] [main/DEBUG] [net.neoforged.fml.loading.moddiscovery.ModDiscoverer/]: Skipping /Users/caliane/.gradle/caches/modules-2/files-2.1/org.lwjgl/lwjgl-openal/3.3.3/8df8338bfa77f2ebabef4e58964bd04d24805cbf/lwjgl-openal-3.3.3-natives-macos.jar because it was already located earlier
[04Mar2026 15:24:17.594] [main/DEBUG] [net.neoforged.fml.loading.moddiscovery.ModDiscoverer/]: Skipping /Users/caliane/.gradle/caches/modules-2/files-2.1/org.lwjgl/lwjgl-opengl/3.3.3/2f6b0147078396a58979125a4c947664e98293a/lwjgl-opengl-3.3.3.jar because it was already located earlier
[04Mar2026 15:24:17.594] [main/DEBUG] [net.neoforged.fml.loading.moddiscovery.ModDiscoverer/]: Skipping /Users/caliane/.gradle/caches/modules-2/files-2.1/org.lwjgl/lwjgl-opengl/3.3.3/1bd45997551ae8a28469f3a2b678f4b7289e12c0/lwjgl-opengl-3.3.3-natives-macos.jar because it was already located earlier
[04Mar2026 15:24:17.596] [main/DEBUG] [net.neoforged.fml.loading.moddiscovery.ModDiscoverer/]: Skipping /Users/caliane/.gradle/caches/modules-2/files-2.1/org.lwjgl/lwjgl-stb/3.3.3/25dd6161988d7e65f71d5065c99902402ee32746/lwjgl-stb-3.3.3.jar because it was already located earlier
[04Mar2026 15:24:17.596] [main/DEBUG] [net.neoforged.fml.loading.moddiscovery.ModDiscoverer/]: Skipping /Users/caliane/.gradle/caches/modules-2/files-2.1/org.lwjgl/lwjgl-stb/3.3.3/472792c98fb2c1557c060cb9da5fca6a9773621f/lwjgl-stb-3.3.3-natives-macos.jar because it was already located earlier
[04Mar2026 15:24:17.598] [main/DEBUG] [net.neoforged.fml.loading.moddiscovery.ModDiscoverer/]: Skipping /Users/caliane/.gradle/caches/modules-2/files-2.1/org.lwjgl/lwjgl-tinyfd/3.3.3/82d755ca94b102e9ca77283b9e2dc46d1b15fbe5/lwjgl-tinyfd-3.3.3.jar because it was already located earlier
[04Mar2026 15:24:17.599] [main/DEBUG] [net.neoforged.fml.loading.moddiscovery.ModDiscoverer/]: Skipping /Users/caliane/.gradle/caches/modules-2/files-2.1/org.lwjgl/lwjgl-tinyfd/3.3.3/406feedb977372085a61eb0fee358183f4f4c67a/lwjgl-tinyfd-3.3.3-natives-macos-arm64.jar because it was already located earlier
[04Mar2026 15:24:17.600] [main/DEBUG] [net.neoforged.fml.loading.moddiscovery.ModDiscoverer/]: Skipping /Users/caliane/.gradle/caches/modules-2/files-2.1/org.lwjgl/lwjgl/3.3.3/29589b5f87ed335a6c7e7ee6a5775f81f97ecb84/lwjgl-3.3.3.jar because it was already located earlier
[04Mar2026 15:24:17.602] [main/DEBUG] [net.neoforged.fml.loading.moddiscovery.ModDiscoverer/]: Skipping /Users/caliane/.gradle/caches/modules-2/files-2.1/org.lwjgl/lwjgl/3.3.3/226246e75f6bd8d4e1895bdce8638ef87808d114/lwjgl-3.3.3-natives-macos-arm64.jar because it was already located earlier
[04Mar2026 15:24:17.602] [main/DEBUG] [net.neoforged.fml.loading.moddiscovery.ModDiscoverer/]: Skipping /Users/caliane/.gradle/caches/modules-2/files-2.1/org.lz4/lz4-java/1.8.0/4b986a99445e49ea5fbf5d149c4b63f6ed6c6780/lz4-java-1.8.0.jar because it was already located earlier
[04Mar2026 15:24:17.602] [main/DEBUG] [net.neoforged.fml.loading.moddiscovery.ModDiscoverer/]: Skipping /Users/caliane/.gradle/caches/modules-2/files-2.1/net.neoforged/accesstransformers/10.0.1/fd83b5725f76eae9115e9355fa1c456a6a441400/accesstransformers-10.0.1.jar because it was already located earlier
[04Mar2026 15:24:17.602] [main/DEBUG] [net.neoforged.fml.loading.moddiscovery.ModDiscoverer/]: Skipping /Users/caliane/.gradle/caches/modules-2/files-2.1/com.machinezoo.noexception/noexception/1.7.1/b65330c98e38a1f915fa54a6e5eca496505e3f0a/noexception-1.7.1.jar because it was already located earlier
[04Mar2026 15:24:17.603] [main/DEBUG] [net.neoforged.fml.loading.moddiscovery.ModDiscoverer/]: Skipping /Users/caliane/.gradle/caches/modules-2/files-2.1/org.slf4j/slf4j-api/2.0.9/7cf2726fdcfbc8610f9a71fb3ed639871f315340/slf4j-api-2.0.9.jar because it was already located earlier
[04Mar2026 15:24:17.603] [main/DEBUG] [net.neoforged.fml.loading.moddiscovery.ModDiscoverer/]: Skipping /Users/caliane/.gradle/caches/modules-2/files-2.1/com.google.code.findbugs/jsr305/3.0.2/25ea2e8b0c338a877313bd4672d3fe056ea78f0d/jsr305-3.0.2.jar because it was already located earlier
[04Mar2026 15:24:17.603] [main/DEBUG] [net.neoforged.fml.loading.moddiscovery.ModDiscoverer/]: Skipping /Users/caliane/.gradle/caches/modules-2/files-2.1/org.jetbrains/annotations/24.1.0/7af6a669488450c4a07c2c3254e2151df42d7d04/annotations-24.1.0.jar because it was already located earlier
[04Mar2026 15:24:17.603] [main/DEBUG] [net.neoforged.fml.loading.moddiscovery.ModDiscoverer/]: Skipping /Users/caliane/.gradle/caches/modules-2/files-2.1/com.electronwill.night-config/toml/3.8.3/90b2fd6efcb4a7d5b9810cf78f9d824994d717f2/toml-3.8.3.jar because it was already located earlier
[04Mar2026 15:24:17.603] [main/DEBUG] [net.neoforged.fml.loading.moddiscovery.ModDiscoverer/]: Skipping /Users/caliane/.gradle/caches/modules-2/files-2.1/com.electronwill.night-config/core/3.8.3/b442a95f09e349927f5a945ecb594455870fcf4f/core-3.8.3.jar because it was already located earlier
[04Mar2026 15:24:17.603] [main/DEBUG] [net.neoforged.fml.loading.moddiscovery.ModDiscoverer/]: Skipping /Users/caliane/.gradle/caches/modules-2/files-2.1/net.jodah/typetools/0.6.3/a01aaa6ddaea9ec07ec4f209487b7a46a526283a/typetools-0.6.3.jar because it was already located earlier
[04Mar2026 15:24:17.603] [main/DEBUG] [net.neoforged.fml.loading.moddiscovery.ModDiscoverer/]: Skipping /Users/caliane/.gradle/caches/modules-2/files-2.1/org.openjdk.nashorn/nashorn-core/15.4/f67f5ffaa5f5130cf6fb9b133da00c7df3b532a5/nashorn-core-15.4.jar because it was already located earlier
[04Mar2026 15:24:17.604] [main/DEBUG] [net.neoforged.fml.loading.moddiscovery.readers.JarModsDotTomlModFileReader/SCAN]: Found META-INF/MANIFEST.MF mod of type GAMELIBRARY: /Users/caliane/.gradle/caches/modules-2/files-2.1/io.github.llamalad7/mixinextras-neoforge/0.5.0/d734b83ce6542bb70ea31755c1595b88992dbe65/mixinextras-neoforge-0.5.0.jar
[04Mar2026 15:24:17.605] [main/INFO] [net.neoforged.fml.loading.moddiscovery.ModDiscoverer/SCAN]: Found gamelibrary file "mixinextras-neoforge-0.5.0.jar" [locator: userdev mods and services, reader: mod manifest]
[04Mar2026 15:24:17.606] [main/DEBUG] [net.neoforged.fml.loading.moddiscovery.ModDiscoverer/]: Skipping /Users/caliane/.gradle/caches/modules-2/files-2.1/org.antlr/antlr4-runtime/4.13.1/17125bae1d965624e265ef49552f6465a2bfa307/antlr4-runtime-4.13.1.jar because it was already located earlier
[04Mar2026 15:24:17.606] [main/DEBUG] [net.neoforged.fml.loading.moddiscovery.ModDiscoverer/]: Skipping /Users/caliane/.gradle/caches/modules-2/files-2.1/org.jline/jline-reader/3.20.0/8f15415b022a25b473e8e16c28ae913186ffb9c4/jline-reader-3.20.0.jar because it was already located earlier
[04Mar2026 15:24:17.606] [main/DEBUG] [net.neoforged.fml.loading.moddiscovery.ModDiscoverer/]: Skipping /Users/caliane/.gradle/caches/modules-2/files-2.1/org.jline/jline-terminal/3.20.0/d0ddcc708ddf527a3454c941b7b9225cc83a15ff/jline-terminal-3.20.0.jar because it was already located earlier
[04Mar2026 15:24:17.608] [main/DEBUG] [net.neoforged.fml.loading.moddiscovery.ModDiscoverer/]: Skipping /Users/caliane/.gradle/caches/modules-2/files-2.1/net.minecraftforge/srgutils/0.4.15/ca408b131759478f164e010fae0d73997e125fb5/srgutils-0.4.15.jar because it was already located earlier
[04Mar2026 15:24:17.608] [main/DEBUG] [net.neoforged.fml.loading.moddiscovery.ModDiscoverer/]: Skipping /Users/caliane/.gradle/caches/modules-2/files-2.1/com.google.guava/listenablefuture/9999.0-empty-to-avoid-conflict-with-guava/b421526c5f297295adef1c886e5246c39d4ac629/listenablefuture-9999.0-empty-to-avoid-conflict-with-guava.jar because it was already located earlier
[04Mar2026 15:24:17.608] [main/DEBUG] [net.neoforged.fml.loading.moddiscovery.ModDiscoverer/]: Skipping /Users/caliane/.gradle/caches/modules-2/files-2.1/org.checkerframework/checker-qual/3.33.0/de2b60b62da487644fc11f734e73c8b0b431238f/checker-qual-3.33.0.jar because it was already located earlier
[04Mar2026 15:24:17.608] [main/DEBUG] [net.neoforged.fml.loading.moddiscovery.ModDiscoverer/]: Skipping /Users/caliane/.gradle/caches/modules-2/files-2.1/com.google.errorprone/error_prone_annotations/2.18.0/89b684257096f548fa39a7df9fdaa409d4d4df91/error_prone_annotations-2.18.0.jar because it was already located earlier
[04Mar2026 15:24:17.608] [main/DEBUG] [net.neoforged.fml.loading.moddiscovery.ModDiscoverer/]: Skipping /Users/caliane/.gradle/caches/modules-2/files-2.1/com.google.j2objc/j2objc-annotations/2.8/c85270e307e7b822f1086b93689124b89768e273/j2objc-annotations-2.8.jar because it was already located earlier
[04Mar2026 15:24:17.608] [main/DEBUG] [net.neoforged.fml.loading.moddiscovery.ModDiscoverer/]: Skipping /Users/caliane/.gradle/caches/modules-2/files-2.1/org.codehaus.plexus/plexus-utils/3.3.0/cf43b5391de623b36fe066a21127baef82c64022/plexus-utils-3.3.0.jar because it was already located earlier
[04Mar2026 15:24:17.608] [main/DEBUG] [net.neoforged.fml.loading.moddiscovery.ModDiscoverer/]: Skipping /Users/caliane/Sources/nuclearcraft/.gradle/repositories/ng_dummy_ng/net/minecraft/client/1.21.1/client-1.21.1-client-extra.jar because it was already located earlier
[04Mar2026 15:24:17.608] [main/DEBUG] [net.neoforged.fml.loading.moddiscovery.ModDiscoverer/SCAN]: Locator userdev mods and services found 12 mods, 0 warnings, 0 errors and skipped 86 candidates
[04Mar2026 15:24:17.609] [main/DEBUG] [net.neoforged.fml.loading.UniqueModListBuilder/]: Found 2 mods for first modid neoforge, selecting most recent based on version data
[04Mar2026 15:24:17.610] [main/DEBUG] [net.neoforged.fml.loading.UniqueModListBuilder/]: Selected file neoforge-21.1.219.jar for modid neoforge with version 21.1.219
[04Mar2026 15:24:17.611] [main/DEBUG] [net.neoforged.fml.loading.moddiscovery.ModDiscoverer/SCAN]: Successfully Loaded 13 mods. Attempting to load dependencies...
[04Mar2026 15:24:17.611] [main/DEBUG] [net.neoforged.fml.loading.moddiscovery.ModDiscoverer/SCAN]: Trying locator jarinjar
[04Mar2026 15:24:17.613] [main/TRACE] [net.neoforged.fml.loading.moddiscovery.locators.JarInJarDependencyLocator/]: Failed to load resource META-INF/jarjar/metadata.json from emi-neoforge-1.1.21+1.21.1.jar, it does not contain dependency information.
[04Mar2026 15:24:17.613] [main/TRACE] [net.neoforged.fml.loading.moddiscovery.locators.JarInJarDependencyLocator/]: Failed to load resource META-INF/jarjar/metadata.json from neoforge-21.1.219.jar, it does not contain dependency information.
[04Mar2026 15:24:17.613] [main/TRACE] [net.neoforged.fml.loading.moddiscovery.locators.JarInJarDependencyLocator/]: Failed to load resource META-INF/jarjar/metadata.json from mixinextras-neoforge-0.5.0.jar, it does not contain dependency information.
[04Mar2026 15:24:17.613] [main/TRACE] [net.neoforged.fml.loading.moddiscovery.locators.JarInJarDependencyLocator/]: Failed to load resource META-INF/jarjar/metadata.json from theoneprobe-1.21_neo-12.0.3-5.jar, it does not contain dependency information.
[04Mar2026 15:24:17.614] [main/TRACE] [net.neoforged.fml.loading.moddiscovery.locators.JarInJarDependencyLocator/]: Failed to load resource META-INF/jarjar/metadata.json from Mekanism-1.21.1-10.7.18.84.jar, it does not contain dependency information.
[04Mar2026 15:24:17.614] [main/TRACE] [net.neoforged.fml.loading.moddiscovery.locators.JarInJarDependencyLocator/]: Failed to load resource META-INF/jarjar/metadata.json from Patchouli-1.21.1-92-NEOFORGE.jar, it does not contain dependency information.
[04Mar2026 15:24:17.616] [main/TRACE] [net.neoforged.fml.loading.moddiscovery.locators.JarInJarDependencyLocator/]: Failed to load resource META-INF/jarjar/metadata.json from guideme-21.1.1.jar, it does not contain dependency information.
[04Mar2026 15:24:17.619] [main/TRACE] [net.neoforged.fml.loading.moddiscovery.locators.JarInJarDependencyLocator/]: Failed to load resource META-INF/jarjar/metadata.json from architectury-neoforge-13.0.8.jar, it does not contain dependency information.
[04Mar2026 15:24:17.619] [main/TRACE] [net.neoforged.fml.loading.moddiscovery.locators.JarInJarDependencyLocator/]: Failed to load resource META-INF/jarjar/metadata.json from Mekanism-1.21.1-10.7.18.84-generators.jar, it does not contain dependency information.
[04Mar2026 15:24:17.620] [main/TRACE] [net.neoforged.fml.loading.moddiscovery.locators.JarInJarDependencyLocator/]: Failed to load resource META-INF/jarjar/metadata.json from main, it does not contain dependency information.
[04Mar2026 15:24:17.620] [main/TRACE] [net.neoforged.fml.loading.moddiscovery.locators.JarInJarDependencyLocator/]: Failed to load resource META-INF/jarjar/metadata.json from appliedenergistics2-19.2.17.jar, it does not contain dependency information.
[04Mar2026 15:24:17.646] [main/DEBUG] [net.neoforged.fml.loading.moddiscovery.readers.JarModsDotTomlModFileReader/SCAN]: Found META-INF/MANIFEST.MF mod of type GAMELIBRARY: 
[04Mar2026 15:24:17.648] [main/DEBUG] [net.neoforged.fml.loading.moddiscovery.readers.JarModsDotTomlModFileReader/SCAN]: Found META-INF/MANIFEST.MF mod of type LIBRARY: 
[04Mar2026 15:24:17.652] [main/TRACE] [net.neoforged.fml.loading.moddiscovery.locators.JarInJarDependencyLocator/]: Failed to load resource META-INF/jarjar/metadata.json from mixinextras-neoforge-0.5.0.jar, it does not contain dependency information.
[04Mar2026 15:24:17.652] [main/TRACE] [net.neoforged.fml.loading.moddiscovery.locators.JarInJarDependencyLocator/]: Failed to load resource META-INF/jarjar/metadata.json from net.neoforged.neoforge-coremods-21.1.219.jar, it does not contain dependency information.
[04Mar2026 15:24:17.652] [main/TRACE] [net.neoforged.fml.loading.moddiscovery.locators.JarInJarDependencyLocator/]: Failed to load resource META-INF/jarjar/metadata.json from cobalt-0.9.7.jar, it does not contain dependency information.
[04Mar2026 15:24:17.654] [main/TRACE] [net.neoforged.fml.loading.moddiscovery.locators.JarInJarDependencyLocator/]: Failed to load resource META-INF/jarjar/metadata.json from jzlib-1.1.3.jar, it does not contain dependency information.
[04Mar2026 15:24:17.668] [main/DEBUG] [net.neoforged.fml.loading.moddiscovery.readers.JarModsDotTomlModFileReader/SCAN]: Found META-INF/MANIFEST.MF mod of type LIBRARY: 
[04Mar2026 15:24:17.674] [main/DEBUG] [net.neoforged.fml.loading.moddiscovery.readers.JarModsDotTomlModFileReader/SCAN]: Found META-INF/MANIFEST.MF mod of type GAMELIBRARY: 
[04Mar2026 15:24:17.677] [main/WARN] [net.neoforged.jarjar.selection.JarSelector/]: Attempted to select a dependency jar for JarJar which was passed in as source: library:mixinextras.neoforge. Using Mod File: /Users/caliane/.gradle/caches/modules-2/files-2.1/io.github.llamalad7/mixinextras-neoforge/0.5.0/d734b83ce6542bb70ea31755c1595b88992dbe65/mixinextras-neoforge-0.5.0.jar
[04Mar2026 15:24:17.677] [main/INFO] [net.neoforged.fml.loading.moddiscovery.locators.JarInJarDependencyLocator/]: Found 3 dependencies adding them to mods collection
[04Mar2026 15:24:17.678] [main/INFO] [net.neoforged.fml.loading.moddiscovery.ModDiscoverer/SCAN]: Found library file "cobalt-0.9.7.jar" [parent: cc-tweaked-1.21.1-forge-1.117.0.jar, locator: jarinjar]
[04Mar2026 15:24:17.678] [main/INFO] [net.neoforged.fml.loading.moddiscovery.ModDiscoverer/SCAN]: Found library file "jzlib-1.1.3.jar" [parent: cc-tweaked-1.21.1-forge-1.117.0.jar, locator: jarinjar]
[04Mar2026 15:24:17.678] [main/INFO] [net.neoforged.fml.loading.moddiscovery.ModDiscoverer/SCAN]: Found library file "net.neoforged.neoforge-coremods-21.1.219.jar" [parent: neoforge-21.1.219.jar, locator: jarinjar, reader: mod manifest]
[04Mar2026 15:24:17.679] [main/INFO] [net.neoforged.fml.loading.moddiscovery.ModDiscoverer/]: 
     Mod List:
		Name Version (Mod Id)

		Applied Energistics 2 19.2.17 (ae2)
		Architectury 13.0.8 (architectury)
		CC: Tweaked 1.117.0 (computercraft)
		EMI 1.1.21+1.21.1+neoforge (emi)
		GuideME 21.1.1 (guideme)
		Mekanism 10.7.18 (mekanism)
		Mekanism: Generators 10.7.18 (mekanismgenerators)
		Minecraft 1.21.1 (minecraft)
		NeoForge 21.1.219 (neoforge)
		Nuclearcraft Neoteric 1.3.0 (nuclearcraft)
		Patchouli 1.21.1-92-NEOFORGE (patchouli)
		The One Probe 1.21_neo-12.0.3-5 (theoneprobe)
[04Mar2026 15:24:17.680] [main/DEBUG] [net.neoforged.fml.loading.moddiscovery.ModFileInfo/LOADING]: Found valid mod file neoforge-21.1.219.jar with {minecraft} mods - versions {1.21.1}
[04Mar2026 15:24:17.682] [main/DEBUG] [net.neoforged.fml.loading.moddiscovery.ModFile/LOADING]: Loading mod file /Users/caliane/Sources/nuclearcraft/.gradle/repositories/ng_dummy_ng/net/neoforged/neoforge/21.1.219/neoforge-21.1.219.jar with languages [LanguageSpec[languageName=minecraft, acceptedVersions=1]]
[04Mar2026 15:24:17.683] [main/DEBUG] [net.neoforged.fml.loading.moddiscovery.ModFileParser/LOADING]: Considering mod file candidate /Users/caliane/.gradle/caches/modules-2/files-2.1/dev.emi/emi-neoforge/1.1.21+1.21.1/b142d57adbbe6dfbc44e881f33e5714556cef98f/emi-neoforge-1.1.21+1.21.1.jar
[04Mar2026 15:24:17.684] [main/DEBUG] [net.neoforged.fml.loading.moddiscovery.ModFileInfo/LOADING]: Found valid mod file emi-neoforge-1.1.21+1.21.1.jar with {emi} mods - versions {1.1.21+1.21.1+neoforge}
[04Mar2026 15:24:17.684] [main/DEBUG] [net.neoforged.fml.loading.moddiscovery.ModFile/LOADING]: Loading mod file /Users/caliane/.gradle/caches/modules-2/files-2.1/dev.emi/emi-neoforge/1.1.21+1.21.1/b142d57adbbe6dfbc44e881f33e5714556cef98f/emi-neoforge-1.1.21+1.21.1.jar with languages [LanguageSpec[languageName=javafml, acceptedVersions=[1,)]]
[04Mar2026 15:24:17.685] [main/DEBUG] [net.neoforged.fml.loading.moddiscovery.ModFile/LOADING]: Found mixin config MixinConfig[config=emi.mixins.json, requiredMods=[]]
[04Mar2026 15:24:17.685] [main/DEBUG] [net.neoforged.fml.loading.moddiscovery.ModFile/LOADING]: Found mixin config MixinConfig[config=emi-neoforge.mixins.json, requiredMods=[]]
[04Mar2026 15:24:17.685] [main/DEBUG] [net.neoforged.fml.loading.moddiscovery.ModFileParser/LOADING]: Considering mod file candidate /Users/caliane/.gradle/caches/modules-2/files-2.1/mcjty.theoneprobe/theoneprobe/1.21_neo-12.0.3-5/9af76afc4721d9c5d0af245a5b6072d6b4fc4bf5/theoneprobe-1.21_neo-12.0.3-5.jar
[04Mar2026 15:24:17.687] [main/DEBUG] [net.neoforged.fml.loading.moddiscovery.ModFileInfo/LOADING]: Found valid mod file theoneprobe-1.21_neo-12.0.3-5.jar with {theoneprobe} mods - versions {1.21_neo-12.0.3-5}
[04Mar2026 15:24:17.687] [main/DEBUG] [net.neoforged.fml.loading.moddiscovery.ModFile/LOADING]: Loading mod file /Users/caliane/.gradle/caches/modules-2/files-2.1/mcjty.theoneprobe/theoneprobe/1.21_neo-12.0.3-5/9af76afc4721d9c5d0af245a5b6072d6b4fc4bf5/theoneprobe-1.21_neo-12.0.3-5.jar with languages [LanguageSpec[languageName=javafml, acceptedVersions=[2,)]]
[04Mar2026 15:24:17.687] [main/DEBUG] [net.neoforged.fml.loading.moddiscovery.ModFileParser/LOADING]: Considering mod file candidate /Users/caliane/.gradle/caches/modules-2/files-2.1/dev.architectury/architectury-neoforge/13.0.8/6544bdc09e6d291e1307230fc0b7289601e164fa/architectury-neoforge-13.0.8.jar
[04Mar2026 15:24:17.689] [main/DEBUG] [net.neoforged.fml.loading.moddiscovery.ModFileInfo/LOADING]: Found valid mod file architectury-neoforge-13.0.8.jar with {architectury} mods - versions {13.0.8}
[04Mar2026 15:24:17.689] [main/DEBUG] [net.neoforged.fml.loading.moddiscovery.ModFile/LOADING]: Loading mod file /Users/caliane/.gradle/caches/modules-2/files-2.1/dev.architectury/architectury-neoforge/13.0.8/6544bdc09e6d291e1307230fc0b7289601e164fa/architectury-neoforge-13.0.8.jar with languages [LanguageSpec[languageName=javafml, acceptedVersions=[1,)]]
[04Mar2026 15:24:17.689] [main/DEBUG] [net.neoforged.fml.loading.moddiscovery.ModFile/LOADING]: Found mixin config MixinConfig[config=architectury.mixins.json, requiredMods=[]]
[04Mar2026 15:24:17.689] [main/DEBUG] [net.neoforged.fml.loading.moddiscovery.ModFile/LOADING]: Found mixin config MixinConfig[config=architectury-common.mixins.json, requiredMods=[]]
[04Mar2026 15:24:17.689] [main/DEBUG] [net.neoforged.fml.loading.moddiscovery.ModFileParser/LOADING]: Considering mod file candidate /Users/caliane/.gradle/caches/modules-2/files-2.1/org.appliedenergistics/guideme/21.1.1/175e3cd25b088777e942e860b333b10605fbc199/guideme-21.1.1.jar
[04Mar2026 15:24:17.690] [main/DEBUG] [net.neoforged.fml.loading.moddiscovery.ModFileInfo/LOADING]: Found valid mod file guideme-21.1.1.jar with {guideme} mods - versions {21.1.1}
[04Mar2026 15:24:17.690] [main/DEBUG] [net.neoforged.fml.loading.moddiscovery.ModFile/LOADING]: Loading mod file /Users/caliane/.gradle/caches/modules-2/files-2.1/org.appliedenergistics/guideme/21.1.1/175e3cd25b088777e942e860b333b10605fbc199/guideme-21.1.1.jar with languages [LanguageSpec[languageName=javafml, acceptedVersions=*]]
[04Mar2026 15:24:17.690] [main/DEBUG] [net.neoforged.fml.loading.moddiscovery.ModFileParser/LOADING]: Considering mod file candidate /Users/caliane/.gradle/caches/modules-2/files-2.1/cc.tweaked/cc-tweaked-1.21.1-forge/1.117.0/46519af82cd69f7a147da36fdcc4b3b8fb0fa4bf/cc-tweaked-1.21.1-forge-1.117.0.jar
[04Mar2026 15:24:17.690] [main/DEBUG] [net.neoforged.fml.loading.moddiscovery.ModFileInfo/LOADING]: Found valid mod file cc-tweaked-1.21.1-forge-1.117.0.jar with {computercraft} mods - versions {1.117.0}
[04Mar2026 15:24:17.691] [main/DEBUG] [net.neoforged.fml.loading.moddiscovery.ModFile/LOADING]: Loading mod file /Users/caliane/.gradle/caches/modules-2/files-2.1/cc.tweaked/cc-tweaked-1.21.1-forge/1.117.0/46519af82cd69f7a147da36fdcc4b3b8fb0fa4bf/cc-tweaked-1.21.1-forge-1.117.0.jar with languages [LanguageSpec[languageName=javafml, acceptedVersions=[1,)]]
[04Mar2026 15:24:17.691] [main/DEBUG] [net.neoforged.fml.loading.moddiscovery.ModFile/LOADING]: Found mixin config MixinConfig[config=computercraft.mixins.json, requiredMods=[]]
[04Mar2026 15:24:17.691] [main/DEBUG] [net.neoforged.fml.loading.moddiscovery.ModFile/LOADING]: Found mixin config MixinConfig[config=computercraft.forge.mixins.json, requiredMods=[]]
[04Mar2026 15:24:17.691] [main/DEBUG] [net.neoforged.fml.loading.moddiscovery.ModFile/LOADING]: Found mixin config MixinConfig[config=computercraft-client.forge.mixins.json, requiredMods=[]]
[04Mar2026 15:24:17.691] [main/DEBUG] [net.neoforged.fml.loading.moddiscovery.ModFileParser/LOADING]: Considering mod file candidate /Users/caliane/.gradle/caches/modules-2/files-2.1/mekanism/Mekanism/1.21.1-10.7.18.84/9849756f8258367638df3a34261cfcc9b1a7e236/Mekanism-1.21.1-10.7.18.84-generators.jar
[04Mar2026 15:24:17.692] [main/DEBUG] [net.neoforged.fml.loading.moddiscovery.ModFileInfo/LOADING]: Found valid mod file Mekanism-1.21.1-10.7.18.84-generators.jar with {mekanismgenerators} mods - versions {10.7.18}
[04Mar2026 15:24:17.692] [main/DEBUG] [net.neoforged.fml.loading.moddiscovery.ModFile/LOADING]: Loading mod file /Users/caliane/.gradle/caches/modules-2/files-2.1/mekanism/Mekanism/1.21.1-10.7.18.84/9849756f8258367638df3a34261cfcc9b1a7e236/Mekanism-1.21.1-10.7.18.84-generators.jar with languages [LanguageSpec[languageName=javafml, acceptedVersions=[4,)]]
[04Mar2026 15:24:17.692] [main/DEBUG] [net.neoforged.fml.loading.moddiscovery.ModFileParser/LOADING]: Considering mod file candidate /Users/caliane/.gradle/caches/modules-2/files-2.1/org.appliedenergistics/appliedenergistics2/19.2.17/49c18d6a4af487957d7e5a6ad5dcbf71090b8e14/appliedenergistics2-19.2.17.jar
[04Mar2026 15:24:17.695] [main/DEBUG] [net.neoforged.fml.loading.moddiscovery.ModFileInfo/LOADING]: Found valid mod file appliedenergistics2-19.2.17.jar with {ae2} mods - versions {19.2.17}
[04Mar2026 15:24:17.695] [main/DEBUG] [net.neoforged.fml.loading.moddiscovery.ModFile/LOADING]: Loading mod file /Users/caliane/.gradle/caches/modules-2/files-2.1/org.appliedenergistics/appliedenergistics2/19.2.17/49c18d6a4af487957d7e5a6ad5dcbf71090b8e14/appliedenergistics2-19.2.17.jar with languages [LanguageSpec[languageName=javafml, acceptedVersions=[1,)]]
[04Mar2026 15:24:17.695] [main/DEBUG] [net.neoforged.fml.loading.moddiscovery.ModFile/LOADING]: Found mixin config MixinConfig[config=ae2.mixins.json, requiredMods=[]]
[04Mar2026 15:24:17.695] [main/DEBUG] [net.neoforged.fml.loading.moddiscovery.ModFileParser/LOADING]: Considering mod file candidate /Users/caliane/.gradle/caches/modules-2/files-2.1/mekanism/Mekanism/1.21.1-10.7.18.84/2c48df86350bb733e4285437e136b271a70f4cbc/Mekanism-1.21.1-10.7.18.84.jar
[04Mar2026 15:24:17.698] [main/DEBUG] [net.neoforged.fml.loading.moddiscovery.ModFileInfo/LOADING]: Found valid mod file Mekanism-1.21.1-10.7.18.84.jar with {mekanism} mods - versions {10.7.18}
[04Mar2026 15:24:17.698] [main/DEBUG] [net.neoforged.fml.loading.moddiscovery.ModFile/LOADING]: Loading mod file /Users/caliane/.gradle/caches/modules-2/files-2.1/mekanism/Mekanism/1.21.1-10.7.18.84/2c48df86350bb733e4285437e136b271a70f4cbc/Mekanism-1.21.1-10.7.18.84.jar with languages [LanguageSpec[languageName=javafml, acceptedVersions=[4,)]]
[04Mar2026 15:24:17.698] [main/DEBUG] [net.neoforged.fml.loading.moddiscovery.ModFileParser/LOADING]: Considering mod file candidate /Users/caliane/.gradle/caches/modules-2/files-2.1/vazkii.patchouli/Patchouli/1.21.1-92-NEOFORGE/f4b32d25521f898b3c1c80b88cfbd1bce30cf23b/Patchouli-1.21.1-92-NEOFORGE.jar
[04Mar2026 15:24:17.699] [main/DEBUG] [net.neoforged.fml.loading.moddiscovery.ModFileInfo/LOADING]: Found valid mod file Patchouli-1.21.1-92-NEOFORGE.jar with {patchouli} mods - versions {1.21.1-92-NEOFORGE}
[04Mar2026 15:24:17.699] [main/DEBUG] [net.neoforged.fml.loading.moddiscovery.ModFile/LOADING]: Loading mod file /Users/caliane/.gradle/caches/modules-2/files-2.1/vazkii.patchouli/Patchouli/1.21.1-92-NEOFORGE/f4b32d25521f898b3c1c80b88cfbd1bce30cf23b/Patchouli-1.21.1-92-NEOFORGE.jar with languages [LanguageSpec[languageName=javafml, acceptedVersions=[4,)]]
[04Mar2026 15:24:17.699] [main/DEBUG] [net.neoforged.fml.loading.moddiscovery.ModFile/LOADING]: Found mixin config MixinConfig[config=patchouli_xplat.mixins.json, requiredMods=[]]
[04Mar2026 15:24:17.699] [main/DEBUG] [net.neoforged.fml.loading.moddiscovery.ModFileParser/LOADING]: Considering mod file candidate /Users/caliane/Sources/nuclearcraft/.gradle/repositories/ng_dummy_ng/net/neoforged/neoforge/21.1.219/neoforge-21.1.219.jar
[04Mar2026 15:24:17.700] [main/DEBUG] [net.neoforged.fml.loading.moddiscovery.ModFileInfo/LOADING]: Found valid mod file neoforge-21.1.219.jar with {neoforge} mods - versions {21.1.219}
[04Mar2026 15:24:17.700] [main/DEBUG] [net.neoforged.fml.loading.moddiscovery.ModFile/LOADING]: Loading mod file /Users/caliane/Sources/nuclearcraft/.gradle/repositories/ng_dummy_ng/net/neoforged/neoforge/21.1.219/neoforge-21.1.219.jar with languages [LanguageSpec[languageName=javafml, acceptedVersions=[3,]]]
[04Mar2026 15:24:17.700] [main/DEBUG] [net.neoforged.fml.loading.moddiscovery.ModFile/LOADING]: Found mixin config MixinConfig[config=neoforge.mixins.json, requiredMods=[]]
[04Mar2026 15:24:17.700] [main/DEBUG] [net.neoforged.fml.loading.moddiscovery.ModFileParser/LOADING]: Considering mod file candidate /Users/caliane/Sources/nuclearcraft/build/resources/main
[04Mar2026 15:24:17.702] [main/DEBUG] [net.neoforged.fml.loading.moddiscovery.ModFileInfo/LOADING]: Found valid mod file main with {nuclearcraft} mods - versions {1.3.0}
[04Mar2026 15:24:17.702] [main/DEBUG] [net.neoforged.fml.loading.moddiscovery.ModFile/LOADING]: Loading mod file /Users/caliane/Sources/nuclearcraft/build/resources/main with languages [LanguageSpec[languageName=javafml, acceptedVersions=[4,)]]
[04Mar2026 15:24:17.702] [main/DEBUG] [net.neoforged.fml.loading.moddiscovery.ModFile/LOADING]: Found mixin config MixinConfig[config=nuclearcraft.mixins.json, requiredMods=[]]
[04Mar2026 15:24:17.702] [main/DEBUG] [net.neoforged.fml.loading.moddiscovery.ModFile/LOADING]: Loading mod file /Users/caliane/.gradle/caches/modules-2/files-2.1/io.github.llamalad7/mixinextras-neoforge/0.5.0/d734b83ce6542bb70ea31755c1595b88992dbe65/mixinextras-neoforge-0.5.0.jar with languages []
[04Mar2026 15:24:17.704] [main/DEBUG] [net.neoforged.fml.loading.moddiscovery.ModValidator/SCAN]: Found 13 mod files with 12 mods
[04Mar2026 15:24:17.705] [main/DEBUG] [cpw.mods.modlauncher.TransformationServiceDecorator/MODLAUNCHER]: End scan trigger - transformation service fml
[04Mar2026 15:24:17.722] [main/DEBUG] [net.neoforged.fml.util.ServiceLoaderUtil/CORE]: Found 3 implementations of IModLanguageLoader:
[04Mar2026 15:24:17.722] [main/DEBUG] [net.neoforged.fml.util.ServiceLoaderUtil/CORE]: 	net.neoforged.fml.javafmlmod.FMLJavaModLanguageProvider from loader-4.0.42.jar
[04Mar2026 15:24:17.722] [main/DEBUG] [net.neoforged.fml.util.ServiceLoaderUtil/CORE]: 	net.neoforged.fml.lowcodemod.LowCodeModLanguageProvider from loader-4.0.42.jar
[04Mar2026 15:24:17.722] [main/DEBUG] [net.neoforged.fml.util.ServiceLoaderUtil/CORE]: 	net.neoforged.fml.mclanguageprovider.MinecraftModLanguageProvider from loader-4.0.42.jar
[04Mar2026 15:24:17.723] [main/DEBUG] [net.neoforged.fml.loading.LanguageProviderLoader/CORE]: Found language provider javafml, version 4.0.42
[04Mar2026 15:24:17.723] [main/DEBUG] [net.neoforged.fml.loading.LanguageProviderLoader/CORE]: Found language provider lowcodefml, version 4.0.42
[04Mar2026 15:24:17.723] [main/DEBUG] [net.neoforged.fml.loading.LanguageProviderLoader/CORE]: Found language provider minecraft, version 4.0.42
[04Mar2026 15:24:17.727] [main/DEBUG] [net.neoforged.fml.loading.ModSorter/]: Configured system mods: [minecraft, neoforge]
[04Mar2026 15:24:17.727] [main/DEBUG] [net.neoforged.fml.loading.ModSorter/]: Found system mod: minecraft
[04Mar2026 15:24:17.727] [main/DEBUG] [net.neoforged.fml.loading.ModSorter/]: Found system mod: neoforge
[04Mar2026 15:24:17.728] [main/DEBUG] [net.neoforged.fml.loading.ModSorter/LOADING]: Found 27 mod requirements (17 mandatory, 10 optional)
[04Mar2026 15:24:17.731] [main/DEBUG] [net.neoforged.fml.loading.ModSorter/LOADING]: Found 0 mod requirements missing (0 mandatory, 0 optional)
[04Mar2026 15:24:17.740] [main/DEBUG] [net.neoforged.fml.loading.FMLLoader/SCAN]: Adding Access Transformer in /Users/caliane/.gradle/caches/modules-2/files-2.1/dev.emi/emi-neoforge/1.1.21+1.21.1/b142d57adbbe6dfbc44e881f33e5714556cef98f/emi-neoforge-1.1.21+1.21.1.jar
[04Mar2026 15:24:17.742] [main/DEBUG] [AXFORM/AXFORM]: Loading access transformer accesstransformer.cfg
[04Mar2026 15:24:17.809] [main/DEBUG] [AXFORM/AXFORM]: Loaded access transformer accesstransformer.cfg
[04Mar2026 15:24:17.809] [main/DEBUG] [net.neoforged.fml.loading.FMLLoader/SCAN]: Adding Access Transformer in /Users/caliane/.gradle/caches/modules-2/files-2.1/mcjty.theoneprobe/theoneprobe/1.21_neo-12.0.3-5/9af76afc4721d9c5d0af245a5b6072d6b4fc4bf5/theoneprobe-1.21_neo-12.0.3-5.jar
[04Mar2026 15:24:17.809] [main/DEBUG] [AXFORM/AXFORM]: Loading access transformer accesstransformer.cfg
[04Mar2026 15:24:17.814] [main/DEBUG] [AXFORM/AXFORM]: Loaded access transformer accesstransformer.cfg
[04Mar2026 15:24:17.815] [main/DEBUG] [net.neoforged.fml.loading.FMLLoader/SCAN]: Adding Access Transformer in /Users/caliane/.gradle/caches/modules-2/files-2.1/mekanism/Mekanism/1.21.1-10.7.18.84/2c48df86350bb733e4285437e136b271a70f4cbc/Mekanism-1.21.1-10.7.18.84.jar
[04Mar2026 15:24:17.815] [main/DEBUG] [AXFORM/AXFORM]: Loading access transformer accesstransformer.cfg
[04Mar2026 15:24:17.838] [main/DEBUG] [AXFORM/AXFORM]: Loaded access transformer accesstransformer.cfg
[04Mar2026 15:24:17.838] [main/DEBUG] [net.neoforged.fml.loading.FMLLoader/SCAN]: Adding Access Transformer in /Users/caliane/.gradle/caches/modules-2/files-2.1/org.appliedenergistics/guideme/21.1.1/175e3cd25b088777e942e860b333b10605fbc199/guideme-21.1.1.jar
[04Mar2026 15:24:17.838] [main/DEBUG] [AXFORM/AXFORM]: Loading access transformer accesstransformer.cfg
[04Mar2026 15:24:17.843] [main/DEBUG] [AXFORM/AXFORM]: Loaded access transformer accesstransformer.cfg
[04Mar2026 15:24:17.843] [main/DEBUG] [net.neoforged.fml.loading.FMLLoader/SCAN]: Adding Access Transformer in /Users/caliane/.gradle/caches/modules-2/files-2.1/dev.architectury/architectury-neoforge/13.0.8/6544bdc09e6d291e1307230fc0b7289601e164fa/architectury-neoforge-13.0.8.jar
[04Mar2026 15:24:17.843] [main/DEBUG] [AXFORM/AXFORM]: Loading access transformer accesstransformer.cfg
[04Mar2026 15:24:17.857] [main/DEBUG] [AXFORM/AXFORM]: Loaded access transformer accesstransformer.cfg
[04Mar2026 15:24:17.857] [main/DEBUG] [net.neoforged.fml.loading.FMLLoader/SCAN]: Adding Access Transformer in /Users/caliane/.gradle/caches/modules-2/files-2.1/cc.tweaked/cc-tweaked-1.21.1-forge/1.117.0/46519af82cd69f7a147da36fdcc4b3b8fb0fa4bf/cc-tweaked-1.21.1-forge-1.117.0.jar
[04Mar2026 15:24:17.857] [main/DEBUG] [AXFORM/AXFORM]: Loading access transformer accesstransformer.cfg
[04Mar2026 15:24:17.860] [main/DEBUG] [AXFORM/AXFORM]: Loaded access transformer accesstransformer.cfg
[04Mar2026 15:24:17.861] [main/DEBUG] [net.neoforged.fml.loading.FMLLoader/SCAN]: Adding Access Transformer in /Users/caliane/Sources/nuclearcraft/.gradle/repositories/ng_dummy_ng/net/neoforged/neoforge/21.1.219/neoforge-21.1.219.jar
[04Mar2026 15:24:17.862] [main/DEBUG] [AXFORM/AXFORM]: Loading access transformer accesstransformer.cfg
[04Mar2026 15:24:17.875] [main/DEBUG] [AXFORM/AXFORM]: Loaded access transformer accesstransformer.cfg
[04Mar2026 15:24:17.875] [main/DEBUG] [net.neoforged.fml.loading.FMLLoader/SCAN]: Adding Access Transformer in /Users/caliane/Sources/nuclearcraft/build/resources/main
[04Mar2026 15:24:17.876] [main/DEBUG] [AXFORM/AXFORM]: Loading access transformer accesstransformer.cfg
[04Mar2026 15:24:17.878] [main/DEBUG] [AXFORM/AXFORM]: Loaded access transformer accesstransformer.cfg
[04Mar2026 15:24:17.878] [main/DEBUG] [net.neoforged.fml.loading.FMLLoader/SCAN]: Adding Access Transformer in /Users/caliane/.gradle/caches/modules-2/files-2.1/org.appliedenergistics/appliedenergistics2/19.2.17/49c18d6a4af487957d7e5a6ad5dcbf71090b8e14/appliedenergistics2-19.2.17.jar
[04Mar2026 15:24:17.878] [main/DEBUG] [AXFORM/AXFORM]: Loading access transformer accesstransformer.cfg
[04Mar2026 15:24:17.881] [main/DEBUG] [AXFORM/AXFORM]: Loaded access transformer accesstransformer.cfg
[04Mar2026 15:24:17.883] [main/DEBUG] [mixin/]: Adding mixin platform agents for container net.neoforged.fml.loading.mixin.FMLMixinContainerHandle@56303475
[04Mar2026 15:24:17.883] [main/DEBUG] [mixin/]: Instancing new MixinPlatformAgentMinecraftForge for net.neoforged.fml.loading.mixin.FMLMixinContainerHandle@56303475
[04Mar2026 15:24:17.883] [main/DEBUG] [mixin/]: MixinPlatformAgentMinecraftForge rejected container net.neoforged.fml.loading.mixin.FMLMixinContainerHandle@56303475
[04Mar2026 15:24:17.883] [main/DEBUG] [mixin/]: Instancing new MixinPlatformAgentDefault for net.neoforged.fml.loading.mixin.FMLMixinContainerHandle@56303475
[04Mar2026 15:24:17.883] [main/DEBUG] [mixin/]: MixinPlatformAgentDefault accepted container net.neoforged.fml.loading.mixin.FMLMixinContainerHandle@56303475
[04Mar2026 15:24:17.883] [main/DEBUG] [mixin/]: Instancing new FMLMixinPlatformAgent for net.neoforged.fml.loading.mixin.FMLMixinContainerHandle@56303475
[04Mar2026 15:24:17.884] [main/DEBUG] [mixin/]: FMLMixinPlatformAgent accepted container net.neoforged.fml.loading.mixin.FMLMixinContainerHandle@56303475
[04Mar2026 15:24:17.894] [main/DEBUG] [cpw.mods.modlauncher.TransformationServicesHandler/MODLAUNCHER]: Transformation services loading transformers
[04Mar2026 15:24:17.895] [main/DEBUG] [cpw.mods.modlauncher.TransformationServiceDecorator/MODLAUNCHER]: Initializing transformers for transformation service mixin
[04Mar2026 15:24:17.897] [main/DEBUG] [cpw.mods.modlauncher.TransformationServiceDecorator/MODLAUNCHER]: Initialized transformers for transformation service mixin
[04Mar2026 15:24:17.897] [main/DEBUG] [cpw.mods.modlauncher.TransformationServiceDecorator/MODLAUNCHER]: Initializing transformers for transformation service fml
[04Mar2026 15:24:17.897] [main/DEBUG] [net.neoforged.fml.loading.FMLServiceProvider/LOADING]: Loading coremod transformers
[04Mar2026 15:24:17.898] [main/DEBUG] [net.neoforged.fml.loading.FMLServiceProvider/CORE]: Not loading coremod script-engine since no mod requested it
[04Mar2026 15:24:17.899] [main/DEBUG] [net.neoforged.fml.util.ServiceLoaderUtil/CORE]: Found 1 implementations of ICoreMod:
[04Mar2026 15:24:17.900] [main/DEBUG] [net.neoforged.fml.util.ServiceLoaderUtil/CORE]: 	net.neoforged.neoforge.coremods.NeoForgeCoreMod from neoforge-21.1.219.jar > net.neoforged.neoforge-coremods-21.1.219.jar
[04Mar2026 15:24:17.910] [main/DEBUG] [net.neoforged.fml.loading.FMLServiceProvider/CORE]: Adding [Target[className=net.minecraft.world.level.biome.Biome, elementName=, elementDescriptor=, targetType=cpw.mods.modlauncher.api.TargetType@7f36662c]] transformer from core-mod net.neoforged.neoforge.coremods.NeoForgeCoreMod@59429fac in neoforge-21.1.219.jar > net.neoforged.neoforge-coremods-21.1.219.jar
[04Mar2026 15:24:17.910] [main/DEBUG] [net.neoforged.fml.loading.FMLServiceProvider/CORE]: Adding [Target[className=net.minecraft.world.level.levelgen.structure.Structure, elementName=, elementDescriptor=, targetType=cpw.mods.modlauncher.api.TargetType@7f36662c]] transformer from core-mod net.neoforged.neoforge.coremods.NeoForgeCoreMod@59429fac in neoforge-21.1.219.jar > net.neoforged.neoforge-coremods-21.1.219.jar
[04Mar2026 15:24:17.910] [main/DEBUG] [net.neoforged.fml.loading.FMLServiceProvider/CORE]: Adding [Target[className=net.minecraft.world.level.block.FlowerPotBlock, elementName=, elementDescriptor=, targetType=cpw.mods.modlauncher.api.TargetType@7f36662c]] transformer from core-mod net.neoforged.neoforge.coremods.NeoForgeCoreMod@59429fac in neoforge-21.1.219.jar > net.neoforged.neoforge-coremods-21.1.219.jar
[04Mar2026 15:24:17.910] [main/DEBUG] [net.neoforged.fml.loading.FMLServiceProvider/CORE]: Adding [Target[className=net/minecraft/world/level/levelgen/PhantomSpawner, elementName=, elementDescriptor=, targetType=cpw.mods.modlauncher.api.TargetType@7f36662c], Target[className=net/minecraft/server/commands/SummonCommand, elementName=, elementDescriptor=, targetType=cpw.mods.modlauncher.api.TargetType@7f36662c], Target[className=net/minecraft/world/entity/monster/Zombie, elementName=, elementDescriptor=, targetType=cpw.mods.modlauncher.api.TargetType@7f36662c], Target[className=net/minecraft/world/entity/monster/Spider, elementName=, elementDescriptor=, targetType=cpw.mods.modlauncher.api.TargetType@7f36662c], Target[className=net/minecraft/world/entity/npc/CatSpawner, elementName=, elementDescriptor=, targetType=cpw.mods.modlauncher.api.TargetType@7f36662c], Target[className=net/minecraft/world/entity/npc/Villager, elementName=, elementDescriptor=, targetType=cpw.mods.modlauncher.api.TargetType@7f36662c], Target[className=net/minecraft/world/level/levelgen/structure/structures/OceanRuinPieces$OceanRuinPiece, elementName=, elementDescriptor=, targetType=cpw.mods.modlauncher.api.TargetType@7f36662c], Target[className=net/minecraft/world/level/levelgen/structure/structures/WoodlandMansionPieces$WoodlandMansionPiece, elementName=, elementDescriptor=, targetType=cpw.mods.modlauncher.api.TargetType@7f36662c], Target[className=net/minecraft/world/entity/raid/Raid, elementName=, elementDescriptor=, targetType=cpw.mods.modlauncher.api.TargetType@7f36662c], Target[className=net/minecraft/world/level/NaturalSpawner, elementName=, elementDescriptor=, targetType=cpw.mods.modlauncher.api.TargetType@7f36662c], Target[className=net/minecraft/world/level/levelgen/structure/structures/OceanMonumentPieces$OceanMonumentPiece, elementName=, elementDescriptor=, targetType=cpw.mods.modlauncher.api.TargetType@7f36662c], Target[className=net/minecraft/world/entity/monster/ZombieVillager, elementName=, elementDescriptor=, targetType=cpw.mods.modlauncher.api.TargetType@7f36662c], Target[className=net/minecraft/world/level/levelgen/PatrolSpawner, elementName=, elementDescriptor=, targetType=cpw.mods.modlauncher.api.TargetType@7f36662c], Target[className=net/minecraft/server/commands/RaidCommand, elementName=, elementDescriptor=, targetType=cpw.mods.modlauncher.api.TargetType@7f36662c], Target[className=net/minecraft/world/entity/animal/frog/Tadpole, elementName=, elementDescriptor=, targetType=cpw.mods.modlauncher.api.TargetType@7f36662c], Target[className=net/minecraft/world/level/levelgen/structure/structures/SwampHutPiece, elementName=, elementDescriptor=, targetType=cpw.mods.modlauncher.api.TargetType@7f36662c], Target[className=net/minecraft/world/entity/animal/horse/SkeletonTrapGoal, elementName=, elementDescriptor=, targetType=cpw.mods.modlauncher.api.TargetType@7f36662c], Target[className=net/minecraft/world/level/levelgen/structure/templatesystem/StructureTemplate, elementName=, elementDescriptor=, targetType=cpw.mods.modlauncher.api.TargetType@7f36662c], Target[className=net/minecraft/world/entity/EntityType, elementName=, elementDescriptor=, targetType=cpw.mods.modlauncher.api.TargetType@7f36662c], Target[className=net/minecraft/world/entity/monster/Evoker$EvokerSummonSpellGoal, elementName=, elementDescriptor=, targetType=cpw.mods.modlauncher.api.TargetType@7f36662c], Target[className=net/minecraft/world/entity/monster/Strider, elementName=, elementDescriptor=, targetType=cpw.mods.modlauncher.api.TargetType@7f36662c], Target[className=net/minecraft/world/entity/ai/village/VillageSiege, elementName=, elementDescriptor=, targetType=cpw.mods.modlauncher.api.TargetType@7f36662c]] transformer from core-mod net.neoforged.neoforge.coremods.NeoForgeCoreMod@59429fac in neoforge-21.1.219.jar > net.neoforged.neoforge-coremods-21.1.219.jar
[04Mar2026 15:24:17.926] [main/DEBUG] [cpw.mods.modlauncher.TransformStore/MODLAUNCHER]: Adding transformer net.neoforged.neoforge.coremods.ReplaceFieldWithGetterAccess@5af97169 to Target : cpw.mods.modlauncher.api.TargetType@7f36662c {Lnet/minecraft/world/level/biome/Biome;} {} {V}
[04Mar2026 15:24:17.929] [main/DEBUG] [cpw.mods.modlauncher.TransformStore/MODLAUNCHER]: Adding transformer net.neoforged.neoforge.coremods.ReplaceFieldWithGetterAccess@48c3205a to Target : cpw.mods.modlauncher.api.TargetType@7f36662c {Lnet/minecraft/world/level/levelgen/structure/Structure;} {} {V}
[04Mar2026 15:24:17.929] [main/DEBUG] [cpw.mods.modlauncher.TransformStore/MODLAUNCHER]: Adding transformer net.neoforged.neoforge.coremods.ReplaceFieldWithGetterAccess@121c54fa to Target : cpw.mods.modlauncher.api.TargetType@7f36662c {Lnet/minecraft/world/level/block/FlowerPotBlock;} {} {V}
[04Mar2026 15:24:17.929] [main/DEBUG] [cpw.mods.modlauncher.TransformStore/MODLAUNCHER]: Adding transformer net.neoforged.neoforge.coremods.MethodRedirector@4390f46e to Target : cpw.mods.modlauncher.api.TargetType@7f36662c {Lnet/minecraft/world/level/levelgen/PhantomSpawner;} {} {V}
[04Mar2026 15:24:17.930] [main/DEBUG] [cpw.mods.modlauncher.TransformStore/MODLAUNCHER]: Adding transformer net.neoforged.neoforge.coremods.MethodRedirector@4390f46e to Target : cpw.mods.modlauncher.api.TargetType@7f36662c {Lnet/minecraft/server/commands/SummonCommand;} {} {V}
[04Mar2026 15:24:17.930] [main/DEBUG] [cpw.mods.modlauncher.TransformStore/MODLAUNCHER]: Adding transformer net.neoforged.neoforge.coremods.MethodRedirector@4390f46e to Target : cpw.mods.modlauncher.api.TargetType@7f36662c {Lnet/minecraft/world/entity/monster/Zombie;} {} {V}
[04Mar2026 15:24:17.930] [main/DEBUG] [cpw.mods.modlauncher.TransformStore/MODLAUNCHER]: Adding transformer net.neoforged.neoforge.coremods.MethodRedirector@4390f46e to Target : cpw.mods.modlauncher.api.TargetType@7f36662c {Lnet/minecraft/world/entity/monster/Spider;} {} {V}
[04Mar2026 15:24:17.930] [main/DEBUG] [cpw.mods.modlauncher.TransformStore/MODLAUNCHER]: Adding transformer net.neoforged.neoforge.coremods.MethodRedirector@4390f46e to Target : cpw.mods.modlauncher.api.TargetType@7f36662c {Lnet/minecraft/world/entity/npc/CatSpawner;} {} {V}
[04Mar2026 15:24:17.930] [main/DEBUG] [cpw.mods.modlauncher.TransformStore/MODLAUNCHER]: Adding transformer net.neoforged.neoforge.coremods.MethodRedirector@4390f46e to Target : cpw.mods.modlauncher.api.TargetType@7f36662c {Lnet/minecraft/world/entity/npc/Villager;} {} {V}
[04Mar2026 15:24:17.930] [main/DEBUG] [cpw.mods.modlauncher.TransformStore/MODLAUNCHER]: Adding transformer net.neoforged.neoforge.coremods.MethodRedirector@4390f46e to Target : cpw.mods.modlauncher.api.TargetType@7f36662c {Lnet/minecraft/world/level/levelgen/structure/structures/OceanRuinPieces$OceanRuinPiece;} {} {V}
[04Mar2026 15:24:17.930] [main/DEBUG] [cpw.mods.modlauncher.TransformStore/MODLAUNCHER]: Adding transformer net.neoforged.neoforge.coremods.MethodRedirector@4390f46e to Target : cpw.mods.modlauncher.api.TargetType@7f36662c {Lnet/minecraft/world/level/levelgen/structure/structures/WoodlandMansionPieces$WoodlandMansionPiece;} {} {V}
[04Mar2026 15:24:17.930] [main/DEBUG] [cpw.mods.modlauncher.TransformStore/MODLAUNCHER]: Adding transformer net.neoforged.neoforge.coremods.MethodRedirector@4390f46e to Target : cpw.mods.modlauncher.api.TargetType@7f36662c {Lnet/minecraft/world/entity/raid/Raid;} {} {V}
[04Mar2026 15:24:17.930] [main/DEBUG] [cpw.mods.modlauncher.TransformStore/MODLAUNCHER]: Adding transformer net.neoforged.neoforge.coremods.MethodRedirector@4390f46e to Target : cpw.mods.modlauncher.api.TargetType@7f36662c {Lnet/minecraft/world/level/NaturalSpawner;} {} {V}
[04Mar2026 15:24:17.930] [main/DEBUG] [cpw.mods.modlauncher.TransformStore/MODLAUNCHER]: Adding transformer net.neoforged.neoforge.coremods.MethodRedirector@4390f46e to Target : cpw.mods.modlauncher.api.TargetType@7f36662c {Lnet/minecraft/world/level/levelgen/structure/structures/OceanMonumentPieces$OceanMonumentPiece;} {} {V}
[04Mar2026 15:24:17.930] [main/DEBUG] [cpw.mods.modlauncher.TransformStore/MODLAUNCHER]: Adding transformer net.neoforged.neoforge.coremods.MethodRedirector@4390f46e to Target : cpw.mods.modlauncher.api.TargetType@7f36662c {Lnet/minecraft/world/entity/monster/ZombieVillager;} {} {V}
[04Mar2026 15:24:17.931] [main/DEBUG] [cpw.mods.modlauncher.TransformStore/MODLAUNCHER]: Adding transformer net.neoforged.neoforge.coremods.MethodRedirector@4390f46e to Target : cpw.mods.modlauncher.api.TargetType@7f36662c {Lnet/minecraft/world/level/levelgen/PatrolSpawner;} {} {V}
[04Mar2026 15:24:17.931] [main/DEBUG] [cpw.mods.modlauncher.TransformStore/MODLAUNCHER]: Adding transformer net.neoforged.neoforge.coremods.MethodRedirector@4390f46e to Target : cpw.mods.modlauncher.api.TargetType@7f36662c {Lnet/minecraft/server/commands/RaidCommand;} {} {V}
[04Mar2026 15:24:17.931] [main/DEBUG] [cpw.mods.modlauncher.TransformStore/MODLAUNCHER]: Adding transformer net.neoforged.neoforge.coremods.MethodRedirector@4390f46e to Target : cpw.mods.modlauncher.api.TargetType@7f36662c {Lnet/minecraft/world/entity/animal/frog/Tadpole;} {} {V}
[04Mar2026 15:24:17.931] [main/DEBUG] [cpw.mods.modlauncher.TransformStore/MODLAUNCHER]: Adding transformer net.neoforged.neoforge.coremods.MethodRedirector@4390f46e to Target : cpw.mods.modlauncher.api.TargetType@7f36662c {Lnet/minecraft/world/level/levelgen/structure/structures/SwampHutPiece;} {} {V}
[04Mar2026 15:24:17.931] [main/DEBUG] [cpw.mods.modlauncher.TransformStore/MODLAUNCHER]: Adding transformer net.neoforged.neoforge.coremods.MethodRedirector@4390f46e to Target : cpw.mods.modlauncher.api.TargetType@7f36662c {Lnet/minecraft/world/entity/animal/horse/SkeletonTrapGoal;} {} {V}
[04Mar2026 15:24:17.931] [main/DEBUG] [cpw.mods.modlauncher.TransformStore/MODLAUNCHER]: Adding transformer net.neoforged.neoforge.coremods.MethodRedirector@4390f46e to Target : cpw.mods.modlauncher.api.TargetType@7f36662c {Lnet/minecraft/world/level/levelgen/structure/templatesystem/StructureTemplate;} {} {V}
[04Mar2026 15:24:17.931] [main/DEBUG] [cpw.mods.modlauncher.TransformStore/MODLAUNCHER]: Adding transformer net.neoforged.neoforge.coremods.MethodRedirector@4390f46e to Target : cpw.mods.modlauncher.api.TargetType@7f36662c {Lnet/minecraft/world/entity/EntityType;} {} {V}
[04Mar2026 15:24:17.931] [main/DEBUG] [cpw.mods.modlauncher.TransformStore/MODLAUNCHER]: Adding transformer net.neoforged.neoforge.coremods.MethodRedirector@4390f46e to Target : cpw.mods.modlauncher.api.TargetType@7f36662c {Lnet/minecraft/world/entity/monster/Evoker$EvokerSummonSpellGoal;} {} {V}
[04Mar2026 15:24:17.932] [main/DEBUG] [cpw.mods.modlauncher.TransformStore/MODLAUNCHER]: Adding transformer net.neoforged.neoforge.coremods.MethodRedirector@4390f46e to Target : cpw.mods.modlauncher.api.TargetType@7f36662c {Lnet/minecraft/world/entity/monster/Strider;} {} {V}
[04Mar2026 15:24:17.932] [main/DEBUG] [cpw.mods.modlauncher.TransformStore/MODLAUNCHER]: Adding transformer net.neoforged.neoforge.coremods.MethodRedirector@4390f46e to Target : cpw.mods.modlauncher.api.TargetType@7f36662c {Lnet/minecraft/world/entity/ai/village/VillageSiege;} {} {V}
[04Mar2026 15:24:17.932] [main/DEBUG] [cpw.mods.modlauncher.TransformationServiceDecorator/MODLAUNCHER]: Initialized transformers for transformation service fml
[04Mar2026 15:24:18.087] [main/DEBUG] [mixin/]: Processing prepare() for PlatformAgent[MixinPlatformAgentDefault:ModLauncher Root Container(ModLauncher:4f56a0a2)]
[04Mar2026 15:24:18.087] [main/DEBUG] [mixin/]: Processing prepare() for PlatformAgent[MixinPlatformAgentDefault:net.neoforged.fml.loading.mixin.FMLMixinContainerHandle@56303475]
[04Mar2026 15:24:18.087] [main/DEBUG] [mixin/]: Processing prepare() for PlatformAgent[FMLMixinPlatformAgent:null]
[04Mar2026 15:24:18.116] [main/DEBUG] [mixin/]: Compatibility level JAVA_17 specified by emi.mixins.json is higher than the maximum level supported by this version of mixin (JAVA_13).
[04Mar2026 15:24:18.120] [main/INFO] [mixin/]: Compatibility level set to JAVA_17
[04Mar2026 15:24:18.123] [main/DEBUG] [mixin/]: Compatibility level JAVA_21 specified by patchouli_xplat.mixins.json is higher than the maximum level supported by this version of mixin (JAVA_13).
[04Mar2026 15:24:18.123] [main/INFO] [mixin/]: Compatibility level set to JAVA_21
[04Mar2026 15:24:18.124] [main/DEBUG] [mixin/]: Compatibility level JAVA_16 specified by architectury.mixins.json is higher than the maximum level supported by this version of mixin (JAVA_13).
[04Mar2026 15:24:18.125] [main/DEBUG] [mixin/]: Compatibility level JAVA_16 specified by architectury-common.mixins.json is higher than the maximum level supported by this version of mixin (JAVA_13).
[04Mar2026 15:24:18.134] [main/DEBUG] [mixin/]: Compatibility level JAVA_11 specified by ae2.mixins.json is lower than the default level supported by the current mixin service (JAVA_16).
[04Mar2026 15:24:18.135] [main/DEBUG] [mixin/]: Processing launch tasks for PlatformAgent[MixinPlatformAgentDefault:ModLauncher Root Container(ModLauncher:4f56a0a2)]
[04Mar2026 15:24:18.136] [main/DEBUG] [mixin/]: Adding mixin platform agents for container SecureJarResource(mixin_synthetic)
[04Mar2026 15:24:18.136] [main/DEBUG] [mixin/]: Instancing new MixinPlatformAgentMinecraftForge for SecureJarResource(mixin_synthetic)
[04Mar2026 15:24:18.136] [main/DEBUG] [mixin/]: MixinPlatformAgentMinecraftForge rejected container SecureJarResource(mixin_synthetic)
[04Mar2026 15:24:18.136] [main/DEBUG] [mixin/]: Instancing new MixinPlatformAgentDefault for SecureJarResource(mixin_synthetic)
[04Mar2026 15:24:18.136] [main/DEBUG] [mixin/]: MixinPlatformAgentDefault accepted container SecureJarResource(mixin_synthetic)
[04Mar2026 15:24:18.136] [main/DEBUG] [mixin/]: Instancing new FMLMixinPlatformAgent for SecureJarResource(mixin_synthetic)
[04Mar2026 15:24:18.136] [main/DEBUG] [mixin/]: FMLMixinPlatformAgent rejected container SecureJarResource(mixin_synthetic)
[04Mar2026 15:24:18.136] [main/DEBUG] [mixin/]: Processing prepare() for PlatformAgent[MixinPlatformAgentDefault:SecureJarResource(mixin_synthetic)]
[04Mar2026 15:24:18.136] [main/DEBUG] [mixin/]: Adding mixin platform agents for container SecureJarResource(emi)
[04Mar2026 15:24:18.136] [main/DEBUG] [mixin/]: Instancing new MixinPlatformAgentMinecraftForge for SecureJarResource(emi)
[04Mar2026 15:24:18.136] [main/DEBUG] [mixin/]: MixinPlatformAgentMinecraftForge rejected container SecureJarResource(emi)
[04Mar2026 15:24:18.136] [main/DEBUG] [mixin/]: Instancing new MixinPlatformAgentDefault for SecureJarResource(emi)
[04Mar2026 15:24:18.136] [main/DEBUG] [mixin/]: MixinPlatformAgentDefault accepted container SecureJarResource(emi)
[04Mar2026 15:24:18.136] [main/DEBUG] [mixin/]: Instancing new FMLMixinPlatformAgent for SecureJarResource(emi)
[04Mar2026 15:24:18.136] [main/DEBUG] [mixin/]: FMLMixinPlatformAgent rejected container SecureJarResource(emi)
[04Mar2026 15:24:18.136] [main/DEBUG] [mixin/]: Processing prepare() for PlatformAgent[MixinPlatformAgentDefault:SecureJarResource(emi)]
[04Mar2026 15:24:18.136] [main/DEBUG] [mixin/]: Adding mixin platform agents for container SecureJarResource(minecraft)
[04Mar2026 15:24:18.136] [main/DEBUG] [mixin/]: Instancing new MixinPlatformAgentMinecraftForge for SecureJarResource(minecraft)
[04Mar2026 15:24:18.136] [main/DEBUG] [mixin/]: MixinPlatformAgentMinecraftForge rejected container SecureJarResource(minecraft)
[04Mar2026 15:24:18.136] [main/DEBUG] [mixin/]: Instancing new MixinPlatformAgentDefault for SecureJarResource(minecraft)
[04Mar2026 15:24:18.136] [main/DEBUG] [mixin/]: MixinPlatformAgentDefault accepted container SecureJarResource(minecraft)
[04Mar2026 15:24:18.136] [main/DEBUG] [mixin/]: Instancing new FMLMixinPlatformAgent for SecureJarResource(minecraft)
[04Mar2026 15:24:18.136] [main/DEBUG] [mixin/]: FMLMixinPlatformAgent rejected container SecureJarResource(minecraft)
[04Mar2026 15:24:18.136] [main/DEBUG] [mixin/]: Processing prepare() for PlatformAgent[MixinPlatformAgentDefault:SecureJarResource(minecraft)]
[04Mar2026 15:24:18.136] [main/DEBUG] [mixin/]: Adding mixin platform agents for container SecureJarResource(theoneprobe)
[04Mar2026 15:24:18.136] [main/DEBUG] [mixin/]: Instancing new MixinPlatformAgentMinecraftForge for SecureJarResource(theoneprobe)
[04Mar2026 15:24:18.136] [main/DEBUG] [mixin/]: MixinPlatformAgentMinecraftForge rejected container SecureJarResource(theoneprobe)
[04Mar2026 15:24:18.136] [main/DEBUG] [mixin/]: Instancing new MixinPlatformAgentDefault for SecureJarResource(theoneprobe)
[04Mar2026 15:24:18.136] [main/DEBUG] [mixin/]: MixinPlatformAgentDefault accepted container SecureJarResource(theoneprobe)
[04Mar2026 15:24:18.136] [main/DEBUG] [mixin/]: Instancing new FMLMixinPlatformAgent for SecureJarResource(theoneprobe)
[04Mar2026 15:24:18.136] [main/DEBUG] [mixin/]: FMLMixinPlatformAgent rejected container SecureJarResource(theoneprobe)
[04Mar2026 15:24:18.136] [main/DEBUG] [mixin/]: Processing prepare() for PlatformAgent[MixinPlatformAgentDefault:SecureJarResource(theoneprobe)]
[04Mar2026 15:24:18.136] [main/DEBUG] [mixin/]: Adding mixin platform agents for container SecureJarResource(mekanism)
[04Mar2026 15:24:18.136] [main/DEBUG] [mixin/]: Instancing new MixinPlatformAgentMinecraftForge for SecureJarResource(mekanism)
[04Mar2026 15:24:18.136] [main/DEBUG] [mixin/]: MixinPlatformAgentMinecraftForge rejected container SecureJarResource(mekanism)
[04Mar2026 15:24:18.136] [main/DEBUG] [mixin/]: Instancing new MixinPlatformAgentDefault for SecureJarResource(mekanism)
[04Mar2026 15:24:18.136] [main/DEBUG] [mixin/]: MixinPlatformAgentDefault accepted container SecureJarResource(mekanism)
[04Mar2026 15:24:18.136] [main/DEBUG] [mixin/]: Instancing new FMLMixinPlatformAgent for SecureJarResource(mekanism)
[04Mar2026 15:24:18.136] [main/DEBUG] [mixin/]: FMLMixinPlatformAgent rejected container SecureJarResource(mekanism)
[04Mar2026 15:24:18.136] [main/DEBUG] [mixin/]: Processing prepare() for PlatformAgent[MixinPlatformAgentDefault:SecureJarResource(mekanism)]
[04Mar2026 15:24:18.136] [main/DEBUG] [mixin/]: Adding mixin platform agents for container SecureJarResource(patchouli)
[04Mar2026 15:24:18.137] [main/DEBUG] [mixin/]: Instancing new MixinPlatformAgentMinecraftForge for SecureJarResource(patchouli)
[04Mar2026 15:24:18.137] [main/DEBUG] [mixin/]: MixinPlatformAgentMinecraftForge rejected container SecureJarResource(patchouli)
[04Mar2026 15:24:18.137] [main/DEBUG] [mixin/]: Instancing new MixinPlatformAgentDefault for SecureJarResource(patchouli)
[04Mar2026 15:24:18.137] [main/DEBUG] [mixin/]: MixinPlatformAgentDefault accepted container SecureJarResource(patchouli)
[04Mar2026 15:24:18.137] [main/DEBUG] [mixin/]: Instancing new FMLMixinPlatformAgent for SecureJarResource(patchouli)
[04Mar2026 15:24:18.137] [main/DEBUG] [mixin/]: FMLMixinPlatformAgent rejected container SecureJarResource(patchouli)
[04Mar2026 15:24:18.137] [main/DEBUG] [mixin/]: Processing prepare() for PlatformAgent[MixinPlatformAgentDefault:SecureJarResource(patchouli)]
[04Mar2026 15:24:18.137] [main/DEBUG] [mixin/]: Adding mixin platform agents for container SecureJarResource(guideme)
[04Mar2026 15:24:18.137] [main/DEBUG] [mixin/]: Instancing new MixinPlatformAgentMinecraftForge for SecureJarResource(guideme)
[04Mar2026 15:24:18.137] [main/DEBUG] [mixin/]: MixinPlatformAgentMinecraftForge rejected container SecureJarResource(guideme)
[04Mar2026 15:24:18.137] [main/DEBUG] [mixin/]: Instancing new MixinPlatformAgentDefault for SecureJarResource(guideme)
[04Mar2026 15:24:18.138] [main/DEBUG] [mixin/]: MixinPlatformAgentDefault accepted container SecureJarResource(guideme)
[04Mar2026 15:24:18.138] [main/DEBUG] [mixin/]: Instancing new FMLMixinPlatformAgent for SecureJarResource(guideme)
[04Mar2026 15:24:18.138] [main/DEBUG] [mixin/]: FMLMixinPlatformAgent rejected container SecureJarResource(guideme)
[04Mar2026 15:24:18.138] [main/DEBUG] [mixin/]: Processing prepare() for PlatformAgent[MixinPlatformAgentDefault:SecureJarResource(guideme)]
[04Mar2026 15:24:18.138] [main/DEBUG] [mixin/]: Adding mixin platform agents for container SecureJarResource(architectury)
[04Mar2026 15:24:18.138] [main/DEBUG] [mixin/]: Instancing new MixinPlatformAgentMinecraftForge for SecureJarResource(architectury)
[04Mar2026 15:24:18.138] [main/DEBUG] [mixin/]: MixinPlatformAgentMinecraftForge rejected container SecureJarResource(architectury)
[04Mar2026 15:24:18.138] [main/DEBUG] [mixin/]: Instancing new MixinPlatformAgentDefault for SecureJarResource(architectury)
[04Mar2026 15:24:18.138] [main/DEBUG] [mixin/]: MixinPlatformAgentDefault accepted container SecureJarResource(architectury)
[04Mar2026 15:24:18.138] [main/DEBUG] [mixin/]: Instancing new FMLMixinPlatformAgent for SecureJarResource(architectury)
[04Mar2026 15:24:18.138] [main/DEBUG] [mixin/]: FMLMixinPlatformAgent rejected container SecureJarResource(architectury)
[04Mar2026 15:24:18.138] [main/DEBUG] [mixin/]: Processing prepare() for PlatformAgent[MixinPlatformAgentDefault:SecureJarResource(architectury)]
[04Mar2026 15:24:18.138] [main/DEBUG] [mixin/]: Adding mixin platform agents for container SecureJarResource(computercraft)
[04Mar2026 15:24:18.138] [main/DEBUG] [mixin/]: Instancing new MixinPlatformAgentMinecraftForge for SecureJarResource(computercraft)
[04Mar2026 15:24:18.138] [main/DEBUG] [mixin/]: MixinPlatformAgentMinecraftForge rejected container SecureJarResource(computercraft)
[04Mar2026 15:24:18.138] [main/DEBUG] [mixin/]: Instancing new MixinPlatformAgentDefault for SecureJarResource(computercraft)
[04Mar2026 15:24:18.138] [main/DEBUG] [mixin/]: MixinPlatformAgentDefault accepted container SecureJarResource(computercraft)
[04Mar2026 15:24:18.138] [main/DEBUG] [mixin/]: Instancing new FMLMixinPlatformAgent for SecureJarResource(computercraft)
[04Mar2026 15:24:18.138] [main/DEBUG] [mixin/]: FMLMixinPlatformAgent rejected container SecureJarResource(computercraft)
[04Mar2026 15:24:18.138] [main/DEBUG] [mixin/]: Processing prepare() for PlatformAgent[MixinPlatformAgentDefault:SecureJarResource(computercraft)]
[04Mar2026 15:24:18.138] [main/DEBUG] [mixin/]: Adding mixin platform agents for container SecureJarResource(nuclearcraft)
[04Mar2026 15:24:18.138] [main/DEBUG] [mixin/]: Instancing new MixinPlatformAgentMinecraftForge for SecureJarResource(nuclearcraft)
[04Mar2026 15:24:18.138] [main/DEBUG] [mixin/]: MixinPlatformAgentMinecraftForge rejected container SecureJarResource(nuclearcraft)
[04Mar2026 15:24:18.138] [main/DEBUG] [mixin/]: Instancing new MixinPlatformAgentDefault for SecureJarResource(nuclearcraft)
[04Mar2026 15:24:18.138] [main/DEBUG] [mixin/]: MixinPlatformAgentDefault accepted container SecureJarResource(nuclearcraft)
[04Mar2026 15:24:18.138] [main/DEBUG] [mixin/]: Instancing new FMLMixinPlatformAgent for SecureJarResource(nuclearcraft)
[04Mar2026 15:24:18.138] [main/DEBUG] [mixin/]: FMLMixinPlatformAgent rejected container SecureJarResource(nuclearcraft)
[04Mar2026 15:24:18.138] [main/DEBUG] [mixin/]: Processing prepare() for PlatformAgent[MixinPlatformAgentDefault:SecureJarResource(nuclearcraft)]
[04Mar2026 15:24:18.138] [main/DEBUG] [mixin/]: Adding mixin platform agents for container SecureJarResource(mekanismgenerators)
[04Mar2026 15:24:18.138] [main/DEBUG] [mixin/]: Instancing new MixinPlatformAgentMinecraftForge for SecureJarResource(mekanismgenerators)
[04Mar2026 15:24:18.138] [main/DEBUG] [mixin/]: MixinPlatformAgentMinecraftForge rejected container SecureJarResource(mekanismgenerators)
[04Mar2026 15:24:18.138] [main/DEBUG] [mixin/]: Instancing new MixinPlatformAgentDefault for SecureJarResource(mekanismgenerators)
[04Mar2026 15:24:18.138] [main/DEBUG] [mixin/]: MixinPlatformAgentDefault accepted container SecureJarResource(mekanismgenerators)
[04Mar2026 15:24:18.138] [main/DEBUG] [mixin/]: Instancing new FMLMixinPlatformAgent for SecureJarResource(mekanismgenerators)
[04Mar2026 15:24:18.138] [main/DEBUG] [mixin/]: FMLMixinPlatformAgent rejected container SecureJarResource(mekanismgenerators)
[04Mar2026 15:24:18.138] [main/DEBUG] [mixin/]: Processing prepare() for PlatformAgent[MixinPlatformAgentDefault:SecureJarResource(mekanismgenerators)]
[04Mar2026 15:24:18.138] [main/DEBUG] [mixin/]: Adding mixin platform agents for container SecureJarResource(ae2)
[04Mar2026 15:24:18.138] [main/DEBUG] [mixin/]: Instancing new MixinPlatformAgentMinecraftForge for SecureJarResource(ae2)
[04Mar2026 15:24:18.138] [main/DEBUG] [mixin/]: MixinPlatformAgentMinecraftForge rejected container SecureJarResource(ae2)
[04Mar2026 15:24:18.138] [main/DEBUG] [mixin/]: Instancing new MixinPlatformAgentDefault for SecureJarResource(ae2)
[04Mar2026 15:24:18.138] [main/DEBUG] [mixin/]: MixinPlatformAgentDefault accepted container SecureJarResource(ae2)
[04Mar2026 15:24:18.138] [main/DEBUG] [mixin/]: Instancing new FMLMixinPlatformAgent for SecureJarResource(ae2)
[04Mar2026 15:24:18.138] [main/DEBUG] [mixin/]: FMLMixinPlatformAgent rejected container SecureJarResource(ae2)
[04Mar2026 15:24:18.138] [main/DEBUG] [mixin/]: Processing prepare() for PlatformAgent[MixinPlatformAgentDefault:SecureJarResource(ae2)]
[04Mar2026 15:24:18.138] [main/DEBUG] [mixin/]: Adding mixin platform agents for container SecureJarResource(mixinextras.neoforge)
[04Mar2026 15:24:18.138] [main/DEBUG] [mixin/]: Instancing new MixinPlatformAgentMinecraftForge for SecureJarResource(mixinextras.neoforge)
[04Mar2026 15:24:18.138] [main/DEBUG] [mixin/]: MixinPlatformAgentMinecraftForge rejected container SecureJarResource(mixinextras.neoforge)
[04Mar2026 15:24:18.138] [main/DEBUG] [mixin/]: Instancing new MixinPlatformAgentDefault for SecureJarResource(mixinextras.neoforge)
[04Mar2026 15:24:18.138] [main/DEBUG] [mixin/]: MixinPlatformAgentDefault accepted container SecureJarResource(mixinextras.neoforge)
[04Mar2026 15:24:18.138] [main/DEBUG] [mixin/]: Instancing new FMLMixinPlatformAgent for SecureJarResource(mixinextras.neoforge)
[04Mar2026 15:24:18.138] [main/DEBUG] [mixin/]: FMLMixinPlatformAgent rejected container SecureJarResource(mixinextras.neoforge)
[04Mar2026 15:24:18.138] [main/DEBUG] [mixin/]: Processing prepare() for PlatformAgent[MixinPlatformAgentDefault:SecureJarResource(mixinextras.neoforge)]
[04Mar2026 15:24:18.139] [main/DEBUG] [mixin/]: Registering mixin config: mixinextras.init.mixins.json source=SecureJarResource(mixinextras.neoforge)
[04Mar2026 15:24:18.139] [main/DEBUG] [mixin/]: inject() running with 15 agents
[04Mar2026 15:24:18.139] [main/DEBUG] [mixin/]: Processing inject() for PlatformAgent[MixinPlatformAgentDefault:ModLauncher Root Container(ModLauncher:4f56a0a2)]
[04Mar2026 15:24:18.139] [main/DEBUG] [mixin/]: Processing inject() for PlatformAgent[MixinPlatformAgentDefault:net.neoforged.fml.loading.mixin.FMLMixinContainerHandle@56303475]
[04Mar2026 15:24:18.139] [main/DEBUG] [mixin/]: Processing inject() for PlatformAgent[FMLMixinPlatformAgent:null]
[04Mar2026 15:24:18.139] [main/DEBUG] [mixin/]: Processing inject() for PlatformAgent[MixinPlatformAgentDefault:SecureJarResource(mixin_synthetic)]
[04Mar2026 15:24:18.140] [main/DEBUG] [mixin/]: Processing inject() for PlatformAgent[MixinPlatformAgentDefault:SecureJarResource(emi)]
[04Mar2026 15:24:18.140] [main/DEBUG] [mixin/]: Processing inject() for PlatformAgent[MixinPlatformAgentDefault:SecureJarResource(minecraft)]
[04Mar2026 15:24:18.140] [main/DEBUG] [mixin/]: Processing inject() for PlatformAgent[MixinPlatformAgentDefault:SecureJarResource(theoneprobe)]
[04Mar2026 15:24:18.140] [main/DEBUG] [mixin/]: Processing inject() for PlatformAgent[MixinPlatformAgentDefault:SecureJarResource(mekanism)]
[04Mar2026 15:24:18.140] [main/DEBUG] [mixin/]: Processing inject() for PlatformAgent[MixinPlatformAgentDefault:SecureJarResource(patchouli)]
[04Mar2026 15:24:18.140] [main/DEBUG] [mixin/]: Processing inject() for PlatformAgent[MixinPlatformAgentDefault:SecureJarResource(guideme)]
[04Mar2026 15:24:18.140] [main/DEBUG] [mixin/]: Processing inject() for PlatformAgent[MixinPlatformAgentDefault:SecureJarResource(architectury)]
[04Mar2026 15:24:18.140] [main/DEBUG] [mixin/]: Processing inject() for PlatformAgent[MixinPlatformAgentDefault:SecureJarResource(computercraft)]
[04Mar2026 15:24:18.140] [main/DEBUG] [mixin/]: Processing inject() for PlatformAgent[MixinPlatformAgentDefault:SecureJarResource(nuclearcraft)]
[04Mar2026 15:24:18.140] [main/DEBUG] [mixin/]: Processing inject() for PlatformAgent[MixinPlatformAgentDefault:SecureJarResource(mekanismgenerators)]
[04Mar2026 15:24:18.140] [main/DEBUG] [mixin/]: Processing inject() for PlatformAgent[MixinPlatformAgentDefault:SecureJarResource(ae2)]
[04Mar2026 15:24:18.140] [main/DEBUG] [mixin/]: Processing inject() for PlatformAgent[MixinPlatformAgentDefault:SecureJarResource(mixinextras.neoforge)]
[04Mar2026 15:24:18.140] [main/INFO] [cpw.mods.modlauncher.LaunchServiceHandler/MODLAUNCHER]: Launching target 'forgeserverdev' with arguments [--gameDir, ., --nogui]
[04Mar2026 15:24:18.186] [main/DEBUG] [mixin/]: Preparing mixins for MixinEnvironment[DEFAULT]
[04Mar2026 15:24:18.186] [main/DEBUG] [mixin/]: Selecting config emi.mixins.json
[04Mar2026 15:24:18.194] [main/DEBUG] [mixin/]: Selecting config emi-neoforge.mixins.json
[04Mar2026 15:24:18.195] [main/DEBUG] [mixin/]: Selecting config patchouli_xplat.mixins.json
[04Mar2026 15:24:18.195] [main/WARN] [mixin/]: Reference map 'patchouli.refmap.json' for patchouli_xplat.mixins.json could not be read. If this is a development environment you can ignore this message
[04Mar2026 15:24:18.196] [main/DEBUG] [mixin/]: Selecting config architectury.mixins.json
[04Mar2026 15:24:18.197] [main/DEBUG] [mixin/]: Selecting config architectury-common.mixins.json
[04Mar2026 15:24:18.197] [main/DEBUG] [mixin/]: Selecting config computercraft.mixins.json
[04Mar2026 15:24:18.197] [main/DEBUG] [mixin/]: Selecting config computercraft.forge.mixins.json
[04Mar2026 15:24:18.197] [main/DEBUG] [mixin/]: Selecting config computercraft-client.forge.mixins.json
[04Mar2026 15:24:18.197] [main/DEBUG] [mixin/]: Selecting config neoforge.mixins.json
[04Mar2026 15:24:18.197] [main/DEBUG] [mixin/]: Selecting config nuclearcraft.mixins.json
[04Mar2026 15:24:18.198] [main/DEBUG] [mixin/]: Selecting config ae2.mixins.json
[04Mar2026 15:24:18.199] [main/DEBUG] [mixin/]: Selecting config mixinextras.init.mixins.json
[04Mar2026 15:24:18.243] [main/DEBUG] [MixinExtras|Service/]: com.llamalad7.mixinextras.service.MixinExtrasServiceImpl(version=0.5.0) is taking over from null
[04Mar2026 15:24:18.267] [main/DEBUG] [mixin/]: Registering new injector for @Inject with org.spongepowered.asm.mixin.injection.struct.CallbackInjectionInfo
[04Mar2026 15:24:18.268] [main/DEBUG] [mixin/]: Registering new injector for @ModifyArg with org.spongepowered.asm.mixin.injection.struct.ModifyArgInjectionInfo
[04Mar2026 15:24:18.269] [main/DEBUG] [mixin/]: Registering new injector for @ModifyArgs with org.spongepowered.asm.mixin.injection.struct.ModifyArgsInjectionInfo
[04Mar2026 15:24:18.271] [main/DEBUG] [mixin/]: Registering new injector for @Redirect with org.spongepowered.asm.mixin.injection.struct.RedirectInjectionInfo
[04Mar2026 15:24:18.273] [main/DEBUG] [mixin/]: Registering new injector for @ModifyVariable with org.spongepowered.asm.mixin.injection.struct.ModifyVariableInjectionInfo
[04Mar2026 15:24:18.273] [main/DEBUG] [mixin/]: Registering new injector for @ModifyConstant with org.spongepowered.asm.mixin.injection.struct.ModifyConstantInjectionInfo
[04Mar2026 15:24:18.282] [main/DEBUG] [mixin/]: Preparing emi.mixins.json (25)
[04Mar2026 15:24:18.282] [main/DEBUG] [mixin/]: Preparing emi-neoforge.mixins.json (0)
[04Mar2026 15:24:18.282] [main/DEBUG] [mixin/]: Preparing patchouli_xplat.mixins.json (10)
[04Mar2026 15:24:18.294] [main/DEBUG] [net.neoforged.accesstransformer.AccessTransformer/AXFORM]: Transforming net.minecraft.world.item.crafting.SmithingTransformRecipe FIELD template to access PUBLIC and LEAVE
[04Mar2026 15:24:18.294] [main/DEBUG] [net.neoforged.accesstransformer.AccessTransformer/AXFORM]: Transforming net.minecraft.world.item.crafting.SmithingTransformRecipe FIELD base to access PUBLIC and LEAVE
[04Mar2026 15:24:18.294] [main/DEBUG] [net.neoforged.accesstransformer.AccessTransformer/AXFORM]: Transforming net.minecraft.world.item.crafting.SmithingTransformRecipe FIELD addition to access PUBLIC and LEAVE
[04Mar2026 15:24:18.305] [main/TRACE] [mixin/]: Added class metadata for net/minecraft/world/item/crafting/SmithingTransformRecipe to metadata cache
[04Mar2026 15:24:18.314] [main/DEBUG] [net.neoforged.accesstransformer.AccessTransformer/AXFORM]: Transforming net.minecraft.world.item.crafting.SmithingTrimRecipe FIELD template to access PUBLIC and LEAVE
[04Mar2026 15:24:18.314] [main/DEBUG] [net.neoforged.accesstransformer.AccessTransformer/AXFORM]: Transforming net.minecraft.world.item.crafting.SmithingTrimRecipe FIELD base to access PUBLIC and LEAVE
[04Mar2026 15:24:18.314] [main/DEBUG] [net.neoforged.accesstransformer.AccessTransformer/AXFORM]: Transforming net.minecraft.world.item.crafting.SmithingTrimRecipe FIELD addition to access PUBLIC and LEAVE
[04Mar2026 15:24:18.316] [main/TRACE] [mixin/]: Added class metadata for net/minecraft/world/item/crafting/SmithingTrimRecipe to metadata cache
[04Mar2026 15:24:18.316] [main/DEBUG] [mixin/]: Preparing architectury.mixins.json (11)
[04Mar2026 15:24:18.319] [main/DEBUG] [net.neoforged.accesstransformer.AccessTransformer/AXFORM]: Transforming net.minecraft.world.item.BucketItem FIELD content to access PUBLIC and LEAVE
[04Mar2026 15:24:18.321] [main/TRACE] [mixin/]: Added class metadata for net/minecraft/world/item/BucketItem to metadata cache
[04Mar2026 15:24:18.322] [main/DEBUG] [net.neoforged.accesstransformer.AccessTransformer/AXFORM]: Transforming net.minecraft.world.level.block.LiquidBlock FIELD fluid to access PUBLIC and LEAVE
[04Mar2026 15:24:18.322] [main/DEBUG] [net.neoforged.accesstransformer.AccessTransformer/AXFORM]: Transforming net.minecraft.world.level.block.LiquidBlock METHOD <init>(Lnet/minecraft/world/level/material/FlowingFluid;Lnet/minecraft/world/level/block/state/BlockBehaviour$Properties;)V to access PUBLIC and LEAVE
[04Mar2026 15:24:18.324] [main/TRACE] [mixin/]: Added class metadata for net/minecraft/world/level/block/LiquidBlock to metadata cache
[04Mar2026 15:24:18.326] [main/TRACE] [mixin/]: Added class metadata for net/minecraft/world/level/chunk/storage/ChunkSerializer to metadata cache
[04Mar2026 15:24:18.326] [main/TRACE] [mixin/]: Added class metadata for net/minecraft/world/entity/item/FallingBlockEntity to metadata cache
[04Mar2026 15:24:18.327] [main/TRACE] [mixin/]: Added class metadata for net/minecraft/world/entity/player/Inventory to metadata cache
[04Mar2026 15:24:18.327] [main/TRACE] [mixin/]: Added class metadata for dev/architectury/extensions/ItemExtension to metadata cache
[04Mar2026 15:24:18.328] [main/TRACE] [mixin/]: Added class metadata for net/neoforged/neoforge/event/level/LevelEvent to metadata cache
[04Mar2026 15:24:18.328] [main/DEBUG] [mixin/]: Preparing architectury-common.mixins.json (9)
[04Mar2026 15:24:18.332] [main/DEBUG] [net.neoforged.accesstransformer.AccessTransformer/AXFORM]: Transforming net.minecraft.world.level.block.Block METHOD popExperience(Lnet/minecraft/server/level/ServerLevel;Lnet/minecraft/core/BlockPos;I)V to access PUBLIC and LEAVE
[04Mar2026 15:24:18.336] [main/TRACE] [mixin/]: Added class metadata for net/minecraft/world/level/block/Block to metadata cache
[04Mar2026 15:24:18.348] [main/TRACE] [mixin/]: Added class metadata for net/minecraft/world/entity/EntityType to metadata cache
[04Mar2026 15:24:18.349] [main/TRACE] [mixin/]: Added class metadata for net/minecraft/world/level/material/Fluid to metadata cache
[04Mar2026 15:24:18.349] [main/TRACE] [mixin/]: Added class metadata for net/minecraft/world/food/FoodProperties$Builder to metadata cache
[04Mar2026 15:24:18.350] [main/DEBUG] [net.neoforged.accesstransformer.AccessTransformer/AXFORM]: Transforming net.minecraft.world.item.Item FIELD components to access PRIVATE and REMOVEFINAL
[04Mar2026 15:24:18.350] [main/DEBUG] [net.neoforged.accesstransformer.AccessTransformer/AXFORM]: Transforming net.minecraft.world.item.Item METHOD getPlayerPOVHitResult(Lnet/minecraft/world/level/Level;Lnet/minecraft/world/entity/player/Player;Lnet/minecraft/world/level/ClipContext$Fluid;)Lnet/minecraft/world/phys/BlockHitResult; to access PUBLIC and LEAVE
[04Mar2026 15:24:18.351] [main/TRACE] [mixin/]: Added class metadata for net/minecraft/world/item/Item to metadata cache
[04Mar2026 15:24:18.352] [main/TRACE] [mixin/]: Added class metadata for net/minecraft/world/item/Item$Properties to metadata cache
[04Mar2026 15:24:18.352] [main/TRACE] [mixin/]: Added class metadata for net/minecraft/world/entity/LightningBolt to metadata cache
[04Mar2026 15:24:18.352] [main/DEBUG] [mixin/]: Preparing computercraft.mixins.json (3)
[04Mar2026 15:24:18.354] [main/TRACE] [mixin/]: Added class metadata for net/minecraft/util/datafix/DataFixers to metadata cache
[04Mar2026 15:24:18.355] [main/DEBUG] [net.neoforged.accesstransformer.AccessTransformer/AXFORM]: Transforming net.minecraft.util.datafix.fixes.ItemStackComponentizationFix INNERCLASS ItemStackData to access PUBLIC and LEAVE
[04Mar2026 15:24:18.357] [main/TRACE] [mixin/]: Added class metadata for net/minecraft/util/datafix/fixes/ItemStackComponentizationFix to metadata cache
[04Mar2026 15:24:18.358] [main/TRACE] [mixin/]: Added class metadata for net/minecraft/util/datafix/schemas/V1460 to metadata cache
[04Mar2026 15:24:18.359] [main/DEBUG] [mixin/]: Preparing computercraft.forge.mixins.json (1)
[04Mar2026 15:24:18.359] [main/TRACE] [mixin/]: Added class metadata for net/minecraft/util/datafix/schemas/V3818_3 to metadata cache
[04Mar2026 15:24:18.359] [main/DEBUG] [mixin/]: Preparing computercraft-client.forge.mixins.json (2)
[04Mar2026 15:24:18.359] [main/DEBUG] [mixin/]: Preparing neoforge.mixins.json (2)
[04Mar2026 15:24:18.360] [main/DEBUG] [net.neoforged.accesstransformer.AccessTransformer/AXFORM]: Transforming net.minecraft.world.level.block.entity.BlockEntityType INNERCLASS BlockEntitySupplier to access PUBLIC and LEAVE
[04Mar2026 15:24:18.362] [main/TRACE] [mixin/]: Added class metadata for net/minecraft/world/level/block/entity/BlockEntityType to metadata cache
[04Mar2026 15:24:18.363] [main/TRACE] [mixin/]: Added class metadata for net/minecraft/core/MappedRegistry to metadata cache
[04Mar2026 15:24:18.363] [main/DEBUG] [mixin/]: Preparing nuclearcraft.mixins.json (6)
[04Mar2026 15:24:18.365] [main/TRACE] [mixin/]: Added class metadata for net/minecraft/world/level/block/LightningRodBlock to metadata cache
[04Mar2026 15:24:18.365] [main/TRACE] [mixin/]: Added class metadata for net/minecraft/world/level/levelgen/structure/pools/StructureTemplatePool to metadata cache
[04Mar2026 15:24:18.366] [main/TRACE] [mixin/]: Added class metadata for net/minecraft/world/level/biome/OverworldBiomeBuilder to metadata cache
[04Mar2026 15:24:18.367] [main/TRACE] [mixin/]: Added class metadata for mekanism/common/lib/radiation/RadiationManager to metadata cache
[04Mar2026 15:24:18.367] [main/TRACE] [mixin/]: Added class metadata for mekanism/common/lib/radiation/RadiationUtil to metadata cache
[04Mar2026 15:24:18.367] [main/DEBUG] [mixin/]: Preparing ae2.mixins.json (16)
[04Mar2026 15:24:18.370] [main/DEBUG] [net.neoforged.accesstransformer.AccessTransformer/AXFORM]: Transforming net.minecraft.server.level.ChunkMap FIELD playerMap to access PUBLIC and LEAVE
[04Mar2026 15:24:18.370] [main/DEBUG] [net.neoforged.accesstransformer.AccessTransformer/AXFORM]: Transforming net.minecraft.server.level.ChunkMap METHOD isChunkTracked(Lnet/minecraft/server/level/ServerPlayer;II)Z to access PUBLIC and LEAVE
[04Mar2026 15:24:18.370] [main/DEBUG] [net.neoforged.accesstransformer.AccessTransformer/AXFORM]: Transforming net.minecraft.server.level.ChunkMap METHOD getVisibleChunkIfPresent(J)Lnet/minecraft/server/level/ChunkHolder; to access PUBLIC and LEAVE
[04Mar2026 15:24:18.374] [main/TRACE] [mixin/]: Added class metadata for net/minecraft/server/level/ChunkMap to metadata cache
[04Mar2026 15:24:18.376] [main/DEBUG] [net.neoforged.accesstransformer.AccessTransformer/AXFORM]: Transforming net.minecraft.server.MinecraftServer INNERCLASS ReloadableResources to access PUBLIC and LEAVE
[04Mar2026 15:24:18.376] [main/DEBUG] [net.neoforged.accesstransformer.AccessTransformer/AXFORM]: Transforming net.minecraft.server.MinecraftServer FIELD nextTickTimeNanos to access PROTECTED and LEAVE
[04Mar2026 15:24:18.380] [main/TRACE] [mixin/]: Added class metadata for net/minecraft/server/MinecraftServer to metadata cache
[04Mar2026 15:24:18.381] [main/DEBUG] [net.neoforged.accesstransformer.AccessTransformer/AXFORM]: Transforming net.minecraft.world.inventory.AnvilMenu FIELD repairItemCountCost to access PUBLIC and LEAVE
[04Mar2026 15:24:18.382] [main/TRACE] [mixin/]: Added class metadata for net/minecraft/world/inventory/AnvilMenu to metadata cache
[04Mar2026 15:24:18.383] [main/DEBUG] [net.neoforged.accesstransformer.AccessTransformer/AXFORM]: Transforming net.minecraft.world.item.enchantment.EnchantmentHelper INNERCLASS EnchantmentInSlotVisitor to access PUBLIC and LEAVE
[04Mar2026 15:24:18.383] [main/DEBUG] [net.neoforged.accesstransformer.AccessTransformer/AXFORM]: Transforming net.minecraft.world.item.enchantment.EnchantmentHelper INNERCLASS EnchantmentVisitor to access PUBLIC and LEAVE
[04Mar2026 15:24:18.383] [main/DEBUG] [net.neoforged.accesstransformer.AccessTransformer/AXFORM]: Transforming net.minecraft.world.item.enchantment.EnchantmentHelper METHOD getComponentType(Lnet/minecraft/world/item/ItemStack;)Lnet/minecraft/core/component/DataComponentType; to access PUBLIC and LEAVE
[04Mar2026 15:24:18.383] [main/DEBUG] [net.neoforged.accesstransformer.AccessTransformer/AXFORM]: Transforming net.minecraft.world.item.enchantment.EnchantmentHelper METHOD runIterationOnItem(Lnet/minecraft/world/item/ItemStack;Lnet/minecraft/world/item/enchantment/EnchantmentHelper$EnchantmentVisitor;)V to access PUBLIC and LEAVE
[04Mar2026 15:24:18.383] [main/DEBUG] [net.neoforged.accesstransformer.AccessTransformer/AXFORM]: Transforming net.minecraft.world.item.enchantment.EnchantmentHelper METHOD runIterationOnItem(Lnet/minecraft/world/item/ItemStack;Lnet/minecraft/world/entity/EquipmentSlot;Lnet/minecraft/world/entity/LivingEntity;Lnet/minecraft/world/item/enchantment/EnchantmentHelper$EnchantmentInSlotVisitor;)V to access PUBLIC and LEAVE
[04Mar2026 15:24:18.383] [main/DEBUG] [net.neoforged.accesstransformer.AccessTransformer/AXFORM]: Transforming net.minecraft.world.item.enchantment.EnchantmentHelper METHOD runIterationOnEquipment(Lnet/minecraft/world/entity/LivingEntity;Lnet/minecraft/world/item/enchantment/EnchantmentHelper$EnchantmentInSlotVisitor;)V to access PUBLIC and LEAVE
[04Mar2026 15:24:18.384] [main/TRACE] [mixin/]: Added class metadata for net/minecraft/world/item/enchantment/EnchantmentHelper to metadata cache
[04Mar2026 15:24:18.384] [main/DEBUG] [net.neoforged.accesstransformer.AccessTransformer/AXFORM]: Transforming net.minecraft.world.entity.item.ItemEntity FIELD age to access PUBLIC and LEAVE
[04Mar2026 15:24:18.384] [main/DEBUG] [net.neoforged.accesstransformer.AccessTransformer/AXFORM]: Transforming net.minecraft.world.entity.item.ItemEntity METHOD setUnderwaterMovement()V to access PROTECTED and LEAVE
[04Mar2026 15:24:18.387] [main/TRACE] [mixin/]: Added class metadata for net/minecraft/world/entity/item/ItemEntity to metadata cache
[04Mar2026 15:24:18.389] [main/TRACE] [mixin/]: Added class metadata for net/minecraft/gametest/framework/StructureUtils to metadata cache
[04Mar2026 15:24:18.390] [main/TRACE] [mixin/]: Added class metadata for net/minecraft/gametest/framework/TestCommand to metadata cache
[04Mar2026 15:24:18.399] [main/TRACE] [mixin/]: Added class metadata for net/minecraft/world/level/levelgen/structure/templatesystem/StructureTemplate to metadata cache
[04Mar2026 15:24:18.399] [main/DEBUG] [mixin/]: Preparing mixinextras.init.mixins.json (0)
[04Mar2026 15:24:18.403] [main/TRACE] [mixin/]: Added class metadata for dev/architectury/event/events/common/PlayerEvent$FillBucket to metadata cache
[04Mar2026 15:24:18.404] [main/TRACE] [mixin/]: Added class metadata for net/neoforged/neoforge/event/level/ChunkDataEvent$Load to metadata cache
[04Mar2026 15:24:18.404] [main/TRACE] [mixin/]: Added class metadata for dev/architectury/event/forge/EventHandlerImplCommon$LevelEventAttachment to metadata cache
[04Mar2026 15:24:18.404] [main/TRACE] [mixin/]: Added class metadata for dev/architectury/event/events/common/BlockEvent$FallingLand to metadata cache
[04Mar2026 15:24:18.407] [main/DEBUG] [net.neoforged.accesstransformer.AccessTransformer/AXFORM]: Transforming net.minecraft.world.entity.Entity FIELD ENTITY_COUNTER to access PROTECTED and LEAVE
[04Mar2026 15:24:18.407] [main/DEBUG] [net.neoforged.accesstransformer.AccessTransformer/AXFORM]: Transforming net.minecraft.world.entity.Entity METHOD isInRain()Z to access PUBLIC and LEAVE
[04Mar2026 15:24:18.407] [main/DEBUG] [net.neoforged.accesstransformer.AccessTransformer/AXFORM]: Transforming net.minecraft.world.entity.Entity METHOD getEncodeId()Ljava/lang/String; to access PUBLIC and LEAVE
[04Mar2026 15:24:18.407] [main/DEBUG] [net.neoforged.accesstransformer.AccessTransformer/AXFORM]: Transforming net.minecraft.world.entity.Entity METHOD setLevel(Lnet/minecraft/world/level/Level;)V to access PUBLIC and LEAVE
[04Mar2026 15:24:18.414] [main/TRACE] [mixin/]: Added class metadata for net/minecraft/world/entity/Entity to metadata cache
[04Mar2026 15:24:18.415] [main/TRACE] [mixin/]: Added class metadata for dev/architectury/event/events/common/LightningEvent$Strike to metadata cache
[04Mar2026 15:24:18.416] [main/TRACE] [mixin/]: Added class metadata for org/spongepowered/asm/mixin/injection/At$Shift to metadata cache
[04Mar2026 15:24:18.417] [main/TRACE] [mixin/]: Added class metadata for java/lang/invoke/MethodHandles$Lookup to metadata cache
[04Mar2026 15:24:18.418] [main/DEBUG] [net.neoforged.accesstransformer.AccessTransformer/AXFORM]: Transforming net.minecraft.util.datafix.fixes.ItemStackComponentizationFix$ItemStackData CLASS to access PUBLIC and LEAVE
[04Mar2026 15:24:18.419] [main/TRACE] [mixin/]: Added class metadata for net/minecraft/util/datafix/fixes/ItemStackComponentizationFix$ItemStackData to metadata cache
[04Mar2026 15:24:18.420] [main/TRACE] [mixin/]: Added class metadata for com/mojang/datafixers/DataFix to metadata cache
[04Mar2026 15:24:18.421] [main/TRACE] [mixin/]: Added class metadata for com/mojang/datafixers/DSL$TypeReference to metadata cache
[04Mar2026 15:24:18.422] [main/TRACE] [mixin/]: Added class metadata for net/minecraft/world/level/biome/Climate$Parameter to metadata cache
[04Mar2026 15:24:18.422] [main/TRACE] [mixin/]: Added class metadata for net/minecraft/world/level/biome/Climate$ParameterPoint to metadata cache
[04Mar2026 15:24:18.423] [main/TRACE] [mixin/]: Added class metadata for igentuman/nc/handler/config/WorldConfig$BiomeConfig to metadata cache
[04Mar2026 15:24:18.423] [main/TRACE] [mixin/]: Added class metadata for net/neoforged/neoforge/common/ModConfigSpec$ConfigValue to metadata cache
[04Mar2026 15:24:18.424] [main/TRACE] [mixin/]: Added class metadata for igentuman/nc/handler/config/RadiationConfig$RadiationConf to metadata cache
[04Mar2026 15:24:18.424] [main/TRACE] [mixin/]: Added class metadata for net/minecraft/core/RegistryAccess$Frozen to metadata cache
[04Mar2026 15:24:18.425] [main/TRACE] [mixin/]: Added class metadata for net/minecraft/core/Holder$Reference to metadata cache
[04Mar2026 15:24:18.425] [main/TRACE] [mixin/]: Added class metadata for net/minecraft/core/HolderLookup$RegistryLookup to metadata cache
[04Mar2026 15:24:18.425] [main/TRACE] [mixin/]: Added class metadata for net/minecraft/world/level/storage/LevelStorageSource$LevelStorageAccess to metadata cache
[04Mar2026 15:24:18.425] [main/TRACE] [mixin/]: Added class metadata for net/neoforged/neoforge/event/level/LevelEvent$Load to metadata cache
[04Mar2026 15:24:18.426] [main/TRACE] [mixin/]: Added class metadata for net/minecraft/world/inventory/ItemCombinerMenu to metadata cache
[04Mar2026 15:24:18.537] [main/DEBUG] [io.netty.util.internal.logging.InternalLoggerFactory/]: Using SLF4J as the default logging framework
[04Mar2026 15:24:18.539] [main/DEBUG] [io.netty.util.ResourceLeakDetector/]: -Dio.netty.leakDetection.level: simple
[04Mar2026 15:24:18.539] [main/DEBUG] [io.netty.util.ResourceLeakDetector/]: -Dio.netty.leakDetection.targetRecords: 4
[04Mar2026 15:24:18.630] [main/DEBUG] [oshi.util.FileUtil/]: No oshi.properties file found from ClassLoader cpw.mods.modlauncher.TransformingClassLoader@2715644a
[04Mar2026 15:24:18.877] [main/DEBUG] [oshi.util.FileUtil/]: No oshi.architecture.properties file found from ClassLoader cpw.mods.modlauncher.TransformingClassLoader@2715644a
[04Mar2026 15:24:20.160] [main/INFO] [MixinExtras|Service/]: Initializing MixinExtras via com.llamalad7.mixinextras.service.MixinExtrasServiceImpl(version=0.5.0).
[04Mar2026 15:24:20.161] [main/DEBUG] [mixin/]: Registering new injector for @SugarWrapper with com.llamalad7.mixinextras.sugar.impl.SugarWrapperInjectionInfo
[04Mar2026 15:24:20.162] [main/DEBUG] [mixin/]: Registering new injector for @FactoryRedirectWrapper with com.llamalad7.mixinextras.wrapper.factory.FactoryRedirectWrapperInjectionInfo
[04Mar2026 15:24:20.162] [main/DEBUG] [mixin/]: Registering new injector for @ExpressionInjectorWrapper with com.llamalad7.mixinextras.expression.impl.wrapper.ExpressionInjectorWrapperInjectionInfo
[04Mar2026 15:24:20.168] [main/DEBUG] [mixin/]: Mixing MappedRegistryAccessor from neoforge.mixins.json into net.minecraft.core.MappedRegistry
[04Mar2026 15:24:20.239] [main/DEBUG] [mixin/]: Mixing inject.MixinBlock from architectury-common.mixins.json into net.minecraft.world.level.block.Block
[04Mar2026 15:24:20.241] [main/DEBUG] [mixin/]: architectury-common.mixins.json:inject.MixinBlock from mod architectury: Class version 65 required is higher than the class version supported by the current version of Mixin (JAVA_16 supports class version 60)
[04Mar2026 15:24:20.302] [main/DEBUG] [mixin/]: Mixing ItemEntityMixin from ae2.mixins.json into net.minecraft.world.entity.item.ItemEntity
[04Mar2026 15:24:20.303] [main/DEBUG] [mixin/]: ae2.mixins.json:ItemEntityMixin from mod ae2: Class version 65 required is higher than the class version supported by the current version of Mixin (JAVA_11 supports class version 55)
[04Mar2026 15:24:20.304] [main/DEBUG] [mixin/]: Renaming synthetic method lambda$handleEntityTransform$0(Lnet/minecraft/world/level/material/FluidState;Lappeng/recipes/transform/TransformCircumstance;)Z to mdfd43aa$ae2$lambda$handleEntityTransform$0$0 in ae2.mixins.json:ItemEntityMixin from mod ae2
[04Mar2026 15:24:20.353] [main/DEBUG] [mixin/]: ae2.mixins.json:ItemEntityMixin from mod ae2->@Inject::handleExplosion(Lnet/minecraft/world/damagesource/DamageSource;FLorg/spongepowered/asm/mixin/injection/callback/CallbackInfoReturnable;)V does use it's CallbackInfoReturnable
[04Mar2026 15:24:20.353] [main/DEBUG] [mixin/]: ae2.mixins.json:ItemEntityMixin from mod ae2->@Inject::handleEntityTransform(Lorg/spongepowered/asm/mixin/injection/callback/CallbackInfo;)V doesn't use it's CallbackInfo
[04Mar2026 15:24:20.353] [main/DEBUG] [mixin/]: ae2.mixins.json:ItemEntityMixin from mod ae2->@Inject::handleEntityTransform(Lorg/spongepowered/asm/mixin/injection/callback/CallbackInfo;)V has 0 override(s) in child classes
[04Mar2026 15:24:20.353] [main/DEBUG] [mixin/]: ae2.mixins.json:ItemEntityMixin from mod ae2->@Inject::handleEntityTransform(Lorg/spongepowered/asm/mixin/injection/callback/CallbackInfo;)V won't be passed a CallbackInfo as a result
[04Mar2026 15:24:20.353] [main/DEBUG] [mixin/]: ae2.mixins.json:ItemEntityMixin from mod ae2->@Inject::handleEntityTransform(Lorg/spongepowered/asm/mixin/injection/callback/CallbackInfo;)V doesn't use it's CallbackInfo
[04Mar2026 15:24:20.353] [main/DEBUG] [mixin/]: ae2.mixins.json:ItemEntityMixin from mod ae2->@Inject::handleEntityTransform(Lorg/spongepowered/asm/mixin/injection/callback/CallbackInfo;)V has 0 override(s) in child classes
[04Mar2026 15:24:20.353] [main/DEBUG] [mixin/]: ae2.mixins.json:ItemEntityMixin from mod ae2->@Inject::handleEntityTransform(Lorg/spongepowered/asm/mixin/injection/callback/CallbackInfo;)V won't be passed a CallbackInfo as a result
[04Mar2026 15:24:20.493] [main/DEBUG] [mixin/]: Mixing neoforge.LiquidBlockAccessor from architectury.mixins.json into net.minecraft.world.level.block.LiquidBlock
[04Mar2026 15:24:20.493] [main/DEBUG] [mixin/]: architectury.mixins.json:neoforge.LiquidBlockAccessor from mod architectury: Class version 65 required is higher than the class version supported by the current version of Mixin (JAVA_16 supports class version 60)
[04Mar2026 15:24:20.493] [main/DEBUG] [mixin/]: Mixing inject.MixinLiquidBlock from architectury-common.mixins.json into net.minecraft.world.level.block.LiquidBlock
[04Mar2026 15:24:20.493] [main/DEBUG] [mixin/]: architectury-common.mixins.json:inject.MixinLiquidBlock from mod architectury: Class version 65 required is higher than the class version supported by the current version of Mixin (JAVA_16 supports class version 60)
[04Mar2026 15:24:20.581] [main/DEBUG] [mixin/]: Mixing LightningRodBlockMixin from nuclearcraft.mixins.json into net.minecraft.world.level.block.LightningRodBlock
[04Mar2026 15:24:20.586] [main/DEBUG] [mixin/]: nuclearcraft.mixins.json:LightningRodBlockMixin from mod nuclearcraft->@Inject::onLightningStrike(Lnet/minecraft/world/level/block/state/BlockState;Lnet/minecraft/world/level/Level;Lnet/minecraft/core/BlockPos;Lorg/spongepowered/asm/mixin/injection/callback/CallbackInfo;)V doesn't use it's CallbackInfo
[04Mar2026 15:24:20.586] [main/DEBUG] [mixin/]: nuclearcraft.mixins.json:LightningRodBlockMixin from mod nuclearcraft->@Inject::onLightningStrike(Lnet/minecraft/world/level/block/state/BlockState;Lnet/minecraft/world/level/Level;Lnet/minecraft/core/BlockPos;Lorg/spongepowered/asm/mixin/injection/callback/CallbackInfo;)V has 0 override(s) in child classes
[04Mar2026 15:24:20.586] [main/DEBUG] [mixin/]: nuclearcraft.mixins.json:LightningRodBlockMixin from mod nuclearcraft->@Inject::onLightningStrike(Lnet/minecraft/world/level/block/state/BlockState;Lnet/minecraft/world/level/Level;Lnet/minecraft/core/BlockPos;Lorg/spongepowered/asm/mixin/injection/callback/CallbackInfo;)V won't be passed a CallbackInfo as a result
[04Mar2026 15:24:20.608] [main/DEBUG] [mixin/]: Mixing inject.MixinEntityType from architectury-common.mixins.json into net.minecraft.world.entity.EntityType
[04Mar2026 15:24:20.608] [main/DEBUG] [mixin/]: architectury-common.mixins.json:inject.MixinEntityType from mod architectury: Class version 65 required is higher than the class version supported by the current version of Mixin (JAVA_16 supports class version 60)
[04Mar2026 15:24:20.626] [main/DEBUG] [mixin/]: Mixing inject.MixinFluid from architectury-common.mixins.json into net.minecraft.world.level.material.Fluid
[04Mar2026 15:24:20.627] [main/DEBUG] [mixin/]: architectury-common.mixins.json:inject.MixinFluid from mod architectury: Class version 65 required is higher than the class version supported by the current version of Mixin (JAVA_16 supports class version 60)
[04Mar2026 15:24:20.679] [main/DEBUG] [mixin/]: Mixing MixinFallingBlockEntity from architectury.mixins.json into net.minecraft.world.entity.item.FallingBlockEntity
[04Mar2026 15:24:20.679] [main/DEBUG] [mixin/]: architectury.mixins.json:MixinFallingBlockEntity from mod architectury: Class version 65 required is higher than the class version supported by the current version of Mixin (JAVA_16 supports class version 60)
[04Mar2026 15:24:20.697] [main/DEBUG] [mixin/]: architectury.mixins.json:MixinFallingBlockEntity from mod architectury->@Inject::handleLand(Lorg/spongepowered/asm/mixin/injection/callback/CallbackInfo;Lnet/minecraft/world/level/block/Block;Lnet/minecraft/core/BlockPos;ZZDLnet/minecraft/world/level/block/state/BlockState;)V doesn't use it's CallbackInfo
[04Mar2026 15:24:20.697] [main/DEBUG] [mixin/]: architectury.mixins.json:MixinFallingBlockEntity from mod architectury->@Inject::handleLand(Lorg/spongepowered/asm/mixin/injection/callback/CallbackInfo;Lnet/minecraft/world/level/block/Block;Lnet/minecraft/core/BlockPos;ZZDLnet/minecraft/world/level/block/state/BlockState;)V has 0 override(s) in child classes
[04Mar2026 15:24:20.697] [main/DEBUG] [mixin/]: architectury.mixins.json:MixinFallingBlockEntity from mod architectury->@Inject::handleLand(Lorg/spongepowered/asm/mixin/injection/callback/CallbackInfo;Lnet/minecraft/world/level/block/Block;Lnet/minecraft/core/BlockPos;ZZDLnet/minecraft/world/level/block/state/BlockState;)V won't be passed a CallbackInfo as a result
[04Mar2026 15:24:20.875] [main/DEBUG] [mixin/]: Mixing BlockEntityTypeAccessor from neoforge.mixins.json into net.minecraft.world.level.block.entity.BlockEntityType
[04Mar2026 15:24:21.032] [main/DEBUG] [mixin/]: Mixing AnvilMenuMixin from ae2.mixins.json into net.minecraft.world.inventory.AnvilMenu
[04Mar2026 15:24:21.034] [main/DEBUG] [mixin/]: ae2.mixins.json:AnvilMenuMixin from mod ae2: Class version 65 required is higher than the class version supported by the current version of Mixin (JAVA_11 supports class version 55)
[04Mar2026 15:24:21.553] [main/DEBUG] [mixin/]: Mixing inject.MixinItem from architectury-common.mixins.json into net.minecraft.world.item.Item
[04Mar2026 15:24:21.554] [main/DEBUG] [mixin/]: architectury-common.mixins.json:inject.MixinItem from mod architectury: Class version 65 required is higher than the class version supported by the current version of Mixin (JAVA_16 supports class version 60)
[04Mar2026 15:24:21.558] [main/DEBUG] [mixin/]: architectury-common.mixins.json:inject.MixinItem from mod architectury->@Inject::init(Lnet/minecraft/world/item/Item$Properties;Lorg/spongepowered/asm/mixin/injection/callback/CallbackInfo;)V doesn't use it's CallbackInfo
[04Mar2026 15:24:21.558] [main/DEBUG] [mixin/]: architectury-common.mixins.json:inject.MixinItem from mod architectury->@Inject::init(Lnet/minecraft/world/item/Item$Properties;Lorg/spongepowered/asm/mixin/injection/callback/CallbackInfo;)V has 0 override(s) in child classes
[04Mar2026 15:24:21.558] [main/DEBUG] [mixin/]: architectury-common.mixins.json:inject.MixinItem from mod architectury->@Inject::init(Lnet/minecraft/world/item/Item$Properties;Lorg/spongepowered/asm/mixin/injection/callback/CallbackInfo;)V won't be passed a CallbackInfo as a result
[04Mar2026 15:24:21.566] [main/DEBUG] [mixin/]: Mixing neoforge.MixinBucketItem from architectury.mixins.json into net.minecraft.world.item.BucketItem
[04Mar2026 15:24:21.566] [main/DEBUG] [mixin/]: architectury.mixins.json:neoforge.MixinBucketItem from mod architectury: Class version 65 required is higher than the class version supported by the current version of Mixin (JAVA_16 supports class version 60)
[04Mar2026 15:24:21.567] [main/DEBUG] [mixin/]: Mixing neoforge.BucketItemAccessor from architectury.mixins.json into net.minecraft.world.item.BucketItem
[04Mar2026 15:24:21.567] [main/DEBUG] [mixin/]: architectury.mixins.json:neoforge.BucketItemAccessor from mod architectury: Class version 65 required is higher than the class version supported by the current version of Mixin (JAVA_16 supports class version 60)
[04Mar2026 15:24:21.568] [main/DEBUG] [mixin/]: Mixing inject.MixinBucketItem from architectury-common.mixins.json into net.minecraft.world.item.BucketItem
[04Mar2026 15:24:21.568] [main/DEBUG] [mixin/]: architectury-common.mixins.json:inject.MixinBucketItem from mod architectury: Class version 65 required is higher than the class version supported by the current version of Mixin (JAVA_16 supports class version 60)
[04Mar2026 15:24:21.578] [main/DEBUG] [mixin/]: architectury.mixins.json:neoforge.MixinBucketItem from mod architectury->@Inject::fillBucket(Lnet/minecraft/world/level/Level;Lnet/minecraft/world/entity/player/Player;Lnet/minecraft/world/InteractionHand;Lorg/spongepowered/asm/mixin/injection/callback/CallbackInfoReturnable;Lnet/minecraft/world/item/ItemStack;Lnet/minecraft/world/phys/BlockHitResult;)V does use it's CallbackInfoReturnable
[04Mar2026 15:24:21.602] [main/DEBUG] [mixin/]: Mixing inject.MixinItemProperties from architectury-common.mixins.json into net.minecraft.world.item.Item$Properties
[04Mar2026 15:24:21.603] [main/DEBUG] [mixin/]: architectury-common.mixins.json:inject.MixinItemProperties from mod architectury: Class version 65 required is higher than the class version supported by the current version of Mixin (JAVA_16 supports class version 60)
[04Mar2026 15:24:21.643] [main/DEBUG] [io.netty.util.internal.PlatformDependent0/]: -Dio.netty.noUnsafe: false
[04Mar2026 15:24:21.644] [main/DEBUG] [io.netty.util.internal.PlatformDependent0/]: Java version: 21
[04Mar2026 15:24:21.644] [main/DEBUG] [io.netty.util.internal.PlatformDependent0/]: sun.misc.Unsafe.theUnsafe: available
[04Mar2026 15:24:21.644] [main/DEBUG] [io.netty.util.internal.PlatformDependent0/]: sun.misc.Unsafe.copyMemory: available
[04Mar2026 15:24:21.644] [main/DEBUG] [io.netty.util.internal.PlatformDependent0/]: sun.misc.Unsafe.storeFence: available
[04Mar2026 15:24:21.644] [main/DEBUG] [io.netty.util.internal.PlatformDependent0/]: java.nio.Buffer.address: available
[04Mar2026 15:24:21.645] [main/DEBUG] [io.netty.util.internal.PlatformDependent0/]: java.nio.Bits.unaligned: available, true
[04Mar2026 15:24:21.645] [main/DEBUG] [io.netty.util.internal.PlatformDependent0/]: java.nio.DirectByteBuffer.<init>(long, {int,long}): unavailable
[04Mar2026 15:24:21.646] [main/DEBUG] [io.netty.util.internal.PlatformDependent/]: sun.misc.Unsafe: available
[04Mar2026 15:24:21.646] [main/DEBUG] [io.netty.util.internal.PlatformDependent/]: maxDirectMemory: 31675383808 bytes (maybe)
[04Mar2026 15:24:21.646] [main/DEBUG] [io.netty.util.internal.PlatformDependent/]: -Dio.netty.tmpdir: /var/folders/63/6v88q5nn1vq4hhzms1q75t680000gn/T (java.io.tmpdir)
[04Mar2026 15:24:21.646] [main/DEBUG] [io.netty.util.internal.PlatformDependent/]: -Dio.netty.bitMode: 64 (sun.arch.data.model)
[04Mar2026 15:24:21.647] [main/DEBUG] [io.netty.util.internal.PlatformDependent/]: Platform: MacOS
[04Mar2026 15:24:21.647] [main/DEBUG] [io.netty.util.internal.PlatformDependent/]: -Dio.netty.maxDirectMemory: -1 bytes
[04Mar2026 15:24:21.647] [main/DEBUG] [io.netty.util.internal.PlatformDependent/]: -Dio.netty.uninitializedArrayAllocationThreshold: -1
[04Mar2026 15:24:21.647] [main/DEBUG] [io.netty.util.internal.CleanerJava9/]: java.nio.ByteBuffer.cleaner(): available
[04Mar2026 15:24:21.648] [main/DEBUG] [io.netty.util.internal.PlatformDependent/]: -Dio.netty.noPreferDirect: false
[04Mar2026 15:24:21.780] [main/DEBUG] [mixin/]: Mixing DataFixersMixin from computercraft.mixins.json into net.minecraft.util.datafix.DataFixers
[04Mar2026 15:24:21.848] [main/DEBUG] [mixin/]: Mixing ItemStackComponentizationFixMixin from computercraft.mixins.json into net.minecraft.util.datafix.fixes.ItemStackComponentizationFix
[04Mar2026 15:24:21.856] [main/DEBUG] [mixin/]: computercraft.mixins.json:ItemStackComponentizationFixMixin from mod computercraft->@Inject::fixItemStack(Lnet/minecraft/util/datafix/fixes/ItemStackComponentizationFix$ItemStackData;Lcom/mojang/serialization/Dynamic;Lorg/spongepowered/asm/mixin/injection/callback/CallbackInfo;)V doesn't use it's CallbackInfo
[04Mar2026 15:24:22.052] [main/DEBUG] [mixin/]: Mixing V1460Mixin from computercraft.mixins.json into net.minecraft.util.datafix.schemas.V1460
[04Mar2026 15:24:22.052] [main/DEBUG] [mixin/]: Renaming synthetic method lambda$registerTurtle$1(Lcom/mojang/datafixers/schemas/Schema;)Lcom/mojang/datafixers/types/templates/TypeTemplate; to mdfd43aa$computercraft$lambda$registerTurtle$1$0 in computercraft.mixins.json:V1460Mixin from mod computercraft
[04Mar2026 15:24:22.052] [main/DEBUG] [mixin/]: Renaming synthetic method lambda$registerBlockEntities$0(Lcom/mojang/datafixers/schemas/Schema;)Lcom/mojang/datafixers/types/templates/TypeTemplate; to mdfd43aa$computercraft$lambda$registerBlockEntities$0$1 in computercraft.mixins.json:V1460Mixin from mod computercraft
[04Mar2026 15:24:22.060] [main/DEBUG] [mixin/]: computercraft.mixins.json:V1460Mixin from mod computercraft->@Inject::registerBlockEntities(Lcom/mojang/datafixers/schemas/Schema;Lorg/spongepowered/asm/mixin/injection/callback/CallbackInfoReturnable;)V does use it's CallbackInfoReturnable
[04Mar2026 15:24:22.199] [main/DEBUG] [mixin/]: Mixing V3818_3Mixin from computercraft.forge.mixins.json into net.minecraft.util.datafix.schemas.V3818_3
[04Mar2026 15:24:22.300] [main/DEBUG] [mixin/]: Mixing MixinLightningBolt from architectury-common.mixins.json into net.minecraft.world.entity.LightningBolt
[04Mar2026 15:24:22.301] [main/DEBUG] [mixin/]: architectury-common.mixins.json:MixinLightningBolt from mod architectury: Class version 65 required is higher than the class version supported by the current version of Mixin (JAVA_16 supports class version 60)
[04Mar2026 15:24:22.306] [main/DEBUG] [mixin/]: architectury-common.mixins.json:MixinLightningBolt from mod architectury->@Inject::handleLightning(Lorg/spongepowered/asm/mixin/injection/callback/CallbackInfo;Ljava/util/List;)V doesn't use it's CallbackInfo
[04Mar2026 15:24:22.306] [main/DEBUG] [mixin/]: architectury-common.mixins.json:MixinLightningBolt from mod architectury->@Inject::handleLightning(Lorg/spongepowered/asm/mixin/injection/callback/CallbackInfo;Ljava/util/List;)V has 0 override(s) in child classes
[04Mar2026 15:24:22.307] [main/DEBUG] [mixin/]: architectury-common.mixins.json:MixinLightningBolt from mod architectury->@Inject::handleLightning(Lorg/spongepowered/asm/mixin/injection/callback/CallbackInfo;Ljava/util/List;)V won't be passed a CallbackInfo as a result
[04Mar2026 15:24:22.406] [main/DEBUG] [mixin/]: Mixing inject.MixinFoodPropertiesBuilder from architectury-common.mixins.json into net.minecraft.world.food.FoodProperties$Builder
[04Mar2026 15:24:22.406] [main/DEBUG] [mixin/]: architectury-common.mixins.json:inject.MixinFoodPropertiesBuilder from mod architectury: Class version 65 required is higher than the class version supported by the current version of Mixin (JAVA_16 supports class version 60)
[04Mar2026 15:24:22.694] [main/DEBUG] [mixin/]: Mixing MixinInventory from architectury.mixins.json into net.minecraft.world.entity.player.Inventory
[04Mar2026 15:24:22.694] [main/DEBUG] [mixin/]: architectury.mixins.json:MixinInventory from mod architectury: Class version 65 required is higher than the class version supported by the current version of Mixin (JAVA_16 supports class version 60)
[04Mar2026 15:24:22.700] [main/DEBUG] [mixin/]: architectury.mixins.json:MixinInventory from mod architectury->@Inject::updateItems(Lorg/spongepowered/asm/mixin/injection/callback/CallbackInfo;)V doesn't use it's CallbackInfo
[04Mar2026 15:24:22.700] [main/DEBUG] [mixin/]: architectury.mixins.json:MixinInventory from mod architectury->@Inject::updateItems(Lorg/spongepowered/asm/mixin/injection/callback/CallbackInfo;)V has 0 override(s) in child classes
[04Mar2026 15:24:22.700] [main/DEBUG] [mixin/]: architectury.mixins.json:MixinInventory from mod architectury->@Inject::updateItems(Lorg/spongepowered/asm/mixin/injection/callback/CallbackInfo;)V won't be passed a CallbackInfo as a result
[04Mar2026 15:24:22.721] [main/DEBUG] [mixin/]: Mixing AccessorSmithingTransformRecipe from patchouli_xplat.mixins.json into net.minecraft.world.item.crafting.SmithingTransformRecipe
[04Mar2026 15:24:22.724] [main/DEBUG] [mixin/]: Mixing AccessorSmithingTrimRecipe from patchouli_xplat.mixins.json into net.minecraft.world.item.crafting.SmithingTrimRecipe
[04Mar2026 15:24:22.967] [main/DEBUG] [mixin/]: Mixing TemplatePoolAccess from nuclearcraft.mixins.json into net.minecraft.world.level.levelgen.structure.pools.StructureTemplatePool
[04Mar2026 15:24:23.158] [main/DEBUG] [net.neoforged.neoforge.registries.GameData/REGISTRIES]: Creating vanilla freeze snapshot
[04Mar2026 15:24:23.180] [main/DEBUG] [net.neoforged.neoforge.registries.GameData/REGISTRIES]: Vanilla freeze snapshot created
[04Mar2026 15:24:23.189] [main/DEBUG] [mixin/]: Mixing spatial.MinecraftServerMixin from ae2.mixins.json into net.minecraft.server.MinecraftServer
[04Mar2026 15:24:23.189] [main/DEBUG] [mixin/]: ae2.mixins.json:spatial.MinecraftServerMixin from mod ae2: Class version 65 required is higher than the class version supported by the current version of Mixin (JAVA_11 supports class version 55)
[04Mar2026 15:24:23.202] [main/DEBUG] [mixin/]: ae2.mixins.json:spatial.MinecraftServerMixin from mod ae2->@Inject::injectSpatialLevel(Lnet/minecraft/server/level/progress/ChunkProgressListener;Lorg/spongepowered/asm/mixin/injection/callback/CallbackInfo;)V doesn't use it's CallbackInfo
[04Mar2026 15:24:23.202] [main/DEBUG] [mixin/]: ae2.mixins.json:spatial.MinecraftServerMixin from mod ae2->@Inject::injectSpatialLevel(Lnet/minecraft/server/level/progress/ChunkProgressListener;Lorg/spongepowered/asm/mixin/injection/callback/CallbackInfo;)V has 0 override(s) in child classes
[04Mar2026 15:24:23.202] [main/DEBUG] [mixin/]: ae2.mixins.json:spatial.MinecraftServerMixin from mod ae2->@Inject::injectSpatialLevel(Lnet/minecraft/server/level/progress/ChunkProgressListener;Lorg/spongepowered/asm/mixin/injection/callback/CallbackInfo;)V won't be passed a CallbackInfo as a result
[04Mar2026 15:24:23.241] [main/DEBUG] [mixin/]: Mixing MixinLevelEvent from architectury.mixins.json into net.neoforged.neoforge.event.level.LevelEvent
[04Mar2026 15:24:23.241] [main/DEBUG] [mixin/]: architectury.mixins.json:MixinLevelEvent from mod architectury: Class version 65 required is higher than the class version supported by the current version of Mixin (JAVA_16 supports class version 60)
[04Mar2026 15:24:23.289] [main/DEBUG] [mixin/]: Mixing OverworldBiomeBuilderInvoker from nuclearcraft.mixins.json into net.minecraft.world.level.biome.OverworldBiomeBuilder
[04Mar2026 15:24:23.289] [main/DEBUG] [mixin/]: Mixing OverworldBiomeBuilderMixin from nuclearcraft.mixins.json into net.minecraft.world.level.biome.OverworldBiomeBuilder
[04Mar2026 15:24:23.296] [main/DEBUG] [mixin/]: nuclearcraft.mixins.json:OverworldBiomeBuilderMixin from mod nuclearcraft->@Inject::GE$writeLowBiomes(Ljava/util/function/Consumer;Lnet/minecraft/world/level/biome/Climate$Parameter;Lorg/spongepowered/asm/mixin/injection/callback/CallbackInfo;)V doesn't use it's CallbackInfo
[04Mar2026 15:24:23.297] [main/DEBUG] [mixin/]: nuclearcraft.mixins.json:OverworldBiomeBuilderMixin from mod nuclearcraft->@Inject::GE$writeMidBiomes(Ljava/util/function/Consumer;Lnet/minecraft/world/level/biome/Climate$Parameter;Lorg/spongepowered/asm/mixin/injection/callback/CallbackInfo;)V doesn't use it's CallbackInfo
[04Mar2026 15:24:23.297] [main/DEBUG] [mixin/]: nuclearcraft.mixins.json:OverworldBiomeBuilderMixin from mod nuclearcraft->@Inject::GE$writeHighBiomes(Ljava/util/function/Consumer;Lnet/minecraft/world/level/biome/Climate$Parameter;Lorg/spongepowered/asm/mixin/injection/callback/CallbackInfo;)V doesn't use it's CallbackInfo
[04Mar2026 15:24:23.560] [main/DEBUG] [mixin/]: Mixing tests.TestCommandMixin from ae2.mixins.json into net.minecraft.gametest.framework.TestCommand
[04Mar2026 15:24:23.561] [main/DEBUG] [mixin/]: ae2.mixins.json:tests.TestCommandMixin from mod ae2: Class version 65 required is higher than the class version supported by the current version of Mixin (JAVA_11 supports class version 55)
[04Mar2026 15:24:23.563] [main/DEBUG] [mixin/]: ae2.mixins.json:tests.TestCommandMixin from mod ae2->@Inject::verifyStructureExists(Lnet/minecraft/server/level/ServerLevel;Ljava/lang/String;Lorg/spongepowered/asm/mixin/injection/callback/CallbackInfoReturnable;)V does use it's CallbackInfoReturnable
[04Mar2026 15:24:23.595] [main/WARN] [net.minecraft.commands.Commands/]: Ambiguity between arguments [teleport, location] and [teleport, destination] with inputs: [0.1 -0.5 .9, 0 0 0]
[04Mar2026 15:24:23.596] [main/WARN] [net.minecraft.commands.Commands/]: Ambiguity between arguments [teleport, location] and [teleport, targets] with inputs: [0.1 -0.5 .9, 0 0 0]
[04Mar2026 15:24:23.599] [main/WARN] [net.minecraft.commands.Commands/]: Ambiguity between arguments [teleport, destination] and [teleport, targets] with inputs: [Player, 0123, @e, dd12be42-52a9-4a91-a8a1-11c01849e498]
[04Mar2026 15:24:23.600] [main/WARN] [net.minecraft.commands.Commands/]: Ambiguity between arguments [teleport, targets] and [teleport, destination] with inputs: [Player, 0123, dd12be42-52a9-4a91-a8a1-11c01849e498]
[04Mar2026 15:24:23.601] [main/WARN] [net.minecraft.commands.Commands/]: Ambiguity between arguments [teleport, targets, location] and [teleport, targets, destination] with inputs: [0.1 -0.5 .9, 0 0 0]
[04Mar2026 15:24:23.622] [main/DEBUG] [net.neoforged.fml.ModWorkManager/LOADING]: Using 32 threads for parallel mod-loading
[04Mar2026 15:24:23.628] [main/DEBUG] [net.neoforged.fml.javafmlmod.FMLModContainer/LOADING]: Creating FMLModContainer instance for [dev.emi.emi.platform.neoforge.EmiNeoForge]
[04Mar2026 15:24:23.629] [main/DEBUG] [net.neoforged.fml.javafmlmod.FMLModContainer/LOADING]: Creating FMLModContainer instance for [mcjty.theoneprobe.TheOneProbe]
[04Mar2026 15:24:23.631] [main/DEBUG] [net.neoforged.fml.javafmlmod.FMLModContainer/LOADING]: Creating FMLModContainer instance for [mekanism.common.Mekanism]
[04Mar2026 15:24:23.632] [main/DEBUG] [net.neoforged.fml.javafmlmod.FMLModContainer/LOADING]: Creating FMLModContainer instance for [vazkii.patchouli.neoforge.common.NeoForgeModInitializer]
[04Mar2026 15:24:23.633] [main/DEBUG] [net.neoforged.fml.javafmlmod.FMLModContainer/LOADING]: Creating FMLModContainer instance for [guideme.internal.GuideME]
[04Mar2026 15:24:23.633] [main/DEBUG] [net.neoforged.fml.javafmlmod.FMLModContainer/LOADING]: Creating FMLModContainer instance for [dev.architectury.neoforge.ArchitecturyNeoForge]
[04Mar2026 15:24:23.634] [main/DEBUG] [net.neoforged.fml.javafmlmod.FMLModContainer/LOADING]: Creating FMLModContainer instance for [dan200.computercraft.ComputerCraft]
[04Mar2026 15:24:23.635] [main/DEBUG] [net.neoforged.fml.javafmlmod.FMLModContainer/LOADING]: Creating FMLModContainer instance for [net.neoforged.neoforge.common.NeoForgeMod]
[04Mar2026 15:24:23.636] [main/DEBUG] [net.neoforged.fml.javafmlmod.FMLModContainer/LOADING]: Creating FMLModContainer instance for [igentuman.nc.NuclearCraft]
[04Mar2026 15:24:23.639] [main/DEBUG] [net.neoforged.fml.javafmlmod.FMLModContainer/LOADING]: Creating FMLModContainer instance for [mekanism.generators.common.MekanismGenerators]
[04Mar2026 15:24:23.640] [main/DEBUG] [net.neoforged.fml.javafmlmod.FMLModContainer/LOADING]: Creating FMLModContainer instance for [appeng.core.AppEngServer]
[04Mar2026 15:24:23.652] [modloading-worker-0/INFO] [igentuman.nc.NuclearCraft/]: JAR file path: /Users/caliane/Sources/nuclearcraft/build/resources/main
[04Mar2026 15:24:23.652] [modloading-worker-0/DEBUG] [net.neoforged.fml.javafmlmod.AutomaticEventSubscriber/LOADING]: Attempting to inject @EventBusSubscriber classes into the eventbus for guideme
[04Mar2026 15:24:23.652] [modloading-worker-0/INFO] [igentuman.nc.NuclearCraft/]: JAR file path: /Users/caliane/Sources/nuclearcraft/build/resources/main
[04Mar2026 15:24:23.653] [modloading-worker-0/DEBUG] [net.neoforged.fml.javafmlmod.AutomaticEventSubscriber/LOADING]: Attempting to inject @EventBusSubscriber classes into the eventbus for emi
[04Mar2026 15:24:23.653] [modloading-worker-0/DEBUG] [net.neoforged.fml.config.ConfigTracker/CONFIG]: Config file patchouli-client.toml for patchouli tracking
[04Mar2026 15:24:23.654] [modloading-worker-0/INFO] [igentuman.nc.NuclearCraft/]: JAR file path: /Users/caliane/Sources/nuclearcraft/build/resources/main
[04Mar2026 15:24:23.656] [modloading-worker-0/DEBUG] [net.neoforged.fml.config.ConfigTracker/CONFIG]: Config file NuclearCraft/client.toml for nuclearcraft tracking
[04Mar2026 15:24:23.656] [modloading-worker-0/DEBUG] [net.neoforged.fml.javafmlmod.AutomaticEventSubscriber/LOADING]: Attempting to inject @EventBusSubscriber classes into the eventbus for patchouli
[04Mar2026 15:24:23.656] [modloading-worker-0/DEBUG] [net.neoforged.fml.javafmlmod.AutomaticEventSubscriber/LOADING]: Scanning class vazkii.patchouli.neoforge.common.NeoForgeModInitializer for @SubscribeEvent-annotated methods
[04Mar2026 15:24:23.658] [modloading-worker-0/DEBUG] [net.neoforged.fml.javafmlmod.AutomaticEventSubscriber/]: Subscribing @EventBusSubscriber class Lvazkii/patchouli/neoforge/common/NeoForgeModInitializer; to the mod event bus of mod patchouli
[04Mar2026 15:24:23.662] [modloading-worker-0/DEBUG] [net.neoforged.fml.config.ConfigTracker/CONFIG]: Config file theoneprobe-client.toml for theoneprobe tracking
[04Mar2026 15:24:23.663] [modloading-worker-0/DEBUG] [net.neoforged.fml.config.ConfigTracker/CONFIG]: Config file theoneprobe-common.toml for theoneprobe tracking
[04Mar2026 15:24:23.666] [modloading-worker-0/DEBUG] [net.neoforged.fml.javafmlmod.AutomaticEventSubscriber/LOADING]: Attempting to inject @EventBusSubscriber classes into the eventbus for theoneprobe
[04Mar2026 15:24:23.666] [modloading-worker-0/DEBUG] [net.neoforged.fml.javafmlmod.AutomaticEventSubscriber/LOADING]: Scanning class mcjty.theoneprobe.config.ConfigReload for @SubscribeEvent-annotated methods
[04Mar2026 15:24:23.666] [modloading-worker-0/DEBUG] [net.neoforged.neoforge.internal.versions.neoforge.NeoForgeVersion/CORE]: Found NeoForge version 21.1.219
[04Mar2026 15:24:23.667] [modloading-worker-0/DEBUG] [net.neoforged.neoforge.internal.versions.neoforge.NeoForgeVersion/CORE]: Found FML version 4.0.42
[04Mar2026 15:24:23.667] [modloading-worker-0/INFO] [net.neoforged.neoforge.common.NeoForgeMod/NEOFORGE-MOD]: NeoForge mod loading, version 21.1.219, for MC 1.21.1
[04Mar2026 15:24:23.667] [modloading-worker-0/DEBUG] [net.neoforged.fml.javafmlmod.AutomaticEventSubscriber/]: Subscribing @EventBusSubscriber class Lmcjty/theoneprobe/config/ConfigReload; to the mod event bus of mod theoneprobe
[04Mar2026 15:24:23.670] [modloading-worker-0/DEBUG] [net.neoforged.fml.config.ConfigTracker/CONFIG]: Config file NuclearCraft/materials.toml for nuclearcraft tracking
[04Mar2026 15:24:23.676] [modloading-worker-0/DEBUG] [net.neoforged.fml.config.ConfigTracker/CONFIG]: Config file neoforge-client.toml for neoforge tracking
[04Mar2026 15:24:23.676] [modloading-worker-0/DEBUG] [net.neoforged.fml.config.ConfigTracker/CONFIG]: Config file NuclearCraft/ore_generation.toml for nuclearcraft tracking
[04Mar2026 15:24:23.676] [modloading-worker-0/DEBUG] [net.neoforged.fml.config.ConfigTracker/CONFIG]: Config file neoforge-server.toml for neoforge tracking
[04Mar2026 15:24:23.677] [modloading-worker-0/DEBUG] [net.neoforged.fml.config.ConfigTracker/CONFIG]: Config file neoforge-common.toml for neoforge tracking
[04Mar2026 15:24:23.682] [modloading-worker-0/DEBUG] [net.neoforged.fml.config.ConfigTracker/CONFIG]: Config file ae2-client.toml for ae2 tracking
[04Mar2026 15:24:23.683] [modloading-worker-0/DEBUG] [net.neoforged.fml.config.ConfigTracker/CONFIG]: Config file ae2-common.toml for ae2 tracking
[04Mar2026 15:24:23.688] [modloading-worker-0/DEBUG] [net.neoforged.fml.javafmlmod.AutomaticEventSubscriber/LOADING]: Attempting to inject @EventBusSubscriber classes into the eventbus for architectury
[04Mar2026 15:24:23.703] [modloading-worker-0/DEBUG] [net.neoforged.fml.config.ConfigTracker/CONFIG]: Config file NuclearCraft/common.toml for nuclearcraft tracking
[04Mar2026 15:24:23.704] [modloading-worker-0/DEBUG] [net.neoforged.fml.config.ConfigTracker/CONFIG]: Config file NuclearCraft/kugelblitz.toml for nuclearcraft tracking
[04Mar2026 15:24:23.706] [modloading-worker-0/DEBUG] [net.neoforged.fml.config.ConfigTracker/CONFIG]: Config file NuclearCraft/accelerator.toml for nuclearcraft tracking
[04Mar2026 15:24:23.716] [modloading-worker-0/DEBUG] [net.neoforged.fml.javafmlmod.AutomaticEventSubscriber/LOADING]: Attempting to inject @EventBusSubscriber classes into the eventbus for neoforge
[04Mar2026 15:24:23.716] [modloading-worker-0/DEBUG] [net.neoforged.fml.javafmlmod.AutomaticEventSubscriber/LOADING]: Scanning class net.neoforged.neoforge.common.DeferredSpawnEggItem$CommonHandler for @SubscribeEvent-annotated methods
[04Mar2026 15:24:23.718] [modloading-worker-0/DEBUG] [net.neoforged.fml.javafmlmod.AutomaticEventSubscriber/]: Subscribing @EventBusSubscriber class Lnet/neoforged/neoforge/common/DeferredSpawnEggItem$CommonHandler; to the mod event bus of mod neoforge
[04Mar2026 15:24:23.718] [modloading-worker-0/DEBUG] [net.neoforged.fml.javafmlmod.AutomaticEventSubscriber/LOADING]: Scanning class net.neoforged.neoforge.common.MonsterRoomHooks for @SubscribeEvent-annotated methods
[04Mar2026 15:24:23.719] [modloading-worker-0/DEBUG] [net.neoforged.fml.javafmlmod.AutomaticEventSubscriber/]: Subscribing @EventBusSubscriber class Lnet/neoforged/neoforge/common/MonsterRoomHooks; to the game event bus
[04Mar2026 15:24:23.720] [modloading-worker-0/DEBUG] [net.neoforged.fml.javafmlmod.AutomaticEventSubscriber/LOADING]: Scanning class net.neoforged.neoforge.network.ConfigurationInitialization for @SubscribeEvent-annotated methods
[04Mar2026 15:24:23.723] [modloading-worker-0/DEBUG] [net.neoforged.fml.javafmlmod.AutomaticEventSubscriber/]: Subscribing @EventBusSubscriber class Lnet/neoforged/neoforge/network/ConfigurationInitialization; to the mod event bus of mod neoforge
[04Mar2026 15:24:23.724] [modloading-worker-0/DEBUG] [net.neoforged.fml.javafmlmod.AutomaticEventSubscriber/LOADING]: Scanning class net.neoforged.neoforge.network.NetworkInitialization for @SubscribeEvent-annotated methods
[04Mar2026 15:24:23.725] [modloading-worker-0/DEBUG] [net.neoforged.fml.javafmlmod.AutomaticEventSubscriber/]: Subscribing @EventBusSubscriber class Lnet/neoforged/neoforge/network/NetworkInitialization; to the mod event bus of mod neoforge
[04Mar2026 15:24:23.725] [modloading-worker-0/DEBUG] [net.neoforged.fml.javafmlmod.AutomaticEventSubscriber/LOADING]: Scanning class net.neoforged.neoforge.network.filters.GenericPacketSplitter for @SubscribeEvent-annotated methods
[04Mar2026 15:24:23.742] [modloading-worker-0/DEBUG] [io.netty.buffer.AbstractByteBuf/]: -Dio.netty.buffer.checkAccessible: true
[04Mar2026 15:24:23.743] [modloading-worker-0/DEBUG] [io.netty.buffer.AbstractByteBuf/]: -Dio.netty.buffer.checkBounds: true
[04Mar2026 15:24:23.743] [modloading-worker-0/DEBUG] [io.netty.util.ResourceLeakDetectorFactory/]: Loaded default ResourceLeakDetector: io.netty.util.ResourceLeakDetector@6cb4cdb8
[04Mar2026 15:24:23.748] [modloading-worker-0/DEBUG] [io.netty.util.internal.InternalThreadLocalMap/]: -Dio.netty.threadLocalMap.stringBuilder.initialSize: 1024
[04Mar2026 15:24:23.748] [modloading-worker-0/DEBUG] [io.netty.util.internal.InternalThreadLocalMap/]: -Dio.netty.threadLocalMap.stringBuilder.maxSize: 4096
[04Mar2026 15:24:23.750] [modloading-worker-0/DEBUG] [io.netty.buffer.PooledByteBufAllocator/]: -Dio.netty.allocator.numHeapArenas: 64
[04Mar2026 15:24:23.750] [modloading-worker-0/DEBUG] [io.netty.buffer.PooledByteBufAllocator/]: -Dio.netty.allocator.numDirectArenas: 64
[04Mar2026 15:24:23.750] [modloading-worker-0/DEBUG] [io.netty.buffer.PooledByteBufAllocator/]: -Dio.netty.allocator.pageSize: 8192
[04Mar2026 15:24:23.750] [modloading-worker-0/DEBUG] [io.netty.buffer.PooledByteBufAllocator/]: -Dio.netty.allocator.maxOrder: 9
[04Mar2026 15:24:23.750] [modloading-worker-0/DEBUG] [io.netty.buffer.PooledByteBufAllocator/]: -Dio.netty.allocator.chunkSize: 4194304
[04Mar2026 15:24:23.750] [modloading-worker-0/DEBUG] [io.netty.buffer.PooledByteBufAllocator/]: -Dio.netty.allocator.smallCacheSize: 256
[04Mar2026 15:24:23.750] [modloading-worker-0/DEBUG] [io.netty.buffer.PooledByteBufAllocator/]: -Dio.netty.allocator.normalCacheSize: 64
[04Mar2026 15:24:23.750] [modloading-worker-0/DEBUG] [io.netty.buffer.PooledByteBufAllocator/]: -Dio.netty.allocator.maxCachedBufferCapacity: 32768
[04Mar2026 15:24:23.750] [modloading-worker-0/DEBUG] [io.netty.buffer.PooledByteBufAllocator/]: -Dio.netty.allocator.cacheTrimInterval: 8192
[04Mar2026 15:24:23.750] [modloading-worker-0/DEBUG] [io.netty.buffer.PooledByteBufAllocator/]: -Dio.netty.allocator.cacheTrimIntervalMillis: 0
[04Mar2026 15:24:23.750] [modloading-worker-0/DEBUG] [io.netty.buffer.PooledByteBufAllocator/]: -Dio.netty.allocator.useCacheForAllThreads: false
[04Mar2026 15:24:23.750] [modloading-worker-0/DEBUG] [io.netty.buffer.PooledByteBufAllocator/]: -Dio.netty.allocator.maxCachedByteBuffersPerChunk: 1023
[04Mar2026 15:24:23.753] [modloading-worker-0/DEBUG] [net.neoforged.fml.config.ConfigTracker/CONFIG]: Config file NuclearCraft/processors.toml for nuclearcraft tracking
[04Mar2026 15:24:23.754] [modloading-worker-0/DEBUG] [net.neoforged.fml.config.ConfigTracker/CONFIG]: Config file NuclearCraft/fission.toml for nuclearcraft tracking
[04Mar2026 15:24:23.758] [modloading-worker-0/DEBUG] [net.neoforged.fml.config.ConfigTracker/CONFIG]: Config file NuclearCraft/fusion.toml for nuclearcraft tracking
[04Mar2026 15:24:23.761] [modloading-worker-0/DEBUG] [io.netty.buffer.ByteBufUtil/]: -Dio.netty.allocator.type: pooled
[04Mar2026 15:24:23.761] [modloading-worker-0/DEBUG] [io.netty.buffer.ByteBufUtil/]: -Dio.netty.threadLocalDirectBufferSize: 0
[04Mar2026 15:24:23.761] [modloading-worker-0/DEBUG] [io.netty.buffer.ByteBufUtil/]: -Dio.netty.maxThreadLocalCharBufferSize: 16384
[04Mar2026 15:24:23.768] [modloading-worker-0/DEBUG] [net.neoforged.fml.javafmlmod.AutomaticEventSubscriber/]: Subscribing @EventBusSubscriber class Lnet/neoforged/neoforge/network/filters/GenericPacketSplitter; to the mod event bus of mod neoforge
[04Mar2026 15:24:23.769] [modloading-worker-0/DEBUG] [net.neoforged.fml.config.ConfigTracker/CONFIG]: Config file computercraft-server.toml for computercraft tracking
[04Mar2026 15:24:23.769] [modloading-worker-0/DEBUG] [net.neoforged.fml.config.ConfigTracker/CONFIG]: Config file computercraft-client.toml for computercraft tracking
[04Mar2026 15:24:23.769] [modloading-worker-0/DEBUG] [net.neoforged.fml.javafmlmod.AutomaticEventSubscriber/LOADING]: Attempting to inject @EventBusSubscriber classes into the eventbus for computercraft
[04Mar2026 15:24:23.770] [modloading-worker-0/DEBUG] [net.neoforged.fml.javafmlmod.AutomaticEventSubscriber/LOADING]: Scanning class dan200.computercraft.shared.ForgeCommonHooks for @SubscribeEvent-annotated methods
[04Mar2026 15:24:23.770] [modloading-worker-0/DEBUG] [net.neoforged.fml.javafmlmod.AutomaticEventSubscriber/LOADING]: Scanning class net.neoforged.neoforge.attachment.AttachmentInternals for @SubscribeEvent-annotated methods
[04Mar2026 15:24:23.771] [modloading-worker-0/DEBUG] [net.neoforged.fml.javafmlmod.AutomaticEventSubscriber/]: Subscribing @EventBusSubscriber class Lnet/neoforged/neoforge/attachment/AttachmentInternals; to the game event bus
[04Mar2026 15:24:23.771] [modloading-worker-0/DEBUG] [net.neoforged.fml.javafmlmod.AutomaticEventSubscriber/]: Subscribing @EventBusSubscriber class Ldan200/computercraft/shared/ForgeCommonHooks; to the game event bus
[04Mar2026 15:24:23.772] [modloading-worker-0/DEBUG] [net.neoforged.fml.javafmlmod.AutomaticEventSubscriber/LOADING]: Scanning class net.neoforged.neoforge.attachment.AttachmentSync for @SubscribeEvent-annotated methods
[04Mar2026 15:24:23.773] [modloading-worker-0/DEBUG] [net.neoforged.fml.javafmlmod.AutomaticEventSubscriber/LOADING]: Scanning class dan200.computercraft.ComputerCraft for @SubscribeEvent-annotated methods
[04Mar2026 15:24:23.774] [modloading-worker-0/DEBUG] [net.neoforged.fml.config.ConfigTracker/CONFIG]: Config file NuclearCraft/turbine.toml for nuclearcraft tracking
[04Mar2026 15:24:23.774] [modloading-worker-0/DEBUG] [net.neoforged.fml.javafmlmod.AutomaticEventSubscriber/]: Subscribing @EventBusSubscriber class Lnet/neoforged/neoforge/attachment/AttachmentSync; to the game event bus
[04Mar2026 15:24:23.775] [modloading-worker-0/DEBUG] [net.neoforged.fml.javafmlmod.AutomaticEventSubscriber/]: Subscribing @EventBusSubscriber class Ldan200/computercraft/ComputerCraft; to the mod event bus of mod computercraft
[04Mar2026 15:24:23.775] [modloading-worker-0/DEBUG] [net.neoforged.fml.config.ConfigTracker/CONFIG]: Config file NuclearCraft/radiation.toml for nuclearcraft tracking
[04Mar2026 15:24:23.775] [modloading-worker-0/DEBUG] [net.neoforged.fml.config.ConfigTracker/CONFIG]: Config file NuclearCraft/world.toml for nuclearcraft tracking
[04Mar2026 15:24:23.794] [modloading-worker-0/DEBUG] [net.neoforged.fml.config.ConfigTracker/CONFIG]: Config file Mekanism/client.toml for mekanism tracking
[04Mar2026 15:24:23.795] [modloading-worker-0/DEBUG] [net.neoforged.fml.config.ConfigTracker/CONFIG]: Config file Mekanism/common.toml for mekanism tracking
[04Mar2026 15:24:23.795] [modloading-worker-0/DEBUG] [net.neoforged.fml.config.ConfigTracker/CONFIG]: Config file Mekanism/general.toml for mekanism tracking
[04Mar2026 15:24:23.795] [modloading-worker-0/DEBUG] [net.neoforged.fml.config.ConfigTracker/CONFIG]: Config file Mekanism/gear.toml for mekanism tracking
[04Mar2026 15:24:23.795] [modloading-worker-0/DEBUG] [net.neoforged.fml.config.ConfigTracker/CONFIG]: Config file Mekanism/startup.toml for mekanism tracking
[04Mar2026 15:24:23.818] [modloading-worker-0/DEBUG] [net.neoforged.fml.config.ConfigTracker/CONFIG]: Loaded TOML config file /Users/caliane/Sources/nuclearcraft/runs/server/config/Mekanism/startup.toml
[04Mar2026 15:24:23.823] [modloading-worker-0/DEBUG] [net.neoforged.fml.config.ConfigTracker/CONFIG]: Watching TOML config file /Users/caliane/Sources/nuclearcraft/runs/server/config/Mekanism/startup.toml for changes
[04Mar2026 15:24:23.824] [modloading-worker-0/DEBUG] [net.neoforged.fml.config.ConfigTracker/CONFIG]: Config file Mekanism/machine-storage.toml for mekanism tracking
[04Mar2026 15:24:23.824] [modloading-worker-0/DEBUG] [net.neoforged.fml.config.ConfigTracker/CONFIG]: Config file Mekanism/tiers.toml for mekanism tracking
[04Mar2026 15:24:23.824] [modloading-worker-0/DEBUG] [net.neoforged.fml.config.ConfigTracker/CONFIG]: Config file Mekanism/machine-usage.toml for mekanism tracking
[04Mar2026 15:24:23.824] [modloading-worker-0/DEBUG] [net.neoforged.fml.config.ConfigTracker/CONFIG]: Config file Mekanism/world.toml for mekanism tracking
[04Mar2026 15:24:23.954] [modloading-worker-0/DEBUG] [net.neoforged.fml.javafmlmod.AutomaticEventSubscriber/LOADING]: Attempting to inject @EventBusSubscriber classes into the eventbus for nuclearcraft
[04Mar2026 15:24:23.954] [modloading-worker-0/DEBUG] [net.neoforged.fml.javafmlmod.AutomaticEventSubscriber/LOADING]: Scanning class igentuman.nc.handler.ModHandler for @SubscribeEvent-annotated methods
[04Mar2026 15:24:23.955] [modloading-worker-0/DEBUG] [net.neoforged.fml.javafmlmod.AutomaticEventSubscriber/]: Subscribing @EventBusSubscriber class Ligentuman/nc/handler/ModHandler; to the game event bus
[04Mar2026 15:24:23.955] [modloading-worker-0/DEBUG] [net.neoforged.fml.javafmlmod.AutomaticEventSubscriber/LOADING]: Scanning class igentuman.nc.handler.event.server.WorldEvents for @SubscribeEvent-annotated methods
[04Mar2026 15:24:23.957] [modloading-worker-0/DEBUG] [net.neoforged.fml.javafmlmod.AutomaticEventSubscriber/]: Subscribing @EventBusSubscriber class Ligentuman/nc/handler/event/server/WorldEvents; to the game event bus
[04Mar2026 15:24:23.959] [modloading-worker-0/DEBUG] [net.neoforged.fml.javafmlmod.AutomaticEventSubscriber/LOADING]: Scanning class igentuman.nc.handler.event.server.PlayerEvents for @SubscribeEvent-annotated methods
[04Mar2026 15:24:23.959] [modloading-worker-0/DEBUG] [net.neoforged.fml.javafmlmod.AutomaticEventSubscriber/]: Subscribing @EventBusSubscriber class Ligentuman/nc/handler/event/server/PlayerEvents; to the game event bus
[04Mar2026 15:24:23.960] [modloading-worker-0/DEBUG] [net.neoforged.fml.javafmlmod.AutomaticEventSubscriber/LOADING]: Scanning class igentuman.nc.network.PacketHandler for @SubscribeEvent-annotated methods
[04Mar2026 15:24:23.960] [modloading-worker-0/DEBUG] [net.neoforged.fml.javafmlmod.AutomaticEventSubscriber/]: Subscribing @EventBusSubscriber class Ligentuman/nc/network/PacketHandler; to the mod event bus of mod nuclearcraft
[04Mar2026 15:24:23.961] [modloading-worker-0/DEBUG] [net.neoforged.fml.javafmlmod.AutomaticEventSubscriber/LOADING]: Scanning class igentuman.nc.setup.registration.Entities for @SubscribeEvent-annotated methods
[04Mar2026 15:24:23.963] [modloading-worker-0/DEBUG] [net.neoforged.fml.javafmlmod.AutomaticEventSubscriber/]: Subscribing @EventBusSubscriber class Ligentuman/nc/setup/registration/Entities; to the mod event bus of mod nuclearcraft
[04Mar2026 15:24:23.963] [modloading-worker-0/DEBUG] [net.neoforged.fml.javafmlmod.AutomaticEventSubscriber/LOADING]: Scanning class igentuman.nc.setup.registration.NCCapabilities for @SubscribeEvent-annotated methods
[04Mar2026 15:24:23.965] [modloading-worker-0/DEBUG] [net.neoforged.fml.javafmlmod.AutomaticEventSubscriber/]: Subscribing @EventBusSubscriber class Ligentuman/nc/setup/registration/NCCapabilities; to the mod event bus of mod nuclearcraft
[04Mar2026 15:24:23.965] [modloading-worker-0/DEBUG] [net.neoforged.fml.javafmlmod.AutomaticEventSubscriber/LOADING]: Scanning class igentuman.nc.world.structure.ScientistHouseStructure for @SubscribeEvent-annotated methods
[04Mar2026 15:24:23.965] [modloading-worker-0/DEBUG] [net.neoforged.fml.javafmlmod.AutomaticEventSubscriber/]: Subscribing @EventBusSubscriber class Ligentuman/nc/world/structure/ScientistHouseStructure; to the game event bus
[04Mar2026 15:24:23.966] [modloading-worker-0/DEBUG] [net.neoforged.fml.javafmlmod.AutomaticEventSubscriber/LOADING]: Scanning class igentuman.nc.datagen.DataGenerators for @SubscribeEvent-annotated methods
[04Mar2026 15:24:23.968] [modloading-worker-0/DEBUG] [net.neoforged.fml.javafmlmod.AutomaticEventSubscriber/]: Subscribing @EventBusSubscriber class Ligentuman/nc/datagen/DataGenerators; to the mod event bus of mod nuclearcraft
[04Mar2026 15:24:23.978] [modloading-worker-0/DEBUG] [net.neoforged.fml.javafmlmod.AutomaticEventSubscriber/LOADING]: Attempting to inject @EventBusSubscriber classes into the eventbus for ae2
[04Mar2026 15:24:23.978] [modloading-worker-0/DEBUG] [net.neoforged.fml.javafmlmod.AutomaticEventSubscriber/LOADING]: Scanning class appeng.server.testplots.SpawnTestTools for @SubscribeEvent-annotated methods
[04Mar2026 15:24:23.978] [modloading-worker-0/DEBUG] [net.neoforged.fml.javafmlmod.AutomaticEventSubscriber/]: Subscribing @EventBusSubscriber class Lappeng/server/testplots/SpawnTestTools; to the game event bus
[04Mar2026 15:24:23.979] [modloading-worker-0/DEBUG] [net.neoforged.fml.javafmlmod.AutomaticEventSubscriber/LOADING]: Scanning class appeng.datagen.AE2DataGenerators for @SubscribeEvent-annotated methods
[04Mar2026 15:24:23.999] [modloading-worker-0/DEBUG] [net.neoforged.fml.javafmlmod.AutomaticEventSubscriber/]: Subscribing @EventBusSubscriber class Lappeng/datagen/AE2DataGenerators; to the mod event bus of mod ae2
[04Mar2026 15:24:24.368] [modloading-worker-0/DEBUG] [mixin/]: Mixing MekRadiationManager from nuclearcraft.mixins.json into mekanism.common.lib.radiation.RadiationManager
[04Mar2026 15:24:24.372] [modloading-worker-0/DEBUG] [mixin/]: nuclearcraft.mixins.json:MekRadiationManager from mod nuclearcraft->@Inject::isRadiationEnabled(Lorg/spongepowered/asm/mixin/injection/callback/CallbackInfoReturnable;)V does use it's CallbackInfoReturnable
[04Mar2026 15:24:24.372] [modloading-worker-0/DEBUG] [mixin/]: nuclearcraft.mixins.json:MekRadiationManager from mod nuclearcraft->@Inject::radiate(Lnet/minecraft/world/level/Level;Lnet/minecraft/core/BlockPos;DLorg/spongepowered/asm/mixin/injection/callback/CallbackInfo;)V does use it's CallbackInfo
[04Mar2026 15:24:24.379] [modloading-worker-0/DEBUG] [net.neoforged.fml.javafmlmod.AutomaticEventSubscriber/LOADING]: Attempting to inject @EventBusSubscriber classes into the eventbus for mekanism
[04Mar2026 15:24:24.380] [modloading-worker-0/DEBUG] [net.neoforged.fml.javafmlmod.AutomaticEventSubscriber/LOADING]: Scanning class mekanism.common.lib.transmitter.TransmitterNetworkRegistry for @SubscribeEvent-annotated methods
[04Mar2026 15:24:24.382] [modloading-worker-0/DEBUG] [net.neoforged.fml.javafmlmod.AutomaticEventSubscriber/]: Subscribing @EventBusSubscriber class Lmekanism/common/lib/transmitter/TransmitterNetworkRegistry; to the game event bus
[04Mar2026 15:24:24.382] [modloading-worker-0/DEBUG] [net.neoforged.fml.javafmlmod.AutomaticEventSubscriber/LOADING]: Scanning class mekanism.common.lib.radiation.PlayerExposure for @SubscribeEvent-annotated methods
[04Mar2026 15:24:24.383] [modloading-worker-0/DEBUG] [net.neoforged.fml.javafmlmod.AutomaticEventSubscriber/]: Subscribing @EventBusSubscriber class Lmekanism/common/lib/radiation/PlayerExposure; to the game event bus
[04Mar2026 15:24:24.383] [modloading-worker-0/DEBUG] [net.neoforged.fml.javafmlmod.AutomaticEventSubscriber/LOADING]: Scanning class mekanism.common.lib.radiation.MeltdownLevelData for @SubscribeEvent-annotated methods
[04Mar2026 15:24:24.384] [modloading-worker-0/DEBUG] [net.neoforged.fml.javafmlmod.AutomaticEventSubscriber/]: Subscribing @EventBusSubscriber class Lmekanism/common/lib/radiation/MeltdownLevelData; to the game event bus
[04Mar2026 15:24:24.385] [modloading-worker-0/DEBUG] [net.neoforged.fml.javafmlmod.AutomaticEventSubscriber/LOADING]: Scanning class mekanism.common.lib.multiblock.MultiblockManager for @SubscribeEvent-annotated methods
[04Mar2026 15:24:24.385] [modloading-worker-0/DEBUG] [net.neoforged.fml.javafmlmod.AutomaticEventSubscriber/]: Subscribing @EventBusSubscriber class Lmekanism/common/lib/multiblock/MultiblockManager; to the game event bus
[04Mar2026 15:24:24.395] [modloading-worker-0/DEBUG] [net.neoforged.fml.config.ConfigTracker/CONFIG]: Config file Mekanism/generators.toml for mekanismgenerators tracking
[04Mar2026 15:24:24.396] [modloading-worker-0/DEBUG] [net.neoforged.fml.config.ConfigTracker/CONFIG]: Config file Mekanism/generators-gear.toml for mekanismgenerators tracking
[04Mar2026 15:24:24.397] [modloading-worker-0/DEBUG] [net.neoforged.fml.config.ConfigTracker/CONFIG]: Config file Mekanism/generator-storage.toml for mekanismgenerators tracking
[04Mar2026 15:24:24.429] [modloading-worker-0/DEBUG] [net.neoforged.fml.javafmlmod.AutomaticEventSubscriber/LOADING]: Attempting to inject @EventBusSubscriber classes into the eventbus for mekanismgenerators
[04Mar2026 15:24:24.441] [modloading-sync-worker/DEBUG] [net.neoforged.neoforge.registries.GameData/REGISTRIES]: Unfreezing registries
[04Mar2026 15:24:25.367] [modloading-sync-worker/DEBUG] [net.neoforged.neoforge.registries.GameData/REGISTRIES]: Freezing registries
[04Mar2026 15:24:25.584] [modloading-sync-worker/DEBUG] [net.neoforged.neoforge.registries.GameData/REGISTRIES]: All registries frozen
[04Mar2026 15:24:25.585] [modloading-sync-worker/DEBUG] [net.neoforged.fml.config.ConfigTracker/CONFIG]: Loading configs type COMMON
[04Mar2026 15:24:25.586] [modloading-sync-worker/DEBUG] [mcjty.theoneprobe.TheOneProbe/]: Loaded theoneprobe config file theoneprobe-common.toml
[04Mar2026 15:24:25.586] [modloading-sync-worker/DEBUG] [net.neoforged.fml.config.ConfigTracker/CONFIG]: Loaded TOML config file /Users/caliane/Sources/nuclearcraft/runs/server/config/theoneprobe-common.toml
[04Mar2026 15:24:25.586] [modloading-sync-worker/DEBUG] [net.neoforged.fml.config.ConfigTracker/CONFIG]: Watching TOML config file /Users/caliane/Sources/nuclearcraft/runs/server/config/theoneprobe-common.toml for changes
[04Mar2026 15:24:25.592] [modloading-sync-worker/DEBUG] [net.neoforged.fml.config.ConfigTracker/CONFIG]: Loaded TOML config file /Users/caliane/Sources/nuclearcraft/runs/server/config/NuclearCraft/materials.toml
[04Mar2026 15:24:25.592] [modloading-sync-worker/DEBUG] [net.neoforged.fml.config.ConfigTracker/CONFIG]: Watching TOML config file /Users/caliane/Sources/nuclearcraft/runs/server/config/NuclearCraft/materials.toml for changes
[04Mar2026 15:24:25.595] [modloading-sync-worker/DEBUG] [net.neoforged.fml.config.ConfigTracker/CONFIG]: Loaded TOML config file /Users/caliane/Sources/nuclearcraft/runs/server/config/NuclearCraft/ore_generation.toml
[04Mar2026 15:24:25.595] [modloading-sync-worker/DEBUG] [net.neoforged.fml.config.ConfigTracker/CONFIG]: Watching TOML config file /Users/caliane/Sources/nuclearcraft/runs/server/config/NuclearCraft/ore_generation.toml for changes
[04Mar2026 15:24:25.596] [modloading-sync-worker/DEBUG] [net.neoforged.neoforge.common.NeoForgeConfig/FORGEMOD]: Loaded NeoForge config file neoforge-common.toml
[04Mar2026 15:24:25.596] [modloading-sync-worker/DEBUG] [net.neoforged.fml.config.ConfigTracker/CONFIG]: Loaded TOML config file /Users/caliane/Sources/nuclearcraft/runs/server/config/neoforge-common.toml
[04Mar2026 15:24:25.596] [modloading-sync-worker/DEBUG] [net.neoforged.fml.config.ConfigTracker/CONFIG]: Watching TOML config file /Users/caliane/Sources/nuclearcraft/runs/server/config/neoforge-common.toml for changes
[04Mar2026 15:24:25.602] [modloading-sync-worker/DEBUG] [net.neoforged.fml.config.ConfigTracker/CONFIG]: Loaded TOML config file /Users/caliane/Sources/nuclearcraft/runs/server/config/ae2-common.toml
[04Mar2026 15:24:25.602] [modloading-sync-worker/DEBUG] [net.neoforged.fml.config.ConfigTracker/CONFIG]: Watching TOML config file /Users/caliane/Sources/nuclearcraft/runs/server/config/ae2-common.toml for changes
[04Mar2026 15:24:25.603] [modloading-sync-worker/WARN] [net.neoforged.fml.config.ConfigTracker/CONFIG]: Configuration file /Users/caliane/Sources/nuclearcraft/runs/server/config/NuclearCraft/common.toml is not correct. Correcting
[04Mar2026 15:24:25.607] [modloading-sync-worker/DEBUG] [net.neoforged.fml.config.ConfigTracker/CONFIG]: Loaded TOML config file /Users/caliane/Sources/nuclearcraft/runs/server/config/NuclearCraft/common.toml
[04Mar2026 15:24:25.607] [modloading-sync-worker/DEBUG] [net.neoforged.fml.config.ConfigTracker/CONFIG]: Watching TOML config file /Users/caliane/Sources/nuclearcraft/runs/server/config/NuclearCraft/common.toml for changes
[04Mar2026 15:24:25.607] [modloading-sync-worker/DEBUG] [net.neoforged.fml.config.ConfigTracker/CONFIG]: Loaded TOML config file /Users/caliane/Sources/nuclearcraft/runs/server/config/NuclearCraft/kugelblitz.toml
[04Mar2026 15:24:25.608] [modloading-sync-worker/DEBUG] [net.neoforged.fml.config.ConfigTracker/CONFIG]: Watching TOML config file /Users/caliane/Sources/nuclearcraft/runs/server/config/NuclearCraft/kugelblitz.toml for changes
[04Mar2026 15:24:25.608] [modloading-sync-worker/DEBUG] [net.neoforged.fml.config.ConfigTracker/CONFIG]: Loaded TOML config file /Users/caliane/Sources/nuclearcraft/runs/server/config/NuclearCraft/accelerator.toml
[04Mar2026 15:24:25.608] [modloading-sync-worker/DEBUG] [net.neoforged.fml.config.ConfigTracker/CONFIG]: Watching TOML config file /Users/caliane/Sources/nuclearcraft/runs/server/config/NuclearCraft/accelerator.toml for changes
[04Mar2026 15:24:25.611] [modloading-sync-worker/DEBUG] [net.neoforged.fml.config.ConfigTracker/CONFIG]: Loaded TOML config file /Users/caliane/Sources/nuclearcraft/runs/server/config/NuclearCraft/processors.toml
[04Mar2026 15:24:25.611] [modloading-sync-worker/DEBUG] [net.neoforged.fml.config.ConfigTracker/CONFIG]: Watching TOML config file /Users/caliane/Sources/nuclearcraft/runs/server/config/NuclearCraft/processors.toml for changes
[04Mar2026 15:24:25.612] [modloading-sync-worker/DEBUG] [net.neoforged.fml.config.ConfigTracker/CONFIG]: Loaded TOML config file /Users/caliane/Sources/nuclearcraft/runs/server/config/NuclearCraft/fission.toml
[04Mar2026 15:24:25.612] [modloading-sync-worker/DEBUG] [net.neoforged.fml.config.ConfigTracker/CONFIG]: Watching TOML config file /Users/caliane/Sources/nuclearcraft/runs/server/config/NuclearCraft/fission.toml for changes
[04Mar2026 15:24:25.613] [modloading-sync-worker/DEBUG] [net.neoforged.fml.config.ConfigTracker/CONFIG]: Loaded TOML config file /Users/caliane/Sources/nuclearcraft/runs/server/config/NuclearCraft/fusion.toml
[04Mar2026 15:24:25.613] [modloading-sync-worker/DEBUG] [net.neoforged.fml.config.ConfigTracker/CONFIG]: Watching TOML config file /Users/caliane/Sources/nuclearcraft/runs/server/config/NuclearCraft/fusion.toml for changes
[04Mar2026 15:24:25.614] [modloading-sync-worker/DEBUG] [net.neoforged.fml.config.ConfigTracker/CONFIG]: Loaded TOML config file /Users/caliane/Sources/nuclearcraft/runs/server/config/NuclearCraft/turbine.toml
[04Mar2026 15:24:25.614] [modloading-sync-worker/DEBUG] [net.neoforged.fml.config.ConfigTracker/CONFIG]: Watching TOML config file /Users/caliane/Sources/nuclearcraft/runs/server/config/NuclearCraft/turbine.toml for changes
[04Mar2026 15:24:25.615] [modloading-sync-worker/DEBUG] [net.neoforged.fml.config.ConfigTracker/CONFIG]: Loaded TOML config file /Users/caliane/Sources/nuclearcraft/runs/server/config/NuclearCraft/radiation.toml
[04Mar2026 15:24:25.615] [modloading-sync-worker/DEBUG] [net.neoforged.fml.config.ConfigTracker/CONFIG]: Watching TOML config file /Users/caliane/Sources/nuclearcraft/runs/server/config/NuclearCraft/radiation.toml for changes
[04Mar2026 15:24:25.615] [modloading-sync-worker/DEBUG] [net.neoforged.fml.config.ConfigTracker/CONFIG]: Loaded TOML config file /Users/caliane/Sources/nuclearcraft/runs/server/config/NuclearCraft/world.toml
[04Mar2026 15:24:25.615] [modloading-sync-worker/DEBUG] [net.neoforged.fml.config.ConfigTracker/CONFIG]: Watching TOML config file /Users/caliane/Sources/nuclearcraft/runs/server/config/NuclearCraft/world.toml for changes
[04Mar2026 15:24:25.616] [modloading-sync-worker/DEBUG] [net.neoforged.fml.config.ConfigTracker/CONFIG]: Loaded TOML config file /Users/caliane/Sources/nuclearcraft/runs/server/config/Mekanism/common.toml
[04Mar2026 15:24:25.617] [modloading-sync-worker/DEBUG] [net.neoforged.fml.config.ConfigTracker/CONFIG]: Watching TOML config file /Users/caliane/Sources/nuclearcraft/runs/server/config/Mekanism/common.toml for changes
[04Mar2026 15:24:25.619] [modloading-worker-0/INFO] [mekanism.common.Mekanism/]: Version 10.7.18 initializing...
[04Mar2026 15:24:25.624] [modloading-worker-0/DEBUG] [patchouli/]: Instantiating xplat impl: vazkii.patchouli.neoforge.xplat.NeoForgeXplatImpl
[04Mar2026 15:24:25.691] [modloading-worker-0/INFO] [mekanism.common.Mekanism/]: Initialized HolidayManager.
[04Mar2026 15:24:25.714] [modloading-worker-0/INFO] [mekanism.common.Mekanism/]: Fake player readout: UUID = 46e82cd0-d480-3d48-800a-77431ede078e, name = [Mekanism]
[04Mar2026 15:24:25.714] [modloading-worker-0/INFO] [mekanism.common.Mekanism/]: Mod loaded.
[04Mar2026 15:24:25.715] [modloading-worker-0/INFO] [mekanism.common.Mekanism/]: Loaded 'Mekanism: Generators' module.
[04Mar2026 15:24:25.715] [modloading-sync-worker/DEBUG] [net.neoforged.fml.DeferredWorkQueue/LOADING]: Dispatching synchronous work for work queue Common setup: 6 jobs
[04Mar2026 15:24:25.802] [modloading-sync-worker/DEBUG] [net.neoforged.fml.DeferredWorkQueue/LOADING]: Synchronous work queue completed in 85.59 ms
[04Mar2026 15:24:25.894] [NeoForge Version Check/INFO] [net.neoforged.fml.VersionChecker/]: [computercraft] Starting version check at https://api.modrinth.com/updates/cc-tweaked/forge_updates.json
[04Mar2026 15:24:25.930] [modloading-worker-0/DEBUG] [mekanism.common.Mekanism/]: Received IMC message 'add_module_container' from 'mekanism' for new module container 'mekanism:meka_tool' with an imcMethod 'add_meka_tool_modules'.
[04Mar2026 15:24:25.930] [modloading-worker-0/DEBUG] [mekanism.common.Mekanism/]: Received IMC message 'add_module_container' from 'mekanism' for new module container 'mekanism:mekasuit_helmet' with an imcMethod 'add_meka_suit_helmet_modules'.
[04Mar2026 15:24:25.930] [modloading-worker-0/DEBUG] [mekanism.common.Mekanism/]: Received IMC message 'add_module_container' from 'mekanism' for new module container 'mekanism:mekasuit_bodyarmor' with an imcMethod 'add_meka_suit_bodyarmor_modules'.
[04Mar2026 15:24:25.930] [modloading-worker-0/DEBUG] [mekanism.common.Mekanism/]: Received IMC message 'add_module_container' from 'mekanism' for new module container 'mekanism:mekasuit_pants' with an imcMethod 'add_meka_suit_pants_modules'.
[04Mar2026 15:24:25.930] [modloading-worker-0/DEBUG] [mekanism.common.Mekanism/]: Received IMC message 'add_module_container' from 'mekanism' for new module container 'mekanism:mekasuit_boots' with an imcMethod 'add_meka_suit_boots_modules'.
[04Mar2026 15:24:25.930] [modloading-worker-0/DEBUG] [mekanism.common.Mekanism/]: Received IMC message 'add_meka_tool_modules' from 'mekanism' for module 'mekanism:energy_unit'.
[04Mar2026 15:24:25.930] [modloading-worker-0/DEBUG] [mekanism.common.Mekanism/]: Received IMC message 'add_meka_tool_modules' from 'mekanism' for module 'mekanism:attack_amplification_unit'.
[04Mar2026 15:24:25.930] [modloading-worker-0/DEBUG] [mekanism.common.Mekanism/]: Received IMC message 'add_meka_tool_modules' from 'mekanism' for module 'mekanism:silk_touch_unit'.
[04Mar2026 15:24:25.930] [modloading-worker-0/DEBUG] [mekanism.common.Mekanism/]: Received IMC message 'add_meka_tool_modules' from 'mekanism' for module 'mekanism:fortune_unit'.
[04Mar2026 15:24:25.930] [modloading-worker-0/DEBUG] [mekanism.common.Mekanism/]: Received IMC message 'add_meka_tool_modules' from 'mekanism' for module 'mekanism:blasting_unit'.
[04Mar2026 15:24:25.931] [modloading-worker-0/DEBUG] [mekanism.common.Mekanism/]: Received IMC message 'add_meka_tool_modules' from 'mekanism' for module 'mekanism:vein_mining_unit'.
[04Mar2026 15:24:25.931] [modloading-worker-0/DEBUG] [mekanism.common.Mekanism/]: Received IMC message 'add_meka_tool_modules' from 'mekanism' for module 'mekanism:farming_unit'.
[04Mar2026 15:24:25.931] [modloading-worker-0/DEBUG] [mekanism.common.Mekanism/]: Received IMC message 'add_meka_tool_modules' from 'mekanism' for module 'mekanism:shearing_unit'.
[04Mar2026 15:24:25.931] [modloading-worker-0/DEBUG] [mekanism.common.Mekanism/]: Received IMC message 'add_meka_tool_modules' from 'mekanism' for module 'mekanism:teleportation_unit'.
[04Mar2026 15:24:25.931] [modloading-worker-0/DEBUG] [mekanism.common.Mekanism/]: Received IMC message 'add_meka_tool_modules' from 'mekanism' for module 'mekanism:excavation_escalation_unit'.
[04Mar2026 15:24:25.931] [modloading-worker-0/DEBUG] [mekanism.common.Mekanism/]: Received IMC message 'add_meka_suit_helmet_modules' from 'mekanism' for module 'mekanism:energy_unit'.
[04Mar2026 15:24:25.931] [modloading-worker-0/DEBUG] [mekanism.common.Mekanism/]: Received IMC message 'add_meka_suit_helmet_modules' from 'mekanism' for module 'mekanism:color_modulation_unit'.
[04Mar2026 15:24:25.931] [modloading-worker-0/DEBUG] [mekanism.common.Mekanism/]: Received IMC message 'add_meka_suit_helmet_modules' from 'mekanism' for module 'mekanism:laser_dissipation_unit'.
[04Mar2026 15:24:25.931] [modloading-worker-0/DEBUG] [mekanism.common.Mekanism/]: Received IMC message 'add_meka_suit_helmet_modules' from 'mekanism' for module 'mekanism:radiation_shielding_unit'.
[04Mar2026 15:24:25.931] [modloading-worker-0/DEBUG] [mekanism.common.Mekanism/]: Received IMC message 'add_meka_suit_helmet_modules' from 'mekanism' for module 'mekanism:electrolytic_breathing_unit'.
[04Mar2026 15:24:25.931] [modloading-worker-0/DEBUG] [mekanism.common.Mekanism/]: Received IMC message 'add_meka_suit_helmet_modules' from 'mekanism' for module 'mekanism:inhalation_purification_unit'.
[04Mar2026 15:24:25.931] [modloading-worker-0/DEBUG] [mekanism.common.Mekanism/]: Received IMC message 'add_meka_suit_helmet_modules' from 'mekanism' for module 'mekanism:vision_enhancement_unit'.
[04Mar2026 15:24:25.931] [modloading-worker-0/DEBUG] [mekanism.common.Mekanism/]: Received IMC message 'add_meka_suit_helmet_modules' from 'mekanism' for module 'mekanism:nutritional_injection_unit'.
[04Mar2026 15:24:25.931] [modloading-worker-0/DEBUG] [mekanism.common.Mekanism/]: Received IMC message 'add_meka_suit_helmet_modules' from 'mekanismgenerators' for module 'mekanismgenerators:solar_recharging_unit'.
[04Mar2026 15:24:25.931] [modloading-worker-0/DEBUG] [mekanism.common.Mekanism/]: Received IMC message 'add_meka_suit_bodyarmor_modules' from 'mekanism' for module 'mekanism:energy_unit'.
[04Mar2026 15:24:25.931] [modloading-worker-0/DEBUG] [mekanism.common.Mekanism/]: Received IMC message 'add_meka_suit_bodyarmor_modules' from 'mekanism' for module 'mekanism:color_modulation_unit'.
[04Mar2026 15:24:25.931] [modloading-worker-0/DEBUG] [mekanism.common.Mekanism/]: Received IMC message 'add_meka_suit_bodyarmor_modules' from 'mekanism' for module 'mekanism:laser_dissipation_unit'.
[04Mar2026 15:24:25.931] [modloading-worker-0/DEBUG] [mekanism.common.Mekanism/]: Received IMC message 'add_meka_suit_bodyarmor_modules' from 'mekanism' for module 'mekanism:radiation_shielding_unit'.
[04Mar2026 15:24:25.931] [modloading-worker-0/DEBUG] [mekanism.common.Mekanism/]: Received IMC message 'add_meka_suit_bodyarmor_modules' from 'mekanism' for module 'mekanism:jetpack_unit'.
[04Mar2026 15:24:25.931] [modloading-worker-0/DEBUG] [mekanism.common.Mekanism/]: Received IMC message 'add_meka_suit_bodyarmor_modules' from 'mekanism' for module 'mekanism:gravitational_modulating_unit'.
[04Mar2026 15:24:25.931] [modloading-worker-0/DEBUG] [mekanism.common.Mekanism/]: Received IMC message 'add_meka_suit_bodyarmor_modules' from 'mekanism' for module 'mekanism:charge_distribution_unit'.
[04Mar2026 15:24:25.931] [modloading-worker-0/DEBUG] [mekanism.common.Mekanism/]: Received IMC message 'add_meka_suit_bodyarmor_modules' from 'mekanism' for module 'mekanism:dosimeter_unit'.
[04Mar2026 15:24:25.931] [modloading-worker-0/DEBUG] [mekanism.common.Mekanism/]: Received IMC message 'add_meka_suit_bodyarmor_modules' from 'mekanism' for module 'mekanism:geiger_unit'.
[04Mar2026 15:24:25.931] [modloading-worker-0/DEBUG] [mekanism.common.Mekanism/]: Received IMC message 'add_meka_suit_bodyarmor_modules' from 'mekanism' for module 'mekanism:elytra_unit'.
[04Mar2026 15:24:25.931] [modloading-worker-0/DEBUG] [mekanism.common.Mekanism/]: Received IMC message 'add_meka_suit_pants_modules' from 'mekanism' for module 'mekanism:energy_unit'.
[04Mar2026 15:24:25.931] [modloading-worker-0/DEBUG] [mekanism.common.Mekanism/]: Received IMC message 'add_meka_suit_pants_modules' from 'mekanism' for module 'mekanism:color_modulation_unit'.
[04Mar2026 15:24:25.931] [modloading-worker-0/DEBUG] [mekanism.common.Mekanism/]: Received IMC message 'add_meka_suit_pants_modules' from 'mekanism' for module 'mekanism:laser_dissipation_unit'.
[04Mar2026 15:24:25.931] [modloading-worker-0/DEBUG] [mekanism.common.Mekanism/]: Received IMC message 'add_meka_suit_pants_modules' from 'mekanism' for module 'mekanism:radiation_shielding_unit'.
[04Mar2026 15:24:25.931] [modloading-worker-0/DEBUG] [mekanism.common.Mekanism/]: Received IMC message 'add_meka_suit_pants_modules' from 'mekanism' for module 'mekanism:locomotive_boosting_unit'.
[04Mar2026 15:24:25.931] [modloading-worker-0/DEBUG] [mekanism.common.Mekanism/]: Received IMC message 'add_meka_suit_pants_modules' from 'mekanism' for module 'mekanism:gyroscopic_stabilization_unit'.
[04Mar2026 15:24:25.931] [modloading-worker-0/DEBUG] [mekanism.common.Mekanism/]: Received IMC message 'add_meka_suit_pants_modules' from 'mekanism' for module 'mekanism:hydrostatic_repulsor_unit'.
[04Mar2026 15:24:25.931] [modloading-worker-0/DEBUG] [mekanism.common.Mekanism/]: Received IMC message 'add_meka_suit_pants_modules' from 'mekanism' for module 'mekanism:motorized_servo_unit'.
[04Mar2026 15:24:25.931] [modloading-worker-0/DEBUG] [mekanism.common.Mekanism/]: Received IMC message 'add_meka_suit_pants_modules' from 'mekanismgenerators' for module 'mekanismgenerators:geothermal_generator_unit'.
[04Mar2026 15:24:25.931] [modloading-worker-0/DEBUG] [mekanism.common.Mekanism/]: Received IMC message 'add_meka_suit_boots_modules' from 'mekanism' for module 'mekanism:energy_unit'.
[04Mar2026 15:24:25.931] [modloading-worker-0/DEBUG] [mekanism.common.Mekanism/]: Received IMC message 'add_meka_suit_boots_modules' from 'mekanism' for module 'mekanism:color_modulation_unit'.
[04Mar2026 15:24:25.931] [modloading-worker-0/DEBUG] [mekanism.common.Mekanism/]: Received IMC message 'add_meka_suit_boots_modules' from 'mekanism' for module 'mekanism:laser_dissipation_unit'.
[04Mar2026 15:24:25.931] [modloading-worker-0/DEBUG] [mekanism.common.Mekanism/]: Received IMC message 'add_meka_suit_boots_modules' from 'mekanism' for module 'mekanism:radiation_shielding_unit'.
[04Mar2026 15:24:25.931] [modloading-worker-0/DEBUG] [mekanism.common.Mekanism/]: Received IMC message 'add_meka_suit_boots_modules' from 'mekanism' for module 'mekanism:hydraulic_propulsion_unit'.
[04Mar2026 15:24:25.931] [modloading-worker-0/DEBUG] [mekanism.common.Mekanism/]: Received IMC message 'add_meka_suit_boots_modules' from 'mekanism' for module 'mekanism:magnetic_attraction_unit'.
[04Mar2026 15:24:25.931] [modloading-worker-0/DEBUG] [mekanism.common.Mekanism/]: Received IMC message 'add_meka_suit_boots_modules' from 'mekanism' for module 'mekanism:frost_walker_unit'.
[04Mar2026 15:24:25.931] [modloading-worker-0/DEBUG] [mekanism.common.Mekanism/]: Received IMC message 'add_meka_suit_boots_modules' from 'mekanism' for module 'mekanism:soul_surfer_unit'.
[04Mar2026 15:24:25.949] [modloading-worker-0/DEBUG] [appeng.integration.modules.igtooltip.TooltipProviders/]: Registering default-data for BE BaseClass[blockEntity=class appeng.blockentity.AEBaseBlockEntity, block=class appeng.block.AEBaseEntityBlock] and sub-classes
[04Mar2026 15:24:25.950] [modloading-worker-0/DEBUG] [appeng.integration.modules.igtooltip.TooltipProviders/]: Registering part host provider for BaseClass[blockEntity=class appeng.blockentity.networking.CableBusBlockEntity, block=class appeng.block.networking.CableBusBlock] and sub-classes
[04Mar2026 15:24:25.951] [modloading-worker-0/DEBUG] [appeng.integration.modules.igtooltip.TooltipProviders/]: Registering default client providers for BE BaseClass[blockEntity=class appeng.blockentity.AEBaseBlockEntity, block=class appeng.block.AEBaseEntityBlock] and sub-classes
[04Mar2026 15:24:25.951] [modloading-worker-0/DEBUG] [appeng.integration.modules.igtooltip.TooltipProviders/]: Registering part host provider for BaseClass[blockEntity=class appeng.blockentity.networking.CableBusBlockEntity, block=class appeng.block.networking.CableBusBlock] and sub-classes
[04Mar2026 15:24:26.086] [main/INFO] [com.mojang.authlib.yggdrasil.YggdrasilAuthenticationService/]: Environment: Environment[sessionHost=https://sessionserver.mojang.com, servicesHost=https://api.minecraftservices.com, name=PROD]
[04Mar2026 15:24:26.164] [main/WARN] [net.minecraft.server.packs.VanillaPackResourcesBuilder/]: Assets URL 'union:/Users/caliane/Sources/nuclearcraft/.gradle/repositories/ng_dummy_ng/net/neoforged/neoforge/21.1.219/neoforge-21.1.219.jar%23188!/assets/.mcassetsroot' uses unexpected schema
[04Mar2026 15:24:26.164] [main/WARN] [net.minecraft.server.packs.VanillaPackResourcesBuilder/]: Assets URL 'union:/Users/caliane/Sources/nuclearcraft/.gradle/repositories/ng_dummy_ng/net/neoforged/neoforge/21.1.219/neoforge-21.1.219.jar%23188!/data/.mcassetsroot' uses unexpected schema
[04Mar2026 15:24:26.513] [NeoForge Version Check/DEBUG] [net.neoforged.fml.VersionChecker/]: [computercraft] Received version check data:
{"homepage":"https://modrinth.com/mod/cc-tweaked","promos":{"1.4.7-recommended":"1.115.1","1.19.2-recommended":"1.19.2-1.101.4","1.17.1-recommended":"1.17.1-1.100.4","1.15.2-recommended":"1.15.2-1.97.1","1.19.1-latest":"1.19.1-1.100.9","1.18.2-latest":"1.18.2-1.101.3","1.20-recommended":"1.105.0","1.19.3-recommended":"1.19.3-1.103.1","1.19.2-latest":"1.19.2-1.101.4","1.17.1-latest":"1.17.1-1.100.4","1.18.1-latest":"1.18.1-1.100.2","1.4.7-latest":"1.115.1","1.19.4-recommended":"1.108.0","1.18.2-recommended":"1.18.2-1.101.3","1.19.4-latest":"1.108.0","1.16.4-recommended":"1.96.0","1.20-latest":"1.105.0","1.16.4-latest":"1.96.0","1.19.3-latest":"1.19.3-1.103.1","1.19-latest":"1.19-1.100.8","1.20.1-latest":"1.117.1","1.20.1-recommended":"1.117.1","1.16.5-recommended":"1.16.5-1.101.3","1.15.2-latest":"1.15.2-1.97.1","1.18-latest":"1.18-1.99.0","1.18.1-recommended":"1.18.1-1.100.2","1.16.5-latest":"1.16.5-1.101.3"}}
[04Mar2026 15:24:26.514] [NeoForge Version Check/INFO] [net.neoforged.fml.VersionChecker/]: [computercraft] Found status: BETA Current: 1.117.0 Target: null
[04Mar2026 15:24:26.894] [Worker-Main-3/INFO] [AE2:C/]: Scanning class appeng.server.testplots.AutoCraftingTestPlots for plots
[04Mar2026 15:24:26.896] [Worker-Main-3/INFO] [AE2:C/]: Scanning class appeng.server.testplots.SpawnExtraGridTestTools for plots
[04Mar2026 15:24:26.897] [Worker-Main-3/INFO] [AE2:C/]: Scanning class appeng.server.testplots.PatternProviderPlots for plots
[04Mar2026 15:24:26.897] [Worker-Main-3/INFO] [AE2:C/]: Scanning class appeng.server.testplots.CrystalResonanceGeneratorTestPlots for plots
[04Mar2026 15:24:26.897] [Worker-Main-3/INFO] [AE2:C/]: Scanning class appeng.server.testplots.InterfaceTestPlots for plots
[04Mar2026 15:24:26.897] [Worker-Main-3/INFO] [AE2:C/]: Scanning class appeng.server.testplots.PatternProviderLockModePlots for plots
[04Mar2026 15:24:26.897] [Worker-Main-3/INFO] [AE2:C/]: Scanning class appeng.server.testplots.ItemP2PTestPlots for plots
[04Mar2026 15:24:26.897] [Worker-Main-3/INFO] [AE2:C/]: Scanning class appeng.server.testplots.InvalidPatternTestPlot for plots
[04Mar2026 15:24:26.897] [Worker-Main-3/INFO] [AE2:C/]: Scanning class appeng.server.testplots.MemoryCardTestPlots for plots
[04Mar2026 15:24:26.898] [Worker-Main-3/INFO] [AE2:C/]: Scanning class appeng.server.testplots.AnnihilationPlaneTests for plots
[04Mar2026 15:24:26.898] [Worker-Main-3/INFO] [AE2:C/]: Scanning class appeng.server.testplots.InscriberTestPlots for plots
[04Mar2026 15:24:26.902] [Worker-Main-3/INFO] [AE2:C/]: Scanning class appeng.server.testplots.GuidebookPlot for plots
[04Mar2026 15:24:26.902] [Worker-Main-3/INFO] [AE2:C/]: Scanning class appeng.server.testplots.SubnetPlots for plots
[04Mar2026 15:24:26.902] [Worker-Main-3/INFO] [AE2:C/]: Scanning class appeng.server.testplots.P2PTestPlots for plots
[04Mar2026 15:24:26.903] [Worker-Main-3/INFO] [AE2:C/]: Scanning class appeng.server.testplots.QnbTestPlots for plots
[04Mar2026 15:24:26.903] [Worker-Main-3/INFO] [AE2:C/]: Scanning class appeng.server.testplots.ExternalEnergyTestPlots for plots
[04Mar2026 15:24:26.903] [Worker-Main-3/INFO] [AE2:C/]: Scanning class appeng.server.testplots.ChannelTests for plots
[04Mar2026 15:24:26.903] [Worker-Main-3/INFO] [AE2:C/]: Scanning class appeng.server.testplots.TestPlots for plots
[04Mar2026 15:24:26.904] [Worker-Main-3/INFO] [AE2:C/]: Scanning class appeng.server.testplots.SpatialTestPlots for plots
[04Mar2026 15:24:27.394] [main/INFO] [net.minecraft.world.item.crafting.RecipeManager/]: Loaded 6562 recipes
[04Mar2026 15:24:27.580] [main/INFO] [net.minecraft.advancements.AdvancementTree/]: Loaded 2838 advancements
[04Mar2026 15:24:28.035] [main/DEBUG] [net.neoforged.neoforge.common.CommonHooks/WP]: Gathered mod list to write to world save world
[04Mar2026 15:24:28.056] [Server thread/INFO] [net.minecraft.server.dedicated.DedicatedServer/]: Starting minecraft server version 1.21.1
[04Mar2026 15:24:28.057] [Server thread/INFO] [net.minecraft.server.dedicated.DedicatedServer/]: Loading properties
[04Mar2026 15:24:28.057] [Server thread/INFO] [net.minecraft.server.dedicated.DedicatedServer/]: Default game type: CREATIVE
[04Mar2026 15:24:28.057] [Server thread/INFO] [net.minecraft.server.MinecraftServer/]: Generating keypair
[04Mar2026 15:24:28.140] [Server thread/INFO] [net.minecraft.server.dedicated.DedicatedServer/]: Starting Minecraft server on *:25565
[04Mar2026 15:24:28.141] [Server thread/DEBUG] [net.neoforged.neoforge.network.DualStackUtils/]: Detected IPv6 address: "0:0:0:0:0:0:0:0"
[04Mar2026 15:24:28.148] [Server thread/DEBUG] [io.netty.channel.MultithreadEventLoopGroup/]: -Dio.netty.eventLoopThreads: 64
[04Mar2026 15:24:28.154] [Server thread/DEBUG] [io.netty.util.concurrent.GlobalEventExecutor/]: -Dio.netty.globalEventExecutor.quietPeriodSeconds: 1
[04Mar2026 15:24:28.160] [Server thread/DEBUG] [io.netty.channel.nio.NioEventLoop/]: -Dio.netty.noKeySetOptimization: false
[04Mar2026 15:24:28.160] [Server thread/DEBUG] [io.netty.channel.nio.NioEventLoop/]: -Dio.netty.selectorAutoRebuildThreshold: 512
[04Mar2026 15:24:28.164] [Server thread/DEBUG] [io.netty.util.internal.PlatformDependent/]: org.jctools-core.MpscChunkedArrayQueue: available
[04Mar2026 15:24:28.168] [Server thread/INFO] [net.minecraft.server.network.ServerConnectionListener/]: Using default channel type
[04Mar2026 15:24:28.179] [Server thread/DEBUG] [io.netty.channel.DefaultChannelId/]: -Dio.netty.processId: 81897 (auto-detected)
[04Mar2026 15:24:28.180] [Server thread/DEBUG] [io.netty.util.NetUtil/]: -Djava.net.preferIPv4Stack: false
[04Mar2026 15:24:28.180] [Server thread/DEBUG] [io.netty.util.NetUtil/]: -Djava.net.preferIPv6Addresses: true
[04Mar2026 15:24:28.183] [Server thread/DEBUG] [io.netty.util.NetUtilInitializations/]: Loopback interface: lo0 (lo0, 0:0:0:0:0:0:0:1%lo0)
[04Mar2026 15:24:28.184] [Server thread/DEBUG] [io.netty.util.NetUtil/]: Failed to get SOMAXCONN from sysctl and file /proc/sys/net/core/somaxconn. Default: 128
[04Mar2026 15:24:28.185] [Server thread/DEBUG] [io.netty.channel.DefaultChannelId/]: -Dio.netty.machineId: 1c:1d:d3:ff:fe:db:e2:93 (auto-detected)
[04Mar2026 15:24:28.199] [Server thread/WARN] [net.minecraft.server.dedicated.DedicatedServer/]: **** SERVER IS RUNNING IN OFFLINE/INSECURE MODE!
[04Mar2026 15:24:28.199] [Server thread/WARN] [net.minecraft.server.dedicated.DedicatedServer/]: The server will make no attempt to authenticate usernames. Beware.
[04Mar2026 15:24:28.199] [Server thread/WARN] [net.minecraft.server.dedicated.DedicatedServer/]: While this makes the game possible to play without internet access, it also opens up the ability for hackers to connect with any username they choose.
[04Mar2026 15:24:28.199] [Server thread/WARN] [net.minecraft.server.dedicated.DedicatedServer/]: To change this, set "online-mode" to "true" in the server.properties file.
[04Mar2026 15:24:28.208] [Server thread/DEBUG] [net.neoforged.fml.config.ConfigTracker/CONFIG]: Loading configs type SERVER
[04Mar2026 15:24:28.209] [Server thread/DEBUG] [net.neoforged.neoforge.common.NeoForgeConfig/FORGEMOD]: Loaded NeoForge config file neoforge-server.toml
[04Mar2026 15:24:28.209] [Server thread/DEBUG] [net.neoforged.fml.config.ConfigTracker/CONFIG]: Loaded TOML config file /Users/caliane/Sources/nuclearcraft/runs/server/config/neoforge-server.toml
[04Mar2026 15:24:28.209] [Server thread/DEBUG] [net.neoforged.fml.config.ConfigTracker/CONFIG]: Watching TOML config file /Users/caliane/Sources/nuclearcraft/runs/server/config/neoforge-server.toml for changes
[04Mar2026 15:24:28.218] [Server thread/DEBUG] [net.neoforged.fml.config.ConfigTracker/CONFIG]: Loaded TOML config file /Users/caliane/Sources/nuclearcraft/runs/server/config/computercraft-server.toml
[04Mar2026 15:24:28.218] [Server thread/DEBUG] [net.neoforged.fml.config.ConfigTracker/CONFIG]: Watching TOML config file /Users/caliane/Sources/nuclearcraft/runs/server/config/computercraft-server.toml for changes
[04Mar2026 15:24:28.220] [Server thread/DEBUG] [net.neoforged.fml.config.ConfigTracker/CONFIG]: Loaded TOML config file /Users/caliane/Sources/nuclearcraft/runs/server/config/Mekanism/general.toml
[04Mar2026 15:24:28.221] [Server thread/DEBUG] [net.neoforged.fml.config.ConfigTracker/CONFIG]: Watching TOML config file /Users/caliane/Sources/nuclearcraft/runs/server/config/Mekanism/general.toml for changes
[04Mar2026 15:24:28.223] [Server thread/DEBUG] [net.neoforged.fml.config.ConfigTracker/CONFIG]: Loaded TOML config file /Users/caliane/Sources/nuclearcraft/runs/server/config/Mekanism/gear.toml
[04Mar2026 15:24:28.223] [Server thread/DEBUG] [net.neoforged.fml.config.ConfigTracker/CONFIG]: Watching TOML config file /Users/caliane/Sources/nuclearcraft/runs/server/config/Mekanism/gear.toml for changes
[04Mar2026 15:24:28.223] [Server thread/DEBUG] [net.neoforged.fml.config.ConfigTracker/CONFIG]: Loaded TOML config file /Users/caliane/Sources/nuclearcraft/runs/server/config/Mekanism/machine-storage.toml
[04Mar2026 15:24:28.223] [Server thread/DEBUG] [net.neoforged.fml.config.ConfigTracker/CONFIG]: Watching TOML config file /Users/caliane/Sources/nuclearcraft/runs/server/config/Mekanism/machine-storage.toml for changes
[04Mar2026 15:24:28.225] [Server thread/DEBUG] [net.neoforged.fml.config.ConfigTracker/CONFIG]: Loaded TOML config file /Users/caliane/Sources/nuclearcraft/runs/server/config/Mekanism/tiers.toml
[04Mar2026 15:24:28.225] [Server thread/DEBUG] [net.neoforged.fml.config.ConfigTracker/CONFIG]: Watching TOML config file /Users/caliane/Sources/nuclearcraft/runs/server/config/Mekanism/tiers.toml for changes
[04Mar2026 15:24:28.226] [Server thread/DEBUG] [net.neoforged.fml.config.ConfigTracker/CONFIG]: Loaded TOML config file /Users/caliane/Sources/nuclearcraft/runs/server/config/Mekanism/machine-usage.toml
[04Mar2026 15:24:28.226] [Server thread/DEBUG] [net.neoforged.fml.config.ConfigTracker/CONFIG]: Watching TOML config file /Users/caliane/Sources/nuclearcraft/runs/server/config/Mekanism/machine-usage.toml for changes
[04Mar2026 15:24:28.227] [Server thread/DEBUG] [net.neoforged.fml.config.ConfigTracker/CONFIG]: Loaded TOML config file /Users/caliane/Sources/nuclearcraft/runs/server/config/Mekanism/world.toml
[04Mar2026 15:24:28.227] [Server thread/DEBUG] [net.neoforged.fml.config.ConfigTracker/CONFIG]: Watching TOML config file /Users/caliane/Sources/nuclearcraft/runs/server/config/Mekanism/world.toml for changes
[04Mar2026 15:24:28.228] [Server thread/DEBUG] [net.neoforged.fml.config.ConfigTracker/CONFIG]: Loaded TOML config file /Users/caliane/Sources/nuclearcraft/runs/server/config/Mekanism/generators.toml
[04Mar2026 15:24:28.228] [Server thread/DEBUG] [net.neoforged.fml.config.ConfigTracker/CONFIG]: Watching TOML config file /Users/caliane/Sources/nuclearcraft/runs/server/config/Mekanism/generators.toml for changes
[04Mar2026 15:24:28.228] [Server thread/DEBUG] [net.neoforged.fml.config.ConfigTracker/CONFIG]: Loaded TOML config file /Users/caliane/Sources/nuclearcraft/runs/server/config/Mekanism/generators-gear.toml
[04Mar2026 15:24:28.228] [Server thread/DEBUG] [net.neoforged.fml.config.ConfigTracker/CONFIG]: Watching TOML config file /Users/caliane/Sources/nuclearcraft/runs/server/config/Mekanism/generators-gear.toml for changes
[04Mar2026 15:24:28.228] [Server thread/DEBUG] [net.neoforged.fml.config.ConfigTracker/CONFIG]: Loaded TOML config file /Users/caliane/Sources/nuclearcraft/runs/server/config/Mekanism/generator-storage.toml
[04Mar2026 15:24:28.229] [Server thread/DEBUG] [net.neoforged.fml.config.ConfigTracker/CONFIG]: Watching TOML config file /Users/caliane/Sources/nuclearcraft/runs/server/config/Mekanism/generator-storage.toml for changes
[04Mar2026 15:24:28.268] [Server thread/INFO] [net.minecraft.server.dedicated.DedicatedServer/]: Preparing level "world"
[04Mar2026 15:24:28.292] [Server thread/DEBUG] [mixin/]: Mixing chunkloading.ChunkMapMixin from ae2.mixins.json into net.minecraft.server.level.ChunkMap
[04Mar2026 15:24:28.292] [Server thread/DEBUG] [mixin/]: ae2.mixins.json:chunkloading.ChunkMapMixin from mod ae2: Class version 65 required is higher than the class version supported by the current version of Mixin (JAVA_11 supports class version 55)
[04Mar2026 15:24:28.294] [Server thread/DEBUG] [mixin/]: ae2.mixins.json:chunkloading.ChunkMapMixin from mod ae2->@Inject::spatialAnchorEnableRandomTicks(Lnet/minecraft/world/level/ChunkPos;Lorg/spongepowered/asm/mixin/injection/callback/CallbackInfoReturnable;)V does use it's CallbackInfoReturnable
[04Mar2026 15:24:28.294] [Server thread/DEBUG] [mixin/]: ae2.mixins.json:chunkloading.ChunkMapMixin from mod ae2->@Inject::spatialAnchorEnableRandomTicks(Lnet/minecraft/world/level/ChunkPos;Lorg/spongepowered/asm/mixin/injection/callback/CallbackInfoReturnable;)V does use it's CallbackInfoReturnable
[04Mar2026 15:24:28.295] [Server thread/DEBUG] [mixin/]: ae2.mixins.json:chunkloading.ChunkMapMixin from mod ae2->@Inject::spatialAnchorEnableRandomTicks(Lnet/minecraft/world/level/ChunkPos;Lorg/spongepowered/asm/mixin/injection/callback/CallbackInfoReturnable;)V does use it's CallbackInfoReturnable
[04Mar2026 15:24:29.034] [Server thread/INFO] [net.minecraft.server.MinecraftServer/]: Preparing start region for dimension minecraft:overworld
[04Mar2026 15:24:29.093] [Server thread/DEBUG] [mixin/]: Mixing neoforge.MixinChunkSerializer from architectury.mixins.json into net.minecraft.world.level.chunk.storage.ChunkSerializer
[04Mar2026 15:24:29.093] [Server thread/DEBUG] [mixin/]: architectury.mixins.json:neoforge.MixinChunkSerializer from mod architectury: Class version 65 required is higher than the class version supported by the current version of Mixin (JAVA_16 supports class version 60)
[04Mar2026 15:24:29.096] [Server thread/DEBUG] [mixin/]: architectury.mixins.json:neoforge.MixinChunkSerializer from mod architectury->@Inject::read(Lnet/minecraft/server/level/ServerLevel;Lnet/minecraft/world/entity/ai/village/poi/PoiManager;Lnet/minecraft/world/level/chunk/storage/RegionStorageInfo;Lnet/minecraft/world/level/ChunkPos;Lnet/minecraft/nbt/CompoundTag;Lorg/spongepowered/asm/mixin/injection/callback/CallbackInfoReturnable;)V doesn't use it's CallbackInfoReturnable
[04Mar2026 15:24:29.322] [worldgen/INFO] [net.minecraft.server.level.progress.LoggerChunkProgressListener/]: Preparing spawn area: 0%
[04Mar2026 15:24:29.488] [Server thread/INFO] [net.minecraft.server.level.progress.LoggerChunkProgressListener/]: Time elapsed: 453 ms
[04Mar2026 15:24:29.488] [Server thread/INFO] [net.minecraft.server.dedicated.DedicatedServer/]: Done (1.281s)! For help, type "help"
[04Mar2026 15:24:29.488] [Server thread/INFO] [net.minecraft.server.dedicated.DedicatedServer/]: Starting remote control listener
[04Mar2026 15:24:29.490] [Server thread/INFO] [net.minecraft.server.rcon.thread.GenericThread/]: Thread RCON Listener started
[04Mar2026 15:24:29.490] [Server thread/INFO] [net.minecraft.server.rcon.thread.RconThread/]: RCON running on 0.0.0.0:25575
[04Mar2026 15:24:29.496] [Server thread/DEBUG] [net.neoforged.neoforge.network.DualStackUtils/]: Detected IPv6 address: "0:0:0:0:0:0:0:0"
[04Mar2026 15:24:29.530] [Server thread/DEBUG] [net.neoforged.neoforge.server.LanguageHook/]: Loaded 14 language files for en_us
[04Mar2026 15:24:29.539] [Server thread/INFO] [net.neoforged.neoforge.gametest.GameTestHooks/]: Enabled Gametest Namespaces: [nuclearcraft]
[04Mar2026 15:24:29.545] [Server thread/INFO] [net.neoforged.neoforge.server.permission.PermissionAPI/]: Successfully initialized permission handler neoforge:default_handler
[04Mar2026 15:24:29.547] [Server thread/WARN] [net.neoforged.neoforge.common.TagConventionLogWarning/]: 
   Dev warning - Legacy Tags detected. Please migrate your 'forge' namespace tags to the 'c' namespace! See net.neoforged.neoforge.common.Tags.java for all tags.
   NOTE: Many tags have been moved around or renamed. Some new ones were added so please review the new tags.
    And make sure you follow tag conventions for new tags! The convention is `c` with nouns generally being plural and adjectives being singular.
   You can disable this message in NeoForge's common config by setting `logLegacyTagWarnings` to "SILENCED" or see individual tags with "DEV_VERBOSE".

[04Mar2026 15:24:29.647] [Server thread/DEBUG] [mixin/]: Mixing EnchantmentHelperMixin from ae2.mixins.json into net.minecraft.world.item.enchantment.EnchantmentHelper
[04Mar2026 15:24:29.647] [Server thread/DEBUG] [mixin/]: ae2.mixins.json:EnchantmentHelperMixin from mod ae2: Class version 65 required is higher than the class version supported by the current version of Mixin (JAVA_11 supports class version 55)
[04Mar2026 15:24:29.649] [Server thread/DEBUG] [mixin/]: ae2.mixins.json:EnchantmentHelperMixin from mod ae2->@Inject::hookGetItemEnchantmentLevel(Lnet/minecraft/core/Holder;Lnet/minecraft/world/item/ItemStack;Lorg/spongepowered/asm/mixin/injection/callback/CallbackInfoReturnable;)V does use it's CallbackInfoReturnable
[04Mar2026 15:24:29.760] [Server thread/INFO] [patchouli/]: Sending reload packet to clients
[04Mar2026 15:24:29.940] [Server thread/DEBUG] [mixin/]: Mixing MekRadiationUtil from nuclearcraft.mixins.json into mekanism.common.lib.radiation.RadiationUtil
[04Mar2026 15:24:29.946] [Server thread/DEBUG] [mixin/]: nuclearcraft.mixins.json:MekRadiationUtil from mod nuclearcraft->@Inject::getRadiationResistance(Lnet/minecraft/world/entity/LivingEntity;Lorg/spongepowered/asm/mixin/injection/callback/CallbackInfoReturnable;)V does use it's CallbackInfoReturnable
[04Mar2026 15:24:47.657] [Netty Server IO #1/DEBUG] [io.netty.util.Recycler/]: -Dio.netty.recycler.maxCapacityPerThread: 4096
[04Mar2026 15:24:47.657] [Netty Server IO #1/DEBUG] [io.netty.util.Recycler/]: -Dio.netty.recycler.ratio: 8
[04Mar2026 15:24:47.657] [Netty Server IO #1/DEBUG] [io.netty.util.Recycler/]: -Dio.netty.recycler.chunkSize: 32
[04Mar2026 15:24:47.657] [Netty Server IO #1/DEBUG] [io.netty.util.Recycler/]: -Dio.netty.recycler.blocking: false
[04Mar2026 15:24:47.657] [Netty Server IO #1/DEBUG] [io.netty.util.Recycler/]: -Dio.netty.recycler.batchFastThreadLocalOnly: true
[04Mar2026 15:24:47.736] [Netty Server IO #1/DEBUG] [net.neoforged.neoforge.network.filters.NetworkFilters/]: Injected net.neoforged.neoforge.network.filters.GenericPacketSplitter@2baba1f3 into net.minecraft.network.Connection@6a67ea4c
[04Mar2026 15:24:48.524] [Netty Server IO #1/DEBUG] [net.neoforged.neoforge.network.filters.NetworkFilters/]: Injected net.neoforged.neoforge.network.filters.GenericPacketSplitter@35137580 into net.minecraft.network.Connection@6a67ea4c
[04Mar2026 15:24:48.572] [Server thread/INFO] [net.minecraft.server.players.PlayerList/]: Dev[/127.0.0.1:61275] logged in with entity id 93 at (256.1689761736045, 61.0, -95.85671308579958)
[04Mar2026 15:24:48.592] [Server thread/INFO] [net.minecraft.server.MinecraftServer/]: Dev joined the game
[04Mar2026 15:24:48.676] [Server thread/DEBUG] [mixin/]: Mixing MixinItemExtension from architectury.mixins.json into dev.architectury.extensions.ItemExtension
[04Mar2026 15:24:48.676] [Server thread/DEBUG] [mixin/]: architectury.mixins.json:MixinItemExtension from mod architectury: Class version 65 required is higher than the class version supported by the current version of Mixin (JAVA_16 supports class version 60)
[04Mar2026 15:24:48.740] [Server thread/DEBUG] [mixin/]: Mixing tests.StructureUtilsMixin from ae2.mixins.json into net.minecraft.gametest.framework.StructureUtils
[04Mar2026 15:24:48.740] [Server thread/DEBUG] [mixin/]: ae2.mixins.json:tests.StructureUtilsMixin from mod ae2: Class version 65 required is higher than the class version supported by the current version of Mixin (JAVA_11 supports class version 55)
[04Mar2026 15:24:48.742] [Server thread/DEBUG] [mixin/]: ae2.mixins.json:tests.StructureUtilsMixin from mod ae2->@Inject::prepareTestStructure(Lnet/minecraft/gametest/framework/GameTestInfo;Lnet/minecraft/core/BlockPos;Lnet/minecraft/world/level/block/Rotation;Lnet/minecraft/server/level/ServerLevel;Lorg/spongepowered/asm/mixin/injection/callback/CallbackInfoReturnable;)V does use it's CallbackInfoReturnable
[04Mar2026 15:24:48.747] [Server thread/DEBUG] [mixin/]: Mixing StructureTemplateMixin from ae2.mixins.json into net.minecraft.world.level.levelgen.structure.templatesystem.StructureTemplate
[04Mar2026 15:24:48.747] [Server thread/DEBUG] [mixin/]: ae2.mixins.json:StructureTemplateMixin from mod ae2: Class version 65 required is higher than the class version supported by the current version of Mixin (JAVA_11 supports class version 55)
[04Mar2026 15:24:48.748] [Server thread/DEBUG] [mixin/]: ae2.mixins.json:StructureTemplateMixin from mod ae2->@Inject::enableClientSideStateSaving(Lorg/spongepowered/asm/mixin/injection/callback/CallbackInfo;)V doesn't use it's CallbackInfo
[04Mar2026 15:24:48.748] [Server thread/DEBUG] [mixin/]: ae2.mixins.json:StructureTemplateMixin from mod ae2->@Inject::enableClientSideStateSaving(Lorg/spongepowered/asm/mixin/injection/callback/CallbackInfo;)V has 0 override(s) in child classes
[04Mar2026 15:24:48.748] [Server thread/DEBUG] [mixin/]: ae2.mixins.json:StructureTemplateMixin from mod ae2->@Inject::enableClientSideStateSaving(Lorg/spongepowered/asm/mixin/injection/callback/CallbackInfo;)V won't be passed a CallbackInfo as a result
[04Mar2026 15:24:48.748] [Server thread/DEBUG] [mixin/]: ae2.mixins.json:StructureTemplateMixin from mod ae2->@Inject::disableClientSideStateSaving(Lorg/spongepowered/asm/mixin/injection/callback/CallbackInfo;)V doesn't use it's CallbackInfo
[04Mar2026 15:24:48.748] [Server thread/DEBUG] [mixin/]: ae2.mixins.json:StructureTemplateMixin from mod ae2->@Inject::disableClientSideStateSaving(Lorg/spongepowered/asm/mixin/injection/callback/CallbackInfo;)V has 0 override(s) in child classes
[04Mar2026 15:24:48.748] [Server thread/DEBUG] [mixin/]: ae2.mixins.json:StructureTemplateMixin from mod ae2->@Inject::disableClientSideStateSaving(Lorg/spongepowered/asm/mixin/injection/callback/CallbackInfo;)V won't be passed a CallbackInfo as a result
[04Mar2026 15:29:29.769] [Server thread/DEBUG] [net.neoforged.neoforge.common.CommonHooks/WP]: Gathered mod list to write to world save world
[04Mar2026 15:31:22.276] [Server thread/INFO] [net.minecraft.server.network.ServerGamePacketListenerImpl/]: Dev lost connection: Disconnected
[04Mar2026 15:31:22.276] [Server thread/INFO] [net.minecraft.server.MinecraftServer/]: Dev left the game
[04Mar2026 15:34:29.728] [Server thread/DEBUG] [net.neoforged.neoforge.common.CommonHooks/WP]: Gathered mod list to write to world save world
[04Mar2026 15:34:35.273] [Netty Server IO #4/DEBUG] [net.neoforged.neoforge.network.filters.NetworkFilters/]: Injected net.neoforged.neoforge.network.filters.GenericPacketSplitter@5113b82f into net.minecraft.network.Connection@14113c69
[04Mar2026 15:34:35.971] [Netty Server IO #4/DEBUG] [net.neoforged.neoforge.network.filters.NetworkFilters/]: Injected net.neoforged.neoforge.network.filters.GenericPacketSplitter@254f4e57 into net.minecraft.network.Connection@14113c69
[04Mar2026 15:34:35.995] [Server thread/INFO] [net.minecraft.server.players.PlayerList/]: Dev[/127.0.0.1:62145] logged in with entity id 859 at (253.80085565190222, 62.0, -90.40465463544729)
[04Mar2026 15:34:36.004] [Server thread/INFO] [net.minecraft.server.MinecraftServer/]: Dev joined the game
[04Mar2026 15:36:30.725] [Server thread/INFO] [net.minecraft.server.network.ServerGamePacketListenerImpl/]: Dev lost connection: Disconnected
[04Mar2026 15:36:30.727] [Server thread/INFO] [net.minecraft.server.MinecraftServer/]: Dev left the game
[04Mar2026 15:37:11.217] [Netty Server IO #6/DEBUG] [net.neoforged.neoforge.network.filters.NetworkFilters/]: Injected net.neoforged.neoforge.network.filters.GenericPacketSplitter@15fd5291 into net.minecraft.network.Connection@50ffde4a
[04Mar2026 15:37:11.926] [Netty Server IO #6/DEBUG] [net.neoforged.neoforge.network.filters.NetworkFilters/]: Injected net.neoforged.neoforge.network.filters.GenericPacketSplitter@7863b2d3 into net.minecraft.network.Connection@50ffde4a
[04Mar2026 15:37:11.937] [Server thread/INFO] [net.minecraft.server.players.PlayerList/]: Dev[/127.0.0.1:62387] logged in with entity id 1184 at (254.68711504407742, 62.0, -90.2012957425091)
[04Mar2026 15:37:11.946] [Server thread/INFO] [net.minecraft.server.MinecraftServer/]: Dev joined the game
[04Mar2026 15:39:29.739] [Server thread/DEBUG] [net.neoforged.neoforge.common.CommonHooks/WP]: Gathered mod list to write to world save world
[04Mar2026 15:44:29.732] [Server thread/DEBUG] [net.neoforged.neoforge.common.CommonHooks/WP]: Gathered mod list to write to world save world
[04Mar2026 15:49:29.732] [Server thread/DEBUG] [net.neoforged.neoforge.common.CommonHooks/WP]: Gathered mod list to write to world save world
[04Mar2026 15:52:32.378] [Server thread/INFO] [net.minecraft.server.network.ServerGamePacketListenerImpl/]: Dev lost connection: Disconnected
[04Mar2026 15:52:32.379] [Server thread/INFO] [net.minecraft.server.MinecraftServer/]: Dev left the game
[04Mar2026 15:54:29.727] [Server thread/DEBUG] [net.neoforged.neoforge.common.CommonHooks/WP]: Gathered mod list to write to world save world
[04Mar2026 15:59:29.728] [Server thread/DEBUG] [net.neoforged.neoforge.common.CommonHooks/WP]: Gathered mod list to write to world save world
[04Mar2026 16:04:29.728] [Server thread/DEBUG] [net.neoforged.neoforge.common.CommonHooks/WP]: Gathered mod list to write to world save world
[04Mar2026 16:09:29.730] [Server thread/DEBUG] [net.neoforged.neoforge.common.CommonHooks/WP]: Gathered mod list to write to world save world
[04Mar2026 16:09:59.937] [Netty Server IO #8/DEBUG] [net.neoforged.neoforge.network.filters.NetworkFilters/]: Injected net.neoforged.neoforge.network.filters.GenericPacketSplitter@56f461aa into net.minecraft.network.Connection@13f6e510
[04Mar2026 16:10:00.625] [Netty Server IO #8/DEBUG] [net.neoforged.neoforge.network.filters.NetworkFilters/]: Injected net.neoforged.neoforge.network.filters.GenericPacketSplitter@22af7710 into net.minecraft.network.Connection@13f6e510
[04Mar2026 16:10:00.664] [Server thread/INFO] [net.minecraft.server.players.PlayerList/]: Dev[/127.0.0.1:65273] logged in with entity id 2987 at (256.19909407132263, 61.0, -90.57300435434104)
[04Mar2026 16:10:00.681] [Server thread/INFO] [net.minecraft.server.MinecraftServer/]: Dev joined the game
[04Mar2026 16:12:54.680] [Server thread/INFO] [net.minecraft.server.network.ServerGamePacketListenerImpl/]: Dev lost connection: Disconnected
[04Mar2026 16:12:54.680] [Server thread/INFO] [net.minecraft.server.MinecraftServer/]: Dev left the game
[04Mar2026 16:13:41.662] [Netty Server IO #10/DEBUG] [net.neoforged.neoforge.network.filters.NetworkFilters/]: Injected net.neoforged.neoforge.network.filters.GenericPacketSplitter@733c01fc into net.minecraft.network.Connection@363e81ff
[04Mar2026 16:13:42.276] [Netty Server IO #10/DEBUG] [net.neoforged.neoforge.network.filters.NetworkFilters/]: Injected net.neoforged.neoforge.network.filters.GenericPacketSplitter@742f65f into net.minecraft.network.Connection@363e81ff
[04Mar2026 16:13:42.285] [Server thread/INFO] [net.minecraft.server.players.PlayerList/]: Dev[/127.0.0.1:49496] logged in with entity id 3394 at (256.19909407132263, 61.0, -90.57300435434104)
[04Mar2026 16:13:42.291] [Server thread/INFO] [net.minecraft.server.MinecraftServer/]: Dev joined the game
[04Mar2026 16:14:29.735] [Server thread/DEBUG] [net.neoforged.neoforge.common.CommonHooks/WP]: Gathered mod list to write to world save world
[04Mar2026 16:15:14.882] [Server thread/INFO] [net.minecraft.server.network.ServerGamePacketListenerImpl/]: Dev lost connection: Disconnected
[04Mar2026 16:15:14.882] [Server thread/INFO] [net.minecraft.server.MinecraftServer/]: Dev left the game
[04Mar2026 16:15:55.771] [Netty Server IO #12/DEBUG] [net.neoforged.neoforge.network.filters.NetworkFilters/]: Injected net.neoforged.neoforge.network.filters.GenericPacketSplitter@26b427c5 into net.minecraft.network.Connection@63b6ad77
[04Mar2026 16:15:56.416] [Netty Server IO #12/DEBUG] [net.neoforged.neoforge.network.filters.NetworkFilters/]: Injected net.neoforged.neoforge.network.filters.GenericPacketSplitter@529f0f71 into net.minecraft.network.Connection@63b6ad77
[04Mar2026 16:15:56.422] [Server thread/INFO] [net.minecraft.server.players.PlayerList/]: Dev[/127.0.0.1:50316] logged in with entity id 3673 at (258.6508983827947, 61.0, -86.13367431999819)
[04Mar2026 16:15:56.425] [Server thread/INFO] [net.minecraft.server.MinecraftServer/]: Dev joined the game
[04Mar2026 16:17:02.233] [Server thread/INFO] [net.minecraft.server.network.ServerGamePacketListenerImpl/]: Dev lost connection: Disconnected
[04Mar2026 16:17:02.233] [Server thread/INFO] [net.minecraft.server.MinecraftServer/]: Dev left the game
[04Mar2026 16:17:24.878] [Netty Server IO #14/DEBUG] [net.neoforged.neoforge.network.filters.NetworkFilters/]: Injected net.neoforged.neoforge.network.filters.GenericPacketSplitter@7e267da3 into net.minecraft.network.Connection@3b24fc03
[04Mar2026 16:17:25.534] [Netty Server IO #14/DEBUG] [net.neoforged.neoforge.network.filters.NetworkFilters/]: Injected net.neoforged.neoforge.network.filters.GenericPacketSplitter@a5584dd into net.minecraft.network.Connection@3b24fc03
[04Mar2026 16:17:25.540] [Server thread/INFO] [net.minecraft.server.players.PlayerList/]: Dev[/127.0.0.1:51050] logged in with entity id 3875 at (258.6508983827947, 61.0, -86.13367431999819)
[04Mar2026 16:17:25.542] [Server thread/INFO] [net.minecraft.server.MinecraftServer/]: Dev joined the game
[04Mar2026 16:19:24.731] [Server thread/INFO] [net.minecraft.server.network.ServerGamePacketListenerImpl/]: Dev lost connection: Disconnected
[04Mar2026 16:19:24.732] [Server thread/INFO] [net.minecraft.server.MinecraftServer/]: Dev left the game
[04Mar2026 16:19:29.731] [Server thread/DEBUG] [net.neoforged.neoforge.common.CommonHooks/WP]: Gathered mod list to write to world save world
[04Mar2026 16:19:38.818] [Netty Server IO #16/DEBUG] [net.neoforged.neoforge.network.filters.NetworkFilters/]: Injected net.neoforged.neoforge.network.filters.GenericPacketSplitter@1486b01f into net.minecraft.network.Connection@51842ceb
[04Mar2026 16:19:39.388] [Netty Server IO #16/DEBUG] [net.neoforged.neoforge.network.filters.NetworkFilters/]: Injected net.neoforged.neoforge.network.filters.GenericPacketSplitter@601f1e58 into net.minecraft.network.Connection@51842ceb
[04Mar2026 16:19:39.394] [Server thread/INFO] [net.minecraft.server.players.PlayerList/]: Dev[/127.0.0.1:51791] logged in with entity id 4184 at (258.6508983827947, 61.0, -86.13367431999819)
[04Mar2026 16:19:39.396] [Server thread/INFO] [net.minecraft.server.MinecraftServer/]: Dev joined the game
[04Mar2026 16:24:29.737] [Server thread/DEBUG] [net.neoforged.neoforge.common.CommonHooks/WP]: Gathered mod list to write to world save world
[04Mar2026 16:29:29.736] [Server thread/DEBUG] [net.neoforged.neoforge.common.CommonHooks/WP]: Gathered mod list to write to world save world
[04Mar2026 16:34:29.737] [Server thread/DEBUG] [net.neoforged.neoforge.common.CommonHooks/WP]: Gathered mod list to write to world save world
[04Mar2026 16:35:15.483] [Server thread/INFO] [net.minecraft.server.network.ServerGamePacketListenerImpl/]: Dev lost connection: Disconnected
[04Mar2026 16:35:15.483] [Server thread/INFO] [net.minecraft.server.MinecraftServer/]: Dev left the game
[04Mar2026 16:39:29.733] [Server thread/DEBUG] [net.neoforged.neoforge.common.CommonHooks/WP]: Gathered mod list to write to world save world
[04Mar2026 16:44:29.735] [Server thread/DEBUG] [net.neoforged.neoforge.common.CommonHooks/WP]: Gathered mod list to write to world save world
[04Mar2026 16:49:29.736] [Server thread/DEBUG] [net.neoforged.neoforge.common.CommonHooks/WP]: Gathered mod list to write to world save world
[04Mar2026 16:54:29.738] [Server thread/DEBUG] [net.neoforged.neoforge.common.CommonHooks/WP]: Gathered mod list to write to world save world
[04Mar2026 16:59:29.738] [Server thread/DEBUG] [net.neoforged.neoforge.common.CommonHooks/WP]: Gathered mod list to write to world save world
[04Mar2026 17:04:29.739] [Server thread/DEBUG] [net.neoforged.neoforge.common.CommonHooks/WP]: Gathered mod list to write to world save world
[04Mar2026 17:09:29.740] [Server thread/DEBUG] [net.neoforged.neoforge.common.CommonHooks/WP]: Gathered mod list to write to world save world
[04Mar2026 17:14:29.740] [Server thread/DEBUG] [net.neoforged.neoforge.common.CommonHooks/WP]: Gathered mod list to write to world save world
[04Mar2026 17:19:29.741] [Server thread/DEBUG] [net.neoforged.neoforge.common.CommonHooks/WP]: Gathered mod list to write to world save world
[04Mar2026 17:24:29.740] [Server thread/DEBUG] [net.neoforged.neoforge.common.CommonHooks/WP]: Gathered mod list to write to world save world
[04Mar2026 17:29:29.742] [Server thread/DEBUG] [net.neoforged.neoforge.common.CommonHooks/WP]: Gathered mod list to write to world save world
[04Mar2026 17:34:29.744] [Server thread/DEBUG] [net.neoforged.neoforge.common.CommonHooks/WP]: Gathered mod list to write to world save world
[04Mar2026 17:39:29.743] [Server thread/DEBUG] [net.neoforged.neoforge.common.CommonHooks/WP]: Gathered mod list to write to world save world
[04Mar2026 17:44:29.743] [Server thread/DEBUG] [net.neoforged.neoforge.common.CommonHooks/WP]: Gathered mod list to write to world save world
[04Mar2026 17:49:29.744] [Server thread/DEBUG] [net.neoforged.neoforge.common.CommonHooks/WP]: Gathered mod list to write to world save world
[04Mar2026 17:54:29.744] [Server thread/DEBUG] [net.neoforged.neoforge.common.CommonHooks/WP]: Gathered mod list to write to world save world
[04Mar2026 17:59:29.745] [Server thread/DEBUG] [net.neoforged.neoforge.common.CommonHooks/WP]: Gathered mod list to write to world save world
[04Mar2026 18:04:29.745] [Server thread/DEBUG] [net.neoforged.neoforge.common.CommonHooks/WP]: Gathered mod list to write to world save world
[04Mar2026 18:09:29.744] [Server thread/DEBUG] [net.neoforged.neoforge.common.CommonHooks/WP]: Gathered mod list to write to world save world
[04Mar2026 18:14:29.744] [Server thread/DEBUG] [net.neoforged.neoforge.common.CommonHooks/WP]: Gathered mod list to write to world save world
[04Mar2026 18:19:29.745] [Server thread/DEBUG] [net.neoforged.neoforge.common.CommonHooks/WP]: Gathered mod list to write to world save world
[04Mar2026 18:24:29.745] [Server thread/DEBUG] [net.neoforged.neoforge.common.CommonHooks/WP]: Gathered mod list to write to world save world
[04Mar2026 18:29:29.745] [Server thread/DEBUG] [net.neoforged.neoforge.common.CommonHooks/WP]: Gathered mod list to write to world save world
[04Mar2026 18:34:29.746] [Server thread/DEBUG] [net.neoforged.neoforge.common.CommonHooks/WP]: Gathered mod list to write to world save world
[04Mar2026 18:39:29.747] [Server thread/DEBUG] [net.neoforged.neoforge.common.CommonHooks/WP]: Gathered mod list to write to world save world
[04Mar2026 18:44:29.747] [Server thread/DEBUG] [net.neoforged.neoforge.common.CommonHooks/WP]: Gathered mod list to write to world save world
[04Mar2026 18:49:29.748] [Server thread/DEBUG] [net.neoforged.neoforge.common.CommonHooks/WP]: Gathered mod list to write to world save world
[04Mar2026 18:54:29.748] [Server thread/DEBUG] [net.neoforged.neoforge.common.CommonHooks/WP]: Gathered mod list to write to world save world
[04Mar2026 18:59:29.749] [Server thread/DEBUG] [net.neoforged.neoforge.common.CommonHooks/WP]: Gathered mod list to write to world save world
[04Mar2026 19:04:29.747] [Server thread/DEBUG] [net.neoforged.neoforge.common.CommonHooks/WP]: Gathered mod list to write to world save world
[04Mar2026 19:09:29.748] [Server thread/DEBUG] [net.neoforged.neoforge.common.CommonHooks/WP]: Gathered mod list to write to world save world
[04Mar2026 19:14:29.748] [Server thread/DEBUG] [net.neoforged.neoforge.common.CommonHooks/WP]: Gathered mod list to write to world save world
[04Mar2026 19:19:29.749] [Server thread/DEBUG] [net.neoforged.neoforge.common.CommonHooks/WP]: Gathered mod list to write to world save world
[04Mar2026 19:24:29.749] [Server thread/DEBUG] [net.neoforged.neoforge.common.CommonHooks/WP]: Gathered mod list to write to world save world
[04Mar2026 19:29:29.749] [Server thread/DEBUG] [net.neoforged.neoforge.common.CommonHooks/WP]: Gathered mod list to write to world save world
[04Mar2026 19:34:29.750] [Server thread/DEBUG] [net.neoforged.neoforge.common.CommonHooks/WP]: Gathered mod list to write to world save world
[04Mar2026 19:39:29.750] [Server thread/DEBUG] [net.neoforged.neoforge.common.CommonHooks/WP]: Gathered mod list to write to world save world
[04Mar2026 19:44:29.751] [Server thread/DEBUG] [net.neoforged.neoforge.common.CommonHooks/WP]: Gathered mod list to write to world save world
[04Mar2026 19:49:29.752] [Server thread/DEBUG] [net.neoforged.neoforge.common.CommonHooks/WP]: Gathered mod list to write to world save world
[04Mar2026 19:54:29.752] [Server thread/DEBUG] [net.neoforged.neoforge.common.CommonHooks/WP]: Gathered mod list to write to world save world
[04Mar2026 19:59:29.752] [Server thread/DEBUG] [net.neoforged.neoforge.common.CommonHooks/WP]: Gathered mod list to write to world save world
[04Mar2026 20:04:29.753] [Server thread/DEBUG] [net.neoforged.neoforge.common.CommonHooks/WP]: Gathered mod list to write to world save world
[04Mar2026 20:09:29.752] [Server thread/DEBUG] [net.neoforged.neoforge.common.CommonHooks/WP]: Gathered mod list to write to world save world
[04Mar2026 20:14:29.752] [Server thread/DEBUG] [net.neoforged.neoforge.common.CommonHooks/WP]: Gathered mod list to write to world save world
[04Mar2026 20:19:29.754] [Server thread/DEBUG] [net.neoforged.neoforge.common.CommonHooks/WP]: Gathered mod list to write to world save world
[04Mar2026 20:24:29.753] [Server thread/DEBUG] [net.neoforged.neoforge.common.CommonHooks/WP]: Gathered mod list to write to world save world
[04Mar2026 20:29:29.754] [Server thread/DEBUG] [net.neoforged.neoforge.common.CommonHooks/WP]: Gathered mod list to write to world save world
[04Mar2026 20:34:29.755] [Server thread/DEBUG] [net.neoforged.neoforge.common.CommonHooks/WP]: Gathered mod list to write to world save world
[04Mar2026 20:39:29.755] [Server thread/DEBUG] [net.neoforged.neoforge.common.CommonHooks/WP]: Gathered mod list to write to world save world
[04Mar2026 20:44:29.756] [Server thread/DEBUG] [net.neoforged.neoforge.common.CommonHooks/WP]: Gathered mod list to write to world save world
[04Mar2026 20:49:29.757] [Server thread/DEBUG] [net.neoforged.neoforge.common.CommonHooks/WP]: Gathered mod list to write to world save world
[04Mar2026 20:54:29.757] [Server thread/DEBUG] [net.neoforged.neoforge.common.CommonHooks/WP]: Gathered mod list to write to world save world
[04Mar2026 20:59:29.757] [Server thread/DEBUG] [net.neoforged.neoforge.common.CommonHooks/WP]: Gathered mod list to write to world save world
[04Mar2026 21:04:29.756] [Server thread/DEBUG] [net.neoforged.neoforge.common.CommonHooks/WP]: Gathered mod list to write to world save world
[04Mar2026 21:09:29.755] [Server thread/DEBUG] [net.neoforged.neoforge.common.CommonHooks/WP]: Gathered mod list to write to world save world
[04Mar2026 21:14:29.756] [Server thread/DEBUG] [net.neoforged.neoforge.common.CommonHooks/WP]: Gathered mod list to write to world save world
[04Mar2026 21:19:29.756] [Server thread/DEBUG] [net.neoforged.neoforge.common.CommonHooks/WP]: Gathered mod list to write to world save world
[04Mar2026 21:24:29.757] [Server thread/DEBUG] [net.neoforged.neoforge.common.CommonHooks/WP]: Gathered mod list to write to world save world
[04Mar2026 21:29:29.757] [Server thread/DEBUG] [net.neoforged.neoforge.common.CommonHooks/WP]: Gathered mod list to write to world save world
[04Mar2026 21:34:29.758] [Server thread/DEBUG] [net.neoforged.neoforge.common.CommonHooks/WP]: Gathered mod list to write to world save world
[04Mar2026 21:39:29.758] [Server thread/DEBUG] [net.neoforged.neoforge.common.CommonHooks/WP]: Gathered mod list to write to world save world
[04Mar2026 21:44:29.758] [Server thread/DEBUG] [net.neoforged.neoforge.common.CommonHooks/WP]: Gathered mod list to write to world save world
[04Mar2026 21:49:29.759] [Server thread/DEBUG] [net.neoforged.neoforge.common.CommonHooks/WP]: Gathered mod list to write to world save world
[04Mar2026 21:54:29.759] [Server thread/DEBUG] [net.neoforged.neoforge.common.CommonHooks/WP]: Gathered mod list to write to world save world
[04Mar2026 21:59:29.759] [Server thread/DEBUG] [net.neoforged.neoforge.common.CommonHooks/WP]: Gathered mod list to write to world save world
[04Mar2026 22:04:29.760] [Server thread/DEBUG] [net.neoforged.neoforge.common.CommonHooks/WP]: Gathered mod list to write to world save world
[04Mar2026 22:09:29.761] [Server thread/DEBUG] [net.neoforged.neoforge.common.CommonHooks/WP]: Gathered mod list to write to world save world
[04Mar2026 22:14:29.760] [Server thread/DEBUG] [net.neoforged.neoforge.common.CommonHooks/WP]: Gathered mod list to write to world save world
[04Mar2026 22:19:29.761] [Server thread/DEBUG] [net.neoforged.neoforge.common.CommonHooks/WP]: Gathered mod list to write to world save world
[04Mar2026 22:24:29.761] [Server thread/DEBUG] [net.neoforged.neoforge.common.CommonHooks/WP]: Gathered mod list to write to world save world
[04Mar2026 22:29:29.762] [Server thread/DEBUG] [net.neoforged.neoforge.common.CommonHooks/WP]: Gathered mod list to write to world save world
[04Mar2026 22:34:29.762] [Server thread/DEBUG] [net.neoforged.neoforge.common.CommonHooks/WP]: Gathered mod list to write to world save world
[04Mar2026 22:39:29.762] [Server thread/DEBUG] [net.neoforged.neoforge.common.CommonHooks/WP]: Gathered mod list to write to world save world
[04Mar2026 22:44:29.762] [Server thread/DEBUG] [net.neoforged.neoforge.common.CommonHooks/WP]: Gathered mod list to write to world save world
[04Mar2026 22:49:29.762] [Server thread/DEBUG] [net.neoforged.neoforge.common.CommonHooks/WP]: Gathered mod list to write to world save world
[04Mar2026 22:54:29.762] [Server thread/DEBUG] [net.neoforged.neoforge.common.CommonHooks/WP]: Gathered mod list to write to world save world
[04Mar2026 22:59:29.762] [Server thread/DEBUG] [net.neoforged.neoforge.common.CommonHooks/WP]: Gathered mod list to write to world save world
[04Mar2026 23:04:29.763] [Server thread/DEBUG] [net.neoforged.neoforge.common.CommonHooks/WP]: Gathered mod list to write to world save world
[04Mar2026 23:09:29.762] [Server thread/DEBUG] [net.neoforged.neoforge.common.CommonHooks/WP]: Gathered mod list to write to world save world
[04Mar2026 23:14:29.763] [Server thread/DEBUG] [net.neoforged.neoforge.common.CommonHooks/WP]: Gathered mod list to write to world save world
[04Mar2026 23:19:29.763] [Server thread/DEBUG] [net.neoforged.neoforge.common.CommonHooks/WP]: Gathered mod list to write to world save world
[04Mar2026 23:24:29.765] [Server thread/DEBUG] [net.neoforged.neoforge.common.CommonHooks/WP]: Gathered mod list to write to world save world
[04Mar2026 23:29:29.765] [Server thread/DEBUG] [net.neoforged.neoforge.common.CommonHooks/WP]: Gathered mod list to write to world save world
[04Mar2026 23:34:29.766] [Server thread/DEBUG] [net.neoforged.neoforge.common.CommonHooks/WP]: Gathered mod list to write to world save world
[04Mar2026 23:39:29.766] [Server thread/DEBUG] [net.neoforged.neoforge.common.CommonHooks/WP]: Gathered mod list to write to world save world
[04Mar2026 23:44:29.766] [Server thread/DEBUG] [net.neoforged.neoforge.common.CommonHooks/WP]: Gathered mod list to write to world save world
[04Mar2026 23:49:29.767] [Server thread/DEBUG] [net.neoforged.neoforge.common.CommonHooks/WP]: Gathered mod list to write to world save world
[04Mar2026 23:54:29.767] [Server thread/DEBUG] [net.neoforged.neoforge.common.CommonHooks/WP]: Gathered mod list to write to world save world
[04Mar2026 23:59:29.768] [Server thread/DEBUG] [net.neoforged.neoforge.common.CommonHooks/WP]: Gathered mod list to write to world save world
[05Mar2026 00:04:29.768] [Server thread/DEBUG] [net.neoforged.neoforge.common.CommonHooks/WP]: Gathered mod list to write to world save world
[05Mar2026 00:09:29.770] [Server thread/DEBUG] [net.neoforged.neoforge.common.CommonHooks/WP]: Gathered mod list to write to world save world
[05Mar2026 00:14:29.768] [Server thread/DEBUG] [net.neoforged.neoforge.common.CommonHooks/WP]: Gathered mod list to write to world save world
[05Mar2026 00:19:29.768] [Server thread/DEBUG] [net.neoforged.neoforge.common.CommonHooks/WP]: Gathered mod list to write to world save world
[05Mar2026 00:24:29.769] [Server thread/DEBUG] [net.neoforged.neoforge.common.CommonHooks/WP]: Gathered mod list to write to world save world
[05Mar2026 00:29:29.769] [Server thread/DEBUG] [net.neoforged.neoforge.common.CommonHooks/WP]: Gathered mod list to write to world save world
[05Mar2026 00:34:29.770] [Server thread/DEBUG] [net.neoforged.neoforge.common.CommonHooks/WP]: Gathered mod list to write to world save world
[05Mar2026 00:39:29.770] [Server thread/DEBUG] [net.neoforged.neoforge.common.CommonHooks/WP]: Gathered mod list to write to world save world
[05Mar2026 00:44:29.771] [Server thread/DEBUG] [net.neoforged.neoforge.common.CommonHooks/WP]: Gathered mod list to write to world save world
[05Mar2026 00:49:29.769] [Server thread/DEBUG] [net.neoforged.neoforge.common.CommonHooks/WP]: Gathered mod list to write to world save world
[05Mar2026 00:54:29.769] [Server thread/DEBUG] [net.neoforged.neoforge.common.CommonHooks/WP]: Gathered mod list to write to world save world
[05Mar2026 00:59:29.770] [Server thread/DEBUG] [net.neoforged.neoforge.common.CommonHooks/WP]: Gathered mod list to write to world save world
[05Mar2026 01:04:29.771] [Server thread/DEBUG] [net.neoforged.neoforge.common.CommonHooks/WP]: Gathered mod list to write to world save world
[05Mar2026 01:09:29.770] [Server thread/DEBUG] [net.neoforged.neoforge.common.CommonHooks/WP]: Gathered mod list to write to world save world
[05Mar2026 01:14:29.772] [Server thread/DEBUG] [net.neoforged.neoforge.common.CommonHooks/WP]: Gathered mod list to write to world save world
[05Mar2026 01:19:29.773] [Server thread/DEBUG] [net.neoforged.neoforge.common.CommonHooks/WP]: Gathered mod list to write to world save world
[05Mar2026 01:24:29.773] [Server thread/DEBUG] [net.neoforged.neoforge.common.CommonHooks/WP]: Gathered mod list to write to world save world
[05Mar2026 01:29:29.773] [Server thread/DEBUG] [net.neoforged.neoforge.common.CommonHooks/WP]: Gathered mod list to write to world save world
[05Mar2026 01:34:29.774] [Server thread/DEBUG] [net.neoforged.neoforge.common.CommonHooks/WP]: Gathered mod list to write to world save world
[05Mar2026 01:39:29.774] [Server thread/DEBUG] [net.neoforged.neoforge.common.CommonHooks/WP]: Gathered mod list to write to world save world
[05Mar2026 01:44:29.774] [Server thread/DEBUG] [net.neoforged.neoforge.common.CommonHooks/WP]: Gathered mod list to write to world save world
[05Mar2026 01:49:29.775] [Server thread/DEBUG] [net.neoforged.neoforge.common.CommonHooks/WP]: Gathered mod list to write to world save world
[05Mar2026 01:54:29.775] [Server thread/DEBUG] [net.neoforged.neoforge.common.CommonHooks/WP]: Gathered mod list to write to world save world
[05Mar2026 01:59:29.776] [Server thread/DEBUG] [net.neoforged.neoforge.common.CommonHooks/WP]: Gathered mod list to write to world save world
[05Mar2026 02:04:29.775] [Server thread/DEBUG] [net.neoforged.neoforge.common.CommonHooks/WP]: Gathered mod list to write to world save world
[05Mar2026 02:09:29.776] [Server thread/DEBUG] [net.neoforged.neoforge.common.CommonHooks/WP]: Gathered mod list to write to world save world
[05Mar2026 02:14:29.778] [Server thread/DEBUG] [net.neoforged.neoforge.common.CommonHooks/WP]: Gathered mod list to write to world save world
[05Mar2026 02:19:29.778] [Server thread/DEBUG] [net.neoforged.neoforge.common.CommonHooks/WP]: Gathered mod list to write to world save world
[05Mar2026 02:24:29.779] [Server thread/DEBUG] [net.neoforged.neoforge.common.CommonHooks/WP]: Gathered mod list to write to world save world
[05Mar2026 02:29:29.779] [Server thread/DEBUG] [net.neoforged.neoforge.common.CommonHooks/WP]: Gathered mod list to write to world save world
[05Mar2026 02:34:29.780] [Server thread/DEBUG] [net.neoforged.neoforge.common.CommonHooks/WP]: Gathered mod list to write to world save world
[05Mar2026 02:39:29.781] [Server thread/DEBUG] [net.neoforged.neoforge.common.CommonHooks/WP]: Gathered mod list to write to world save world
[05Mar2026 02:44:29.781] [Server thread/DEBUG] [net.neoforged.neoforge.common.CommonHooks/WP]: Gathered mod list to write to world save world
[05Mar2026 02:49:29.782] [Server thread/DEBUG] [net.neoforged.neoforge.common.CommonHooks/WP]: Gathered mod list to write to world save world
[05Mar2026 02:54:29.783] [Server thread/DEBUG] [net.neoforged.neoforge.common.CommonHooks/WP]: Gathered mod list to write to world save world
[05Mar2026 02:59:29.783] [Server thread/DEBUG] [net.neoforged.neoforge.common.CommonHooks/WP]: Gathered mod list to write to world save world
[05Mar2026 03:04:29.784] [Server thread/DEBUG] [net.neoforged.neoforge.common.CommonHooks/WP]: Gathered mod list to write to world save world
[05Mar2026 03:09:29.787] [Server thread/DEBUG] [net.neoforged.neoforge.common.CommonHooks/WP]: Gathered mod list to write to world save world
[05Mar2026 03:14:29.787] [Server thread/DEBUG] [net.neoforged.neoforge.common.CommonHooks/WP]: Gathered mod list to write to world save world
[05Mar2026 03:19:29.788] [Server thread/DEBUG] [net.neoforged.neoforge.common.CommonHooks/WP]: Gathered mod list to write to world save world
[05Mar2026 03:24:29.789] [Server thread/DEBUG] [net.neoforged.neoforge.common.CommonHooks/WP]: Gathered mod list to write to world save world
[05Mar2026 03:29:29.790] [Server thread/DEBUG] [net.neoforged.neoforge.common.CommonHooks/WP]: Gathered mod list to write to world save world
[05Mar2026 03:34:29.790] [Server thread/DEBUG] [net.neoforged.neoforge.common.CommonHooks/WP]: Gathered mod list to write to world save world
[05Mar2026 03:39:29.795] [Server thread/DEBUG] [net.neoforged.neoforge.common.CommonHooks/WP]: Gathered mod list to write to world save world
[05Mar2026 03:44:29.796] [Server thread/DEBUG] [net.neoforged.neoforge.common.CommonHooks/WP]: Gathered mod list to write to world save world
[05Mar2026 03:49:29.797] [Server thread/DEBUG] [net.neoforged.neoforge.common.CommonHooks/WP]: Gathered mod list to write to world save world
[05Mar2026 03:54:29.798] [Server thread/DEBUG] [net.neoforged.neoforge.common.CommonHooks/WP]: Gathered mod list to write to world save world
[05Mar2026 03:59:29.799] [Server thread/DEBUG] [net.neoforged.neoforge.common.CommonHooks/WP]: Gathered mod list to write to world save world
[05Mar2026 04:04:29.801] [Server thread/DEBUG] [net.neoforged.neoforge.common.CommonHooks/WP]: Gathered mod list to write to world save world
[05Mar2026 04:09:29.804] [Server thread/DEBUG] [net.neoforged.neoforge.common.CommonHooks/WP]: Gathered mod list to write to world save world
[05Mar2026 04:14:29.805] [Server thread/DEBUG] [net.neoforged.neoforge.common.CommonHooks/WP]: Gathered mod list to write to world save world
[05Mar2026 04:19:29.807] [Server thread/DEBUG] [net.neoforged.neoforge.common.CommonHooks/WP]: Gathered mod list to write to world save world
[05Mar2026 04:24:29.808] [Server thread/DEBUG] [net.neoforged.neoforge.common.CommonHooks/WP]: Gathered mod list to write to world save world
[05Mar2026 04:29:29.810] [Server thread/DEBUG] [net.neoforged.neoforge.common.CommonHooks/WP]: Gathered mod list to write to world save world
[05Mar2026 04:34:29.812] [Server thread/DEBUG] [net.neoforged.neoforge.common.CommonHooks/WP]: Gathered mod list to write to world save world
[05Mar2026 04:39:29.814] [Server thread/DEBUG] [net.neoforged.neoforge.common.CommonHooks/WP]: Gathered mod list to write to world save world
[05Mar2026 04:44:29.816] [Server thread/DEBUG] [net.neoforged.neoforge.common.CommonHooks/WP]: Gathered mod list to write to world save world
[05Mar2026 04:49:29.817] [Server thread/DEBUG] [net.neoforged.neoforge.common.CommonHooks/WP]: Gathered mod list to write to world save world
[05Mar2026 04:54:29.818] [Server thread/DEBUG] [net.neoforged.neoforge.common.CommonHooks/WP]: Gathered mod list to write to world save world
[05Mar2026 04:59:29.820] [Server thread/DEBUG] [net.neoforged.neoforge.common.CommonHooks/WP]: Gathered mod list to write to world save world
[05Mar2026 05:04:29.822] [Server thread/DEBUG] [net.neoforged.neoforge.common.CommonHooks/WP]: Gathered mod list to write to world save world
[05Mar2026 05:09:29.823] [Server thread/DEBUG] [net.neoforged.neoforge.common.CommonHooks/WP]: Gathered mod list to write to world save world
[05Mar2026 05:14:29.825] [Server thread/DEBUG] [net.neoforged.neoforge.common.CommonHooks/WP]: Gathered mod list to write to world save world
[05Mar2026 05:19:29.826] [Server thread/DEBUG] [net.neoforged.neoforge.common.CommonHooks/WP]: Gathered mod list to write to world save world
[05Mar2026 05:24:29.828] [Server thread/DEBUG] [net.neoforged.neoforge.common.CommonHooks/WP]: Gathered mod list to write to world save world
[05Mar2026 05:29:29.829] [Server thread/DEBUG] [net.neoforged.neoforge.common.CommonHooks/WP]: Gathered mod list to write to world save world
[05Mar2026 05:34:29.829] [Server thread/DEBUG] [net.neoforged.neoforge.common.CommonHooks/WP]: Gathered mod list to write to world save world
[05Mar2026 05:39:29.831] [Server thread/DEBUG] [net.neoforged.neoforge.common.CommonHooks/WP]: Gathered mod list to write to world save world
[05Mar2026 05:44:29.832] [Server thread/DEBUG] [net.neoforged.neoforge.common.CommonHooks/WP]: Gathered mod list to write to world save world
[05Mar2026 05:49:29.834] [Server thread/DEBUG] [net.neoforged.neoforge.common.CommonHooks/WP]: Gathered mod list to write to world save world
[05Mar2026 05:54:29.835] [Server thread/DEBUG] [net.neoforged.neoforge.common.CommonHooks/WP]: Gathered mod list to write to world save world
[05Mar2026 05:59:29.837] [Server thread/DEBUG] [net.neoforged.neoforge.common.CommonHooks/WP]: Gathered mod list to write to world save world
[05Mar2026 06:04:29.838] [Server thread/DEBUG] [net.neoforged.neoforge.common.CommonHooks/WP]: Gathered mod list to write to world save world
[05Mar2026 06:09:29.840] [Server thread/DEBUG] [net.neoforged.neoforge.common.CommonHooks/WP]: Gathered mod list to write to world save world
[05Mar2026 06:14:29.840] [Server thread/DEBUG] [net.neoforged.neoforge.common.CommonHooks/WP]: Gathered mod list to write to world save world
[05Mar2026 06:19:29.842] [Server thread/DEBUG] [net.neoforged.neoforge.common.CommonHooks/WP]: Gathered mod list to write to world save world
[05Mar2026 06:24:29.843] [Server thread/DEBUG] [net.neoforged.neoforge.common.CommonHooks/WP]: Gathered mod list to write to world save world
[05Mar2026 06:29:29.846] [Server thread/DEBUG] [net.neoforged.neoforge.common.CommonHooks/WP]: Gathered mod list to write to world save world
[05Mar2026 06:34:29.848] [Server thread/DEBUG] [net.neoforged.neoforge.common.CommonHooks/WP]: Gathered mod list to write to world save world
[05Mar2026 06:39:29.850] [Server thread/DEBUG] [net.neoforged.neoforge.common.CommonHooks/WP]: Gathered mod list to write to world save world
[05Mar2026 06:44:29.852] [Server thread/DEBUG] [net.neoforged.neoforge.common.CommonHooks/WP]: Gathered mod list to write to world save world
[05Mar2026 06:49:29.853] [Server thread/DEBUG] [net.neoforged.neoforge.common.CommonHooks/WP]: Gathered mod list to write to world save world
[05Mar2026 06:54:29.855] [Server thread/DEBUG] [net.neoforged.neoforge.common.CommonHooks/WP]: Gathered mod list to write to world save world
[05Mar2026 06:59:29.853] [Server thread/DEBUG] [net.neoforged.neoforge.common.CommonHooks/WP]: Gathered mod list to write to world save world
[05Mar2026 07:04:29.855] [Server thread/DEBUG] [net.neoforged.neoforge.common.CommonHooks/WP]: Gathered mod list to write to world save world
[05Mar2026 07:09:29.856] [Server thread/DEBUG] [net.neoforged.neoforge.common.CommonHooks/WP]: Gathered mod list to write to world save world
[05Mar2026 07:14:29.857] [Server thread/DEBUG] [net.neoforged.neoforge.common.CommonHooks/WP]: Gathered mod list to write to world save world
[05Mar2026 07:19:29.859] [Server thread/DEBUG] [net.neoforged.neoforge.common.CommonHooks/WP]: Gathered mod list to write to world save world
[05Mar2026 07:24:29.860] [Server thread/DEBUG] [net.neoforged.neoforge.common.CommonHooks/WP]: Gathered mod list to write to world save world
[05Mar2026 07:29:29.862] [Server thread/DEBUG] [net.neoforged.neoforge.common.CommonHooks/WP]: Gathered mod list to write to world save world
[05Mar2026 07:34:29.863] [Server thread/DEBUG] [net.neoforged.neoforge.common.CommonHooks/WP]: Gathered mod list to write to world save world
[05Mar2026 07:39:29.864] [Server thread/DEBUG] [net.neoforged.neoforge.common.CommonHooks/WP]: Gathered mod list to write to world save world
[05Mar2026 07:44:29.867] [Server thread/DEBUG] [net.neoforged.neoforge.common.CommonHooks/WP]: Gathered mod list to write to world save world
[05Mar2026 07:49:29.867] [Server thread/DEBUG] [net.neoforged.neoforge.common.CommonHooks/WP]: Gathered mod list to write to world save world
[05Mar2026 07:54:29.869] [Server thread/DEBUG] [net.neoforged.neoforge.common.CommonHooks/WP]: Gathered mod list to write to world save world
[05Mar2026 07:59:29.870] [Server thread/DEBUG] [net.neoforged.neoforge.common.CommonHooks/WP]: Gathered mod list to write to world save world
[05Mar2026 08:04:29.871] [Server thread/DEBUG] [net.neoforged.neoforge.common.CommonHooks/WP]: Gathered mod list to write to world save world
[05Mar2026 08:09:29.873] [Server thread/DEBUG] [net.neoforged.neoforge.common.CommonHooks/WP]: Gathered mod list to write to world save world
[05Mar2026 08:14:29.874] [Server thread/DEBUG] [net.neoforged.neoforge.common.CommonHooks/WP]: Gathered mod list to write to world save world
[05Mar2026 08:19:29.875] [Server thread/DEBUG] [net.neoforged.neoforge.common.CommonHooks/WP]: Gathered mod list to write to world save world
[05Mar2026 08:24:29.872] [Server thread/DEBUG] [net.neoforged.neoforge.common.CommonHooks/WP]: Gathered mod list to write to world save world
[05Mar2026 08:29:29.873] [Server thread/DEBUG] [net.neoforged.neoforge.common.CommonHooks/WP]: Gathered mod list to write to world save world
[05Mar2026 08:34:29.875] [Server thread/DEBUG] [net.neoforged.neoforge.common.CommonHooks/WP]: Gathered mod list to write to world save world
[05Mar2026 08:39:29.876] [Server thread/DEBUG] [net.neoforged.neoforge.common.CommonHooks/WP]: Gathered mod list to write to world save world
[05Mar2026 08:44:29.876] [Server thread/DEBUG] [net.neoforged.neoforge.common.CommonHooks/WP]: Gathered mod list to write to world save world
[05Mar2026 08:49:29.878] [Server thread/DEBUG] [net.neoforged.neoforge.common.CommonHooks/WP]: Gathered mod list to write to world save world
[05Mar2026 08:54:29.876] [Server thread/DEBUG] [net.neoforged.neoforge.common.CommonHooks/WP]: Gathered mod list to write to world save world
[05Mar2026 08:59:29.877] [Server thread/DEBUG] [net.neoforged.neoforge.common.CommonHooks/WP]: Gathered mod list to write to world save world
[05Mar2026 09:04:29.877] [Server thread/DEBUG] [net.neoforged.neoforge.common.CommonHooks/WP]: Gathered mod list to write to world save world
[05Mar2026 09:09:29.878] [Server thread/DEBUG] [net.neoforged.neoforge.common.CommonHooks/WP]: Gathered mod list to write to world save world
[05Mar2026 09:14:29.879] [Server thread/DEBUG] [net.neoforged.neoforge.common.CommonHooks/WP]: Gathered mod list to write to world save world
[05Mar2026 09:19:29.880] [Server thread/DEBUG] [net.neoforged.neoforge.common.CommonHooks/WP]: Gathered mod list to write to world save world
[05Mar2026 09:24:29.878] [Server thread/DEBUG] [net.neoforged.neoforge.common.CommonHooks/WP]: Gathered mod list to write to world save world
[05Mar2026 09:29:29.879] [Server thread/DEBUG] [net.neoforged.neoforge.common.CommonHooks/WP]: Gathered mod list to write to world save world
[05Mar2026 09:34:29.879] [Server thread/DEBUG] [net.neoforged.neoforge.common.CommonHooks/WP]: Gathered mod list to write to world save world
[05Mar2026 09:39:29.880] [Server thread/DEBUG] [net.neoforged.neoforge.common.CommonHooks/WP]: Gathered mod list to write to world save world
[05Mar2026 09:44:29.880] [Server thread/DEBUG] [net.neoforged.neoforge.common.CommonHooks/WP]: Gathered mod list to write to world save world
[05Mar2026 09:49:29.880] [Server thread/DEBUG] [net.neoforged.neoforge.common.CommonHooks/WP]: Gathered mod list to write to world save world
[05Mar2026 09:54:29.879] [Server thread/DEBUG] [net.neoforged.neoforge.common.CommonHooks/WP]: Gathered mod list to write to world save world
[05Mar2026 09:59:29.879] [Server thread/DEBUG] [net.neoforged.neoforge.common.CommonHooks/WP]: Gathered mod list to write to world save world
[05Mar2026 10:04:29.879] [Server thread/DEBUG] [net.neoforged.neoforge.common.CommonHooks/WP]: Gathered mod list to write to world save world
[05Mar2026 10:09:29.880] [Server thread/DEBUG] [net.neoforged.neoforge.common.CommonHooks/WP]: Gathered mod list to write to world save world
[05Mar2026 10:14:29.880] [Server thread/DEBUG] [net.neoforged.neoforge.common.CommonHooks/WP]: Gathered mod list to write to world save world
[05Mar2026 10:19:29.881] [Server thread/DEBUG] [net.neoforged.neoforge.common.CommonHooks/WP]: Gathered mod list to write to world save world
[05Mar2026 10:24:29.882] [Server thread/DEBUG] [net.neoforged.neoforge.common.CommonHooks/WP]: Gathered mod list to write to world save world
[05Mar2026 10:29:29.882] [Server thread/DEBUG] [net.neoforged.neoforge.common.CommonHooks/WP]: Gathered mod list to write to world save world
[05Mar2026 10:34:29.882] [Server thread/DEBUG] [net.neoforged.neoforge.common.CommonHooks/WP]: Gathered mod list to write to world save world
[05Mar2026 10:39:29.883] [Server thread/DEBUG] [net.neoforged.neoforge.common.CommonHooks/WP]: Gathered mod list to write to world save world
[05Mar2026 10:44:29.883] [Server thread/DEBUG] [net.neoforged.neoforge.common.CommonHooks/WP]: Gathered mod list to write to world save world
[05Mar2026 10:49:29.883] [Server thread/DEBUG] [net.neoforged.neoforge.common.CommonHooks/WP]: Gathered mod list to write to world save world
[05Mar2026 10:54:29.883] [Server thread/DEBUG] [net.neoforged.neoforge.common.CommonHooks/WP]: Gathered mod list to write to world save world
[05Mar2026 10:59:29.884] [Server thread/DEBUG] [net.neoforged.neoforge.common.CommonHooks/WP]: Gathered mod list to write to world save world
[05Mar2026 11:04:29.884] [Server thread/DEBUG] [net.neoforged.neoforge.common.CommonHooks/WP]: Gathered mod list to write to world save world
[05Mar2026 11:09:29.885] [Server thread/DEBUG] [net.neoforged.neoforge.common.CommonHooks/WP]: Gathered mod list to write to world save world
[05Mar2026 11:14:29.886] [Server thread/DEBUG] [net.neoforged.neoforge.common.CommonHooks/WP]: Gathered mod list to write to world save world
[05Mar2026 11:19:29.886] [Server thread/DEBUG] [net.neoforged.neoforge.common.CommonHooks/WP]: Gathered mod list to write to world save world
[05Mar2026 11:24:29.887] [Server thread/DEBUG] [net.neoforged.neoforge.common.CommonHooks/WP]: Gathered mod list to write to world save world
[05Mar2026 11:29:29.888] [Server thread/DEBUG] [net.neoforged.neoforge.common.CommonHooks/WP]: Gathered mod list to write to world save world
[05Mar2026 11:34:29.888] [Server thread/DEBUG] [net.neoforged.neoforge.common.CommonHooks/WP]: Gathered mod list to write to world save world
[05Mar2026 11:39:29.888] [Server thread/DEBUG] [net.neoforged.neoforge.common.CommonHooks/WP]: Gathered mod list to write to world save world
[05Mar2026 11:44:29.889] [Server thread/DEBUG] [net.neoforged.neoforge.common.CommonHooks/WP]: Gathered mod list to write to world save world
[05Mar2026 11:49:29.890] [Server thread/DEBUG] [net.neoforged.neoforge.common.CommonHooks/WP]: Gathered mod list to write to world save world
[05Mar2026 11:54:29.890] [Server thread/DEBUG] [net.neoforged.neoforge.common.CommonHooks/WP]: Gathered mod list to write to world save world
[05Mar2026 11:59:29.890] [Server thread/DEBUG] [net.neoforged.neoforge.common.CommonHooks/WP]: Gathered mod list to write to world save world
[05Mar2026 12:04:29.890] [Server thread/DEBUG] [net.neoforged.neoforge.common.CommonHooks/WP]: Gathered mod list to write to world save world
[05Mar2026 12:09:29.892] [Server thread/DEBUG] [net.neoforged.neoforge.common.CommonHooks/WP]: Gathered mod list to write to world save world
[05Mar2026 12:14:29.892] [Server thread/DEBUG] [net.neoforged.neoforge.common.CommonHooks/WP]: Gathered mod list to write to world save world
[05Mar2026 12:19:29.892] [Server thread/DEBUG] [net.neoforged.neoforge.common.CommonHooks/WP]: Gathered mod list to write to world save world
[05Mar2026 12:24:29.892] [Server thread/DEBUG] [net.neoforged.neoforge.common.CommonHooks/WP]: Gathered mod list to write to world save world
[05Mar2026 12:29:29.893] [Server thread/DEBUG] [net.neoforged.neoforge.common.CommonHooks/WP]: Gathered mod list to write to world save world
[05Mar2026 12:34:29.893] [Server thread/DEBUG] [net.neoforged.neoforge.common.CommonHooks/WP]: Gathered mod list to write to world save world
[05Mar2026 12:39:29.894] [Server thread/DEBUG] [net.neoforged.neoforge.common.CommonHooks/WP]: Gathered mod list to write to world save world
[05Mar2026 12:44:29.896] [Server thread/DEBUG] [net.neoforged.neoforge.common.CommonHooks/WP]: Gathered mod list to write to world save world
[05Mar2026 12:49:29.896] [Server thread/DEBUG] [net.neoforged.neoforge.common.CommonHooks/WP]: Gathered mod list to write to world save world
[05Mar2026 12:54:29.896] [Server thread/DEBUG] [net.neoforged.neoforge.common.CommonHooks/WP]: Gathered mod list to write to world save world
[05Mar2026 12:59:29.896] [Server thread/DEBUG] [net.neoforged.neoforge.common.CommonHooks/WP]: Gathered mod list to write to world save world
[05Mar2026 13:04:29.897] [Server thread/DEBUG] [net.neoforged.neoforge.common.CommonHooks/WP]: Gathered mod list to write to world save world
[05Mar2026 13:09:29.897] [Server thread/DEBUG] [net.neoforged.neoforge.common.CommonHooks/WP]: Gathered mod list to write to world save world
[05Mar2026 13:14:29.903] [Server thread/DEBUG] [net.neoforged.neoforge.common.CommonHooks/WP]: Gathered mod list to write to world save world
[05Mar2026 13:19:29.904] [Server thread/DEBUG] [net.neoforged.neoforge.common.CommonHooks/WP]: Gathered mod list to write to world save world
[05Mar2026 13:24:29.904] [Server thread/DEBUG] [net.neoforged.neoforge.common.CommonHooks/WP]: Gathered mod list to write to world save world
[05Mar2026 13:29:29.905] [Server thread/DEBUG] [net.neoforged.neoforge.common.CommonHooks/WP]: Gathered mod list to write to world save world
[05Mar2026 13:34:29.906] [Server thread/DEBUG] [net.neoforged.neoforge.common.CommonHooks/WP]: Gathered mod list to write to world save world
[05Mar2026 13:39:29.912] [Server thread/DEBUG] [net.neoforged.neoforge.common.CommonHooks/WP]: Gathered mod list to write to world save world
[05Mar2026 13:44:29.913] [Server thread/DEBUG] [net.neoforged.neoforge.common.CommonHooks/WP]: Gathered mod list to write to world save world
[05Mar2026 13:49:29.915] [Server thread/DEBUG] [net.neoforged.neoforge.common.CommonHooks/WP]: Gathered mod list to write to world save world
[05Mar2026 13:54:29.917] [Server thread/DEBUG] [net.neoforged.neoforge.common.CommonHooks/WP]: Gathered mod list to write to world save world
[05Mar2026 13:59:29.917] [Server thread/DEBUG] [net.neoforged.neoforge.common.CommonHooks/WP]: Gathered mod list to write to world save world
[05Mar2026 14:04:29.919] [Server thread/DEBUG] [net.neoforged.neoforge.common.CommonHooks/WP]: Gathered mod list to write to world save world
[05Mar2026 14:09:29.921] [Server thread/DEBUG] [net.neoforged.neoforge.common.CommonHooks/WP]: Gathered mod list to write to world save world
[05Mar2026 14:14:29.923] [Server thread/DEBUG] [net.neoforged.neoforge.common.CommonHooks/WP]: Gathered mod list to write to world save world
[05Mar2026 14:19:29.924] [Server thread/DEBUG] [net.neoforged.neoforge.common.CommonHooks/WP]: Gathered mod list to write to world save world
[05Mar2026 14:24:29.926] [Server thread/DEBUG] [net.neoforged.neoforge.common.CommonHooks/WP]: Gathered mod list to write to world save world
[05Mar2026 14:29:29.927] [Server thread/DEBUG] [net.neoforged.neoforge.common.CommonHooks/WP]: Gathered mod list to write to world save world
[05Mar2026 14:34:29.928] [Server thread/DEBUG] [net.neoforged.neoforge.common.CommonHooks/WP]: Gathered mod list to write to world save world
[05Mar2026 14:39:29.931] [Server thread/DEBUG] [net.neoforged.neoforge.common.CommonHooks/WP]: Gathered mod list to write to world save world
[05Mar2026 14:44:29.931] [Server thread/DEBUG] [net.neoforged.neoforge.common.CommonHooks/WP]: Gathered mod list to write to world save world
[05Mar2026 14:49:29.933] [Server thread/DEBUG] [net.neoforged.neoforge.common.CommonHooks/WP]: Gathered mod list to write to world save world
[05Mar2026 14:54:29.934] [Server thread/DEBUG] [net.neoforged.neoforge.common.CommonHooks/WP]: Gathered mod list to write to world save world
[05Mar2026 14:59:29.936] [Server thread/DEBUG] [net.neoforged.neoforge.common.CommonHooks/WP]: Gathered mod list to write to world save world
[05Mar2026 15:04:29.937] [Server thread/DEBUG] [net.neoforged.neoforge.common.CommonHooks/WP]: Gathered mod list to write to world save world
[05Mar2026 15:09:29.939] [Server thread/DEBUG] [net.neoforged.neoforge.common.CommonHooks/WP]: Gathered mod list to write to world save world
[05Mar2026 15:14:29.940] [Server thread/DEBUG] [net.neoforged.neoforge.common.CommonHooks/WP]: Gathered mod list to write to world save world
[05Mar2026 15:19:29.942] [Server thread/DEBUG] [net.neoforged.neoforge.common.CommonHooks/WP]: Gathered mod list to write to world save world
[05Mar2026 15:24:29.943] [Server thread/DEBUG] [net.neoforged.neoforge.common.CommonHooks/WP]: Gathered mod list to write to world save world
[05Mar2026 15:29:29.944] [Server thread/DEBUG] [net.neoforged.neoforge.common.CommonHooks/WP]: Gathered mod list to write to world save world
[05Mar2026 15:34:29.944] [Server thread/DEBUG] [net.neoforged.neoforge.common.CommonHooks/WP]: Gathered mod list to write to world save world
[05Mar2026 15:39:29.946] [Server thread/DEBUG] [net.neoforged.neoforge.common.CommonHooks/WP]: Gathered mod list to write to world save world
[05Mar2026 15:44:29.947] [Server thread/DEBUG] [net.neoforged.neoforge.common.CommonHooks/WP]: Gathered mod list to write to world save world
[05Mar2026 15:49:29.948] [Server thread/DEBUG] [net.neoforged.neoforge.common.CommonHooks/WP]: Gathered mod list to write to world save world
[05Mar2026 15:54:29.949] [Server thread/DEBUG] [net.neoforged.neoforge.common.CommonHooks/WP]: Gathered mod list to write to world save world
[05Mar2026 15:59:29.951] [Server thread/DEBUG] [net.neoforged.neoforge.common.CommonHooks/WP]: Gathered mod list to write to world save world
[05Mar2026 16:04:29.953] [Server thread/DEBUG] [net.neoforged.neoforge.common.CommonHooks/WP]: Gathered mod list to write to world save world
[05Mar2026 16:09:29.954] [Server thread/DEBUG] [net.neoforged.neoforge.common.CommonHooks/WP]: Gathered mod list to write to world save world
[05Mar2026 16:14:29.955] [Server thread/DEBUG] [net.neoforged.neoforge.common.CommonHooks/WP]: Gathered mod list to write to world save world
[05Mar2026 16:19:29.957] [Server thread/DEBUG] [net.neoforged.neoforge.common.CommonHooks/WP]: Gathered mod list to write to world save world
[05Mar2026 16:24:29.958] [Server thread/DEBUG] [net.neoforged.neoforge.common.CommonHooks/WP]: Gathered mod list to write to world save world
[05Mar2026 16:29:29.959] [Server thread/DEBUG] [net.neoforged.neoforge.common.CommonHooks/WP]: Gathered mod list to write to world save world
[05Mar2026 16:34:29.962] [Server thread/DEBUG] [net.neoforged.neoforge.common.CommonHooks/WP]: Gathered mod list to write to world save world
[05Mar2026 16:39:29.963] [Server thread/DEBUG] [net.neoforged.neoforge.common.CommonHooks/WP]: Gathered mod list to write to world save world
[05Mar2026 16:44:29.965] [Server thread/DEBUG] [net.neoforged.neoforge.common.CommonHooks/WP]: Gathered mod list to write to world save world
[05Mar2026 16:49:29.966] [Server thread/DEBUG] [net.neoforged.neoforge.common.CommonHooks/WP]: Gathered mod list to write to world save world
[05Mar2026 16:54:29.968] [Server thread/DEBUG] [net.neoforged.neoforge.common.CommonHooks/WP]: Gathered mod list to write to world save world
[05Mar2026 16:59:29.970] [Server thread/DEBUG] [net.neoforged.neoforge.common.CommonHooks/WP]: Gathered mod list to write to world save world
[05Mar2026 17:04:29.971] [Server thread/DEBUG] [net.neoforged.neoforge.common.CommonHooks/WP]: Gathered mod list to write to world save world
[05Mar2026 17:09:29.973] [Server thread/DEBUG] [net.neoforged.neoforge.common.CommonHooks/WP]: Gathered mod list to write to world save world
[05Mar2026 17:14:29.974] [Server thread/DEBUG] [net.neoforged.neoforge.common.CommonHooks/WP]: Gathered mod list to write to world save world
[05Mar2026 17:19:29.976] [Server thread/DEBUG] [net.neoforged.neoforge.common.CommonHooks/WP]: Gathered mod list to write to world save world
[05Mar2026 17:24:29.977] [Server thread/DEBUG] [net.neoforged.neoforge.common.CommonHooks/WP]: Gathered mod list to write to world save world
[05Mar2026 17:29:29.978] [Server thread/DEBUG] [net.neoforged.neoforge.common.CommonHooks/WP]: Gathered mod list to write to world save world
[05Mar2026 17:34:29.979] [Server thread/DEBUG] [net.neoforged.neoforge.common.CommonHooks/WP]: Gathered mod list to write to world save world
[05Mar2026 17:39:29.982] [Server thread/DEBUG] [net.neoforged.neoforge.common.CommonHooks/WP]: Gathered mod list to write to world save world
[05Mar2026 17:44:29.983] [Server thread/DEBUG] [net.neoforged.neoforge.common.CommonHooks/WP]: Gathered mod list to write to world save world
[05Mar2026 17:49:29.984] [Server thread/DEBUG] [net.neoforged.neoforge.common.CommonHooks/WP]: Gathered mod list to write to world save world
[05Mar2026 17:54:29.985] [Server thread/DEBUG] [net.neoforged.neoforge.common.CommonHooks/WP]: Gathered mod list to write to world save world
[05Mar2026 17:59:29.987] [Server thread/DEBUG] [net.neoforged.neoforge.common.CommonHooks/WP]: Gathered mod list to write to world save world
[05Mar2026 18:04:29.988] [Server thread/DEBUG] [net.neoforged.neoforge.common.CommonHooks/WP]: Gathered mod list to write to world save world
[05Mar2026 18:09:29.990] [Server thread/DEBUG] [net.neoforged.neoforge.common.CommonHooks/WP]: Gathered mod list to write to world save world
[05Mar2026 18:14:29.991] [Server thread/DEBUG] [net.neoforged.neoforge.common.CommonHooks/WP]: Gathered mod list to write to world save world
[05Mar2026 18:19:29.992] [Server thread/DEBUG] [net.neoforged.neoforge.common.CommonHooks/WP]: Gathered mod list to write to world save world
[05Mar2026 18:24:29.994] [Server thread/DEBUG] [net.neoforged.neoforge.common.CommonHooks/WP]: Gathered mod list to write to world save world
[05Mar2026 18:29:29.994] [Server thread/DEBUG] [net.neoforged.neoforge.common.CommonHooks/WP]: Gathered mod list to write to world save world
[05Mar2026 18:34:29.996] [Server thread/DEBUG] [net.neoforged.neoforge.common.CommonHooks/WP]: Gathered mod list to write to world save world
[05Mar2026 18:39:29.997] [Server thread/DEBUG] [net.neoforged.neoforge.common.CommonHooks/WP]: Gathered mod list to write to world save world
[05Mar2026 18:44:29.998] [Server thread/DEBUG] [net.neoforged.neoforge.common.CommonHooks/WP]: Gathered mod list to write to world save world
[05Mar2026 18:49:30.001] [Server thread/DEBUG] [net.neoforged.neoforge.common.CommonHooks/WP]: Gathered mod list to write to world save world
[05Mar2026 18:54:30.001] [Server thread/DEBUG] [net.neoforged.neoforge.common.CommonHooks/WP]: Gathered mod list to write to world save world
[05Mar2026 18:59:30.003] [Server thread/DEBUG] [net.neoforged.neoforge.common.CommonHooks/WP]: Gathered mod list to write to world save world
[05Mar2026 19:04:30.004] [Server thread/DEBUG] [net.neoforged.neoforge.common.CommonHooks/WP]: Gathered mod list to write to world save world
[05Mar2026 19:09:30.005] [Server thread/DEBUG] [net.neoforged.neoforge.common.CommonHooks/WP]: Gathered mod list to write to world save world
[05Mar2026 19:14:30.007] [Server thread/DEBUG] [net.neoforged.neoforge.common.CommonHooks/WP]: Gathered mod list to write to world save world
[05Mar2026 19:19:30.009] [Server thread/DEBUG] [net.neoforged.neoforge.common.CommonHooks/WP]: Gathered mod list to write to world save world
[05Mar2026 19:24:30.009] [Server thread/DEBUG] [net.neoforged.neoforge.common.CommonHooks/WP]: Gathered mod list to write to world save world
[05Mar2026 19:29:30.010] [Server thread/DEBUG] [net.neoforged.neoforge.common.CommonHooks/WP]: Gathered mod list to write to world save world
[05Mar2026 19:34:30.012] [Server thread/DEBUG] [net.neoforged.neoforge.common.CommonHooks/WP]: Gathered mod list to write to world save world
[05Mar2026 19:39:30.014] [Server thread/DEBUG] [net.neoforged.neoforge.common.CommonHooks/WP]: Gathered mod list to write to world save world
[05Mar2026 19:44:30.014] [Server thread/DEBUG] [net.neoforged.neoforge.common.CommonHooks/WP]: Gathered mod list to write to world save world
[05Mar2026 19:49:30.016] [Server thread/DEBUG] [net.neoforged.neoforge.common.CommonHooks/WP]: Gathered mod list to write to world save world
[05Mar2026 19:54:30.017] [Server thread/DEBUG] [net.neoforged.neoforge.common.CommonHooks/WP]: Gathered mod list to write to world save world
[05Mar2026 19:59:30.018] [Server thread/DEBUG] [net.neoforged.neoforge.common.CommonHooks/WP]: Gathered mod list to write to world save world
[05Mar2026 20:04:30.019] [Server thread/DEBUG] [net.neoforged.neoforge.common.CommonHooks/WP]: Gathered mod list to write to world save world
[05Mar2026 20:09:30.021] [Server thread/DEBUG] [net.neoforged.neoforge.common.CommonHooks/WP]: Gathered mod list to write to world save world
[05Mar2026 20:14:30.022] [Server thread/DEBUG] [net.neoforged.neoforge.common.CommonHooks/WP]: Gathered mod list to write to world save world
[05Mar2026 20:19:30.023] [Server thread/DEBUG] [net.neoforged.neoforge.common.CommonHooks/WP]: Gathered mod list to write to world save world
[05Mar2026 20:24:30.025] [Server thread/DEBUG] [net.neoforged.neoforge.common.CommonHooks/WP]: Gathered mod list to write to world save world
[05Mar2026 20:29:30.027] [Server thread/DEBUG] [net.neoforged.neoforge.common.CommonHooks/WP]: Gathered mod list to write to world save world
[05Mar2026 20:34:30.028] [Server thread/DEBUG] [net.neoforged.neoforge.common.CommonHooks/WP]: Gathered mod list to write to world save world
[05Mar2026 20:39:30.030] [Server thread/DEBUG] [net.neoforged.neoforge.common.CommonHooks/WP]: Gathered mod list to write to world save world
[05Mar2026 20:44:30.030] [Server thread/DEBUG] [net.neoforged.neoforge.common.CommonHooks/WP]: Gathered mod list to write to world save world
[05Mar2026 20:49:30.033] [Server thread/DEBUG] [net.neoforged.neoforge.common.CommonHooks/WP]: Gathered mod list to write to world save world
[05Mar2026 20:54:30.034] [Server thread/DEBUG] [net.neoforged.neoforge.common.CommonHooks/WP]: Gathered mod list to write to world save world
[05Mar2026 20:59:30.035] [Server thread/DEBUG] [net.neoforged.neoforge.common.CommonHooks/WP]: Gathered mod list to write to world save world
[05Mar2026 21:04:30.037] [Server thread/DEBUG] [net.neoforged.neoforge.common.CommonHooks/WP]: Gathered mod list to write to world save world
[05Mar2026 21:09:30.038] [Server thread/DEBUG] [net.neoforged.neoforge.common.CommonHooks/WP]: Gathered mod list to write to world save world
[05Mar2026 21:14:30.039] [Server thread/DEBUG] [net.neoforged.neoforge.common.CommonHooks/WP]: Gathered mod list to write to world save world
[05Mar2026 21:19:30.042] [Server thread/DEBUG] [net.neoforged.neoforge.common.CommonHooks/WP]: Gathered mod list to write to world save world
[05Mar2026 21:24:30.044] [Server thread/DEBUG] [net.neoforged.neoforge.common.CommonHooks/WP]: Gathered mod list to write to world save world
[05Mar2026 21:29:30.045] [Server thread/DEBUG] [net.neoforged.neoforge.common.CommonHooks/WP]: Gathered mod list to write to world save world
[05Mar2026 21:34:30.047] [Server thread/DEBUG] [net.neoforged.neoforge.common.CommonHooks/WP]: Gathered mod list to write to world save world
[05Mar2026 21:39:30.049] [Server thread/DEBUG] [net.neoforged.neoforge.common.CommonHooks/WP]: Gathered mod list to write to world save world
[05Mar2026 21:44:30.050] [Server thread/DEBUG] [net.neoforged.neoforge.common.CommonHooks/WP]: Gathered mod list to write to world save world
[05Mar2026 21:49:30.050] [Server thread/DEBUG] [net.neoforged.neoforge.common.CommonHooks/WP]: Gathered mod list to write to world save world
[05Mar2026 21:54:30.052] [Server thread/DEBUG] [net.neoforged.neoforge.common.CommonHooks/WP]: Gathered mod list to write to world save world
[05Mar2026 21:59:30.053] [Server thread/DEBUG] [net.neoforged.neoforge.common.CommonHooks/WP]: Gathered mod list to write to world save world
[05Mar2026 22:04:30.054] [Server thread/DEBUG] [net.neoforged.neoforge.common.CommonHooks/WP]: Gathered mod list to write to world save world
[05Mar2026 22:09:30.055] [Server thread/DEBUG] [net.neoforged.neoforge.common.CommonHooks/WP]: Gathered mod list to write to world save world
[05Mar2026 22:14:30.057] [Server thread/DEBUG] [net.neoforged.neoforge.common.CommonHooks/WP]: Gathered mod list to write to world save world
[05Mar2026 22:19:30.058] [Server thread/DEBUG] [net.neoforged.neoforge.common.CommonHooks/WP]: Gathered mod list to write to world save world
[05Mar2026 22:24:30.059] [Server thread/DEBUG] [net.neoforged.neoforge.common.CommonHooks/WP]: Gathered mod list to write to world save world
[05Mar2026 22:29:30.061] [Server thread/DEBUG] [net.neoforged.neoforge.common.CommonHooks/WP]: Gathered mod list to write to world save world
[05Mar2026 22:34:30.062] [Server thread/DEBUG] [net.neoforged.neoforge.common.CommonHooks/WP]: Gathered mod list to write to world save world
[05Mar2026 22:39:30.063] [Server thread/DEBUG] [net.neoforged.neoforge.common.CommonHooks/WP]: Gathered mod list to write to world save world
[05Mar2026 22:44:30.066] [Server thread/DEBUG] [net.neoforged.neoforge.common.CommonHooks/WP]: Gathered mod list to write to world save world
[05Mar2026 22:49:30.068] [Server thread/DEBUG] [net.neoforged.neoforge.common.CommonHooks/WP]: Gathered mod list to write to world save world
[05Mar2026 22:54:30.069] [Server thread/DEBUG] [net.neoforged.neoforge.common.CommonHooks/WP]: Gathered mod list to write to world save world
[05Mar2026 22:59:30.071] [Server thread/DEBUG] [net.neoforged.neoforge.common.CommonHooks/WP]: Gathered mod list to write to world save world
[05Mar2026 23:04:30.072] [Server thread/DEBUG] [net.neoforged.neoforge.common.CommonHooks/WP]: Gathered mod list to write to world save world
[05Mar2026 23:09:30.073] [Server thread/DEBUG] [net.neoforged.neoforge.common.CommonHooks/WP]: Gathered mod list to write to world save world
[05Mar2026 23:14:30.074] [Server thread/DEBUG] [net.neoforged.neoforge.common.CommonHooks/WP]: Gathered mod list to write to world save world
[05Mar2026 23:19:30.077] [Server thread/DEBUG] [net.neoforged.neoforge.common.CommonHooks/WP]: Gathered mod list to write to world save world
[05Mar2026 23:24:30.077] [Server thread/DEBUG] [net.neoforged.neoforge.common.CommonHooks/WP]: Gathered mod list to write to world save world
[05Mar2026 23:29:30.078] [Server thread/DEBUG] [net.neoforged.neoforge.common.CommonHooks/WP]: Gathered mod list to write to world save world
[05Mar2026 23:34:30.080] [Server thread/DEBUG] [net.neoforged.neoforge.common.CommonHooks/WP]: Gathered mod list to write to world save world
[05Mar2026 23:39:30.081] [Server thread/DEBUG] [net.neoforged.neoforge.common.CommonHooks/WP]: Gathered mod list to write to world save world
[05Mar2026 23:44:30.082] [Server thread/DEBUG] [net.neoforged.neoforge.common.CommonHooks/WP]: Gathered mod list to write to world save world
[05Mar2026 23:49:30.084] [Server thread/DEBUG] [net.neoforged.neoforge.common.CommonHooks/WP]: Gathered mod list to write to world save world
[05Mar2026 23:54:30.085] [Server thread/DEBUG] [net.neoforged.neoforge.common.CommonHooks/WP]: Gathered mod list to write to world save world
[05Mar2026 23:59:30.086] [Server thread/DEBUG] [net.neoforged.neoforge.common.CommonHooks/WP]: Gathered mod list to write to world save world
[06Mar2026 00:04:30.088] [Server thread/DEBUG] [net.neoforged.neoforge.common.CommonHooks/WP]: Gathered mod list to write to world save world
[06Mar2026 00:09:30.085] [Server thread/DEBUG] [net.neoforged.neoforge.common.CommonHooks/WP]: Gathered mod list to write to world save world
[06Mar2026 00:14:30.085] [Server thread/DEBUG] [net.neoforged.neoforge.common.CommonHooks/WP]: Gathered mod list to write to world save world
[06Mar2026 00:19:30.086] [Server thread/DEBUG] [net.neoforged.neoforge.common.CommonHooks/WP]: Gathered mod list to write to world save world
[06Mar2026 00:24:30.088] [Server thread/DEBUG] [net.neoforged.neoforge.common.CommonHooks/WP]: Gathered mod list to write to world save world
[06Mar2026 00:29:30.088] [Server thread/DEBUG] [net.neoforged.neoforge.common.CommonHooks/WP]: Gathered mod list to write to world save world
[06Mar2026 00:34:30.089] [Server thread/DEBUG] [net.neoforged.neoforge.common.CommonHooks/WP]: Gathered mod list to write to world save world
[06Mar2026 00:39:30.088] [Server thread/DEBUG] [net.neoforged.neoforge.common.CommonHooks/WP]: Gathered mod list to write to world save world
[06Mar2026 00:44:30.090] [Server thread/DEBUG] [net.neoforged.neoforge.common.CommonHooks/WP]: Gathered mod list to write to world save world
[06Mar2026 00:49:30.090] [Server thread/DEBUG] [net.neoforged.neoforge.common.CommonHooks/WP]: Gathered mod list to write to world save world
[06Mar2026 00:54:30.092] [Server thread/DEBUG] [net.neoforged.neoforge.common.CommonHooks/WP]: Gathered mod list to write to world save world
[06Mar2026 00:59:30.092] [Server thread/DEBUG] [net.neoforged.neoforge.common.CommonHooks/WP]: Gathered mod list to write to world save world
[06Mar2026 01:04:30.092] [Server thread/DEBUG] [net.neoforged.neoforge.common.CommonHooks/WP]: Gathered mod list to write to world save world
[06Mar2026 01:09:30.091] [Server thread/DEBUG] [net.neoforged.neoforge.common.CommonHooks/WP]: Gathered mod list to write to world save world
[06Mar2026 01:14:30.091] [Server thread/DEBUG] [net.neoforged.neoforge.common.CommonHooks/WP]: Gathered mod list to write to world save world
[06Mar2026 01:19:30.091] [Server thread/DEBUG] [net.neoforged.neoforge.common.CommonHooks/WP]: Gathered mod list to write to world save world
[06Mar2026 01:24:30.093] [Server thread/DEBUG] [net.neoforged.neoforge.common.CommonHooks/WP]: Gathered mod list to write to world save world
[06Mar2026 01:29:30.093] [Server thread/DEBUG] [net.neoforged.neoforge.common.CommonHooks/WP]: Gathered mod list to write to world save world
[06Mar2026 01:34:30.094] [Server thread/DEBUG] [net.neoforged.neoforge.common.CommonHooks/WP]: Gathered mod list to write to world save world
[06Mar2026 01:39:30.094] [Server thread/DEBUG] [net.neoforged.neoforge.common.CommonHooks/WP]: Gathered mod list to write to world save world
[06Mar2026 01:44:30.094] [Server thread/DEBUG] [net.neoforged.neoforge.common.CommonHooks/WP]: Gathered mod list to write to world save world
[06Mar2026 01:49:30.095] [Server thread/DEBUG] [net.neoforged.neoforge.common.CommonHooks/WP]: Gathered mod list to write to world save world
[06Mar2026 01:54:30.095] [Server thread/DEBUG] [net.neoforged.neoforge.common.CommonHooks/WP]: Gathered mod list to write to world save world
[06Mar2026 01:59:30.097] [Server thread/DEBUG] [net.neoforged.neoforge.common.CommonHooks/WP]: Gathered mod list to write to world save world
[06Mar2026 02:04:30.096] [Server thread/DEBUG] [net.neoforged.neoforge.common.CommonHooks/WP]: Gathered mod list to write to world save world
[06Mar2026 02:09:30.096] [Server thread/DEBUG] [net.neoforged.neoforge.common.CommonHooks/WP]: Gathered mod list to write to world save world
[06Mar2026 02:14:30.096] [Server thread/DEBUG] [net.neoforged.neoforge.common.CommonHooks/WP]: Gathered mod list to write to world save world
[06Mar2026 02:19:30.097] [Server thread/DEBUG] [net.neoforged.neoforge.common.CommonHooks/WP]: Gathered mod list to write to world save world
[06Mar2026 02:24:30.097] [Server thread/DEBUG] [net.neoforged.neoforge.common.CommonHooks/WP]: Gathered mod list to write to world save world
[06Mar2026 02:29:30.098] [Server thread/DEBUG] [net.neoforged.neoforge.common.CommonHooks/WP]: Gathered mod list to write to world save world
[06Mar2026 02:34:30.098] [Server thread/DEBUG] [net.neoforged.neoforge.common.CommonHooks/WP]: Gathered mod list to write to world save world
[06Mar2026 02:39:30.098] [Server thread/DEBUG] [net.neoforged.neoforge.common.CommonHooks/WP]: Gathered mod list to write to world save world
[06Mar2026 02:44:30.099] [Server thread/DEBUG] [net.neoforged.neoforge.common.CommonHooks/WP]: Gathered mod list to write to world save world
[06Mar2026 02:49:30.099] [Server thread/DEBUG] [net.neoforged.neoforge.common.CommonHooks/WP]: Gathered mod list to write to world save world
[06Mar2026 02:54:30.099] [Server thread/DEBUG] [net.neoforged.neoforge.common.CommonHooks/WP]: Gathered mod list to write to world save world
[06Mar2026 02:59:30.099] [Server thread/DEBUG] [net.neoforged.neoforge.common.CommonHooks/WP]: Gathered mod list to write to world save world
[06Mar2026 03:04:30.101] [Server thread/DEBUG] [net.neoforged.neoforge.common.CommonHooks/WP]: Gathered mod list to write to world save world
[06Mar2026 03:09:30.101] [Server thread/DEBUG] [net.neoforged.neoforge.common.CommonHooks/WP]: Gathered mod list to write to world save world
[06Mar2026 03:14:30.102] [Server thread/DEBUG] [net.neoforged.neoforge.common.CommonHooks/WP]: Gathered mod list to write to world save world
[06Mar2026 03:19:30.102] [Server thread/DEBUG] [net.neoforged.neoforge.common.CommonHooks/WP]: Gathered mod list to write to world save world
[06Mar2026 03:24:30.102] [Server thread/DEBUG] [net.neoforged.neoforge.common.CommonHooks/WP]: Gathered mod list to write to world save world
[06Mar2026 03:29:30.103] [Server thread/DEBUG] [net.neoforged.neoforge.common.CommonHooks/WP]: Gathered mod list to write to world save world
[06Mar2026 03:34:30.103] [Server thread/DEBUG] [net.neoforged.neoforge.common.CommonHooks/WP]: Gathered mod list to write to world save world
[06Mar2026 03:39:30.106] [Server thread/DEBUG] [net.neoforged.neoforge.common.CommonHooks/WP]: Gathered mod list to write to world save world
[06Mar2026 03:44:30.104] [Server thread/DEBUG] [net.neoforged.neoforge.common.CommonHooks/WP]: Gathered mod list to write to world save world
[06Mar2026 03:49:30.105] [Server thread/DEBUG] [net.neoforged.neoforge.common.CommonHooks/WP]: Gathered mod list to write to world save world
[06Mar2026 03:54:30.105] [Server thread/DEBUG] [net.neoforged.neoforge.common.CommonHooks/WP]: Gathered mod list to write to world save world
[06Mar2026 03:59:30.106] [Server thread/DEBUG] [net.neoforged.neoforge.common.CommonHooks/WP]: Gathered mod list to write to world save world
[06Mar2026 04:04:30.106] [Server thread/DEBUG] [net.neoforged.neoforge.common.CommonHooks/WP]: Gathered mod list to write to world save world
[06Mar2026 04:09:30.107] [Server thread/DEBUG] [net.neoforged.neoforge.common.CommonHooks/WP]: Gathered mod list to write to world save world
[06Mar2026 04:14:30.108] [Server thread/DEBUG] [net.neoforged.neoforge.common.CommonHooks/WP]: Gathered mod list to write to world save world
[06Mar2026 04:19:30.108] [Server thread/DEBUG] [net.neoforged.neoforge.common.CommonHooks/WP]: Gathered mod list to write to world save world
[06Mar2026 04:24:30.108] [Server thread/DEBUG] [net.neoforged.neoforge.common.CommonHooks/WP]: Gathered mod list to write to world save world
[06Mar2026 04:29:30.109] [Server thread/DEBUG] [net.neoforged.neoforge.common.CommonHooks/WP]: Gathered mod list to write to world save world
[06Mar2026 04:34:30.110] [Server thread/DEBUG] [net.neoforged.neoforge.common.CommonHooks/WP]: Gathered mod list to write to world save world
[06Mar2026 04:39:30.110] [Server thread/DEBUG] [net.neoforged.neoforge.common.CommonHooks/WP]: Gathered mod list to write to world save world
[06Mar2026 04:44:30.110] [Server thread/DEBUG] [net.neoforged.neoforge.common.CommonHooks/WP]: Gathered mod list to write to world save world
[06Mar2026 04:49:30.111] [Server thread/DEBUG] [net.neoforged.neoforge.common.CommonHooks/WP]: Gathered mod list to write to world save world
[06Mar2026 04:54:30.111] [Server thread/DEBUG] [net.neoforged.neoforge.common.CommonHooks/WP]: Gathered mod list to write to world save world
[06Mar2026 04:59:30.110] [Server thread/DEBUG] [net.neoforged.neoforge.common.CommonHooks/WP]: Gathered mod list to write to world save world
[06Mar2026 05:04:30.111] [Server thread/DEBUG] [net.neoforged.neoforge.common.CommonHooks/WP]: Gathered mod list to write to world save world
[06Mar2026 05:09:30.111] [Server thread/DEBUG] [net.neoforged.neoforge.common.CommonHooks/WP]: Gathered mod list to write to world save world
[06Mar2026 05:14:30.112] [Server thread/DEBUG] [net.neoforged.neoforge.common.CommonHooks/WP]: Gathered mod list to write to world save world
[06Mar2026 05:19:30.112] [Server thread/DEBUG] [net.neoforged.neoforge.common.CommonHooks/WP]: Gathered mod list to write to world save world
[06Mar2026 05:24:30.112] [Server thread/DEBUG] [net.neoforged.neoforge.common.CommonHooks/WP]: Gathered mod list to write to world save world
[06Mar2026 05:29:30.113] [Server thread/DEBUG] [net.neoforged.neoforge.common.CommonHooks/WP]: Gathered mod list to write to world save world
[06Mar2026 05:34:30.114] [Server thread/DEBUG] [net.neoforged.neoforge.common.CommonHooks/WP]: Gathered mod list to write to world save world
[06Mar2026 05:39:30.114] [Server thread/DEBUG] [net.neoforged.neoforge.common.CommonHooks/WP]: Gathered mod list to write to world save world
[06Mar2026 05:44:30.114] [Server thread/DEBUG] [net.neoforged.neoforge.common.CommonHooks/WP]: Gathered mod list to write to world save world
[06Mar2026 05:49:30.115] [Server thread/DEBUG] [net.neoforged.neoforge.common.CommonHooks/WP]: Gathered mod list to write to world save world
[06Mar2026 05:54:30.115] [Server thread/DEBUG] [net.neoforged.neoforge.common.CommonHooks/WP]: Gathered mod list to write to world save world
[06Mar2026 05:59:30.114] [Server thread/DEBUG] [net.neoforged.neoforge.common.CommonHooks/WP]: Gathered mod list to write to world save world
[06Mar2026 06:04:30.115] [Server thread/DEBUG] [net.neoforged.neoforge.common.CommonHooks/WP]: Gathered mod list to write to world save world
[06Mar2026 06:09:30.115] [Server thread/DEBUG] [net.neoforged.neoforge.common.CommonHooks/WP]: Gathered mod list to write to world save world
[06Mar2026 06:14:30.117] [Server thread/DEBUG] [net.neoforged.neoforge.common.CommonHooks/WP]: Gathered mod list to write to world save world
[06Mar2026 06:19:30.118] [Server thread/DEBUG] [net.neoforged.neoforge.common.CommonHooks/WP]: Gathered mod list to write to world save world
[06Mar2026 06:24:30.118] [Server thread/DEBUG] [net.neoforged.neoforge.common.CommonHooks/WP]: Gathered mod list to write to world save world
[06Mar2026 06:29:30.120] [Server thread/DEBUG] [net.neoforged.neoforge.common.CommonHooks/WP]: Gathered mod list to write to world save world
[06Mar2026 06:34:30.120] [Server thread/DEBUG] [net.neoforged.neoforge.common.CommonHooks/WP]: Gathered mod list to write to world save world
[06Mar2026 06:39:30.119] [Server thread/DEBUG] [net.neoforged.neoforge.common.CommonHooks/WP]: Gathered mod list to write to world save world
[06Mar2026 06:44:30.120] [Server thread/DEBUG] [net.neoforged.neoforge.common.CommonHooks/WP]: Gathered mod list to write to world save world
[06Mar2026 06:49:30.121] [Server thread/DEBUG] [net.neoforged.neoforge.common.CommonHooks/WP]: Gathered mod list to write to world save world
[06Mar2026 06:54:30.121] [Server thread/DEBUG] [net.neoforged.neoforge.common.CommonHooks/WP]: Gathered mod list to write to world save world
[06Mar2026 06:59:30.122] [Server thread/DEBUG] [net.neoforged.neoforge.common.CommonHooks/WP]: Gathered mod list to write to world save world
[06Mar2026 07:04:30.122] [Server thread/DEBUG] [net.neoforged.neoforge.common.CommonHooks/WP]: Gathered mod list to write to world save world
[06Mar2026 07:09:30.123] [Server thread/DEBUG] [net.neoforged.neoforge.common.CommonHooks/WP]: Gathered mod list to write to world save world
[06Mar2026 07:14:30.124] [Server thread/DEBUG] [net.neoforged.neoforge.common.CommonHooks/WP]: Gathered mod list to write to world save world
[06Mar2026 07:19:30.124] [Server thread/DEBUG] [net.neoforged.neoforge.common.CommonHooks/WP]: Gathered mod list to write to world save world
[06Mar2026 07:24:30.124] [Server thread/DEBUG] [net.neoforged.neoforge.common.CommonHooks/WP]: Gathered mod list to write to world save world
[06Mar2026 07:29:30.125] [Server thread/DEBUG] [net.neoforged.neoforge.common.CommonHooks/WP]: Gathered mod list to write to world save world
[06Mar2026 07:34:30.126] [Server thread/DEBUG] [net.neoforged.neoforge.common.CommonHooks/WP]: Gathered mod list to write to world save world
[06Mar2026 07:39:30.126] [Server thread/DEBUG] [net.neoforged.neoforge.common.CommonHooks/WP]: Gathered mod list to write to world save world
[06Mar2026 07:44:30.126] [Server thread/DEBUG] [net.neoforged.neoforge.common.CommonHooks/WP]: Gathered mod list to write to world save world
[06Mar2026 07:49:30.126] [Server thread/DEBUG] [net.neoforged.neoforge.common.CommonHooks/WP]: Gathered mod list to write to world save world
[06Mar2026 07:54:30.127] [Server thread/DEBUG] [net.neoforged.neoforge.common.CommonHooks/WP]: Gathered mod list to write to world save world
[06Mar2026 07:59:30.128] [Server thread/DEBUG] [net.neoforged.neoforge.common.CommonHooks/WP]: Gathered mod list to write to world save world
[06Mar2026 08:04:30.128] [Server thread/DEBUG] [net.neoforged.neoforge.common.CommonHooks/WP]: Gathered mod list to write to world save world
[06Mar2026 08:09:30.128] [Server thread/DEBUG] [net.neoforged.neoforge.common.CommonHooks/WP]: Gathered mod list to write to world save world
[06Mar2026 08:14:30.128] [Server thread/DEBUG] [net.neoforged.neoforge.common.CommonHooks/WP]: Gathered mod list to write to world save world
[06Mar2026 08:19:30.129] [Server thread/DEBUG] [net.neoforged.neoforge.common.CommonHooks/WP]: Gathered mod list to write to world save world
[06Mar2026 08:24:30.129] [Server thread/DEBUG] [net.neoforged.neoforge.common.CommonHooks/WP]: Gathered mod list to write to world save world
[06Mar2026 08:29:30.130] [Server thread/DEBUG] [net.neoforged.neoforge.common.CommonHooks/WP]: Gathered mod list to write to world save world
[06Mar2026 08:34:30.130] [Server thread/DEBUG] [net.neoforged.neoforge.common.CommonHooks/WP]: Gathered mod list to write to world save world
[06Mar2026 08:39:30.130] [Server thread/DEBUG] [net.neoforged.neoforge.common.CommonHooks/WP]: Gathered mod list to write to world save world
[06Mar2026 08:44:30.131] [Server thread/DEBUG] [net.neoforged.neoforge.common.CommonHooks/WP]: Gathered mod list to write to world save world
[06Mar2026 08:49:30.131] [Server thread/DEBUG] [net.neoforged.neoforge.common.CommonHooks/WP]: Gathered mod list to write to world save world
[06Mar2026 08:54:30.131] [Server thread/DEBUG] [net.neoforged.neoforge.common.CommonHooks/WP]: Gathered mod list to write to world save world
[06Mar2026 08:59:30.132] [Server thread/DEBUG] [net.neoforged.neoforge.common.CommonHooks/WP]: Gathered mod list to write to world save world
[06Mar2026 09:04:30.132] [Server thread/DEBUG] [net.neoforged.neoforge.common.CommonHooks/WP]: Gathered mod list to write to world save world
[06Mar2026 09:09:30.132] [Server thread/DEBUG] [net.neoforged.neoforge.common.CommonHooks/WP]: Gathered mod list to write to world save world
[06Mar2026 09:14:30.132] [Server thread/DEBUG] [net.neoforged.neoforge.common.CommonHooks/WP]: Gathered mod list to write to world save world
[06Mar2026 09:19:30.133] [Server thread/DEBUG] [net.neoforged.neoforge.common.CommonHooks/WP]: Gathered mod list to write to world save world
[06Mar2026 09:24:30.133] [Server thread/DEBUG] [net.neoforged.neoforge.common.CommonHooks/WP]: Gathered mod list to write to world save world
[06Mar2026 09:29:30.134] [Server thread/DEBUG] [net.neoforged.neoforge.common.CommonHooks/WP]: Gathered mod list to write to world save world
[06Mar2026 09:34:30.135] [Server thread/DEBUG] [net.neoforged.neoforge.common.CommonHooks/WP]: Gathered mod list to write to world save world
[06Mar2026 09:39:30.135] [Server thread/DEBUG] [net.neoforged.neoforge.common.CommonHooks/WP]: Gathered mod list to write to world save world
[06Mar2026 09:44:30.135] [Server thread/DEBUG] [net.neoforged.neoforge.common.CommonHooks/WP]: Gathered mod list to write to world save world
[06Mar2026 09:49:30.136] [Server thread/DEBUG] [net.neoforged.neoforge.common.CommonHooks/WP]: Gathered mod list to write to world save world
[06Mar2026 09:54:30.136] [Server thread/DEBUG] [net.neoforged.neoforge.common.CommonHooks/WP]: Gathered mod list to write to world save world
[06Mar2026 09:59:30.137] [Server thread/DEBUG] [net.neoforged.neoforge.common.CommonHooks/WP]: Gathered mod list to write to world save world
[06Mar2026 10:04:30.137] [Server thread/DEBUG] [net.neoforged.neoforge.common.CommonHooks/WP]: Gathered mod list to write to world save world
[06Mar2026 10:09:30.138] [Server thread/DEBUG] [net.neoforged.neoforge.common.CommonHooks/WP]: Gathered mod list to write to world save world
[06Mar2026 10:14:30.138] [Server thread/DEBUG] [net.neoforged.neoforge.common.CommonHooks/WP]: Gathered mod list to write to world save world
[06Mar2026 10:19:30.139] [Server thread/DEBUG] [net.neoforged.neoforge.common.CommonHooks/WP]: Gathered mod list to write to world save world
[06Mar2026 10:24:30.140] [Server thread/DEBUG] [net.neoforged.neoforge.common.CommonHooks/WP]: Gathered mod list to write to world save world
[06Mar2026 10:29:30.140] [Server thread/DEBUG] [net.neoforged.neoforge.common.CommonHooks/WP]: Gathered mod list to write to world save world
[06Mar2026 10:34:30.141] [Server thread/DEBUG] [net.neoforged.neoforge.common.CommonHooks/WP]: Gathered mod list to write to world save world
[06Mar2026 10:39:30.141] [Server thread/DEBUG] [net.neoforged.neoforge.common.CommonHooks/WP]: Gathered mod list to write to world save world
[06Mar2026 10:44:30.142] [Server thread/DEBUG] [net.neoforged.neoforge.common.CommonHooks/WP]: Gathered mod list to write to world save world
[06Mar2026 10:49:30.142] [Server thread/DEBUG] [net.neoforged.neoforge.common.CommonHooks/WP]: Gathered mod list to write to world save world
[06Mar2026 10:54:30.142] [Server thread/DEBUG] [net.neoforged.neoforge.common.CommonHooks/WP]: Gathered mod list to write to world save world
[06Mar2026 10:59:30.143] [Server thread/DEBUG] [net.neoforged.neoforge.common.CommonHooks/WP]: Gathered mod list to write to world save world
[06Mar2026 11:04:30.143] [Server thread/DEBUG] [net.neoforged.neoforge.common.CommonHooks/WP]: Gathered mod list to write to world save world
[06Mar2026 11:09:30.143] [Server thread/DEBUG] [net.neoforged.neoforge.common.CommonHooks/WP]: Gathered mod list to write to world save world
[06Mar2026 11:14:30.144] [Server thread/DEBUG] [net.neoforged.neoforge.common.CommonHooks/WP]: Gathered mod list to write to world save world
[06Mar2026 11:19:30.144] [Server thread/DEBUG] [net.neoforged.neoforge.common.CommonHooks/WP]: Gathered mod list to write to world save world
[06Mar2026 11:24:30.145] [Server thread/DEBUG] [net.neoforged.neoforge.common.CommonHooks/WP]: Gathered mod list to write to world save world
[06Mar2026 11:29:30.144] [Server thread/DEBUG] [net.neoforged.neoforge.common.CommonHooks/WP]: Gathered mod list to write to world save world
[06Mar2026 11:34:30.144] [Server thread/DEBUG] [net.neoforged.neoforge.common.CommonHooks/WP]: Gathered mod list to write to world save world
[06Mar2026 11:39:30.144] [Server thread/DEBUG] [net.neoforged.neoforge.common.CommonHooks/WP]: Gathered mod list to write to world save world
[06Mar2026 11:44:30.145] [Server thread/DEBUG] [net.neoforged.neoforge.common.CommonHooks/WP]: Gathered mod list to write to world save world
[06Mar2026 11:49:30.145] [Server thread/DEBUG] [net.neoforged.neoforge.common.CommonHooks/WP]: Gathered mod list to write to world save world
[06Mar2026 11:54:30.145] [Server thread/DEBUG] [net.neoforged.neoforge.common.CommonHooks/WP]: Gathered mod list to write to world save world
[06Mar2026 11:59:30.147] [Server thread/DEBUG] [net.neoforged.neoforge.common.CommonHooks/WP]: Gathered mod list to write to world save world
[06Mar2026 12:04:30.147] [Server thread/DEBUG] [net.neoforged.neoforge.common.CommonHooks/WP]: Gathered mod list to write to world save world
[06Mar2026 12:09:30.147] [Server thread/DEBUG] [net.neoforged.neoforge.common.CommonHooks/WP]: Gathered mod list to write to world save world
[06Mar2026 12:14:30.148] [Server thread/DEBUG] [net.neoforged.neoforge.common.CommonHooks/WP]: Gathered mod list to write to world save world
[06Mar2026 12:19:30.148] [Server thread/DEBUG] [net.neoforged.neoforge.common.CommonHooks/WP]: Gathered mod list to write to world save world
[06Mar2026 12:24:30.149] [Server thread/DEBUG] [net.neoforged.neoforge.common.CommonHooks/WP]: Gathered mod list to write to world save world
[06Mar2026 12:29:30.149] [Server thread/DEBUG] [net.neoforged.neoforge.common.CommonHooks/WP]: Gathered mod list to write to world save world
[06Mar2026 12:34:30.149] [Server thread/DEBUG] [net.neoforged.neoforge.common.CommonHooks/WP]: Gathered mod list to write to world save world
[06Mar2026 12:39:30.150] [Server thread/DEBUG] [net.neoforged.neoforge.common.CommonHooks/WP]: Gathered mod list to write to world save world
[06Mar2026 12:44:30.150] [Server thread/DEBUG] [net.neoforged.neoforge.common.CommonHooks/WP]: Gathered mod list to write to world save world
[06Mar2026 12:49:30.150] [Server thread/DEBUG] [net.neoforged.neoforge.common.CommonHooks/WP]: Gathered mod list to write to world save world
[06Mar2026 12:54:30.151] [Server thread/DEBUG] [net.neoforged.neoforge.common.CommonHooks/WP]: Gathered mod list to write to world save world
[06Mar2026 12:59:30.151] [Server thread/DEBUG] [net.neoforged.neoforge.common.CommonHooks/WP]: Gathered mod list to write to world save world
[06Mar2026 13:04:30.151] [Server thread/DEBUG] [net.neoforged.neoforge.common.CommonHooks/WP]: Gathered mod list to write to world save world
[06Mar2026 13:09:30.151] [Server thread/DEBUG] [net.neoforged.neoforge.common.CommonHooks/WP]: Gathered mod list to write to world save world
[06Mar2026 13:14:30.152] [Server thread/DEBUG] [net.neoforged.neoforge.common.CommonHooks/WP]: Gathered mod list to write to world save world
[06Mar2026 13:19:30.153] [Server thread/DEBUG] [net.neoforged.neoforge.common.CommonHooks/WP]: Gathered mod list to write to world save world
[06Mar2026 13:24:30.153] [Server thread/DEBUG] [net.neoforged.neoforge.common.CommonHooks/WP]: Gathered mod list to write to world save world
[06Mar2026 13:29:30.153] [Server thread/DEBUG] [net.neoforged.neoforge.common.CommonHooks/WP]: Gathered mod list to write to world save world
[06Mar2026 13:34:30.153] [Server thread/DEBUG] [net.neoforged.neoforge.common.CommonHooks/WP]: Gathered mod list to write to world save world
[06Mar2026 13:39:30.153] [Server thread/DEBUG] [net.neoforged.neoforge.common.CommonHooks/WP]: Gathered mod list to write to world save world
[06Mar2026 13:44:30.153] [Server thread/DEBUG] [net.neoforged.neoforge.common.CommonHooks/WP]: Gathered mod list to write to world save world
[06Mar2026 13:49:30.154] [Server thread/DEBUG] [net.neoforged.neoforge.common.CommonHooks/WP]: Gathered mod list to write to world save world
[06Mar2026 13:54:30.154] [Server thread/DEBUG] [net.neoforged.neoforge.common.CommonHooks/WP]: Gathered mod list to write to world save world
[06Mar2026 13:59:30.155] [Server thread/DEBUG] [net.neoforged.neoforge.common.CommonHooks/WP]: Gathered mod list to write to world save world
[06Mar2026 14:04:30.155] [Server thread/DEBUG] [net.neoforged.neoforge.common.CommonHooks/WP]: Gathered mod list to write to world save world
[06Mar2026 14:09:30.155] [Server thread/DEBUG] [net.neoforged.neoforge.common.CommonHooks/WP]: Gathered mod list to write to world save world
[06Mar2026 14:14:30.156] [Server thread/DEBUG] [net.neoforged.neoforge.common.CommonHooks/WP]: Gathered mod list to write to world save world
[06Mar2026 14:19:30.156] [Server thread/DEBUG] [net.neoforged.neoforge.common.CommonHooks/WP]: Gathered mod list to write to world save world
[06Mar2026 14:24:30.158] [Server thread/DEBUG] [net.neoforged.neoforge.common.CommonHooks/WP]: Gathered mod list to write to world save world
[06Mar2026 14:29:30.159] [Server thread/DEBUG] [net.neoforged.neoforge.common.CommonHooks/WP]: Gathered mod list to write to world save world
[06Mar2026 14:34:30.159] [Server thread/DEBUG] [net.neoforged.neoforge.common.CommonHooks/WP]: Gathered mod list to write to world save world
[06Mar2026 14:39:30.160] [Server thread/DEBUG] [net.neoforged.neoforge.common.CommonHooks/WP]: Gathered mod list to write to world save world
[06Mar2026 14:44:30.161] [Server thread/DEBUG] [net.neoforged.neoforge.common.CommonHooks/WP]: Gathered mod list to write to world save world
[06Mar2026 14:49:30.161] [Server thread/DEBUG] [net.neoforged.neoforge.common.CommonHooks/WP]: Gathered mod list to write to world save world
[06Mar2026 14:54:30.161] [Server thread/DEBUG] [net.neoforged.neoforge.common.CommonHooks/WP]: Gathered mod list to write to world save world
[06Mar2026 14:59:30.161] [Server thread/DEBUG] [net.neoforged.neoforge.common.CommonHooks/WP]: Gathered mod list to write to world save world
[06Mar2026 15:04:30.162] [Server thread/DEBUG] [net.neoforged.neoforge.common.CommonHooks/WP]: Gathered mod list to write to world save world
[06Mar2026 15:09:30.162] [Server thread/DEBUG] [net.neoforged.neoforge.common.CommonHooks/WP]: Gathered mod list to write to world save world
[06Mar2026 15:14:30.163] [Server thread/DEBUG] [net.neoforged.neoforge.common.CommonHooks/WP]: Gathered mod list to write to world save world
[06Mar2026 15:19:30.163] [Server thread/DEBUG] [net.neoforged.neoforge.common.CommonHooks/WP]: Gathered mod list to write to world save world
[06Mar2026 15:24:30.164] [Server thread/DEBUG] [net.neoforged.neoforge.common.CommonHooks/WP]: Gathered mod list to write to world save world
[06Mar2026 15:29:30.164] [Server thread/DEBUG] [net.neoforged.neoforge.common.CommonHooks/WP]: Gathered mod list to write to world save world
[06Mar2026 15:34:30.165] [Server thread/DEBUG] [net.neoforged.neoforge.common.CommonHooks/WP]: Gathered mod list to write to world save world
[06Mar2026 15:39:30.165] [Server thread/DEBUG] [net.neoforged.neoforge.common.CommonHooks/WP]: Gathered mod list to write to world save world
[06Mar2026 15:44:30.165] [Server thread/DEBUG] [net.neoforged.neoforge.common.CommonHooks/WP]: Gathered mod list to write to world save world
[06Mar2026 15:49:30.165] [Server thread/DEBUG] [net.neoforged.neoforge.common.CommonHooks/WP]: Gathered mod list to write to world save world
[06Mar2026 15:54:30.165] [Server thread/DEBUG] [net.neoforged.neoforge.common.CommonHooks/WP]: Gathered mod list to write to world save world
[06Mar2026 15:59:30.166] [Server thread/DEBUG] [net.neoforged.neoforge.common.CommonHooks/WP]: Gathered mod list to write to world save world
[06Mar2026 16:04:30.166] [Server thread/DEBUG] [net.neoforged.neoforge.common.CommonHooks/WP]: Gathered mod list to write to world save world
[06Mar2026 16:09:30.167] [Server thread/DEBUG] [net.neoforged.neoforge.common.CommonHooks/WP]: Gathered mod list to write to world save world
[06Mar2026 16:14:30.167] [Server thread/DEBUG] [net.neoforged.neoforge.common.CommonHooks/WP]: Gathered mod list to write to world save world
[06Mar2026 16:19:30.168] [Server thread/DEBUG] [net.neoforged.neoforge.common.CommonHooks/WP]: Gathered mod list to write to world save world
[06Mar2026 16:24:30.168] [Server thread/DEBUG] [net.neoforged.neoforge.common.CommonHooks/WP]: Gathered mod list to write to world save world
[06Mar2026 16:29:30.169] [Server thread/DEBUG] [net.neoforged.neoforge.common.CommonHooks/WP]: Gathered mod list to write to world save world
[06Mar2026 16:34:30.169] [Server thread/DEBUG] [net.neoforged.neoforge.common.CommonHooks/WP]: Gathered mod list to write to world save world
[06Mar2026 16:39:30.170] [Server thread/DEBUG] [net.neoforged.neoforge.common.CommonHooks/WP]: Gathered mod list to write to world save world
[06Mar2026 16:44:30.170] [Server thread/DEBUG] [net.neoforged.neoforge.common.CommonHooks/WP]: Gathered mod list to write to world save world
[06Mar2026 16:49:30.170] [Server thread/DEBUG] [net.neoforged.neoforge.common.CommonHooks/WP]: Gathered mod list to write to world save world
[06Mar2026 16:54:30.172] [Server thread/DEBUG] [net.neoforged.neoforge.common.CommonHooks/WP]: Gathered mod list to write to world save world
[06Mar2026 16:59:30.171] [Server thread/DEBUG] [net.neoforged.neoforge.common.CommonHooks/WP]: Gathered mod list to write to world save world
[06Mar2026 17:04:30.172] [Server thread/DEBUG] [net.neoforged.neoforge.common.CommonHooks/WP]: Gathered mod list to write to world save world
[06Mar2026 17:09:30.173] [Server thread/DEBUG] [net.neoforged.neoforge.common.CommonHooks/WP]: Gathered mod list to write to world save world
[06Mar2026 17:14:30.173] [Server thread/DEBUG] [net.neoforged.neoforge.common.CommonHooks/WP]: Gathered mod list to write to world save world
[06Mar2026 17:19:30.173] [Server thread/DEBUG] [net.neoforged.neoforge.common.CommonHooks/WP]: Gathered mod list to write to world save world
[06Mar2026 17:24:30.173] [Server thread/DEBUG] [net.neoforged.neoforge.common.CommonHooks/WP]: Gathered mod list to write to world save world
[06Mar2026 17:29:30.174] [Server thread/DEBUG] [net.neoforged.neoforge.common.CommonHooks/WP]: Gathered mod list to write to world save world
[06Mar2026 17:34:30.174] [Server thread/DEBUG] [net.neoforged.neoforge.common.CommonHooks/WP]: Gathered mod list to write to world save world
[06Mar2026 17:39:30.174] [Server thread/DEBUG] [net.neoforged.neoforge.common.CommonHooks/WP]: Gathered mod list to write to world save world
[06Mar2026 17:44:30.176] [Server thread/DEBUG] [net.neoforged.neoforge.common.CommonHooks/WP]: Gathered mod list to write to world save world
[06Mar2026 17:49:30.176] [Server thread/DEBUG] [net.neoforged.neoforge.common.CommonHooks/WP]: Gathered mod list to write to world save world
[06Mar2026 17:54:30.176] [Server thread/DEBUG] [net.neoforged.neoforge.common.CommonHooks/WP]: Gathered mod list to write to world save world
[06Mar2026 17:59:30.177] [Server thread/DEBUG] [net.neoforged.neoforge.common.CommonHooks/WP]: Gathered mod list to write to world save world
[06Mar2026 18:04:30.178] [Server thread/DEBUG] [net.neoforged.neoforge.common.CommonHooks/WP]: Gathered mod list to write to world save world
[06Mar2026 18:09:30.178] [Server thread/DEBUG] [net.neoforged.neoforge.common.CommonHooks/WP]: Gathered mod list to write to world save world
[06Mar2026 18:14:30.178] [Server thread/DEBUG] [net.neoforged.neoforge.common.CommonHooks/WP]: Gathered mod list to write to world save world
[06Mar2026 18:19:30.178] [Server thread/DEBUG] [net.neoforged.neoforge.common.CommonHooks/WP]: Gathered mod list to write to world save world
[06Mar2026 18:24:30.179] [Server thread/DEBUG] [net.neoforged.neoforge.common.CommonHooks/WP]: Gathered mod list to write to world save world
[06Mar2026 18:29:30.179] [Server thread/DEBUG] [net.neoforged.neoforge.common.CommonHooks/WP]: Gathered mod list to write to world save world
[06Mar2026 18:34:30.180] [Server thread/DEBUG] [net.neoforged.neoforge.common.CommonHooks/WP]: Gathered mod list to write to world save world
[06Mar2026 18:39:30.180] [Server thread/DEBUG] [net.neoforged.neoforge.common.CommonHooks/WP]: Gathered mod list to write to world save world
[06Mar2026 18:44:30.180] [Server thread/DEBUG] [net.neoforged.neoforge.common.CommonHooks/WP]: Gathered mod list to write to world save world
[06Mar2026 18:49:30.181] [Server thread/DEBUG] [net.neoforged.neoforge.common.CommonHooks/WP]: Gathered mod list to write to world save world
[06Mar2026 18:54:30.181] [Server thread/DEBUG] [net.neoforged.neoforge.common.CommonHooks/WP]: Gathered mod list to write to world save world
[06Mar2026 18:59:30.182] [Server thread/DEBUG] [net.neoforged.neoforge.common.CommonHooks/WP]: Gathered mod list to write to world save world
[06Mar2026 19:04:30.182] [Server thread/DEBUG] [net.neoforged.neoforge.common.CommonHooks/WP]: Gathered mod list to write to world save world
[06Mar2026 19:09:30.183] [Server thread/DEBUG] [net.neoforged.neoforge.common.CommonHooks/WP]: Gathered mod list to write to world save world
[06Mar2026 19:14:30.184] [Server thread/DEBUG] [net.neoforged.neoforge.common.CommonHooks/WP]: Gathered mod list to write to world save world
[06Mar2026 19:19:30.184] [Server thread/DEBUG] [net.neoforged.neoforge.common.CommonHooks/WP]: Gathered mod list to write to world save world
[06Mar2026 19:24:30.184] [Server thread/DEBUG] [net.neoforged.neoforge.common.CommonHooks/WP]: Gathered mod list to write to world save world
[06Mar2026 19:29:30.185] [Server thread/DEBUG] [net.neoforged.neoforge.common.CommonHooks/WP]: Gathered mod list to write to world save world
[06Mar2026 19:34:30.185] [Server thread/DEBUG] [net.neoforged.neoforge.common.CommonHooks/WP]: Gathered mod list to write to world save world
[06Mar2026 19:39:30.186] [Server thread/DEBUG] [net.neoforged.neoforge.common.CommonHooks/WP]: Gathered mod list to write to world save world
[06Mar2026 19:44:30.186] [Server thread/DEBUG] [net.neoforged.neoforge.common.CommonHooks/WP]: Gathered mod list to write to world save world
[06Mar2026 19:49:30.187] [Server thread/DEBUG] [net.neoforged.neoforge.common.CommonHooks/WP]: Gathered mod list to write to world save world
[06Mar2026 19:54:30.188] [Server thread/DEBUG] [net.neoforged.neoforge.common.CommonHooks/WP]: Gathered mod list to write to world save world
[06Mar2026 19:59:30.187] [Server thread/DEBUG] [net.neoforged.neoforge.common.CommonHooks/WP]: Gathered mod list to write to world save world
[06Mar2026 20:04:30.188] [Server thread/DEBUG] [net.neoforged.neoforge.common.CommonHooks/WP]: Gathered mod list to write to world save world
[06Mar2026 20:09:30.188] [Server thread/DEBUG] [net.neoforged.neoforge.common.CommonHooks/WP]: Gathered mod list to write to world save world
[06Mar2026 20:14:30.189] [Server thread/DEBUG] [net.neoforged.neoforge.common.CommonHooks/WP]: Gathered mod list to write to world save world
[06Mar2026 20:19:30.189] [Server thread/DEBUG] [net.neoforged.neoforge.common.CommonHooks/WP]: Gathered mod list to write to world save world
[06Mar2026 20:24:30.190] [Server thread/DEBUG] [net.neoforged.neoforge.common.CommonHooks/WP]: Gathered mod list to write to world save world
[06Mar2026 20:29:30.190] [Server thread/DEBUG] [net.neoforged.neoforge.common.CommonHooks/WP]: Gathered mod list to write to world save world
[06Mar2026 20:34:30.192] [Server thread/DEBUG] [net.neoforged.neoforge.common.CommonHooks/WP]: Gathered mod list to write to world save world
[06Mar2026 20:39:30.192] [Server thread/DEBUG] [net.neoforged.neoforge.common.CommonHooks/WP]: Gathered mod list to write to world save world
[06Mar2026 20:44:30.193] [Server thread/DEBUG] [net.neoforged.neoforge.common.CommonHooks/WP]: Gathered mod list to write to world save world
[06Mar2026 20:49:30.193] [Server thread/DEBUG] [net.neoforged.neoforge.common.CommonHooks/WP]: Gathered mod list to write to world save world
[06Mar2026 20:54:30.194] [Server thread/DEBUG] [net.neoforged.neoforge.common.CommonHooks/WP]: Gathered mod list to write to world save world
[06Mar2026 20:59:30.195] [Server thread/DEBUG] [net.neoforged.neoforge.common.CommonHooks/WP]: Gathered mod list to write to world save world
[06Mar2026 21:04:30.195] [Server thread/DEBUG] [net.neoforged.neoforge.common.CommonHooks/WP]: Gathered mod list to write to world save world
[06Mar2026 21:09:30.195] [Server thread/DEBUG] [net.neoforged.neoforge.common.CommonHooks/WP]: Gathered mod list to write to world save world
[06Mar2026 21:14:30.195] [Server thread/DEBUG] [net.neoforged.neoforge.common.CommonHooks/WP]: Gathered mod list to write to world save world
[06Mar2026 21:19:30.196] [Server thread/DEBUG] [net.neoforged.neoforge.common.CommonHooks/WP]: Gathered mod list to write to world save world
[06Mar2026 21:24:30.197] [Server thread/DEBUG] [net.neoforged.neoforge.common.CommonHooks/WP]: Gathered mod list to write to world save world
[06Mar2026 21:29:30.197] [Server thread/DEBUG] [net.neoforged.neoforge.common.CommonHooks/WP]: Gathered mod list to write to world save world
[06Mar2026 21:34:30.197] [Server thread/DEBUG] [net.neoforged.neoforge.common.CommonHooks/WP]: Gathered mod list to write to world save world
[06Mar2026 21:39:30.198] [Server thread/DEBUG] [net.neoforged.neoforge.common.CommonHooks/WP]: Gathered mod list to write to world save world
[06Mar2026 21:44:30.198] [Server thread/DEBUG] [net.neoforged.neoforge.common.CommonHooks/WP]: Gathered mod list to write to world save world
[06Mar2026 21:49:30.199] [Server thread/DEBUG] [net.neoforged.neoforge.common.CommonHooks/WP]: Gathered mod list to write to world save world
[06Mar2026 21:54:30.199] [Server thread/DEBUG] [net.neoforged.neoforge.common.CommonHooks/WP]: Gathered mod list to write to world save world
