[03Apr2026 01:06:29.213] [main/INFO] [cpw.mods.modlauncher.Launcher/MODLAUNCHER]: ModLauncher running: args [--mod, nuclearcraft, --all, --output, /Users/caliane/Sources/nuclearcraft/src/generated/resources, --existing, /Users/caliane/Sources/nuclearcraft/src/main/resources, --launchTarget, forgedatadev, --assetIndex, asset-index, --assetsDir, /Users/caliane/.gradle/caches/minecraft/assets, --gameDir, ., --fml.fmlVersion, 4.0.42, --fml.mcVersion, 1.21.1, --fml.neoForgeVersion, 21.1.219, --fml.neoFormVersion, 20240808.144430]
[03Apr2026 01:06:29.215] [main/INFO] [cpw.mods.modlauncher.Launcher/MODLAUNCHER]: JVM identified as Homebrew OpenJDK 64-Bit Server VM 21.0.10
[03Apr2026 01:06:29.215] [main/INFO] [cpw.mods.modlauncher.Launcher/MODLAUNCHER]: ModLauncher 11.0.5+main.901c6ea8 starting: java version 21.0.10 by Homebrew; OS Mac OS X arch aarch64 version 26.2
[03Apr2026 01:06:29.226] [main/DEBUG] [cpw.mods.modlauncher.LaunchServiceHandler/MODLAUNCHER]: Found launch services [minecraft,forgeclient,forgedatauserdev,testharness,forgeserverdev,forgeserveruserdev,forgejunitdev,forgeclientdev,forgeclientuserdev,forgeserver,forgejunituserdev,forgedatadev]
[03Apr2026 01:06:29.239] [main/DEBUG] [cpw.mods.modlauncher.LaunchPluginHandler/MODLAUNCHER]: Found launch plugins: [mixin,slf4jfixer,runtime_enum_extender,accesstransformer,runtimedistcleaner]
[03Apr2026 01:06:29.243] [main/DEBUG] [cpw.mods.modlauncher.TransformationServicesHandler/MODLAUNCHER]: Discovering transformation services
[03Apr2026 01:06:29.245] [main/DEBUG] [net.neoforged.fml.loading.FMLPaths/CORE]: Path GAMEDIR is /Users/caliane/Sources/nuclearcraft/runs/data
[03Apr2026 01:06:29.246] [main/DEBUG] [net.neoforged.fml.loading.FMLPaths/CORE]: Path MODSDIR is /Users/caliane/Sources/nuclearcraft/runs/data/mods
[03Apr2026 01:06:29.246] [main/DEBUG] [net.neoforged.fml.loading.FMLPaths/CORE]: Path CONFIGDIR is /Users/caliane/Sources/nuclearcraft/runs/data/config
[03Apr2026 01:06:29.246] [main/DEBUG] [net.neoforged.fml.loading.FMLPaths/CORE]: Path FMLCONFIG is /Users/caliane/Sources/nuclearcraft/runs/data/config/fml.toml
[03Apr2026 01:06:29.261] [main/TRACE] [net.neoforged.fml.loading.FMLConfig/CORE]: Loaded FML config from /Users/caliane/Sources/nuclearcraft/runs/data/config/fml.toml
[03Apr2026 01:06:29.261] [main/TRACE] [net.neoforged.fml.loading.FMLConfig/CORE]: FMLConfig disableConfigWatcher is false
[03Apr2026 01:06:29.261] [main/TRACE] [net.neoforged.fml.loading.FMLConfig/CORE]: FMLConfig earlyWindowControl is true
[03Apr2026 01:06:29.261] [main/TRACE] [net.neoforged.fml.loading.FMLConfig/CORE]: FMLConfig maxThreads is 32
[03Apr2026 01:06:29.261] [main/TRACE] [net.neoforged.fml.loading.FMLConfig/CORE]: FMLConfig versionCheck is true
[03Apr2026 01:06:29.261] [main/TRACE] [net.neoforged.fml.loading.FMLConfig/CORE]: FMLConfig defaultConfigPath is defaultconfigs
[03Apr2026 01:06:29.262] [main/TRACE] [net.neoforged.fml.loading.FMLConfig/CORE]: FMLConfig disableOptimizedDFU is true
[03Apr2026 01:06:29.262] [main/TRACE] [net.neoforged.fml.loading.FMLConfig/CORE]: FMLConfig earlyWindowProvider is fmlearlywindow
[03Apr2026 01:06:29.262] [main/TRACE] [net.neoforged.fml.loading.FMLConfig/CORE]: FMLConfig earlyWindowWidth is 854
[03Apr2026 01:06:29.262] [main/TRACE] [net.neoforged.fml.loading.FMLConfig/CORE]: FMLConfig earlyWindowHeight is 480
[03Apr2026 01:06:29.262] [main/TRACE] [net.neoforged.fml.loading.FMLConfig/CORE]: FMLConfig earlyWindowFBScale is 1
[03Apr2026 01:06:29.262] [main/TRACE] [net.neoforged.fml.loading.FMLConfig/CORE]: FMLConfig earlyWindowMaximized is false
[03Apr2026 01:06:29.262] [main/TRACE] [net.neoforged.fml.loading.FMLConfig/CORE]: FMLConfig earlyWindowSkipGLVersions is []
[03Apr2026 01:06:29.262] [main/TRACE] [net.neoforged.fml.loading.FMLConfig/CORE]: FMLConfig earlyWindowSquir is false
[03Apr2026 01:06:29.273] [main/DEBUG] [net.neoforged.fml.loading.targets.CommonLaunchHandler/CORE]: Got mod coordinates nuclearcraft%%/Users/caliane/Sources/nuclearcraft/build/resources/main:nuclearcraft%%/Users/caliane/Sources/nuclearcraft/build/classes/java/main from env
[03Apr2026 01:06:29.274] [main/DEBUG] [net.neoforged.fml.loading.targets.CommonLaunchHandler/CORE]: Found supplied mod coordinates [{nuclearcraft=[/Users/caliane/Sources/nuclearcraft/build/resources/main, /Users/caliane/Sources/nuclearcraft/build/classes/java/main]}]
[03Apr2026 01:06:29.275] [main/DEBUG] [cpw.mods.modlauncher.TransformationServicesHandler/MODLAUNCHER]: Found additional transformation services from discovery services: 
[03Apr2026 01:06:29.278] [main/INFO] [net.neoforged.fml.loading.ImmediateWindowHandler/]: ImmediateWindowProvider not loading because launch target is forgedatadev
[03Apr2026 01:06:29.282] [main/DEBUG] [cpw.mods.modlauncher.TransformationServicesHandler/MODLAUNCHER]: Found transformer services : [mixin,fml]
[03Apr2026 01:06:29.282] [main/DEBUG] [cpw.mods.modlauncher.TransformationServicesHandler/MODLAUNCHER]: Transformation services loading
[03Apr2026 01:06:29.282] [main/DEBUG] [cpw.mods.modlauncher.TransformationServiceDecorator/MODLAUNCHER]: Loading service mixin
[03Apr2026 01:06:29.282] [main/DEBUG] [cpw.mods.modlauncher.TransformationServiceDecorator/MODLAUNCHER]: Loaded service mixin
[03Apr2026 01:06:29.282] [main/DEBUG] [cpw.mods.modlauncher.TransformationServiceDecorator/MODLAUNCHER]: Loading service fml
[03Apr2026 01:06:29.283] [main/DEBUG] [net.neoforged.fml.loading.FMLLoader/CORE]: FML 4.0.42 loading
[03Apr2026 01:06:29.283] [main/DEBUG] [net.neoforged.fml.loading.FMLLoader/CORE]: FML found ModLauncher version : 11.0.5+main.901c6ea8
[03Apr2026 01:06:29.283] [main/DEBUG] [net.neoforged.fml.loading.FMLLoader/CORE]: FML found AccessTransformer version : 10.0.1+139da711
[03Apr2026 01:06:29.283] [main/DEBUG] [net.neoforged.fml.loading.FMLLoader/CORE]: FML found EventBus version : null
[03Apr2026 01:06:29.284] [main/DEBUG] [net.neoforged.fml.loading.FMLLoader/CORE]: Found Runtime Dist Cleaner
[03Apr2026 01:06:29.284] [main/DEBUG] [cpw.mods.modlauncher.TransformationServiceDecorator/MODLAUNCHER]: Loaded service fml
[03Apr2026 01:06:29.284] [main/DEBUG] [cpw.mods.modlauncher.TransformationServicesHandler/MODLAUNCHER]: Configuring option handling for services
[03Apr2026 01:06:29.292] [main/DEBUG] [net.neoforged.fml.loading.FMLServiceProvider/CORE]: Received command line version data  : VersionInfo[neoForgeVersion=21.1.219, fmlVersion=4.0.42, mcVersion=1.21.1, neoFormVersion=20240808.144430]
[03Apr2026 01:06:29.292] [main/DEBUG] [cpw.mods.modlauncher.TransformationServicesHandler/MODLAUNCHER]: Transformation services initializing
[03Apr2026 01:06:29.292] [main/DEBUG] [cpw.mods.modlauncher.TransformationServiceDecorator/MODLAUNCHER]: Initializing transformation service mixin
[03Apr2026 01:06:29.298] [main/DEBUG] [mixin/]: MixinService [ModLauncher] was successfully booted in cpw.mods.cl.ModuleClassLoader@4e718207
[03Apr2026 01:06:29.304] [main/INFO] [mixin/]: SpongePowered MIXIN Subsystem Version=0.8.7 Source=union:/Users/caliane/.gradle/caches/modules-2/files-2.1/net.fabricmc/sponge-mixin/0.15.2+mixin.0.8.7/2af2f021d8e02a0220dc27a7a72b4666d66d44ca/sponge-mixin-0.15.2+mixin.0.8.7.jar%23134!/ Service=ModLauncher Env=CLIENT
[03Apr2026 01:06:29.305] [main/DEBUG] [mixin/]: Initialising Mixin Platform Manager
[03Apr2026 01:06:29.305] [main/DEBUG] [mixin/]: Adding mixin platform agents for container ModLauncher Root Container(ModLauncher:4f56a0a2)
[03Apr2026 01:06:29.306] [main/DEBUG] [mixin/]: Instancing new MixinPlatformAgentMinecraftForge for ModLauncher Root Container(ModLauncher:4f56a0a2)
[03Apr2026 01:06:29.306] [main/DEBUG] [mixin/]: MixinPlatformAgentMinecraftForge rejected container ModLauncher Root Container(ModLauncher:4f56a0a2)
[03Apr2026 01:06:29.306] [main/DEBUG] [mixin/]: Instancing new MixinPlatformAgentDefault for ModLauncher Root Container(ModLauncher:4f56a0a2)
[03Apr2026 01:06:29.306] [main/DEBUG] [mixin/]: MixinPlatformAgentDefault accepted container ModLauncher Root Container(ModLauncher:4f56a0a2)
[03Apr2026 01:06:29.307] [main/DEBUG] [cpw.mods.modlauncher.TransformationServiceDecorator/MODLAUNCHER]: Initialized transformation service mixin
[03Apr2026 01:06:29.307] [main/DEBUG] [cpw.mods.modlauncher.TransformationServiceDecorator/MODLAUNCHER]: Initializing transformation service fml
[03Apr2026 01:06:29.307] [main/DEBUG] [net.neoforged.fml.loading.FMLServiceProvider/CORE]: Setting up basic FML game directories
[03Apr2026 01:06:29.307] [main/DEBUG] [net.neoforged.fml.loading.FMLPaths/CORE]: Path GAMEDIR is /Users/caliane/Sources/nuclearcraft/runs/data
[03Apr2026 01:06:29.307] [main/DEBUG] [net.neoforged.fml.loading.FMLPaths/CORE]: Path MODSDIR is /Users/caliane/Sources/nuclearcraft/runs/data/mods
[03Apr2026 01:06:29.308] [main/DEBUG] [net.neoforged.fml.loading.FMLPaths/CORE]: Path CONFIGDIR is /Users/caliane/Sources/nuclearcraft/runs/data/config
[03Apr2026 01:06:29.308] [main/DEBUG] [net.neoforged.fml.loading.FMLPaths/CORE]: Path FMLCONFIG is /Users/caliane/Sources/nuclearcraft/runs/data/config/fml.toml
[03Apr2026 01:06:29.308] [main/DEBUG] [net.neoforged.fml.loading.FMLServiceProvider/CORE]: Loading configuration
[03Apr2026 01:06:29.309] [main/TRACE] [net.neoforged.fml.loading.FMLConfig/CORE]: Loaded FML config from /Users/caliane/Sources/nuclearcraft/runs/data/config/fml.toml
[03Apr2026 01:06:29.309] [main/TRACE] [net.neoforged.fml.loading.FMLConfig/CORE]: FMLConfig disableConfigWatcher is false
[03Apr2026 01:06:29.309] [main/TRACE] [net.neoforged.fml.loading.FMLConfig/CORE]: FMLConfig earlyWindowControl is true
[03Apr2026 01:06:29.309] [main/TRACE] [net.neoforged.fml.loading.FMLConfig/CORE]: FMLConfig maxThreads is 32
[03Apr2026 01:06:29.309] [main/TRACE] [net.neoforged.fml.loading.FMLConfig/CORE]: FMLConfig versionCheck is true
[03Apr2026 01:06:29.309] [main/TRACE] [net.neoforged.fml.loading.FMLConfig/CORE]: FMLConfig defaultConfigPath is defaultconfigs
[03Apr2026 01:06:29.309] [main/TRACE] [net.neoforged.fml.loading.FMLConfig/CORE]: FMLConfig disableOptimizedDFU is true
[03Apr2026 01:06:29.309] [main/TRACE] [net.neoforged.fml.loading.FMLConfig/CORE]: FMLConfig earlyWindowProvider is fmlearlywindow
[03Apr2026 01:06:29.309] [main/TRACE] [net.neoforged.fml.loading.FMLConfig/CORE]: FMLConfig earlyWindowWidth is 854
[03Apr2026 01:06:29.309] [main/TRACE] [net.neoforged.fml.loading.FMLConfig/CORE]: FMLConfig earlyWindowHeight is 480
[03Apr2026 01:06:29.309] [main/TRACE] [net.neoforged.fml.loading.FMLConfig/CORE]: FMLConfig earlyWindowFBScale is 1
[03Apr2026 01:06:29.309] [main/TRACE] [net.neoforged.fml.loading.FMLConfig/CORE]: FMLConfig earlyWindowMaximized is false
[03Apr2026 01:06:29.309] [main/TRACE] [net.neoforged.fml.loading.FMLConfig/CORE]: FMLConfig earlyWindowSkipGLVersions is []
[03Apr2026 01:06:29.310] [main/TRACE] [net.neoforged.fml.loading.FMLConfig/CORE]: FMLConfig earlyWindowSquir is false
[03Apr2026 01:06:29.311] [main/DEBUG] [net.neoforged.fml.loading.LaunchContext/SCAN]: Located paths when launch context was created: [/Users/caliane/.gradle/caches/modules-2/files-2.1/net.neoforged/JarJarMetadata/0.4.1/f8da03683dc81694556dc3e177c5e3bb77ae6fcb/JarJarMetadata-0.4.1.jar, /Users/caliane/.gradle/caches/modules-2/files-2.1/net.neoforged.fancymodloader/earlydisplay/4.0.42/46555dbfff14e9e052f1f693aed14d542a74e111/earlydisplay-4.0.42.jar, /Users/caliane/.gradle/caches/modules-2/files-2.1/net.minecraftforge/srgutils/0.4.15/ca408b131759478f164e010fae0d73997e125fb5/srgutils-0.4.15.jar, /Users/caliane/.gradle/caches/modules-2/files-2.1/io.netty/netty-buffer/4.1.97.Final/f8f3d8644afa5e6e1a40a3a6aeb9d9aa970ecb4f/netty-buffer-4.1.97.Final.jar, /Users/caliane/.gradle/caches/modules-2/files-2.1/org.joml/joml/1.10.5/22566d58af70ad3d72308bab63b8339906deb649/joml-1.10.5.jar, /Users/caliane/.gradle/caches/modules-2/files-2.1/io.netty/netty-common/4.1.97.Final/7cceacaf11df8dc63f23d0fb58e9d4640fc88404/netty-common-4.1.97.Final.jar, /Users/caliane/.gradle/caches/modules-2/files-2.1/com.electronwill.night-config/toml/3.8.3/90b2fd6efcb4a7d5b9810cf78f9d824994d717f2/toml-3.8.3.jar, /Users/caliane/.gradle/caches/modules-2/files-2.1/org.openjdk.nashorn/nashorn-core/15.4/f67f5ffaa5f5130cf6fb9b133da00c7df3b532a5/nashorn-core-15.4.jar, /Users/caliane/.gradle/caches/modules-2/files-2.1/org.lwjgl/lwjgl-freetype/3.3.3/806d869f37ce0df388a24e17aaaf5ca0894d851b/lwjgl-freetype-3.3.3-natives-macos-patch.jar, /Users/caliane/.gradle/caches/modules-2/files-2.1/org.lwjgl/lwjgl-tinyfd/3.3.3/82d755ca94b102e9ca77283b9e2dc46d1b15fbe5/lwjgl-tinyfd-3.3.3.jar, /Users/caliane/.gradle/caches/modules-2/files-2.1/org.lwjgl/lwjgl-openal/3.3.3/8df8338bfa77f2ebabef4e58964bd04d24805cbf/lwjgl-openal-3.3.3-natives-macos.jar, /Users/caliane/.gradle/caches/modules-2/files-2.1/com.google.guava/listenablefuture/9999.0-empty-to-avoid-conflict-with-guava/b421526c5f297295adef1c886e5246c39d4ac629/listenablefuture-9999.0-empty-to-avoid-conflict-with-guava.jar, /Users/caliane/.gradle/caches/modules-2/files-2.1/com.google.guava/failureaccess/1.0.1/1dcf1de382a0bf95a3d8b0849546c88bac1292c9/failureaccess-1.0.1.jar, /Users/caliane/.gradle/caches/modules-2/files-2.1/org.lz4/lz4-java/1.8.0/4b986a99445e49ea5fbf5d149c4b63f6ed6c6780/lz4-java-1.8.0.jar, /Users/caliane/.gradle/caches/modules-2/files-2.1/ca.weblite/java-objc-bridge/1.1/1227f9e0666314f9de41477e3ec277e542ed7f7b/java-objc-bridge-1.1.jar, /Users/caliane/.gradle/caches/modules-2/files-2.1/net.minecrell/terminalconsoleappender/1.3.0/b562e9bb61235c9520e26282cdee71f8f802d1fc/terminalconsoleappender-1.3.0.jar, /Users/caliane/Sources/nuclearcraft/.gradle/repositories/ng_dummy_ng/net/minecraft/client/1.21.1/client-1.21.1-client-extra.jar, /Users/caliane/.gradle/caches/modules-2/files-2.1/com.mojang/datafixerupper/8.0.16/67d4de6d7f95d89bcf5862995fb854ebaec02a34/datafixerupper-8.0.16.jar, /Users/caliane/.gradle/caches/modules-2/files-2.1/cpw.mods/modlauncher/11.0.5/b8f0d49294f733fdb6173931b263553e943dc950/modlauncher-11.0.5.jar, /Users/caliane/.gradle/caches/modules-2/files-2.1/io.netty/netty-transport/4.1.97.Final/f37380d23c9bb079bc702910833b2fd532c9abd0/netty-transport-4.1.97.Final.jar, /Users/caliane/.gradle/caches/modules-2/files-2.1/com.electronwill.night-config/core/3.8.3/b442a95f09e349927f5a945ecb594455870fcf4f/core-3.8.3.jar, /Users/caliane/.gradle/caches/modules-2/files-2.1/org.lwjgl/lwjgl-jemalloc/3.3.3/2906637657a57579847238c9c72d2c4bde7083f8/lwjgl-jemalloc-3.3.3-natives-macos.jar, /Users/caliane/.gradle/caches/modules-2/files-2.1/com.mojang/brigadier/1.3.10/d15b53a14cf20fdcaa98f731af5dda654452c010/brigadier-1.3.10.jar, /Users/caliane/.gradle/caches/modules-2/files-2.1/com.ibm.icu/icu4j/73.2/61ad4ef7f9131fcf6d25c34b817f90d6da06c9e9/icu4j-73.2.jar, /Users/caliane/.gradle/caches/modules-2/files-2.1/com.google.guava/guava/32.1.2-jre/5e64ec7e056456bef3a4bc4c6fdaef71e8ab6318/guava-32.1.2-jre.jar, /Users/caliane/.gradle/caches/modules-2/files-2.1/org.lwjgl/lwjgl-tinyfd/3.3.3/406feedb977372085a61eb0fee358183f4f4c67a/lwjgl-tinyfd-3.3.3-natives-macos-arm64.jar, /Users/caliane/.gradle/caches/modules-2/files-2.1/org.lwjgl/lwjgl-freetype/3.3.3/b0a8c9baa9d1f54ac61e1ab9640c7659e7fa700c/lwjgl-freetype-3.3.3-natives-macos-arm64.jar, /Users/caliane/.gradle/caches/modules-2/files-2.1/net.sf.jopt-simple/jopt-simple/5.0.4/4fdac2fbe92dfad86aa6e9301736f6b4342a3f5c/jopt-simple-5.0.4.jar, /Users/caliane/.gradle/caches/modules-2/files-2.1/net.neoforged.accesstransformers/at-modlauncher/10.0.1/5aba50202aceead086bc09fbc2751c9f05cb4890/at-modlauncher-10.0.1.jar, /Users/caliane/.gradle/caches/modules-2/files-2.1/it.unimi.dsi/fastutil/8.5.12/c24946d46824bd528054bface3231d2ecb7e95e8/fastutil-8.5.12.jar, /Users/caliane/.gradle/caches/modules-2/files-2.1/com.google.code.gson/gson/2.10.1/b3add478d4382b78ea20b1671390a858002feb6c/gson-2.10.1.jar, /Users/caliane/.gradle/caches/modules-2/files-2.1/net.java.dev.jna/jna-platform/5.14.0/28934d48aed814f11e4c584da55c49fa7032b31b/jna-platform-5.14.0.jar, /Users/caliane/.gradle/caches/modules-2/files-2.1/org.slf4j/slf4j-api/2.0.9/7cf2726fdcfbc8610f9a71fb3ed639871f315340/slf4j-api-2.0.9.jar, /Users/caliane/.gradle/caches/modules-2/files-2.1/org.jcraft/jorbis/0.0.17/8872d22b293e8f5d7d56ff92be966e6dc28ebdc6/jorbis-0.0.17.jar, /Users/caliane/.gradle/caches/modules-2/files-2.1/org.lwjgl/lwjgl-stb/3.3.3/25dd6161988d7e65f71d5065c99902402ee32746/lwjgl-stb-3.3.3.jar, /Users/caliane/.gradle/caches/modules-2/files-2.1/org.lwjgl/lwjgl-jemalloc/3.3.3/b543467b7ff3c6920539a88ee602d34098628be5/lwjgl-jemalloc-3.3.3.jar, /Users/caliane/.gradle/caches/modules-2/files-2.1/org.apache.maven/maven-artifact/3.8.5/4433f50c07debefaed0553bd0068f4f48d449313/maven-artifact-3.8.5.jar, /Users/caliane/.gradle/caches/modules-2/files-2.1/com.mojang/authlib/6.0.54/de8bc95660e1b2fe8793fd427a7a10dcec5b3ea7/authlib-6.0.54.jar, /Users/caliane/.gradle/caches/modules-2/files-2.1/com.github.oshi/oshi-core/6.4.10/b1d8ab82d11d92fd639b56d639f8f46f739dd5fa/oshi-core-6.4.10.jar, /Users/caliane/.gradle/caches/modules-2/files-2.1/net.neoforged/coremods/7.0.3/9147e6f638b4272b3bd5fc8f92ad37802512c6c/coremods-7.0.3.jar, /Users/caliane/.gradle/caches/modules-2/files-2.1/org.jline/jline-terminal/3.20.0/d0ddcc708ddf527a3454c941b7b9225cc83a15ff/jline-terminal-3.20.0.jar, /Users/caliane/.gradle/caches/modules-2/files-2.1/net.jodah/typetools/0.6.3/a01aaa6ddaea9ec07ec4f209487b7a46a526283a/typetools-0.6.3.jar, /Users/caliane/.gradle/caches/modules-2/files-2.1/io.netty/netty-codec/4.1.97.Final/384ba4d75670befbedb45c4d3b497a93639c206d/netty-codec-4.1.97.Final.jar, /Users/caliane/.gradle/caches/modules-2/files-2.1/org.jetbrains/annotations/24.1.0/7af6a669488450c4a07c2c3254e2151df42d7d04/annotations-24.1.0.jar, /Users/caliane/.gradle/caches/modules-2/files-2.1/commons-codec/commons-codec/1.16.0/4e3eb3d79888d76b54e28b350915b5dc3919c9de/commons-codec-1.16.0.jar, /Users/caliane/.gradle/caches/modules-2/files-2.1/org.antlr/antlr4-runtime/4.13.1/17125bae1d965624e265ef49552f6465a2bfa307/antlr4-runtime-4.13.1.jar, /Users/caliane/.gradle/caches/modules-2/files-2.1/org.lwjgl/lwjgl-glfw/3.3.3/efa1eb78c5ccd840e9f329717109b5e892d72f8e/lwjgl-glfw-3.3.3.jar, /Users/caliane/.gradle/caches/modules-2/files-2.1/org.apache.commons/commons-lang3/3.14.0/1ed471194b02f2c6cb734a0cd6f6f107c673afae/commons-lang3-3.14.0.jar, /Users/caliane/.gradle/caches/modules-2/files-2.1/org.apache.commons/commons-compress/1.26.0/659feffdd12280201c8aacb8f7be94f9a883c824/commons-compress-1.26.0.jar, /Users/caliane/.gradle/caches/modules-2/files-2.1/com.machinezoo.noexception/noexception/1.7.1/b65330c98e38a1f915fa54a6e5eca496505e3f0a/noexception-1.7.1.jar, /Users/caliane/.gradle/caches/modules-2/files-2.1/org.checkerframework/checker-qual/3.33.0/de2b60b62da487644fc11f734e73c8b0b431238f/checker-qual-3.33.0.jar, /Users/caliane/.gradle/caches/modules-2/files-2.1/org.lwjgl/lwjgl-stb/3.3.3/472792c98fb2c1557c060cb9da5fca6a9773621f/lwjgl-stb-3.3.3-natives-macos.jar, /Users/caliane/.gradle/caches/modules-2/files-2.1/commons-io/commons-io/2.15.1/f11560da189ab563a5c8e351941415430e9304ea/commons-io-2.15.1.jar, /Users/caliane/.gradle/caches/modules-2/files-2.1/org.jline/jline-reader/3.20.0/8f15415b022a25b473e8e16c28ae913186ffb9c4/jline-reader-3.20.0.jar, /Users/caliane/.gradle/caches/modules-2/files-2.1/org.apache.logging.log4j/log4j-slf4j2-impl/2.22.1/d7e6693c2606cb7e7335047d7bb96dec52db5665/log4j-slf4j2-impl-2.22.1.jar, /Users/caliane/.gradle/caches/modules-2/files-2.1/net.fabricmc/sponge-mixin/0.15.2+mixin.0.8.7/2af2f021d8e02a0220dc27a7a72b4666d66d44ca/sponge-mixin-0.15.2+mixin.0.8.7.jar, /Users/caliane/.gradle/caches/modules-2/files-2.1/net.neoforged/accesstransformers/10.0.1/fd83b5725f76eae9115e9355fa1c456a6a441400/accesstransformers-10.0.1.jar, /Users/caliane/.gradle/caches/modules-2/files-2.1/org.lwjgl/lwjgl-freetype/3.3.3/a0db6c84a8becc8ca05f9dbfa985edc348a824c7/lwjgl-freetype-3.3.3.jar, /Users/caliane/.gradle/caches/modules-2/files-2.1/com.google.errorprone/error_prone_annotations/2.18.0/89b684257096f548fa39a7df9fdaa409d4d4df91/error_prone_annotations-2.18.0.jar, /Users/caliane/.gradle/caches/modules-2/files-2.1/io.netty/netty-handler/4.1.97.Final/abb86c6906bf512bf2b797a41cd7d2e8d3cd7c36/netty-handler-4.1.97.Final.jar, /Users/caliane/.gradle/caches/modules-2/files-2.1/com.mojang/patchy/2.2.10/da05971b07cbb379d002cf7eaec6a2048211fefc/patchy-2.2.10.jar, /Users/caliane/.gradle/caches/modules-2/files-2.1/org.apache.httpcomponents/httpclient/4.5.13/e5f6cae5ca7ecaac1ec2827a9e2d65ae2869cada/httpclient-4.5.13.jar, /Users/caliane/.gradle/caches/modules-2/files-2.1/org.lwjgl/lwjgl-openal/3.3.3/daada81ceb5fc0c291fbfdd4433cb8d9423577f2/lwjgl-openal-3.3.3.jar, /Users/caliane/.gradle/caches/modules-2/files-2.1/org.apache.logging.log4j/log4j-api/2.22.1/bea6fede6328fabafd7e68363161a7ea6605abd1/log4j-api-2.22.1.jar, /Users/caliane/.gradle/caches/modules-2/files-2.1/net.java.dev.jna/jna/5.14.0/67bf3eaea4f0718cb376a181a629e5f88fa1c9dd/jna-5.14.0.jar, /Users/caliane/.gradle/caches/modules-2/files-2.1/org.codehaus.plexus/plexus-utils/3.3.0/cf43b5391de623b36fe066a21127baef82c64022/plexus-utils-3.3.0.jar, /Users/caliane/.gradle/caches/modules-2/files-2.1/org.lwjgl/lwjgl-opengl/3.3.3/1bd45997551ae8a28469f3a2b678f4b7289e12c0/lwjgl-opengl-3.3.3-natives-macos.jar, /Users/caliane/.gradle/caches/modules-2/files-2.1/net.neoforged/mergetool/2.0.3/1275202cbbb248f49345cf6787ce299afd9a02fb/mergetool-2.0.3-api.jar, /Users/caliane/.gradle/caches/modules-2/files-2.1/com.mojang/blocklist/1.0.10/5c685c5ffa94c4cd39496c7184c1d122e515ecef/blocklist-1.0.10.jar, /Users/caliane/.gradle/caches/modules-2/files-2.1/org.apache.httpcomponents/httpcore/4.4.16/51cf043c87253c9f58b539c9f7e44c8894223850/httpcore-4.4.16.jar, /Users/caliane/.gradle/caches/modules-2/files-2.1/net.neoforged/bus/8.0.5/5b2d33285ab5d1554e9798ad98c40d6ea3868bd5/bus-8.0.5.jar, /Users/caliane/.gradle/caches/modules-2/files-2.1/io.netty/netty-transport-native-unix-common/4.1.97.Final/d469d84265ab70095b01b40886cabdd433b6e664/netty-transport-native-unix-common-4.1.97.Final.jar, /Users/caliane/.gradle/caches/modules-2/files-2.1/org.lwjgl/lwjgl-glfw/3.3.3/a1bf400f6bc64e6195596cb1430dafda46090751/lwjgl-glfw-3.3.3-natives-macos.jar, /Users/caliane/.gradle/caches/modules-2/files-2.1/org.lwjgl/lwjgl/3.3.3/29589b5f87ed335a6c7e7ee6a5775f81f97ecb84/lwjgl-3.3.3.jar, /Users/caliane/.gradle/caches/modules-2/files-2.1/org.apache.logging.log4j/log4j-core/2.22.1/7183a25510a02ad00cc6a95d3b3d2a7d3c5a8dc4/log4j-core-2.22.1.jar, /Users/caliane/.gradle/caches/modules-2/files-2.1/net.neoforged/JarJarSelector/0.4.1/fb3cc7a58af22ad2880adb98af6d518128c47dae/JarJarSelector-0.4.1.jar, /Users/caliane/.gradle/caches/modules-2/files-2.1/net.neoforged.fancymodloader/loader/4.0.42/76e15f98bf676fb44b36c5e776f52a55581ec43a/loader-4.0.42.jar, /Users/caliane/.gradle/caches/modules-2/files-2.1/commons-logging/commons-logging/1.2/4bfc12adfe4842bf07b657f0369c4cb522955686/commons-logging-1.2.jar, /Users/caliane/.gradle/caches/modules-2/files-2.1/org.lwjgl/lwjgl-opengl/3.3.3/2f6b0147078396a58979125a4c947664e98293a/lwjgl-opengl-3.3.3.jar, /Users/caliane/.gradle/caches/modules-2/files-2.1/com.google.j2objc/j2objc-annotations/2.8/c85270e307e7b822f1086b93689124b89768e273/j2objc-annotations-2.8.jar, /Users/caliane/.gradle/caches/modules-2/files-2.1/io.netty/netty-resolver/4.1.97.Final/cec8348108dc76c47cf87c669d514be52c922144/netty-resolver-4.1.97.Final.jar, /Users/caliane/.gradle/caches/modules-2/files-2.1/com.mojang/logging/1.2.7/24cb95ffb0e3433fd6e844c04e68009e504ca1c0/logging-1.2.7.jar, /Users/caliane/.gradle/caches/modules-2/files-2.1/org.lwjgl/lwjgl/3.3.3/226246e75f6bd8d4e1895bdce8638ef87808d114/lwjgl-3.3.3-natives-macos-arm64.jar, /Users/caliane/.gradle/caches/modules-2/files-2.1/com.google.code.findbugs/jsr305/3.0.2/25ea2e8b0c338a877313bd4672d3fe056ea78f0d/jsr305-3.0.2.jar, /Users/caliane/.gradle/caches/modules-2/files-2.1/io.netty/netty-transport-classes-epoll/4.1.97.Final/795da37ded759e862457a82d9d92c4d39ce8ecee/netty-transport-classes-epoll-4.1.97.Final.jar, /Users/caliane/.gradle/caches/modules-2/files-2.1/com.mojang/text2speech/1.17.9/3cad216e3a7f0c19b4b394388bc9ffc446f13b14/text2speech-1.17.9.jar]
[03Apr2026 01:06:29.311] [main/DEBUG] [net.neoforged.fml.loading.FMLServiceProvider/CORE]: Preparing launch handler
[03Apr2026 01:06:29.311] [main/DEBUG] [net.neoforged.fml.loading.FMLLoader/CORE]: Using forgedatadev as launch service
[03Apr2026 01:06:29.311] [main/DEBUG] [net.neoforged.fml.common.asm.RuntimeDistCleaner/DISTXFORM]: Configuring for Dist CLIENT
[03Apr2026 01:06:29.312] [main/DEBUG] [cpw.mods.modlauncher.TransformationServiceDecorator/MODLAUNCHER]: Initialized transformation service fml
[03Apr2026 01:06:29.312] [main/DEBUG] [cpw.mods.modlauncher.TransformationServicesHandler/MODLAUNCHER]: Transformation services begin scanning
[03Apr2026 01:06:29.312] [main/DEBUG] [cpw.mods.modlauncher.TransformationServiceDecorator/MODLAUNCHER]: Beginning scan trigger - transformation service mixin
[03Apr2026 01:06:29.312] [main/DEBUG] [cpw.mods.modlauncher.TransformationServiceDecorator/MODLAUNCHER]: End scan trigger - transformation service mixin
[03Apr2026 01:06:29.312] [main/DEBUG] [cpw.mods.modlauncher.TransformationServiceDecorator/MODLAUNCHER]: Beginning scan trigger - transformation service fml
[03Apr2026 01:06:29.312] [main/DEBUG] [net.neoforged.fml.loading.FMLServiceProvider/CORE]: Initiating mod scan
[03Apr2026 01:06:29.312] [main/DEBUG] [net.neoforged.fml.loading.targets.CommonLaunchHandler/CORE]: Got mod coordinates nuclearcraft%%/Users/caliane/Sources/nuclearcraft/build/resources/main:nuclearcraft%%/Users/caliane/Sources/nuclearcraft/build/classes/java/main from env
[03Apr2026 01:06:29.313] [main/DEBUG] [net.neoforged.fml.loading.targets.CommonLaunchHandler/CORE]: Found supplied mod coordinates [{nuclearcraft=[/Users/caliane/Sources/nuclearcraft/build/resources/main, /Users/caliane/Sources/nuclearcraft/build/classes/java/main]}]
[03Apr2026 01:06:29.313] [main/DEBUG] [net.neoforged.fml.loading.targets.CommonDevLaunchHandler/]: Launching with NeoForge from /Users/caliane/Sources/nuclearcraft/.gradle/repositories/ng_dummy_ng/net/neoforged/neoforge/21.1.219/neoforge-21.1.219.jar
[03Apr2026 01:06:29.320] [main/DEBUG] [net.neoforged.fml.util.ServiceLoaderUtil/CORE]: Found 4 implementations of IModFileCandidateLocator:
[03Apr2026 01:06:29.320] [main/DEBUG] [net.neoforged.fml.util.ServiceLoaderUtil/CORE]: 	       0 - [built-in] net.neoforged.fml.loading.moddiscovery.locators.NeoForgeDevProvider from loader-4.0.42.jar
[03Apr2026 01:06:29.320] [main/DEBUG] [net.neoforged.fml.util.ServiceLoaderUtil/CORE]: 	       0 - net.neoforged.fml.loading.moddiscovery.locators.ModsFolderLocator from loader-4.0.42.jar
[03Apr2026 01:06:29.321] [main/DEBUG] [net.neoforged.fml.util.ServiceLoaderUtil/CORE]: 	       0 - net.neoforged.fml.loading.moddiscovery.locators.MavenDirectoryLocator from loader-4.0.42.jar
[03Apr2026 01:06:29.321] [main/DEBUG] [net.neoforged.fml.util.ServiceLoaderUtil/CORE]: 	   -1000 - [built-in] net.neoforged.fml.loading.moddiscovery.locators.UserdevLocator from loader-4.0.42.jar
[03Apr2026 01:06:29.321] [main/DEBUG] [net.neoforged.fml.util.ServiceLoaderUtil/CORE]: Found 2 implementations of IModFileReader:
[03Apr2026 01:06:29.322] [main/DEBUG] [net.neoforged.fml.util.ServiceLoaderUtil/CORE]: 	       0 - net.neoforged.fml.loading.moddiscovery.readers.JarModsDotTomlModFileReader from loader-4.0.42.jar
[03Apr2026 01:06:29.322] [main/DEBUG] [net.neoforged.fml.util.ServiceLoaderUtil/CORE]: 	   -1000 - net.neoforged.fml.loading.moddiscovery.readers.NestedLibraryModReader from loader-4.0.42.jar
[03Apr2026 01:06:29.323] [main/DEBUG] [net.neoforged.fml.util.ServiceLoaderUtil/CORE]: Found 1 implementations of IDependencyLocator:
[03Apr2026 01:06:29.323] [main/DEBUG] [net.neoforged.fml.util.ServiceLoaderUtil/CORE]: 	       0 - net.neoforged.fml.loading.moddiscovery.locators.JarInJarDependencyLocator from loader-4.0.42.jar
[03Apr2026 01:06:29.323] [main/DEBUG] [net.neoforged.fml.loading.moddiscovery.ModDiscoverer/SCAN]: Scanning for mods and other resources to load. We know 4 ways to find mods
[03Apr2026 01:06:29.324] [main/DEBUG] [net.neoforged.fml.loading.moddiscovery.ModDiscoverer/SCAN]: Trying locator neoforge devenv provider ([/Users/caliane/Sources/nuclearcraft/.gradle/repositories/ng_dummy_ng/net/neoforged/neoforge/21.1.219/neoforge-21.1.219.jar])
[03Apr2026 01:06:29.349] [main/DEBUG] [net.neoforged.fml.loading.moddiscovery.ModFileInfo/LOADING]: Found valid mod file neoforge-21.1.219.jar with {minecraft} mods - versions {1.21.1}
[03Apr2026 01:06:29.349] [main/INFO] [net.neoforged.fml.loading.moddiscovery.ModDiscoverer/SCAN]: Found mod file "neoforge-21.1.219.jar" [locator: neoforge devenv provider ([/Users/caliane/Sources/nuclearcraft/.gradle/repositories/ng_dummy_ng/net/neoforged/neoforge/21.1.219/neoforge-21.1.219.jar])]
[03Apr2026 01:06:29.353] [main/DEBUG] [net.neoforged.fml.loading.moddiscovery.readers.JarModsDotTomlModFileReader/SCAN]: Found META-INF/neoforge.mods.toml mod of type null: /Users/caliane/Sources/nuclearcraft/.gradle/repositories/ng_dummy_ng/net/neoforged/neoforge/21.1.219/neoforge-21.1.219.jar
[03Apr2026 01:06:29.353] [main/DEBUG] [net.neoforged.fml.loading.moddiscovery.ModFileParser/LOADING]: Considering mod file candidate /Users/caliane/Sources/nuclearcraft/.gradle/repositories/ng_dummy_ng/net/neoforged/neoforge/21.1.219/neoforge-21.1.219.jar
[03Apr2026 01:06:29.363] [main/DEBUG] [net.neoforged.fml.loading.moddiscovery.ModFileInfo/LOADING]: Found valid mod file neoforge-21.1.219.jar with {neoforge} mods - versions {21.1.219}
[03Apr2026 01:06:29.363] [main/INFO] [net.neoforged.fml.loading.moddiscovery.ModDiscoverer/SCAN]: Found mod file "neoforge-21.1.219.jar" [locator: neoforge devenv provider ([/Users/caliane/Sources/nuclearcraft/.gradle/repositories/ng_dummy_ng/net/neoforged/neoforge/21.1.219/neoforge-21.1.219.jar])]
[03Apr2026 01:06:29.363] [main/DEBUG] [net.neoforged.fml.loading.moddiscovery.ModDiscoverer/SCAN]: Locator neoforge devenv provider ([/Users/caliane/Sources/nuclearcraft/.gradle/repositories/ng_dummy_ng/net/neoforged/neoforge/21.1.219/neoforge-21.1.219.jar]) found 2 mods, 0 warnings, 0 errors and skipped 0 candidates
[03Apr2026 01:06:29.363] [main/DEBUG] [net.neoforged.fml.loading.moddiscovery.ModDiscoverer/SCAN]: Trying locator {mods folder locator at /Users/caliane/Sources/nuclearcraft/runs/data/mods}
[03Apr2026 01:06:29.363] [main/DEBUG] [net.neoforged.fml.loading.moddiscovery.locators.ModsFolderLocator/SCAN]: Scanning mods dir /Users/caliane/Sources/nuclearcraft/runs/data/mods for mods
[03Apr2026 01:06:29.364] [main/DEBUG] [net.neoforged.fml.loading.moddiscovery.ModDiscoverer/SCAN]: Locator {mods folder locator at /Users/caliane/Sources/nuclearcraft/runs/data/mods} found 0 mods, 0 warnings, 0 errors and skipped 0 candidates
[03Apr2026 01:06:29.364] [main/DEBUG] [net.neoforged.fml.loading.moddiscovery.ModDiscoverer/SCAN]: Trying locator maven libs
[03Apr2026 01:06:29.365] [main/DEBUG] [net.neoforged.fml.loading.moddiscovery.ModListHandler/CORE]: Found mod coordinates from lists: []
[03Apr2026 01:06:29.365] [main/DEBUG] [net.neoforged.fml.loading.moddiscovery.ModDiscoverer/SCAN]: Locator maven libs found 0 mods, 0 warnings, 0 errors and skipped 0 candidates
[03Apr2026 01:06:29.365] [main/DEBUG] [net.neoforged.fml.loading.moddiscovery.ModDiscoverer/SCAN]: Trying locator userdev mods and services
[03Apr2026 01:06:29.366] [main/DEBUG] [net.neoforged.fml.loading.moddiscovery.readers.JarModsDotTomlModFileReader/SCAN]: Found META-INF/neoforge.mods.toml mod of type null: /Users/caliane/Sources/nuclearcraft/build/resources/main
[03Apr2026 01:06:29.366] [main/DEBUG] [net.neoforged.fml.loading.moddiscovery.ModFileParser/LOADING]: Considering mod file candidate /Users/caliane/Sources/nuclearcraft/build/resources/main
[03Apr2026 01:06:29.369] [main/DEBUG] [net.neoforged.fml.loading.moddiscovery.ModFileInfo/LOADING]: Found valid mod file main with {nuclearcraft} mods - versions {1.3.0}
[03Apr2026 01:06:29.369] [main/INFO] [net.neoforged.fml.loading.moddiscovery.ModDiscoverer/SCAN]: Found mod file "main" [locator: userdev mods and services, reader: mod manifest]
[03Apr2026 01:06:29.374] [main/DEBUG] [net.neoforged.fml.loading.moddiscovery.readers.JarModsDotTomlModFileReader/SCAN]: Found META-INF/neoforge.mods.toml mod of type null: /Users/caliane/Sources/nuclearcraft/.gradle/repositories/ng_dummy_ng/net/neoforged/neoforge/21.1.219/neoforge-21.1.219.jar
[03Apr2026 01:06:29.374] [main/DEBUG] [net.neoforged.fml.loading.moddiscovery.ModFileParser/LOADING]: Considering mod file candidate /Users/caliane/Sources/nuclearcraft/.gradle/repositories/ng_dummy_ng/net/neoforged/neoforge/21.1.219/neoforge-21.1.219.jar
[03Apr2026 01:06:29.376] [main/DEBUG] [net.neoforged.fml.loading.moddiscovery.ModFileInfo/LOADING]: Found valid mod file neoforge-21.1.219.jar with {neoforge} mods - versions {21.1.219}
[03Apr2026 01:06:29.376] [main/INFO] [net.neoforged.fml.loading.moddiscovery.ModDiscoverer/SCAN]: Found mod file "neoforge-21.1.219.jar" [locator: userdev mods and services, reader: mod manifest]
[03Apr2026 01:06:29.379] [main/DEBUG] [net.neoforged.fml.loading.moddiscovery.readers.JarModsDotTomlModFileReader/SCAN]: Found META-INF/neoforge.mods.toml mod of type null: /Users/caliane/.gradle/caches/modules-2/files-2.1/mekanism/Mekanism/1.21.1-10.7.18.84/2c48df86350bb733e4285437e136b271a70f4cbc/Mekanism-1.21.1-10.7.18.84.jar
[03Apr2026 01:06:29.379] [main/DEBUG] [net.neoforged.fml.loading.moddiscovery.ModFileParser/LOADING]: Considering mod file candidate /Users/caliane/.gradle/caches/modules-2/files-2.1/mekanism/Mekanism/1.21.1-10.7.18.84/2c48df86350bb733e4285437e136b271a70f4cbc/Mekanism-1.21.1-10.7.18.84.jar
[03Apr2026 01:06:29.382] [main/DEBUG] [net.neoforged.fml.loading.moddiscovery.ModFileInfo/LOADING]: Found valid mod file Mekanism-1.21.1-10.7.18.84.jar with {mekanism} mods - versions {10.7.18}
[03Apr2026 01:06:29.382] [main/INFO] [net.neoforged.fml.loading.moddiscovery.ModDiscoverer/SCAN]: Found mod file "Mekanism-1.21.1-10.7.18.84.jar" [locator: userdev mods and services, reader: mod manifest]
[03Apr2026 01:06:29.383] [main/DEBUG] [net.neoforged.fml.loading.moddiscovery.readers.JarModsDotTomlModFileReader/SCAN]: Found META-INF/neoforge.mods.toml mod of type null: /Users/caliane/.gradle/caches/modules-2/files-2.1/mekanism/Mekanism/1.21.1-10.7.18.84/9849756f8258367638df3a34261cfcc9b1a7e236/Mekanism-1.21.1-10.7.18.84-generators.jar
[03Apr2026 01:06:29.383] [main/DEBUG] [net.neoforged.fml.loading.moddiscovery.ModFileParser/LOADING]: Considering mod file candidate /Users/caliane/.gradle/caches/modules-2/files-2.1/mekanism/Mekanism/1.21.1-10.7.18.84/9849756f8258367638df3a34261cfcc9b1a7e236/Mekanism-1.21.1-10.7.18.84-generators.jar
[03Apr2026 01:06:29.384] [main/DEBUG] [net.neoforged.fml.loading.moddiscovery.ModFileInfo/LOADING]: Found valid mod file Mekanism-1.21.1-10.7.18.84-generators.jar with {mekanismgenerators} mods - versions {10.7.18}
[03Apr2026 01:06:29.385] [main/INFO] [net.neoforged.fml.loading.moddiscovery.ModDiscoverer/SCAN]: Found mod file "Mekanism-1.21.1-10.7.18.84-generators.jar" [locator: userdev mods and services, reader: mod manifest]
[03Apr2026 01:06:29.386] [main/DEBUG] [net.neoforged.fml.loading.moddiscovery.readers.JarModsDotTomlModFileReader/SCAN]: Found META-INF/neoforge.mods.toml mod of type null: /Users/caliane/.gradle/caches/modules-2/files-2.1/dev.architectury/architectury-neoforge/13.0.8/6544bdc09e6d291e1307230fc0b7289601e164fa/architectury-neoforge-13.0.8.jar
[03Apr2026 01:06:29.386] [main/DEBUG] [net.neoforged.fml.loading.moddiscovery.ModFileParser/LOADING]: Considering mod file candidate /Users/caliane/.gradle/caches/modules-2/files-2.1/dev.architectury/architectury-neoforge/13.0.8/6544bdc09e6d291e1307230fc0b7289601e164fa/architectury-neoforge-13.0.8.jar
[03Apr2026 01:06:29.387] [main/DEBUG] [net.neoforged.fml.loading.moddiscovery.ModFileInfo/LOADING]: Found valid mod file architectury-neoforge-13.0.8.jar with {architectury} mods - versions {13.0.8}
[03Apr2026 01:06:29.387] [main/INFO] [net.neoforged.fml.loading.moddiscovery.ModDiscoverer/SCAN]: Found mod file "architectury-neoforge-13.0.8.jar" [locator: userdev mods and services, reader: mod manifest]
[03Apr2026 01:06:29.388] [main/DEBUG] [net.neoforged.fml.loading.moddiscovery.readers.JarModsDotTomlModFileReader/SCAN]: Found META-INF/neoforge.mods.toml mod of type null: /Users/caliane/.gradle/caches/modules-2/files-2.1/dev.emi/emi-neoforge/1.1.21+1.21.1/b142d57adbbe6dfbc44e881f33e5714556cef98f/emi-neoforge-1.1.21+1.21.1.jar
[03Apr2026 01:06:29.388] [main/DEBUG] [net.neoforged.fml.loading.moddiscovery.ModFileParser/LOADING]: Considering mod file candidate /Users/caliane/.gradle/caches/modules-2/files-2.1/dev.emi/emi-neoforge/1.1.21+1.21.1/b142d57adbbe6dfbc44e881f33e5714556cef98f/emi-neoforge-1.1.21+1.21.1.jar
[03Apr2026 01:06:29.389] [main/DEBUG] [net.neoforged.fml.loading.moddiscovery.ModFileInfo/LOADING]: Found valid mod file emi-neoforge-1.1.21+1.21.1.jar with {emi} mods - versions {1.1.21+1.21.1+neoforge}
[03Apr2026 01:06:29.389] [main/INFO] [net.neoforged.fml.loading.moddiscovery.ModDiscoverer/SCAN]: Found mod file "emi-neoforge-1.1.21+1.21.1.jar" [locator: userdev mods and services, reader: mod manifest]
[03Apr2026 01:06:29.389] [main/DEBUG] [net.neoforged.fml.loading.moddiscovery.readers.JarModsDotTomlModFileReader/SCAN]: Found META-INF/neoforge.mods.toml mod of type null: /Users/caliane/.gradle/caches/modules-2/files-2.1/mcjty.theoneprobe/theoneprobe/1.21_neo-12.0.3-5/9af76afc4721d9c5d0af245a5b6072d6b4fc4bf5/theoneprobe-1.21_neo-12.0.3-5.jar
[03Apr2026 01:06:29.389] [main/DEBUG] [net.neoforged.fml.loading.moddiscovery.ModFileParser/LOADING]: Considering mod file candidate /Users/caliane/.gradle/caches/modules-2/files-2.1/mcjty.theoneprobe/theoneprobe/1.21_neo-12.0.3-5/9af76afc4721d9c5d0af245a5b6072d6b4fc4bf5/theoneprobe-1.21_neo-12.0.3-5.jar
[03Apr2026 01:06:29.393] [main/DEBUG] [net.neoforged.fml.loading.moddiscovery.ModFileInfo/LOADING]: Found valid mod file theoneprobe-1.21_neo-12.0.3-5.jar with {theoneprobe} mods - versions {1.21_neo-12.0.3-5}
[03Apr2026 01:06:29.393] [main/INFO] [net.neoforged.fml.loading.moddiscovery.ModDiscoverer/SCAN]: Found mod file "theoneprobe-1.21_neo-12.0.3-5.jar" [locator: userdev mods and services, reader: mod manifest]
[03Apr2026 01:06:29.394] [main/DEBUG] [net.neoforged.fml.loading.moddiscovery.readers.JarModsDotTomlModFileReader/SCAN]: Found META-INF/neoforge.mods.toml mod of type null: /Users/caliane/.gradle/caches/modules-2/files-2.1/cc.tweaked/cc-tweaked-1.21.1-forge/1.117.0/46519af82cd69f7a147da36fdcc4b3b8fb0fa4bf/cc-tweaked-1.21.1-forge-1.117.0.jar
[03Apr2026 01:06:29.394] [main/DEBUG] [net.neoforged.fml.loading.moddiscovery.ModFileParser/LOADING]: Considering mod file candidate /Users/caliane/.gradle/caches/modules-2/files-2.1/cc.tweaked/cc-tweaked-1.21.1-forge/1.117.0/46519af82cd69f7a147da36fdcc4b3b8fb0fa4bf/cc-tweaked-1.21.1-forge-1.117.0.jar
[03Apr2026 01:06:29.395] [main/DEBUG] [net.neoforged.fml.loading.moddiscovery.ModFileInfo/LOADING]: Found valid mod file cc-tweaked-1.21.1-forge-1.117.0.jar with {computercraft} mods - versions {1.117.0}
[03Apr2026 01:06:29.395] [main/INFO] [net.neoforged.fml.loading.moddiscovery.ModDiscoverer/SCAN]: Found mod file "cc-tweaked-1.21.1-forge-1.117.0.jar" [locator: userdev mods and services, reader: mod manifest]
[03Apr2026 01:06:29.396] [main/DEBUG] [net.neoforged.fml.loading.moddiscovery.readers.JarModsDotTomlModFileReader/SCAN]: Found META-INF/neoforge.mods.toml mod of type null: /Users/caliane/.gradle/caches/modules-2/files-2.1/org.appliedenergistics/appliedenergistics2/19.2.17/49c18d6a4af487957d7e5a6ad5dcbf71090b8e14/appliedenergistics2-19.2.17.jar
[03Apr2026 01:06:29.396] [main/DEBUG] [net.neoforged.fml.loading.moddiscovery.ModFileParser/LOADING]: Considering mod file candidate /Users/caliane/.gradle/caches/modules-2/files-2.1/org.appliedenergistics/appliedenergistics2/19.2.17/49c18d6a4af487957d7e5a6ad5dcbf71090b8e14/appliedenergistics2-19.2.17.jar
[03Apr2026 01:06:29.399] [main/DEBUG] [net.neoforged.fml.loading.moddiscovery.ModFileInfo/LOADING]: Found valid mod file appliedenergistics2-19.2.17.jar with {ae2} mods - versions {19.2.17}
[03Apr2026 01:06:29.399] [main/INFO] [net.neoforged.fml.loading.moddiscovery.ModDiscoverer/SCAN]: Found mod file "appliedenergistics2-19.2.17.jar" [locator: userdev mods and services, reader: mod manifest]
[03Apr2026 01:06:29.399] [main/DEBUG] [net.neoforged.fml.loading.moddiscovery.readers.JarModsDotTomlModFileReader/SCAN]: Found META-INF/neoforge.mods.toml mod of type null: /Users/caliane/.gradle/caches/modules-2/files-2.1/vazkii.patchouli/Patchouli/1.21.1-92-NEOFORGE/f4b32d25521f898b3c1c80b88cfbd1bce30cf23b/Patchouli-1.21.1-92-NEOFORGE.jar
[03Apr2026 01:06:29.399] [main/DEBUG] [net.neoforged.fml.loading.moddiscovery.ModFileParser/LOADING]: Considering mod file candidate /Users/caliane/.gradle/caches/modules-2/files-2.1/vazkii.patchouli/Patchouli/1.21.1-92-NEOFORGE/f4b32d25521f898b3c1c80b88cfbd1bce30cf23b/Patchouli-1.21.1-92-NEOFORGE.jar
[03Apr2026 01:06:29.400] [main/DEBUG] [net.neoforged.fml.loading.moddiscovery.ModFileInfo/LOADING]: Found valid mod file Patchouli-1.21.1-92-NEOFORGE.jar with {patchouli} mods - versions {1.21.1-92-NEOFORGE}
[03Apr2026 01:06:29.400] [main/INFO] [net.neoforged.fml.loading.moddiscovery.ModDiscoverer/SCAN]: Found mod file "Patchouli-1.21.1-92-NEOFORGE.jar" [locator: userdev mods and services, reader: mod manifest]
[03Apr2026 01:06:29.401] [main/DEBUG] [net.neoforged.fml.loading.moddiscovery.readers.JarModsDotTomlModFileReader/SCAN]: Found META-INF/neoforge.mods.toml mod of type null: /Users/caliane/.gradle/caches/modules-2/files-2.1/org.appliedenergistics/guideme/21.1.1/175e3cd25b088777e942e860b333b10605fbc199/guideme-21.1.1.jar
[03Apr2026 01:06:29.401] [main/DEBUG] [net.neoforged.fml.loading.moddiscovery.ModFileParser/LOADING]: Considering mod file candidate /Users/caliane/.gradle/caches/modules-2/files-2.1/org.appliedenergistics/guideme/21.1.1/175e3cd25b088777e942e860b333b10605fbc199/guideme-21.1.1.jar
[03Apr2026 01:06:29.402] [main/DEBUG] [net.neoforged.fml.loading.moddiscovery.ModFileInfo/LOADING]: Found valid mod file guideme-21.1.1.jar with {guideme} mods - versions {21.1.1}
[03Apr2026 01:06:29.402] [main/INFO] [net.neoforged.fml.loading.moddiscovery.ModDiscoverer/SCAN]: Found mod file "guideme-21.1.1.jar" [locator: userdev mods and services, reader: mod manifest]
[03Apr2026 01:06:29.404] [main/DEBUG] [net.neoforged.fml.loading.moddiscovery.ModDiscoverer/]: Skipping /Users/caliane/.gradle/caches/modules-2/files-2.1/com.mojang/text2speech/1.17.9/3cad216e3a7f0c19b4b394388bc9ffc446f13b14/text2speech-1.17.9.jar because it was already located earlier
[03Apr2026 01:06:29.404] [main/DEBUG] [net.neoforged.fml.loading.moddiscovery.ModDiscoverer/]: Skipping /Users/caliane/.gradle/caches/modules-2/files-2.1/ca.weblite/java-objc-bridge/1.1/1227f9e0666314f9de41477e3ec277e542ed7f7b/java-objc-bridge-1.1.jar because it was already located earlier
[03Apr2026 01:06:29.404] [main/DEBUG] [net.neoforged.fml.loading.moddiscovery.ModDiscoverer/]: Skipping /Users/caliane/.gradle/caches/modules-2/files-2.1/com.github.oshi/oshi-core/6.4.10/b1d8ab82d11d92fd639b56d639f8f46f739dd5fa/oshi-core-6.4.10.jar because it was already located earlier
[03Apr2026 01:06:29.404] [main/DEBUG] [net.neoforged.fml.loading.moddiscovery.ModDiscoverer/]: Skipping /Users/caliane/.gradle/caches/modules-2/files-2.1/com.mojang/authlib/6.0.54/de8bc95660e1b2fe8793fd427a7a10dcec5b3ea7/authlib-6.0.54.jar because it was already located earlier
[03Apr2026 01:06:29.404] [main/DEBUG] [net.neoforged.fml.loading.moddiscovery.ModDiscoverer/]: Skipping /Users/caliane/.gradle/caches/modules-2/files-2.1/com.mojang/datafixerupper/8.0.16/67d4de6d7f95d89bcf5862995fb854ebaec02a34/datafixerupper-8.0.16.jar because it was already located earlier
[03Apr2026 01:06:29.404] [main/DEBUG] [net.neoforged.fml.loading.moddiscovery.ModDiscoverer/]: Skipping /Users/caliane/.gradle/caches/modules-2/files-2.1/net.neoforged.fancymodloader/earlydisplay/4.0.42/46555dbfff14e9e052f1f693aed14d542a74e111/earlydisplay-4.0.42.jar because it was already located earlier
[03Apr2026 01:06:29.404] [main/DEBUG] [net.neoforged.fml.loading.moddiscovery.ModDiscoverer/]: Skipping /Users/caliane/.gradle/caches/modules-2/files-2.1/net.neoforged.fancymodloader/loader/4.0.42/76e15f98bf676fb44b36c5e776f52a55581ec43a/loader-4.0.42.jar because it was already located earlier
[03Apr2026 01:06:29.404] [main/DEBUG] [net.neoforged.fml.loading.moddiscovery.ModDiscoverer/]: Skipping /Users/caliane/.gradle/caches/modules-2/files-2.1/net.neoforged/JarJarSelector/0.4.1/fb3cc7a58af22ad2880adb98af6d518128c47dae/JarJarSelector-0.4.1.jar because it was already located earlier
[03Apr2026 01:06:29.404] [main/DEBUG] [net.neoforged.fml.loading.moddiscovery.ModDiscoverer/]: Skipping /Users/caliane/.gradle/caches/modules-2/files-2.1/net.neoforged/JarJarMetadata/0.4.1/f8da03683dc81694556dc3e177c5e3bb77ae6fcb/JarJarMetadata-0.4.1.jar because it was already located earlier
[03Apr2026 01:06:29.404] [main/DEBUG] [net.neoforged.fml.loading.moddiscovery.ModDiscoverer/]: Skipping /Users/caliane/.gradle/caches/modules-2/files-2.1/net.fabricmc/sponge-mixin/0.15.2+mixin.0.8.7/2af2f021d8e02a0220dc27a7a72b4666d66d44ca/sponge-mixin-0.15.2+mixin.0.8.7.jar because it was already located earlier
[03Apr2026 01:06:29.404] [main/DEBUG] [net.neoforged.fml.loading.moddiscovery.ModDiscoverer/]: Skipping /Users/caliane/.gradle/caches/modules-2/files-2.1/com.google.code.gson/gson/2.10.1/b3add478d4382b78ea20b1671390a858002feb6c/gson-2.10.1.jar because it was already located earlier
[03Apr2026 01:06:29.404] [main/DEBUG] [net.neoforged.fml.loading.moddiscovery.ModDiscoverer/]: Skipping /Users/caliane/.gradle/caches/modules-2/files-2.1/com.mojang/patchy/2.2.10/da05971b07cbb379d002cf7eaec6a2048211fefc/patchy-2.2.10.jar because it was already located earlier
[03Apr2026 01:06:29.404] [main/DEBUG] [net.neoforged.fml.loading.moddiscovery.ModDiscoverer/]: Skipping /Users/caliane/.gradle/caches/modules-2/files-2.1/com.google.guava/guava/32.1.2-jre/5e64ec7e056456bef3a4bc4c6fdaef71e8ab6318/guava-32.1.2-jre.jar because it was already located earlier
[03Apr2026 01:06:29.404] [main/DEBUG] [net.neoforged.fml.loading.moddiscovery.ModDiscoverer/]: Skipping /Users/caliane/.gradle/caches/modules-2/files-2.1/com.google.guava/failureaccess/1.0.1/1dcf1de382a0bf95a3d8b0849546c88bac1292c9/failureaccess-1.0.1.jar because it was already located earlier
[03Apr2026 01:06:29.404] [main/DEBUG] [net.neoforged.fml.loading.moddiscovery.ModDiscoverer/]: Skipping /Users/caliane/.gradle/caches/modules-2/files-2.1/com.ibm.icu/icu4j/73.2/61ad4ef7f9131fcf6d25c34b817f90d6da06c9e9/icu4j-73.2.jar because it was already located earlier
[03Apr2026 01:06:29.404] [main/DEBUG] [net.neoforged.fml.loading.moddiscovery.ModDiscoverer/]: Skipping /Users/caliane/.gradle/caches/modules-2/files-2.1/com.mojang/blocklist/1.0.10/5c685c5ffa94c4cd39496c7184c1d122e515ecef/blocklist-1.0.10.jar because it was already located earlier
[03Apr2026 01:06:29.404] [main/DEBUG] [net.neoforged.fml.loading.moddiscovery.ModDiscoverer/]: Skipping /Users/caliane/.gradle/caches/modules-2/files-2.1/com.mojang/brigadier/1.3.10/d15b53a14cf20fdcaa98f731af5dda654452c010/brigadier-1.3.10.jar because it was already located earlier
[03Apr2026 01:06:29.404] [main/DEBUG] [net.neoforged.fml.loading.moddiscovery.ModDiscoverer/]: Skipping /Users/caliane/.gradle/caches/modules-2/files-2.1/com.mojang/logging/1.2.7/24cb95ffb0e3433fd6e844c04e68009e504ca1c0/logging-1.2.7.jar because it was already located earlier
[03Apr2026 01:06:29.404] [main/DEBUG] [net.neoforged.fml.loading.moddiscovery.ModDiscoverer/]: Skipping /Users/caliane/.gradle/caches/modules-2/files-2.1/org.apache.httpcomponents/httpclient/4.5.13/e5f6cae5ca7ecaac1ec2827a9e2d65ae2869cada/httpclient-4.5.13.jar because it was already located earlier
[03Apr2026 01:06:29.404] [main/DEBUG] [net.neoforged.fml.loading.moddiscovery.ModDiscoverer/]: Skipping /Users/caliane/.gradle/caches/modules-2/files-2.1/commons-codec/commons-codec/1.16.0/4e3eb3d79888d76b54e28b350915b5dc3919c9de/commons-codec-1.16.0.jar because it was already located earlier
[03Apr2026 01:06:29.404] [main/DEBUG] [net.neoforged.fml.loading.moddiscovery.ModDiscoverer/]: Skipping /Users/caliane/.gradle/caches/modules-2/files-2.1/org.apache.commons/commons-compress/1.26.0/659feffdd12280201c8aacb8f7be94f9a883c824/commons-compress-1.26.0.jar because it was already located earlier
[03Apr2026 01:06:29.404] [main/DEBUG] [net.neoforged.fml.loading.moddiscovery.ModDiscoverer/]: Skipping /Users/caliane/.gradle/caches/modules-2/files-2.1/commons-io/commons-io/2.15.1/f11560da189ab563a5c8e351941415430e9304ea/commons-io-2.15.1.jar because it was already located earlier
[03Apr2026 01:06:29.405] [main/DEBUG] [net.neoforged.fml.loading.moddiscovery.ModDiscoverer/]: Skipping /Users/caliane/.gradle/caches/modules-2/files-2.1/commons-logging/commons-logging/1.2/4bfc12adfe4842bf07b657f0369c4cb522955686/commons-logging-1.2.jar because it was already located earlier
[03Apr2026 01:06:29.405] [main/DEBUG] [net.neoforged.fml.loading.moddiscovery.ModDiscoverer/]: Skipping /Users/caliane/.gradle/caches/modules-2/files-2.1/io.netty/netty-handler/4.1.97.Final/abb86c6906bf512bf2b797a41cd7d2e8d3cd7c36/netty-handler-4.1.97.Final.jar because it was already located earlier
[03Apr2026 01:06:29.405] [main/DEBUG] [net.neoforged.fml.loading.moddiscovery.ModDiscoverer/]: Skipping /Users/caliane/.gradle/caches/modules-2/files-2.1/io.netty/netty-codec/4.1.97.Final/384ba4d75670befbedb45c4d3b497a93639c206d/netty-codec-4.1.97.Final.jar because it was already located earlier
[03Apr2026 01:06:29.405] [main/DEBUG] [net.neoforged.fml.loading.moddiscovery.ModDiscoverer/]: Skipping /Users/caliane/.gradle/caches/modules-2/files-2.1/io.netty/netty-transport-classes-epoll/4.1.97.Final/795da37ded759e862457a82d9d92c4d39ce8ecee/netty-transport-classes-epoll-4.1.97.Final.jar because it was already located earlier
[03Apr2026 01:06:29.405] [main/DEBUG] [net.neoforged.fml.loading.moddiscovery.ModDiscoverer/]: Skipping /Users/caliane/.gradle/caches/modules-2/files-2.1/io.netty/netty-transport-native-unix-common/4.1.97.Final/d469d84265ab70095b01b40886cabdd433b6e664/netty-transport-native-unix-common-4.1.97.Final.jar because it was already located earlier
[03Apr2026 01:06:29.405] [main/DEBUG] [net.neoforged.fml.loading.moddiscovery.ModDiscoverer/]: Skipping /Users/caliane/.gradle/caches/modules-2/files-2.1/io.netty/netty-transport/4.1.97.Final/f37380d23c9bb079bc702910833b2fd532c9abd0/netty-transport-4.1.97.Final.jar because it was already located earlier
[03Apr2026 01:06:29.405] [main/DEBUG] [net.neoforged.fml.loading.moddiscovery.ModDiscoverer/]: Skipping /Users/caliane/.gradle/caches/modules-2/files-2.1/io.netty/netty-buffer/4.1.97.Final/f8f3d8644afa5e6e1a40a3a6aeb9d9aa970ecb4f/netty-buffer-4.1.97.Final.jar because it was already located earlier
[03Apr2026 01:06:29.405] [main/DEBUG] [net.neoforged.fml.loading.moddiscovery.ModDiscoverer/]: Skipping /Users/caliane/.gradle/caches/modules-2/files-2.1/io.netty/netty-resolver/4.1.97.Final/cec8348108dc76c47cf87c669d514be52c922144/netty-resolver-4.1.97.Final.jar because it was already located earlier
[03Apr2026 01:06:29.405] [main/DEBUG] [net.neoforged.fml.loading.moddiscovery.ModDiscoverer/]: Skipping /Users/caliane/.gradle/caches/modules-2/files-2.1/io.netty/netty-common/4.1.97.Final/7cceacaf11df8dc63f23d0fb58e9d4640fc88404/netty-common-4.1.97.Final.jar because it was already located earlier
[03Apr2026 01:06:29.405] [main/DEBUG] [net.neoforged.fml.loading.moddiscovery.ModDiscoverer/]: Skipping /Users/caliane/.gradle/caches/modules-2/files-2.1/it.unimi.dsi/fastutil/8.5.12/c24946d46824bd528054bface3231d2ecb7e95e8/fastutil-8.5.12.jar because it was already located earlier
[03Apr2026 01:06:29.405] [main/DEBUG] [net.neoforged.fml.loading.moddiscovery.ModDiscoverer/]: Skipping /Users/caliane/.gradle/caches/modules-2/files-2.1/net.java.dev.jna/jna-platform/5.14.0/28934d48aed814f11e4c584da55c49fa7032b31b/jna-platform-5.14.0.jar because it was already located earlier
[03Apr2026 01:06:29.405] [main/DEBUG] [net.neoforged.fml.loading.moddiscovery.ModDiscoverer/]: Skipping /Users/caliane/.gradle/caches/modules-2/files-2.1/net.java.dev.jna/jna/5.14.0/67bf3eaea4f0718cb376a181a629e5f88fa1c9dd/jna-5.14.0.jar because it was already located earlier
[03Apr2026 01:06:29.405] [main/DEBUG] [net.neoforged.fml.loading.moddiscovery.ModDiscoverer/]: Skipping /Users/caliane/.gradle/caches/modules-2/files-2.1/net.neoforged/mergetool/2.0.3/1275202cbbb248f49345cf6787ce299afd9a02fb/mergetool-2.0.3-api.jar because it was already located earlier
[03Apr2026 01:06:29.405] [main/DEBUG] [net.neoforged.fml.loading.moddiscovery.ModDiscoverer/]: Skipping /Users/caliane/.gradle/caches/modules-2/files-2.1/net.neoforged.accesstransformers/at-modlauncher/10.0.1/5aba50202aceead086bc09fbc2751c9f05cb4890/at-modlauncher-10.0.1.jar because it was already located earlier
[03Apr2026 01:06:29.405] [main/DEBUG] [net.neoforged.fml.loading.moddiscovery.ModDiscoverer/]: Skipping /Users/caliane/.gradle/caches/modules-2/files-2.1/net.neoforged/coremods/7.0.3/9147e6f638b4272b3bd5fc8f92ad37802512c6c/coremods-7.0.3.jar because it was already located earlier
[03Apr2026 01:06:29.405] [main/DEBUG] [net.neoforged.fml.loading.moddiscovery.ModDiscoverer/]: Skipping /Users/caliane/.gradle/caches/modules-2/files-2.1/cpw.mods/modlauncher/11.0.5/b8f0d49294f733fdb6173931b263553e943dc950/modlauncher-11.0.5.jar because it was already located earlier
[03Apr2026 01:06:29.405] [main/DEBUG] [net.neoforged.fml.loading.moddiscovery.ModDiscoverer/]: Skipping /Users/caliane/.gradle/caches/modules-2/files-2.1/net.sf.jopt-simple/jopt-simple/5.0.4/4fdac2fbe92dfad86aa6e9301736f6b4342a3f5c/jopt-simple-5.0.4.jar because it was already located earlier
[03Apr2026 01:06:29.406] [main/DEBUG] [net.neoforged.fml.loading.moddiscovery.ModDiscoverer/]: Skipping /Users/caliane/.gradle/caches/modules-2/files-2.1/org.apache.maven/maven-artifact/3.8.5/4433f50c07debefaed0553bd0068f4f48d449313/maven-artifact-3.8.5.jar because it was already located earlier
[03Apr2026 01:06:29.406] [main/DEBUG] [net.neoforged.fml.loading.moddiscovery.ModDiscoverer/]: Skipping /Users/caliane/.gradle/caches/modules-2/files-2.1/org.apache.commons/commons-lang3/3.14.0/1ed471194b02f2c6cb734a0cd6f6f107c673afae/commons-lang3-3.14.0.jar because it was already located earlier
[03Apr2026 01:06:29.406] [main/DEBUG] [net.neoforged.fml.loading.moddiscovery.ModDiscoverer/]: Skipping /Users/caliane/.gradle/caches/modules-2/files-2.1/org.apache.httpcomponents/httpcore/4.4.16/51cf043c87253c9f58b539c9f7e44c8894223850/httpcore-4.4.16.jar because it was already located earlier
[03Apr2026 01:06:29.406] [main/DEBUG] [net.neoforged.fml.loading.moddiscovery.ModDiscoverer/]: Skipping /Users/caliane/.gradle/caches/modules-2/files-2.1/org.apache.logging.log4j/log4j-slf4j2-impl/2.22.1/d7e6693c2606cb7e7335047d7bb96dec52db5665/log4j-slf4j2-impl-2.22.1.jar because it was already located earlier
[03Apr2026 01:06:29.406] [main/DEBUG] [net.neoforged.fml.loading.moddiscovery.ModDiscoverer/]: Skipping /Users/caliane/.gradle/caches/modules-2/files-2.1/net.minecrell/terminalconsoleappender/1.3.0/b562e9bb61235c9520e26282cdee71f8f802d1fc/terminalconsoleappender-1.3.0.jar because it was already located earlier
[03Apr2026 01:06:29.406] [main/DEBUG] [net.neoforged.fml.loading.moddiscovery.ModDiscoverer/]: Skipping /Users/caliane/.gradle/caches/modules-2/files-2.1/org.apache.logging.log4j/log4j-core/2.22.1/7183a25510a02ad00cc6a95d3b3d2a7d3c5a8dc4/log4j-core-2.22.1.jar because it was already located earlier
[03Apr2026 01:06:29.406] [main/DEBUG] [net.neoforged.fml.loading.moddiscovery.ModDiscoverer/]: Skipping /Users/caliane/.gradle/caches/modules-2/files-2.1/net.neoforged/bus/8.0.5/5b2d33285ab5d1554e9798ad98c40d6ea3868bd5/bus-8.0.5.jar because it was already located earlier
[03Apr2026 01:06:29.406] [main/DEBUG] [net.neoforged.fml.loading.moddiscovery.ModDiscoverer/]: Skipping /Users/caliane/.gradle/caches/modules-2/files-2.1/org.apache.logging.log4j/log4j-api/2.22.1/bea6fede6328fabafd7e68363161a7ea6605abd1/log4j-api-2.22.1.jar because it was already located earlier
[03Apr2026 01:06:29.406] [main/DEBUG] [net.neoforged.fml.loading.moddiscovery.ModDiscoverer/]: Skipping /Users/caliane/.gradle/caches/modules-2/files-2.1/org.jcraft/jorbis/0.0.17/8872d22b293e8f5d7d56ff92be966e6dc28ebdc6/jorbis-0.0.17.jar because it was already located earlier
[03Apr2026 01:06:29.406] [main/DEBUG] [net.neoforged.fml.loading.moddiscovery.ModDiscoverer/]: Skipping /Users/caliane/.gradle/caches/modules-2/files-2.1/org.joml/joml/1.10.5/22566d58af70ad3d72308bab63b8339906deb649/joml-1.10.5.jar because it was already located earlier
[03Apr2026 01:06:29.406] [main/DEBUG] [net.neoforged.fml.loading.moddiscovery.ModDiscoverer/]: Skipping /Users/caliane/.gradle/caches/modules-2/files-2.1/org.lwjgl/lwjgl-freetype/3.3.3/a0db6c84a8becc8ca05f9dbfa985edc348a824c7/lwjgl-freetype-3.3.3.jar because it was already located earlier
[03Apr2026 01:06:29.406] [main/DEBUG] [net.neoforged.fml.loading.moddiscovery.ModDiscoverer/]: Skipping /Users/caliane/.gradle/caches/modules-2/files-2.1/org.lwjgl/lwjgl-freetype/3.3.3/b0a8c9baa9d1f54ac61e1ab9640c7659e7fa700c/lwjgl-freetype-3.3.3-natives-macos-arm64.jar because it was already located earlier
[03Apr2026 01:06:29.406] [main/DEBUG] [net.neoforged.fml.loading.moddiscovery.ModDiscoverer/]: Skipping /Users/caliane/.gradle/caches/modules-2/files-2.1/org.lwjgl/lwjgl-freetype/3.3.3/806d869f37ce0df388a24e17aaaf5ca0894d851b/lwjgl-freetype-3.3.3-natives-macos-patch.jar because it was already located earlier
[03Apr2026 01:06:29.406] [main/DEBUG] [net.neoforged.fml.loading.moddiscovery.ModDiscoverer/]: Skipping /Users/caliane/.gradle/caches/modules-2/files-2.1/org.lwjgl/lwjgl-glfw/3.3.3/efa1eb78c5ccd840e9f329717109b5e892d72f8e/lwjgl-glfw-3.3.3.jar because it was already located earlier
[03Apr2026 01:06:29.406] [main/DEBUG] [net.neoforged.fml.loading.moddiscovery.ModDiscoverer/]: Skipping /Users/caliane/.gradle/caches/modules-2/files-2.1/org.lwjgl/lwjgl-glfw/3.3.3/a1bf400f6bc64e6195596cb1430dafda46090751/lwjgl-glfw-3.3.3-natives-macos.jar because it was already located earlier
[03Apr2026 01:06:29.407] [main/DEBUG] [net.neoforged.fml.loading.moddiscovery.ModDiscoverer/]: Skipping /Users/caliane/.gradle/caches/modules-2/files-2.1/org.lwjgl/lwjgl-jemalloc/3.3.3/b543467b7ff3c6920539a88ee602d34098628be5/lwjgl-jemalloc-3.3.3.jar because it was already located earlier
[03Apr2026 01:06:29.407] [main/DEBUG] [net.neoforged.fml.loading.moddiscovery.ModDiscoverer/]: Skipping /Users/caliane/.gradle/caches/modules-2/files-2.1/org.lwjgl/lwjgl-jemalloc/3.3.3/2906637657a57579847238c9c72d2c4bde7083f8/lwjgl-jemalloc-3.3.3-natives-macos.jar because it was already located earlier
[03Apr2026 01:06:29.407] [main/DEBUG] [net.neoforged.fml.loading.moddiscovery.ModDiscoverer/]: Skipping /Users/caliane/.gradle/caches/modules-2/files-2.1/org.lwjgl/lwjgl-openal/3.3.3/daada81ceb5fc0c291fbfdd4433cb8d9423577f2/lwjgl-openal-3.3.3.jar because it was already located earlier
[03Apr2026 01:06:29.407] [main/DEBUG] [net.neoforged.fml.loading.moddiscovery.ModDiscoverer/]: Skipping /Users/caliane/.gradle/caches/modules-2/files-2.1/org.lwjgl/lwjgl-openal/3.3.3/8df8338bfa77f2ebabef4e58964bd04d24805cbf/lwjgl-openal-3.3.3-natives-macos.jar because it was already located earlier
[03Apr2026 01:06:29.408] [main/DEBUG] [net.neoforged.fml.loading.moddiscovery.ModDiscoverer/]: Skipping /Users/caliane/.gradle/caches/modules-2/files-2.1/org.lwjgl/lwjgl-opengl/3.3.3/2f6b0147078396a58979125a4c947664e98293a/lwjgl-opengl-3.3.3.jar because it was already located earlier
[03Apr2026 01:06:29.408] [main/DEBUG] [net.neoforged.fml.loading.moddiscovery.ModDiscoverer/]: Skipping /Users/caliane/.gradle/caches/modules-2/files-2.1/org.lwjgl/lwjgl-opengl/3.3.3/1bd45997551ae8a28469f3a2b678f4b7289e12c0/lwjgl-opengl-3.3.3-natives-macos.jar because it was already located earlier
[03Apr2026 01:06:29.408] [main/DEBUG] [net.neoforged.fml.loading.moddiscovery.ModDiscoverer/]: Skipping /Users/caliane/.gradle/caches/modules-2/files-2.1/org.lwjgl/lwjgl-stb/3.3.3/25dd6161988d7e65f71d5065c99902402ee32746/lwjgl-stb-3.3.3.jar because it was already located earlier
[03Apr2026 01:06:29.409] [main/DEBUG] [net.neoforged.fml.loading.moddiscovery.ModDiscoverer/]: Skipping /Users/caliane/.gradle/caches/modules-2/files-2.1/org.lwjgl/lwjgl-stb/3.3.3/472792c98fb2c1557c060cb9da5fca6a9773621f/lwjgl-stb-3.3.3-natives-macos.jar because it was already located earlier
[03Apr2026 01:06:29.409] [main/DEBUG] [net.neoforged.fml.loading.moddiscovery.ModDiscoverer/]: Skipping /Users/caliane/.gradle/caches/modules-2/files-2.1/org.lwjgl/lwjgl-tinyfd/3.3.3/82d755ca94b102e9ca77283b9e2dc46d1b15fbe5/lwjgl-tinyfd-3.3.3.jar because it was already located earlier
[03Apr2026 01:06:29.409] [main/DEBUG] [net.neoforged.fml.loading.moddiscovery.ModDiscoverer/]: Skipping /Users/caliane/.gradle/caches/modules-2/files-2.1/org.lwjgl/lwjgl-tinyfd/3.3.3/406feedb977372085a61eb0fee358183f4f4c67a/lwjgl-tinyfd-3.3.3-natives-macos-arm64.jar because it was already located earlier
[03Apr2026 01:06:29.410] [main/DEBUG] [net.neoforged.fml.loading.moddiscovery.ModDiscoverer/]: Skipping /Users/caliane/.gradle/caches/modules-2/files-2.1/org.lwjgl/lwjgl/3.3.3/29589b5f87ed335a6c7e7ee6a5775f81f97ecb84/lwjgl-3.3.3.jar because it was already located earlier
[03Apr2026 01:06:29.411] [main/DEBUG] [net.neoforged.fml.loading.moddiscovery.ModDiscoverer/]: Skipping /Users/caliane/.gradle/caches/modules-2/files-2.1/org.lwjgl/lwjgl/3.3.3/226246e75f6bd8d4e1895bdce8638ef87808d114/lwjgl-3.3.3-natives-macos-arm64.jar because it was already located earlier
[03Apr2026 01:06:29.411] [main/DEBUG] [net.neoforged.fml.loading.moddiscovery.ModDiscoverer/]: Skipping /Users/caliane/.gradle/caches/modules-2/files-2.1/org.lz4/lz4-java/1.8.0/4b986a99445e49ea5fbf5d149c4b63f6ed6c6780/lz4-java-1.8.0.jar because it was already located earlier
[03Apr2026 01:06:29.411] [main/DEBUG] [net.neoforged.fml.loading.moddiscovery.ModDiscoverer/]: Skipping /Users/caliane/.gradle/caches/modules-2/files-2.1/net.neoforged/accesstransformers/10.0.1/fd83b5725f76eae9115e9355fa1c456a6a441400/accesstransformers-10.0.1.jar because it was already located earlier
[03Apr2026 01:06:29.411] [main/DEBUG] [net.neoforged.fml.loading.moddiscovery.ModDiscoverer/]: Skipping /Users/caliane/.gradle/caches/modules-2/files-2.1/com.machinezoo.noexception/noexception/1.7.1/b65330c98e38a1f915fa54a6e5eca496505e3f0a/noexception-1.7.1.jar because it was already located earlier
[03Apr2026 01:06:29.411] [main/DEBUG] [net.neoforged.fml.loading.moddiscovery.ModDiscoverer/]: Skipping /Users/caliane/.gradle/caches/modules-2/files-2.1/org.slf4j/slf4j-api/2.0.9/7cf2726fdcfbc8610f9a71fb3ed639871f315340/slf4j-api-2.0.9.jar because it was already located earlier
[03Apr2026 01:06:29.411] [main/DEBUG] [net.neoforged.fml.loading.moddiscovery.ModDiscoverer/]: Skipping /Users/caliane/.gradle/caches/modules-2/files-2.1/com.google.code.findbugs/jsr305/3.0.2/25ea2e8b0c338a877313bd4672d3fe056ea78f0d/jsr305-3.0.2.jar because it was already located earlier
[03Apr2026 01:06:29.411] [main/DEBUG] [net.neoforged.fml.loading.moddiscovery.ModDiscoverer/]: Skipping /Users/caliane/.gradle/caches/modules-2/files-2.1/org.jetbrains/annotations/24.1.0/7af6a669488450c4a07c2c3254e2151df42d7d04/annotations-24.1.0.jar because it was already located earlier
[03Apr2026 01:06:29.411] [main/DEBUG] [net.neoforged.fml.loading.moddiscovery.ModDiscoverer/]: Skipping /Users/caliane/.gradle/caches/modules-2/files-2.1/com.electronwill.night-config/toml/3.8.3/90b2fd6efcb4a7d5b9810cf78f9d824994d717f2/toml-3.8.3.jar because it was already located earlier
[03Apr2026 01:06:29.411] [main/DEBUG] [net.neoforged.fml.loading.moddiscovery.ModDiscoverer/]: Skipping /Users/caliane/.gradle/caches/modules-2/files-2.1/com.electronwill.night-config/core/3.8.3/b442a95f09e349927f5a945ecb594455870fcf4f/core-3.8.3.jar because it was already located earlier
[03Apr2026 01:06:29.411] [main/DEBUG] [net.neoforged.fml.loading.moddiscovery.ModDiscoverer/]: Skipping /Users/caliane/.gradle/caches/modules-2/files-2.1/net.jodah/typetools/0.6.3/a01aaa6ddaea9ec07ec4f209487b7a46a526283a/typetools-0.6.3.jar because it was already located earlier
[03Apr2026 01:06:29.411] [main/DEBUG] [net.neoforged.fml.loading.moddiscovery.ModDiscoverer/]: Skipping /Users/caliane/.gradle/caches/modules-2/files-2.1/org.openjdk.nashorn/nashorn-core/15.4/f67f5ffaa5f5130cf6fb9b133da00c7df3b532a5/nashorn-core-15.4.jar because it was already located earlier
[03Apr2026 01:06:29.412] [main/DEBUG] [net.neoforged.fml.loading.moddiscovery.readers.JarModsDotTomlModFileReader/SCAN]: Found META-INF/MANIFEST.MF mod of type GAMELIBRARY: /Users/caliane/.gradle/caches/modules-2/files-2.1/io.github.llamalad7/mixinextras-neoforge/0.5.0/d734b83ce6542bb70ea31755c1595b88992dbe65/mixinextras-neoforge-0.5.0.jar
[03Apr2026 01:06:29.413] [main/INFO] [net.neoforged.fml.loading.moddiscovery.ModDiscoverer/SCAN]: Found gamelibrary file "mixinextras-neoforge-0.5.0.jar" [locator: userdev mods and services, reader: mod manifest]
[03Apr2026 01:06:29.413] [main/DEBUG] [net.neoforged.fml.loading.moddiscovery.ModDiscoverer/]: Skipping /Users/caliane/.gradle/caches/modules-2/files-2.1/org.antlr/antlr4-runtime/4.13.1/17125bae1d965624e265ef49552f6465a2bfa307/antlr4-runtime-4.13.1.jar because it was already located earlier
[03Apr2026 01:06:29.413] [main/DEBUG] [net.neoforged.fml.loading.moddiscovery.ModDiscoverer/]: Skipping /Users/caliane/.gradle/caches/modules-2/files-2.1/org.jline/jline-reader/3.20.0/8f15415b022a25b473e8e16c28ae913186ffb9c4/jline-reader-3.20.0.jar because it was already located earlier
[03Apr2026 01:06:29.413] [main/DEBUG] [net.neoforged.fml.loading.moddiscovery.ModDiscoverer/]: Skipping /Users/caliane/.gradle/caches/modules-2/files-2.1/org.jline/jline-terminal/3.20.0/d0ddcc708ddf527a3454c941b7b9225cc83a15ff/jline-terminal-3.20.0.jar because it was already located earlier
[03Apr2026 01:06:29.413] [main/DEBUG] [net.neoforged.fml.loading.moddiscovery.ModDiscoverer/]: Skipping /Users/caliane/.gradle/caches/modules-2/files-2.1/net.minecraftforge/srgutils/0.4.15/ca408b131759478f164e010fae0d73997e125fb5/srgutils-0.4.15.jar because it was already located earlier
[03Apr2026 01:06:29.413] [main/DEBUG] [net.neoforged.fml.loading.moddiscovery.ModDiscoverer/]: Skipping /Users/caliane/.gradle/caches/modules-2/files-2.1/com.google.guava/listenablefuture/9999.0-empty-to-avoid-conflict-with-guava/b421526c5f297295adef1c886e5246c39d4ac629/listenablefuture-9999.0-empty-to-avoid-conflict-with-guava.jar because it was already located earlier
[03Apr2026 01:06:29.414] [main/DEBUG] [net.neoforged.fml.loading.moddiscovery.ModDiscoverer/]: Skipping /Users/caliane/.gradle/caches/modules-2/files-2.1/org.checkerframework/checker-qual/3.33.0/de2b60b62da487644fc11f734e73c8b0b431238f/checker-qual-3.33.0.jar because it was already located earlier
[03Apr2026 01:06:29.414] [main/DEBUG] [net.neoforged.fml.loading.moddiscovery.ModDiscoverer/]: Skipping /Users/caliane/.gradle/caches/modules-2/files-2.1/com.google.errorprone/error_prone_annotations/2.18.0/89b684257096f548fa39a7df9fdaa409d4d4df91/error_prone_annotations-2.18.0.jar because it was already located earlier
[03Apr2026 01:06:29.414] [main/DEBUG] [net.neoforged.fml.loading.moddiscovery.ModDiscoverer/]: Skipping /Users/caliane/.gradle/caches/modules-2/files-2.1/com.google.j2objc/j2objc-annotations/2.8/c85270e307e7b822f1086b93689124b89768e273/j2objc-annotations-2.8.jar because it was already located earlier
[03Apr2026 01:06:29.414] [main/DEBUG] [net.neoforged.fml.loading.moddiscovery.ModDiscoverer/]: Skipping /Users/caliane/.gradle/caches/modules-2/files-2.1/org.codehaus.plexus/plexus-utils/3.3.0/cf43b5391de623b36fe066a21127baef82c64022/plexus-utils-3.3.0.jar because it was already located earlier
[03Apr2026 01:06:29.414] [main/DEBUG] [net.neoforged.fml.loading.moddiscovery.ModDiscoverer/]: Skipping /Users/caliane/Sources/nuclearcraft/.gradle/repositories/ng_dummy_ng/net/minecraft/client/1.21.1/client-1.21.1-client-extra.jar because it was already located earlier
[03Apr2026 01:06:29.414] [main/DEBUG] [net.neoforged.fml.loading.moddiscovery.ModDiscoverer/SCAN]: Locator userdev mods and services found 12 mods, 0 warnings, 0 errors and skipped 86 candidates
[03Apr2026 01:06:29.415] [main/DEBUG] [net.neoforged.fml.loading.UniqueModListBuilder/]: Found 2 mods for first modid neoforge, selecting most recent based on version data
[03Apr2026 01:06:29.415] [main/DEBUG] [net.neoforged.fml.loading.UniqueModListBuilder/]: Selected file neoforge-21.1.219.jar for modid neoforge with version 21.1.219
[03Apr2026 01:06:29.416] [main/DEBUG] [net.neoforged.fml.loading.moddiscovery.ModDiscoverer/SCAN]: Successfully Loaded 13 mods. Attempting to load dependencies...
[03Apr2026 01:06:29.416] [main/DEBUG] [net.neoforged.fml.loading.moddiscovery.ModDiscoverer/SCAN]: Trying locator jarinjar
[03Apr2026 01:06:29.417] [main/TRACE] [net.neoforged.fml.loading.moddiscovery.locators.JarInJarDependencyLocator/]: Failed to load resource META-INF/jarjar/metadata.json from emi-neoforge-1.1.21+1.21.1.jar, it does not contain dependency information.
[03Apr2026 01:06:29.417] [main/TRACE] [net.neoforged.fml.loading.moddiscovery.locators.JarInJarDependencyLocator/]: Failed to load resource META-INF/jarjar/metadata.json from neoforge-21.1.219.jar, it does not contain dependency information.
[03Apr2026 01:06:29.417] [main/TRACE] [net.neoforged.fml.loading.moddiscovery.locators.JarInJarDependencyLocator/]: Failed to load resource META-INF/jarjar/metadata.json from mixinextras-neoforge-0.5.0.jar, it does not contain dependency information.
[03Apr2026 01:06:29.417] [main/TRACE] [net.neoforged.fml.loading.moddiscovery.locators.JarInJarDependencyLocator/]: Failed to load resource META-INF/jarjar/metadata.json from theoneprobe-1.21_neo-12.0.3-5.jar, it does not contain dependency information.
[03Apr2026 01:06:29.417] [main/TRACE] [net.neoforged.fml.loading.moddiscovery.locators.JarInJarDependencyLocator/]: Failed to load resource META-INF/jarjar/metadata.json from Mekanism-1.21.1-10.7.18.84.jar, it does not contain dependency information.
[03Apr2026 01:06:29.417] [main/TRACE] [net.neoforged.fml.loading.moddiscovery.locators.JarInJarDependencyLocator/]: Failed to load resource META-INF/jarjar/metadata.json from Patchouli-1.21.1-92-NEOFORGE.jar, it does not contain dependency information.
[03Apr2026 01:06:29.418] [main/TRACE] [net.neoforged.fml.loading.moddiscovery.locators.JarInJarDependencyLocator/]: Failed to load resource META-INF/jarjar/metadata.json from guideme-21.1.1.jar, it does not contain dependency information.
[03Apr2026 01:06:29.418] [main/TRACE] [net.neoforged.fml.loading.moddiscovery.locators.JarInJarDependencyLocator/]: Failed to load resource META-INF/jarjar/metadata.json from architectury-neoforge-13.0.8.jar, it does not contain dependency information.
[03Apr2026 01:06:29.419] [main/TRACE] [net.neoforged.fml.loading.moddiscovery.locators.JarInJarDependencyLocator/]: Failed to load resource META-INF/jarjar/metadata.json from Mekanism-1.21.1-10.7.18.84-generators.jar, it does not contain dependency information.
[03Apr2026 01:06:29.419] [main/TRACE] [net.neoforged.fml.loading.moddiscovery.locators.JarInJarDependencyLocator/]: Failed to load resource META-INF/jarjar/metadata.json from main, it does not contain dependency information.
[03Apr2026 01:06:29.419] [main/TRACE] [net.neoforged.fml.loading.moddiscovery.locators.JarInJarDependencyLocator/]: Failed to load resource META-INF/jarjar/metadata.json from appliedenergistics2-19.2.17.jar, it does not contain dependency information.
[03Apr2026 01:06:29.441] [main/DEBUG] [net.neoforged.fml.loading.moddiscovery.readers.JarModsDotTomlModFileReader/SCAN]: Found META-INF/MANIFEST.MF mod of type GAMELIBRARY: 
[03Apr2026 01:06:29.442] [main/DEBUG] [net.neoforged.fml.loading.moddiscovery.readers.JarModsDotTomlModFileReader/SCAN]: Found META-INF/MANIFEST.MF mod of type LIBRARY: 
[03Apr2026 01:06:29.447] [main/TRACE] [net.neoforged.fml.loading.moddiscovery.locators.JarInJarDependencyLocator/]: Failed to load resource META-INF/jarjar/metadata.json from mixinextras-neoforge-0.5.0.jar, it does not contain dependency information.
[03Apr2026 01:06:29.447] [main/TRACE] [net.neoforged.fml.loading.moddiscovery.locators.JarInJarDependencyLocator/]: Failed to load resource META-INF/jarjar/metadata.json from net.neoforged.neoforge-coremods-21.1.219.jar, it does not contain dependency information.
[03Apr2026 01:06:29.447] [main/TRACE] [net.neoforged.fml.loading.moddiscovery.locators.JarInJarDependencyLocator/]: Failed to load resource META-INF/jarjar/metadata.json from cobalt-0.9.7.jar, it does not contain dependency information.
[03Apr2026 01:06:29.447] [main/TRACE] [net.neoforged.fml.loading.moddiscovery.locators.JarInJarDependencyLocator/]: Failed to load resource META-INF/jarjar/metadata.json from jzlib-1.1.3.jar, it does not contain dependency information.
[03Apr2026 01:06:29.457] [main/DEBUG] [net.neoforged.fml.loading.moddiscovery.readers.JarModsDotTomlModFileReader/SCAN]: Found META-INF/MANIFEST.MF mod of type LIBRARY: 
[03Apr2026 01:06:29.463] [main/DEBUG] [net.neoforged.fml.loading.moddiscovery.readers.JarModsDotTomlModFileReader/SCAN]: Found META-INF/MANIFEST.MF mod of type GAMELIBRARY: 
[03Apr2026 01:06:29.464] [main/WARN] [net.neoforged.jarjar.selection.JarSelector/]: Attempted to select a dependency jar for JarJar which was passed in as source: library:mixinextras.neoforge. Using Mod File: /Users/caliane/.gradle/caches/modules-2/files-2.1/io.github.llamalad7/mixinextras-neoforge/0.5.0/d734b83ce6542bb70ea31755c1595b88992dbe65/mixinextras-neoforge-0.5.0.jar
[03Apr2026 01:06:29.464] [main/INFO] [net.neoforged.fml.loading.moddiscovery.locators.JarInJarDependencyLocator/]: Found 3 dependencies adding them to mods collection
[03Apr2026 01:06:29.464] [main/INFO] [net.neoforged.fml.loading.moddiscovery.ModDiscoverer/SCAN]: Found library file "cobalt-0.9.7.jar" [parent: cc-tweaked-1.21.1-forge-1.117.0.jar, locator: jarinjar]
[03Apr2026 01:06:29.464] [main/INFO] [net.neoforged.fml.loading.moddiscovery.ModDiscoverer/SCAN]: Found library file "jzlib-1.1.3.jar" [parent: cc-tweaked-1.21.1-forge-1.117.0.jar, locator: jarinjar]
[03Apr2026 01:06:29.464] [main/INFO] [net.neoforged.fml.loading.moddiscovery.ModDiscoverer/SCAN]: Found library file "net.neoforged.neoforge-coremods-21.1.219.jar" [parent: neoforge-21.1.219.jar, locator: jarinjar, reader: mod manifest]
[03Apr2026 01:06:29.465] [main/INFO] [net.neoforged.fml.loading.moddiscovery.ModDiscoverer/]: 
     Mod List:
		Name Version (Mod Id)

		Applied Energistics 2 19.2.17 (ae2)
		Architectury 13.0.8 (architectury)
		CC: Tweaked 1.117.0 (computercraft)
		EMI 1.1.21+1.21.1+neoforge (emi)
		GuideME 21.1.1 (guideme)
		Mekanism 10.7.18 (mekanism)
		Mekanism: Generators 10.7.18 (mekanismgenerators)
		Minecraft 1.21.1 (minecraft)
		NeoForge 21.1.219 (neoforge)
		Nuclearcraft Neoteric 1.3.0 (nuclearcraft)
		Patchouli 1.21.1-92-NEOFORGE (patchouli)
		The One Probe 1.21_neo-12.0.3-5 (theoneprobe)
[03Apr2026 01:06:29.465] [main/DEBUG] [net.neoforged.fml.loading.moddiscovery.ModFileInfo/LOADING]: Found valid mod file neoforge-21.1.219.jar with {minecraft} mods - versions {1.21.1}
[03Apr2026 01:06:29.466] [main/DEBUG] [net.neoforged.fml.loading.moddiscovery.ModFile/LOADING]: Loading mod file /Users/caliane/Sources/nuclearcraft/.gradle/repositories/ng_dummy_ng/net/neoforged/neoforge/21.1.219/neoforge-21.1.219.jar with languages [LanguageSpec[languageName=minecraft, acceptedVersions=1]]
[03Apr2026 01:06:29.467] [main/DEBUG] [net.neoforged.fml.loading.moddiscovery.ModFileParser/LOADING]: Considering mod file candidate /Users/caliane/.gradle/caches/modules-2/files-2.1/dev.emi/emi-neoforge/1.1.21+1.21.1/b142d57adbbe6dfbc44e881f33e5714556cef98f/emi-neoforge-1.1.21+1.21.1.jar
[03Apr2026 01:06:29.468] [main/DEBUG] [net.neoforged.fml.loading.moddiscovery.ModFileInfo/LOADING]: Found valid mod file emi-neoforge-1.1.21+1.21.1.jar with {emi} mods - versions {1.1.21+1.21.1+neoforge}
[03Apr2026 01:06:29.468] [main/DEBUG] [net.neoforged.fml.loading.moddiscovery.ModFile/LOADING]: Loading mod file /Users/caliane/.gradle/caches/modules-2/files-2.1/dev.emi/emi-neoforge/1.1.21+1.21.1/b142d57adbbe6dfbc44e881f33e5714556cef98f/emi-neoforge-1.1.21+1.21.1.jar with languages [LanguageSpec[languageName=javafml, acceptedVersions=[1,)]]
[03Apr2026 01:06:29.468] [main/DEBUG] [net.neoforged.fml.loading.moddiscovery.ModFile/LOADING]: Found mixin config MixinConfig[config=emi.mixins.json, requiredMods=[]]
[03Apr2026 01:06:29.468] [main/DEBUG] [net.neoforged.fml.loading.moddiscovery.ModFile/LOADING]: Found mixin config MixinConfig[config=emi-neoforge.mixins.json, requiredMods=[]]
[03Apr2026 01:06:29.468] [main/DEBUG] [net.neoforged.fml.loading.moddiscovery.ModFileParser/LOADING]: Considering mod file candidate /Users/caliane/.gradle/caches/modules-2/files-2.1/mcjty.theoneprobe/theoneprobe/1.21_neo-12.0.3-5/9af76afc4721d9c5d0af245a5b6072d6b4fc4bf5/theoneprobe-1.21_neo-12.0.3-5.jar
[03Apr2026 01:06:29.469] [main/DEBUG] [net.neoforged.fml.loading.moddiscovery.ModFileInfo/LOADING]: Found valid mod file theoneprobe-1.21_neo-12.0.3-5.jar with {theoneprobe} mods - versions {1.21_neo-12.0.3-5}
[03Apr2026 01:06:29.469] [main/DEBUG] [net.neoforged.fml.loading.moddiscovery.ModFile/LOADING]: Loading mod file /Users/caliane/.gradle/caches/modules-2/files-2.1/mcjty.theoneprobe/theoneprobe/1.21_neo-12.0.3-5/9af76afc4721d9c5d0af245a5b6072d6b4fc4bf5/theoneprobe-1.21_neo-12.0.3-5.jar with languages [LanguageSpec[languageName=javafml, acceptedVersions=[2,)]]
[03Apr2026 01:06:29.470] [main/DEBUG] [net.neoforged.fml.loading.moddiscovery.ModFileParser/LOADING]: Considering mod file candidate /Users/caliane/.gradle/caches/modules-2/files-2.1/dev.architectury/architectury-neoforge/13.0.8/6544bdc09e6d291e1307230fc0b7289601e164fa/architectury-neoforge-13.0.8.jar
[03Apr2026 01:06:29.470] [main/DEBUG] [net.neoforged.fml.loading.moddiscovery.ModFileInfo/LOADING]: Found valid mod file architectury-neoforge-13.0.8.jar with {architectury} mods - versions {13.0.8}
[03Apr2026 01:06:29.470] [main/DEBUG] [net.neoforged.fml.loading.moddiscovery.ModFile/LOADING]: Loading mod file /Users/caliane/.gradle/caches/modules-2/files-2.1/dev.architectury/architectury-neoforge/13.0.8/6544bdc09e6d291e1307230fc0b7289601e164fa/architectury-neoforge-13.0.8.jar with languages [LanguageSpec[languageName=javafml, acceptedVersions=[1,)]]
[03Apr2026 01:06:29.470] [main/DEBUG] [net.neoforged.fml.loading.moddiscovery.ModFile/LOADING]: Found mixin config MixinConfig[config=architectury.mixins.json, requiredMods=[]]
[03Apr2026 01:06:29.470] [main/DEBUG] [net.neoforged.fml.loading.moddiscovery.ModFile/LOADING]: Found mixin config MixinConfig[config=architectury-common.mixins.json, requiredMods=[]]
[03Apr2026 01:06:29.470] [main/DEBUG] [net.neoforged.fml.loading.moddiscovery.ModFileParser/LOADING]: Considering mod file candidate /Users/caliane/.gradle/caches/modules-2/files-2.1/org.appliedenergistics/guideme/21.1.1/175e3cd25b088777e942e860b333b10605fbc199/guideme-21.1.1.jar
[03Apr2026 01:06:29.471] [main/DEBUG] [net.neoforged.fml.loading.moddiscovery.ModFileInfo/LOADING]: Found valid mod file guideme-21.1.1.jar with {guideme} mods - versions {21.1.1}
[03Apr2026 01:06:29.471] [main/DEBUG] [net.neoforged.fml.loading.moddiscovery.ModFile/LOADING]: Loading mod file /Users/caliane/.gradle/caches/modules-2/files-2.1/org.appliedenergistics/guideme/21.1.1/175e3cd25b088777e942e860b333b10605fbc199/guideme-21.1.1.jar with languages [LanguageSpec[languageName=javafml, acceptedVersions=*]]
[03Apr2026 01:06:29.471] [main/DEBUG] [net.neoforged.fml.loading.moddiscovery.ModFileParser/LOADING]: Considering mod file candidate /Users/caliane/.gradle/caches/modules-2/files-2.1/cc.tweaked/cc-tweaked-1.21.1-forge/1.117.0/46519af82cd69f7a147da36fdcc4b3b8fb0fa4bf/cc-tweaked-1.21.1-forge-1.117.0.jar
[03Apr2026 01:06:29.471] [main/DEBUG] [net.neoforged.fml.loading.moddiscovery.ModFileInfo/LOADING]: Found valid mod file cc-tweaked-1.21.1-forge-1.117.0.jar with {computercraft} mods - versions {1.117.0}
[03Apr2026 01:06:29.471] [main/DEBUG] [net.neoforged.fml.loading.moddiscovery.ModFile/LOADING]: Loading mod file /Users/caliane/.gradle/caches/modules-2/files-2.1/cc.tweaked/cc-tweaked-1.21.1-forge/1.117.0/46519af82cd69f7a147da36fdcc4b3b8fb0fa4bf/cc-tweaked-1.21.1-forge-1.117.0.jar with languages [LanguageSpec[languageName=javafml, acceptedVersions=[1,)]]
[03Apr2026 01:06:29.471] [main/DEBUG] [net.neoforged.fml.loading.moddiscovery.ModFile/LOADING]: Found mixin config MixinConfig[config=computercraft.mixins.json, requiredMods=[]]
[03Apr2026 01:06:29.471] [main/DEBUG] [net.neoforged.fml.loading.moddiscovery.ModFile/LOADING]: Found mixin config MixinConfig[config=computercraft.forge.mixins.json, requiredMods=[]]
[03Apr2026 01:06:29.471] [main/DEBUG] [net.neoforged.fml.loading.moddiscovery.ModFile/LOADING]: Found mixin config MixinConfig[config=computercraft-client.forge.mixins.json, requiredMods=[]]
[03Apr2026 01:06:29.471] [main/DEBUG] [net.neoforged.fml.loading.moddiscovery.ModFileParser/LOADING]: Considering mod file candidate /Users/caliane/.gradle/caches/modules-2/files-2.1/mekanism/Mekanism/1.21.1-10.7.18.84/9849756f8258367638df3a34261cfcc9b1a7e236/Mekanism-1.21.1-10.7.18.84-generators.jar
[03Apr2026 01:06:29.472] [main/DEBUG] [net.neoforged.fml.loading.moddiscovery.ModFileInfo/LOADING]: Found valid mod file Mekanism-1.21.1-10.7.18.84-generators.jar with {mekanismgenerators} mods - versions {10.7.18}
[03Apr2026 01:06:29.472] [main/DEBUG] [net.neoforged.fml.loading.moddiscovery.ModFile/LOADING]: Loading mod file /Users/caliane/.gradle/caches/modules-2/files-2.1/mekanism/Mekanism/1.21.1-10.7.18.84/9849756f8258367638df3a34261cfcc9b1a7e236/Mekanism-1.21.1-10.7.18.84-generators.jar with languages [LanguageSpec[languageName=javafml, acceptedVersions=[4,)]]
[03Apr2026 01:06:29.472] [main/DEBUG] [net.neoforged.fml.loading.moddiscovery.ModFileParser/LOADING]: Considering mod file candidate /Users/caliane/.gradle/caches/modules-2/files-2.1/org.appliedenergistics/appliedenergistics2/19.2.17/49c18d6a4af487957d7e5a6ad5dcbf71090b8e14/appliedenergistics2-19.2.17.jar
[03Apr2026 01:06:29.473] [main/DEBUG] [net.neoforged.fml.loading.moddiscovery.ModFileInfo/LOADING]: Found valid mod file appliedenergistics2-19.2.17.jar with {ae2} mods - versions {19.2.17}
[03Apr2026 01:06:29.473] [main/DEBUG] [net.neoforged.fml.loading.moddiscovery.ModFile/LOADING]: Loading mod file /Users/caliane/.gradle/caches/modules-2/files-2.1/org.appliedenergistics/appliedenergistics2/19.2.17/49c18d6a4af487957d7e5a6ad5dcbf71090b8e14/appliedenergistics2-19.2.17.jar with languages [LanguageSpec[languageName=javafml, acceptedVersions=[1,)]]
[03Apr2026 01:06:29.473] [main/DEBUG] [net.neoforged.fml.loading.moddiscovery.ModFile/LOADING]: Found mixin config MixinConfig[config=ae2.mixins.json, requiredMods=[]]
[03Apr2026 01:06:29.473] [main/DEBUG] [net.neoforged.fml.loading.moddiscovery.ModFileParser/LOADING]: Considering mod file candidate /Users/caliane/.gradle/caches/modules-2/files-2.1/mekanism/Mekanism/1.21.1-10.7.18.84/2c48df86350bb733e4285437e136b271a70f4cbc/Mekanism-1.21.1-10.7.18.84.jar
[03Apr2026 01:06:29.474] [main/DEBUG] [net.neoforged.fml.loading.moddiscovery.ModFileInfo/LOADING]: Found valid mod file Mekanism-1.21.1-10.7.18.84.jar with {mekanism} mods - versions {10.7.18}
[03Apr2026 01:06:29.474] [main/DEBUG] [net.neoforged.fml.loading.moddiscovery.ModFile/LOADING]: Loading mod file /Users/caliane/.gradle/caches/modules-2/files-2.1/mekanism/Mekanism/1.21.1-10.7.18.84/2c48df86350bb733e4285437e136b271a70f4cbc/Mekanism-1.21.1-10.7.18.84.jar with languages [LanguageSpec[languageName=javafml, acceptedVersions=[4,)]]
[03Apr2026 01:06:29.474] [main/DEBUG] [net.neoforged.fml.loading.moddiscovery.ModFileParser/LOADING]: Considering mod file candidate /Users/caliane/.gradle/caches/modules-2/files-2.1/vazkii.patchouli/Patchouli/1.21.1-92-NEOFORGE/f4b32d25521f898b3c1c80b88cfbd1bce30cf23b/Patchouli-1.21.1-92-NEOFORGE.jar
[03Apr2026 01:06:29.474] [main/DEBUG] [net.neoforged.fml.loading.moddiscovery.ModFileInfo/LOADING]: Found valid mod file Patchouli-1.21.1-92-NEOFORGE.jar with {patchouli} mods - versions {1.21.1-92-NEOFORGE}
[03Apr2026 01:06:29.474] [main/DEBUG] [net.neoforged.fml.loading.moddiscovery.ModFile/LOADING]: Loading mod file /Users/caliane/.gradle/caches/modules-2/files-2.1/vazkii.patchouli/Patchouli/1.21.1-92-NEOFORGE/f4b32d25521f898b3c1c80b88cfbd1bce30cf23b/Patchouli-1.21.1-92-NEOFORGE.jar with languages [LanguageSpec[languageName=javafml, acceptedVersions=[4,)]]
[03Apr2026 01:06:29.474] [main/DEBUG] [net.neoforged.fml.loading.moddiscovery.ModFile/LOADING]: Found mixin config MixinConfig[config=patchouli_xplat.mixins.json, requiredMods=[]]
[03Apr2026 01:06:29.474] [main/DEBUG] [net.neoforged.fml.loading.moddiscovery.ModFileParser/LOADING]: Considering mod file candidate /Users/caliane/Sources/nuclearcraft/.gradle/repositories/ng_dummy_ng/net/neoforged/neoforge/21.1.219/neoforge-21.1.219.jar
[03Apr2026 01:06:29.475] [main/DEBUG] [net.neoforged.fml.loading.moddiscovery.ModFileInfo/LOADING]: Found valid mod file neoforge-21.1.219.jar with {neoforge} mods - versions {21.1.219}
[03Apr2026 01:06:29.475] [main/DEBUG] [net.neoforged.fml.loading.moddiscovery.ModFile/LOADING]: Loading mod file /Users/caliane/Sources/nuclearcraft/.gradle/repositories/ng_dummy_ng/net/neoforged/neoforge/21.1.219/neoforge-21.1.219.jar with languages [LanguageSpec[languageName=javafml, acceptedVersions=[3,]]]
[03Apr2026 01:06:29.475] [main/DEBUG] [net.neoforged.fml.loading.moddiscovery.ModFile/LOADING]: Found mixin config MixinConfig[config=neoforge.mixins.json, requiredMods=[]]
[03Apr2026 01:06:29.475] [main/DEBUG] [net.neoforged.fml.loading.moddiscovery.ModFileParser/LOADING]: Considering mod file candidate /Users/caliane/Sources/nuclearcraft/build/resources/main
[03Apr2026 01:06:29.475] [main/DEBUG] [net.neoforged.fml.loading.moddiscovery.ModFileInfo/LOADING]: Found valid mod file main with {nuclearcraft} mods - versions {1.3.0}
[03Apr2026 01:06:29.475] [main/DEBUG] [net.neoforged.fml.loading.moddiscovery.ModFile/LOADING]: Loading mod file /Users/caliane/Sources/nuclearcraft/build/resources/main with languages [LanguageSpec[languageName=javafml, acceptedVersions=[4,)]]
[03Apr2026 01:06:29.476] [main/DEBUG] [net.neoforged.fml.loading.moddiscovery.ModFile/LOADING]: Found mixin config MixinConfig[config=nuclearcraft.mixins.json, requiredMods=[]]
[03Apr2026 01:06:29.476] [main/DEBUG] [net.neoforged.fml.loading.moddiscovery.ModFile/LOADING]: Loading mod file /Users/caliane/.gradle/caches/modules-2/files-2.1/io.github.llamalad7/mixinextras-neoforge/0.5.0/d734b83ce6542bb70ea31755c1595b88992dbe65/mixinextras-neoforge-0.5.0.jar with languages []
[03Apr2026 01:06:29.476] [main/DEBUG] [net.neoforged.fml.loading.moddiscovery.ModValidator/SCAN]: Found 13 mod files with 12 mods
[03Apr2026 01:06:29.477] [main/DEBUG] [cpw.mods.modlauncher.TransformationServiceDecorator/MODLAUNCHER]: End scan trigger - transformation service fml
[03Apr2026 01:06:29.484] [main/DEBUG] [net.neoforged.fml.util.ServiceLoaderUtil/CORE]: Found 3 implementations of IModLanguageLoader:
[03Apr2026 01:06:29.484] [main/DEBUG] [net.neoforged.fml.util.ServiceLoaderUtil/CORE]: 	net.neoforged.fml.javafmlmod.FMLJavaModLanguageProvider from loader-4.0.42.jar
[03Apr2026 01:06:29.485] [main/DEBUG] [net.neoforged.fml.util.ServiceLoaderUtil/CORE]: 	net.neoforged.fml.lowcodemod.LowCodeModLanguageProvider from loader-4.0.42.jar
[03Apr2026 01:06:29.485] [main/DEBUG] [net.neoforged.fml.util.ServiceLoaderUtil/CORE]: 	net.neoforged.fml.mclanguageprovider.MinecraftModLanguageProvider from loader-4.0.42.jar
[03Apr2026 01:06:29.485] [main/DEBUG] [net.neoforged.fml.loading.LanguageProviderLoader/CORE]: Found language provider javafml, version 4.0.42
[03Apr2026 01:06:29.485] [main/DEBUG] [net.neoforged.fml.loading.LanguageProviderLoader/CORE]: Found language provider lowcodefml, version 4.0.42
[03Apr2026 01:06:29.485] [main/DEBUG] [net.neoforged.fml.loading.LanguageProviderLoader/CORE]: Found language provider minecraft, version 4.0.42
[03Apr2026 01:06:29.487] [main/DEBUG] [net.neoforged.fml.loading.ModSorter/]: Configured system mods: [minecraft, neoforge]
[03Apr2026 01:06:29.487] [main/DEBUG] [net.neoforged.fml.loading.ModSorter/]: Found system mod: minecraft
[03Apr2026 01:06:29.487] [main/DEBUG] [net.neoforged.fml.loading.ModSorter/]: Found system mod: neoforge
[03Apr2026 01:06:29.488] [main/DEBUG] [net.neoforged.fml.loading.ModSorter/LOADING]: Found 27 mod requirements (17 mandatory, 10 optional)
[03Apr2026 01:06:29.489] [main/DEBUG] [net.neoforged.fml.loading.ModSorter/LOADING]: Found 0 mod requirements missing (0 mandatory, 0 optional)
[03Apr2026 01:06:29.495] [main/DEBUG] [net.neoforged.fml.loading.FMLLoader/SCAN]: Adding Access Transformer in /Users/caliane/.gradle/caches/modules-2/files-2.1/dev.emi/emi-neoforge/1.1.21+1.21.1/b142d57adbbe6dfbc44e881f33e5714556cef98f/emi-neoforge-1.1.21+1.21.1.jar
[03Apr2026 01:06:29.496] [main/DEBUG] [AXFORM/AXFORM]: Loading access transformer accesstransformer.cfg
[03Apr2026 01:06:29.531] [main/DEBUG] [AXFORM/AXFORM]: Loaded access transformer accesstransformer.cfg
[03Apr2026 01:06:29.531] [main/DEBUG] [net.neoforged.fml.loading.FMLLoader/SCAN]: Adding Access Transformer in /Users/caliane/.gradle/caches/modules-2/files-2.1/mcjty.theoneprobe/theoneprobe/1.21_neo-12.0.3-5/9af76afc4721d9c5d0af245a5b6072d6b4fc4bf5/theoneprobe-1.21_neo-12.0.3-5.jar
[03Apr2026 01:06:29.531] [main/DEBUG] [AXFORM/AXFORM]: Loading access transformer accesstransformer.cfg
[03Apr2026 01:06:29.534] [main/DEBUG] [AXFORM/AXFORM]: Loaded access transformer accesstransformer.cfg
[03Apr2026 01:06:29.534] [main/DEBUG] [net.neoforged.fml.loading.FMLLoader/SCAN]: Adding Access Transformer in /Users/caliane/.gradle/caches/modules-2/files-2.1/mekanism/Mekanism/1.21.1-10.7.18.84/2c48df86350bb733e4285437e136b271a70f4cbc/Mekanism-1.21.1-10.7.18.84.jar
[03Apr2026 01:06:29.534] [main/DEBUG] [AXFORM/AXFORM]: Loading access transformer accesstransformer.cfg
[03Apr2026 01:06:29.543] [main/DEBUG] [AXFORM/AXFORM]: Loaded access transformer accesstransformer.cfg
[03Apr2026 01:06:29.544] [main/DEBUG] [net.neoforged.fml.loading.FMLLoader/SCAN]: Adding Access Transformer in /Users/caliane/.gradle/caches/modules-2/files-2.1/org.appliedenergistics/guideme/21.1.1/175e3cd25b088777e942e860b333b10605fbc199/guideme-21.1.1.jar
[03Apr2026 01:06:29.544] [main/DEBUG] [AXFORM/AXFORM]: Loading access transformer accesstransformer.cfg
[03Apr2026 01:06:29.546] [main/DEBUG] [AXFORM/AXFORM]: Loaded access transformer accesstransformer.cfg
[03Apr2026 01:06:29.546] [main/DEBUG] [net.neoforged.fml.loading.FMLLoader/SCAN]: Adding Access Transformer in /Users/caliane/.gradle/caches/modules-2/files-2.1/dev.architectury/architectury-neoforge/13.0.8/6544bdc09e6d291e1307230fc0b7289601e164fa/architectury-neoforge-13.0.8.jar
[03Apr2026 01:06:29.546] [main/DEBUG] [AXFORM/AXFORM]: Loading access transformer accesstransformer.cfg
[03Apr2026 01:06:29.553] [main/DEBUG] [AXFORM/AXFORM]: Loaded access transformer accesstransformer.cfg
[03Apr2026 01:06:29.553] [main/DEBUG] [net.neoforged.fml.loading.FMLLoader/SCAN]: Adding Access Transformer in /Users/caliane/.gradle/caches/modules-2/files-2.1/cc.tweaked/cc-tweaked-1.21.1-forge/1.117.0/46519af82cd69f7a147da36fdcc4b3b8fb0fa4bf/cc-tweaked-1.21.1-forge-1.117.0.jar
[03Apr2026 01:06:29.553] [main/DEBUG] [AXFORM/AXFORM]: Loading access transformer accesstransformer.cfg
[03Apr2026 01:06:29.555] [main/DEBUG] [AXFORM/AXFORM]: Loaded access transformer accesstransformer.cfg
[03Apr2026 01:06:29.555] [main/DEBUG] [net.neoforged.fml.loading.FMLLoader/SCAN]: Adding Access Transformer in /Users/caliane/Sources/nuclearcraft/.gradle/repositories/ng_dummy_ng/net/neoforged/neoforge/21.1.219/neoforge-21.1.219.jar
[03Apr2026 01:06:29.556] [main/DEBUG] [AXFORM/AXFORM]: Loading access transformer accesstransformer.cfg
[03Apr2026 01:06:29.564] [main/DEBUG] [AXFORM/AXFORM]: Loaded access transformer accesstransformer.cfg
[03Apr2026 01:06:29.564] [main/DEBUG] [net.neoforged.fml.loading.FMLLoader/SCAN]: Adding Access Transformer in /Users/caliane/Sources/nuclearcraft/build/resources/main
[03Apr2026 01:06:29.564] [main/DEBUG] [AXFORM/AXFORM]: Loading access transformer accesstransformer.cfg
[03Apr2026 01:06:29.566] [main/DEBUG] [AXFORM/AXFORM]: Loaded access transformer accesstransformer.cfg
[03Apr2026 01:06:29.566] [main/DEBUG] [net.neoforged.fml.loading.FMLLoader/SCAN]: Adding Access Transformer in /Users/caliane/.gradle/caches/modules-2/files-2.1/org.appliedenergistics/appliedenergistics2/19.2.17/49c18d6a4af487957d7e5a6ad5dcbf71090b8e14/appliedenergistics2-19.2.17.jar
[03Apr2026 01:06:29.566] [main/DEBUG] [AXFORM/AXFORM]: Loading access transformer accesstransformer.cfg
[03Apr2026 01:06:29.567] [main/DEBUG] [AXFORM/AXFORM]: Loaded access transformer accesstransformer.cfg
[03Apr2026 01:06:29.568] [main/DEBUG] [mixin/]: Adding mixin platform agents for container net.neoforged.fml.loading.mixin.FMLMixinContainerHandle@30506c0d
[03Apr2026 01:06:29.568] [main/DEBUG] [mixin/]: Instancing new MixinPlatformAgentMinecraftForge for net.neoforged.fml.loading.mixin.FMLMixinContainerHandle@30506c0d
[03Apr2026 01:06:29.568] [main/DEBUG] [mixin/]: MixinPlatformAgentMinecraftForge rejected container net.neoforged.fml.loading.mixin.FMLMixinContainerHandle@30506c0d
[03Apr2026 01:06:29.568] [main/DEBUG] [mixin/]: Instancing new MixinPlatformAgentDefault for net.neoforged.fml.loading.mixin.FMLMixinContainerHandle@30506c0d
[03Apr2026 01:06:29.568] [main/DEBUG] [mixin/]: MixinPlatformAgentDefault accepted container net.neoforged.fml.loading.mixin.FMLMixinContainerHandle@30506c0d
[03Apr2026 01:06:29.568] [main/DEBUG] [mixin/]: Instancing new FMLMixinPlatformAgent for net.neoforged.fml.loading.mixin.FMLMixinContainerHandle@30506c0d
[03Apr2026 01:06:29.568] [main/DEBUG] [mixin/]: FMLMixinPlatformAgent accepted container net.neoforged.fml.loading.mixin.FMLMixinContainerHandle@30506c0d
[03Apr2026 01:06:29.574] [main/DEBUG] [cpw.mods.modlauncher.TransformationServicesHandler/MODLAUNCHER]: Transformation services loading transformers
[03Apr2026 01:06:29.574] [main/DEBUG] [cpw.mods.modlauncher.TransformationServiceDecorator/MODLAUNCHER]: Initializing transformers for transformation service mixin
[03Apr2026 01:06:29.575] [main/DEBUG] [cpw.mods.modlauncher.TransformationServiceDecorator/MODLAUNCHER]: Initialized transformers for transformation service mixin
[03Apr2026 01:06:29.575] [main/DEBUG] [cpw.mods.modlauncher.TransformationServiceDecorator/MODLAUNCHER]: Initializing transformers for transformation service fml
[03Apr2026 01:06:29.575] [main/DEBUG] [net.neoforged.fml.loading.FMLServiceProvider/LOADING]: Loading coremod transformers
[03Apr2026 01:06:29.575] [main/DEBUG] [net.neoforged.fml.loading.FMLServiceProvider/CORE]: Not loading coremod script-engine since no mod requested it
[03Apr2026 01:06:29.576] [main/DEBUG] [net.neoforged.fml.util.ServiceLoaderUtil/CORE]: Found 1 implementations of ICoreMod:
[03Apr2026 01:06:29.576] [main/DEBUG] [net.neoforged.fml.util.ServiceLoaderUtil/CORE]: 	net.neoforged.neoforge.coremods.NeoForgeCoreMod from neoforge-21.1.219.jar > net.neoforged.neoforge-coremods-21.1.219.jar
[03Apr2026 01:06:29.583] [main/DEBUG] [net.neoforged.fml.loading.FMLServiceProvider/CORE]: Adding [Target[className=net.minecraft.world.level.biome.Biome, elementName=, elementDescriptor=, targetType=cpw.mods.modlauncher.api.TargetType@28e8dde3]] transformer from core-mod net.neoforged.neoforge.coremods.NeoForgeCoreMod@26e412ef in neoforge-21.1.219.jar > net.neoforged.neoforge-coremods-21.1.219.jar
[03Apr2026 01:06:29.583] [main/DEBUG] [net.neoforged.fml.loading.FMLServiceProvider/CORE]: Adding [Target[className=net.minecraft.world.level.levelgen.structure.Structure, elementName=, elementDescriptor=, targetType=cpw.mods.modlauncher.api.TargetType@28e8dde3]] transformer from core-mod net.neoforged.neoforge.coremods.NeoForgeCoreMod@26e412ef in neoforge-21.1.219.jar > net.neoforged.neoforge-coremods-21.1.219.jar
[03Apr2026 01:06:29.583] [main/DEBUG] [net.neoforged.fml.loading.FMLServiceProvider/CORE]: Adding [Target[className=net.minecraft.world.level.block.FlowerPotBlock, elementName=, elementDescriptor=, targetType=cpw.mods.modlauncher.api.TargetType@28e8dde3]] transformer from core-mod net.neoforged.neoforge.coremods.NeoForgeCoreMod@26e412ef in neoforge-21.1.219.jar > net.neoforged.neoforge-coremods-21.1.219.jar
[03Apr2026 01:06:29.583] [main/DEBUG] [net.neoforged.fml.loading.FMLServiceProvider/CORE]: Adding [Target[className=net/minecraft/world/level/NaturalSpawner, elementName=, elementDescriptor=, targetType=cpw.mods.modlauncher.api.TargetType@28e8dde3], Target[className=net/minecraft/world/entity/ai/village/VillageSiege, elementName=, elementDescriptor=, targetType=cpw.mods.modlauncher.api.TargetType@28e8dde3], Target[className=net/minecraft/world/entity/monster/Spider, elementName=, elementDescriptor=, targetType=cpw.mods.modlauncher.api.TargetType@28e8dde3], Target[className=net/minecraft/server/commands/RaidCommand, elementName=, elementDescriptor=, targetType=cpw.mods.modlauncher.api.TargetType@28e8dde3], Target[className=net/minecraft/world/entity/EntityType, elementName=, elementDescriptor=, targetType=cpw.mods.modlauncher.api.TargetType@28e8dde3], Target[className=net/minecraft/world/entity/monster/Strider, elementName=, elementDescriptor=, targetType=cpw.mods.modlauncher.api.TargetType@28e8dde3], Target[className=net/minecraft/world/entity/monster/Zombie, elementName=, elementDescriptor=, targetType=cpw.mods.modlauncher.api.TargetType@28e8dde3], Target[className=net/minecraft/world/entity/animal/horse/SkeletonTrapGoal, elementName=, elementDescriptor=, targetType=cpw.mods.modlauncher.api.TargetType@28e8dde3], Target[className=net/minecraft/world/entity/npc/CatSpawner, elementName=, elementDescriptor=, targetType=cpw.mods.modlauncher.api.TargetType@28e8dde3], Target[className=net/minecraft/world/entity/raid/Raid, elementName=, elementDescriptor=, targetType=cpw.mods.modlauncher.api.TargetType@28e8dde3], Target[className=net/minecraft/server/commands/SummonCommand, elementName=, elementDescriptor=, targetType=cpw.mods.modlauncher.api.TargetType@28e8dde3], Target[className=net/minecraft/world/level/levelgen/structure/structures/WoodlandMansionPieces$WoodlandMansionPiece, elementName=, elementDescriptor=, targetType=cpw.mods.modlauncher.api.TargetType@28e8dde3], Target[className=net/minecraft/world/entity/animal/frog/Tadpole, elementName=, elementDescriptor=, targetType=cpw.mods.modlauncher.api.TargetType@28e8dde3], Target[className=net/minecraft/world/entity/monster/Evoker$EvokerSummonSpellGoal, elementName=, elementDescriptor=, targetType=cpw.mods.modlauncher.api.TargetType@28e8dde3], Target[className=net/minecraft/world/level/levelgen/structure/structures/SwampHutPiece, elementName=, elementDescriptor=, targetType=cpw.mods.modlauncher.api.TargetType@28e8dde3], Target[className=net/minecraft/world/entity/monster/ZombieVillager, elementName=, elementDescriptor=, targetType=cpw.mods.modlauncher.api.TargetType@28e8dde3], Target[className=net/minecraft/world/level/levelgen/structure/structures/OceanMonumentPieces$OceanMonumentPiece, elementName=, elementDescriptor=, targetType=cpw.mods.modlauncher.api.TargetType@28e8dde3], Target[className=net/minecraft/world/level/levelgen/structure/templatesystem/StructureTemplate, elementName=, elementDescriptor=, targetType=cpw.mods.modlauncher.api.TargetType@28e8dde3], Target[className=net/minecraft/world/entity/npc/Villager, elementName=, elementDescriptor=, targetType=cpw.mods.modlauncher.api.TargetType@28e8dde3], Target[className=net/minecraft/world/level/levelgen/structure/structures/OceanRuinPieces$OceanRuinPiece, elementName=, elementDescriptor=, targetType=cpw.mods.modlauncher.api.TargetType@28e8dde3], Target[className=net/minecraft/world/level/levelgen/PatrolSpawner, elementName=, elementDescriptor=, targetType=cpw.mods.modlauncher.api.TargetType@28e8dde3], Target[className=net/minecraft/world/level/levelgen/PhantomSpawner, elementName=, elementDescriptor=, targetType=cpw.mods.modlauncher.api.TargetType@28e8dde3]] transformer from core-mod net.neoforged.neoforge.coremods.NeoForgeCoreMod@26e412ef in neoforge-21.1.219.jar > net.neoforged.neoforge-coremods-21.1.219.jar
[03Apr2026 01:06:29.598] [main/DEBUG] [cpw.mods.modlauncher.TransformStore/MODLAUNCHER]: Adding transformer net.neoforged.neoforge.coremods.ReplaceFieldWithGetterAccess@31da6b2e to Target : cpw.mods.modlauncher.api.TargetType@28e8dde3 {Lnet/minecraft/world/level/biome/Biome;} {} {V}
[03Apr2026 01:06:29.600] [main/DEBUG] [cpw.mods.modlauncher.TransformStore/MODLAUNCHER]: Adding transformer net.neoforged.neoforge.coremods.ReplaceFieldWithGetterAccess@4390f46e to Target : cpw.mods.modlauncher.api.TargetType@28e8dde3 {Lnet/minecraft/world/level/levelgen/structure/Structure;} {} {V}
[03Apr2026 01:06:29.600] [main/DEBUG] [cpw.mods.modlauncher.TransformStore/MODLAUNCHER]: Adding transformer net.neoforged.neoforge.coremods.ReplaceFieldWithGetterAccess@7c6442c2 to Target : cpw.mods.modlauncher.api.TargetType@28e8dde3 {Lnet/minecraft/world/level/block/FlowerPotBlock;} {} {V}
[03Apr2026 01:06:29.600] [main/DEBUG] [cpw.mods.modlauncher.TransformStore/MODLAUNCHER]: Adding transformer net.neoforged.neoforge.coremods.MethodRedirector@2d746ce4 to Target : cpw.mods.modlauncher.api.TargetType@28e8dde3 {Lnet/minecraft/world/level/NaturalSpawner;} {} {V}
[03Apr2026 01:06:29.600] [main/DEBUG] [cpw.mods.modlauncher.TransformStore/MODLAUNCHER]: Adding transformer net.neoforged.neoforge.coremods.MethodRedirector@2d746ce4 to Target : cpw.mods.modlauncher.api.TargetType@28e8dde3 {Lnet/minecraft/world/entity/ai/village/VillageSiege;} {} {V}
[03Apr2026 01:06:29.600] [main/DEBUG] [cpw.mods.modlauncher.TransformStore/MODLAUNCHER]: Adding transformer net.neoforged.neoforge.coremods.MethodRedirector@2d746ce4 to Target : cpw.mods.modlauncher.api.TargetType@28e8dde3 {Lnet/minecraft/world/entity/monster/Spider;} {} {V}
[03Apr2026 01:06:29.601] [main/DEBUG] [cpw.mods.modlauncher.TransformStore/MODLAUNCHER]: Adding transformer net.neoforged.neoforge.coremods.MethodRedirector@2d746ce4 to Target : cpw.mods.modlauncher.api.TargetType@28e8dde3 {Lnet/minecraft/server/commands/RaidCommand;} {} {V}
[03Apr2026 01:06:29.601] [main/DEBUG] [cpw.mods.modlauncher.TransformStore/MODLAUNCHER]: Adding transformer net.neoforged.neoforge.coremods.MethodRedirector@2d746ce4 to Target : cpw.mods.modlauncher.api.TargetType@28e8dde3 {Lnet/minecraft/world/entity/EntityType;} {} {V}
[03Apr2026 01:06:29.601] [main/DEBUG] [cpw.mods.modlauncher.TransformStore/MODLAUNCHER]: Adding transformer net.neoforged.neoforge.coremods.MethodRedirector@2d746ce4 to Target : cpw.mods.modlauncher.api.TargetType@28e8dde3 {Lnet/minecraft/world/entity/monster/Strider;} {} {V}
[03Apr2026 01:06:29.601] [main/DEBUG] [cpw.mods.modlauncher.TransformStore/MODLAUNCHER]: Adding transformer net.neoforged.neoforge.coremods.MethodRedirector@2d746ce4 to Target : cpw.mods.modlauncher.api.TargetType@28e8dde3 {Lnet/minecraft/world/entity/monster/Zombie;} {} {V}
[03Apr2026 01:06:29.601] [main/DEBUG] [cpw.mods.modlauncher.TransformStore/MODLAUNCHER]: Adding transformer net.neoforged.neoforge.coremods.MethodRedirector@2d746ce4 to Target : cpw.mods.modlauncher.api.TargetType@28e8dde3 {Lnet/minecraft/world/entity/animal/horse/SkeletonTrapGoal;} {} {V}
[03Apr2026 01:06:29.601] [main/DEBUG] [cpw.mods.modlauncher.TransformStore/MODLAUNCHER]: Adding transformer net.neoforged.neoforge.coremods.MethodRedirector@2d746ce4 to Target : cpw.mods.modlauncher.api.TargetType@28e8dde3 {Lnet/minecraft/world/entity/npc/CatSpawner;} {} {V}
[03Apr2026 01:06:29.601] [main/DEBUG] [cpw.mods.modlauncher.TransformStore/MODLAUNCHER]: Adding transformer net.neoforged.neoforge.coremods.MethodRedirector@2d746ce4 to Target : cpw.mods.modlauncher.api.TargetType@28e8dde3 {Lnet/minecraft/world/entity/raid/Raid;} {} {V}
[03Apr2026 01:06:29.601] [main/DEBUG] [cpw.mods.modlauncher.TransformStore/MODLAUNCHER]: Adding transformer net.neoforged.neoforge.coremods.MethodRedirector@2d746ce4 to Target : cpw.mods.modlauncher.api.TargetType@28e8dde3 {Lnet/minecraft/server/commands/SummonCommand;} {} {V}
[03Apr2026 01:06:29.601] [main/DEBUG] [cpw.mods.modlauncher.TransformStore/MODLAUNCHER]: Adding transformer net.neoforged.neoforge.coremods.MethodRedirector@2d746ce4 to Target : cpw.mods.modlauncher.api.TargetType@28e8dde3 {Lnet/minecraft/world/level/levelgen/structure/structures/WoodlandMansionPieces$WoodlandMansionPiece;} {} {V}
[03Apr2026 01:06:29.601] [main/DEBUG] [cpw.mods.modlauncher.TransformStore/MODLAUNCHER]: Adding transformer net.neoforged.neoforge.coremods.MethodRedirector@2d746ce4 to Target : cpw.mods.modlauncher.api.TargetType@28e8dde3 {Lnet/minecraft/world/entity/animal/frog/Tadpole;} {} {V}
[03Apr2026 01:06:29.601] [main/DEBUG] [cpw.mods.modlauncher.TransformStore/MODLAUNCHER]: Adding transformer net.neoforged.neoforge.coremods.MethodRedirector@2d746ce4 to Target : cpw.mods.modlauncher.api.TargetType@28e8dde3 {Lnet/minecraft/world/entity/monster/Evoker$EvokerSummonSpellGoal;} {} {V}
[03Apr2026 01:06:29.601] [main/DEBUG] [cpw.mods.modlauncher.TransformStore/MODLAUNCHER]: Adding transformer net.neoforged.neoforge.coremods.MethodRedirector@2d746ce4 to Target : cpw.mods.modlauncher.api.TargetType@28e8dde3 {Lnet/minecraft/world/level/levelgen/structure/structures/SwampHutPiece;} {} {V}
[03Apr2026 01:06:29.601] [main/DEBUG] [cpw.mods.modlauncher.TransformStore/MODLAUNCHER]: Adding transformer net.neoforged.neoforge.coremods.MethodRedirector@2d746ce4 to Target : cpw.mods.modlauncher.api.TargetType@28e8dde3 {Lnet/minecraft/world/entity/monster/ZombieVillager;} {} {V}
[03Apr2026 01:06:29.601] [main/DEBUG] [cpw.mods.modlauncher.TransformStore/MODLAUNCHER]: Adding transformer net.neoforged.neoforge.coremods.MethodRedirector@2d746ce4 to Target : cpw.mods.modlauncher.api.TargetType@28e8dde3 {Lnet/minecraft/world/level/levelgen/structure/structures/OceanMonumentPieces$OceanMonumentPiece;} {} {V}
[03Apr2026 01:06:29.601] [main/DEBUG] [cpw.mods.modlauncher.TransformStore/MODLAUNCHER]: Adding transformer net.neoforged.neoforge.coremods.MethodRedirector@2d746ce4 to Target : cpw.mods.modlauncher.api.TargetType@28e8dde3 {Lnet/minecraft/world/level/levelgen/structure/templatesystem/StructureTemplate;} {} {V}
[03Apr2026 01:06:29.601] [main/DEBUG] [cpw.mods.modlauncher.TransformStore/MODLAUNCHER]: Adding transformer net.neoforged.neoforge.coremods.MethodRedirector@2d746ce4 to Target : cpw.mods.modlauncher.api.TargetType@28e8dde3 {Lnet/minecraft/world/entity/npc/Villager;} {} {V}
[03Apr2026 01:06:29.601] [main/DEBUG] [cpw.mods.modlauncher.TransformStore/MODLAUNCHER]: Adding transformer net.neoforged.neoforge.coremods.MethodRedirector@2d746ce4 to Target : cpw.mods.modlauncher.api.TargetType@28e8dde3 {Lnet/minecraft/world/level/levelgen/structure/structures/OceanRuinPieces$OceanRuinPiece;} {} {V}
[03Apr2026 01:06:29.601] [main/DEBUG] [cpw.mods.modlauncher.TransformStore/MODLAUNCHER]: Adding transformer net.neoforged.neoforge.coremods.MethodRedirector@2d746ce4 to Target : cpw.mods.modlauncher.api.TargetType@28e8dde3 {Lnet/minecraft/world/level/levelgen/PatrolSpawner;} {} {V}
[03Apr2026 01:06:29.601] [main/DEBUG] [cpw.mods.modlauncher.TransformStore/MODLAUNCHER]: Adding transformer net.neoforged.neoforge.coremods.MethodRedirector@2d746ce4 to Target : cpw.mods.modlauncher.api.TargetType@28e8dde3 {Lnet/minecraft/world/level/levelgen/PhantomSpawner;} {} {V}
[03Apr2026 01:06:29.601] [main/DEBUG] [cpw.mods.modlauncher.TransformationServiceDecorator/MODLAUNCHER]: Initialized transformers for transformation service fml
[03Apr2026 01:06:29.719] [main/DEBUG] [mixin/]: Processing prepare() for PlatformAgent[MixinPlatformAgentDefault:ModLauncher Root Container(ModLauncher:4f56a0a2)]
[03Apr2026 01:06:29.719] [main/DEBUG] [mixin/]: Processing prepare() for PlatformAgent[MixinPlatformAgentDefault:net.neoforged.fml.loading.mixin.FMLMixinContainerHandle@30506c0d]
[03Apr2026 01:06:29.719] [main/DEBUG] [mixin/]: Processing prepare() for PlatformAgent[FMLMixinPlatformAgent:null]
[03Apr2026 01:06:29.745] [main/DEBUG] [mixin/]: Compatibility level JAVA_17 specified by emi.mixins.json is higher than the maximum level supported by this version of mixin (JAVA_13).
[03Apr2026 01:06:29.748] [main/INFO] [mixin/]: Compatibility level set to JAVA_17
[03Apr2026 01:06:29.749] [main/DEBUG] [mixin/]: Compatibility level JAVA_21 specified by patchouli_xplat.mixins.json is higher than the maximum level supported by this version of mixin (JAVA_13).
[03Apr2026 01:06:29.749] [main/INFO] [mixin/]: Compatibility level set to JAVA_21
[03Apr2026 01:06:29.750] [main/DEBUG] [mixin/]: Compatibility level JAVA_16 specified by architectury.mixins.json is higher than the maximum level supported by this version of mixin (JAVA_13).
[03Apr2026 01:06:29.750] [main/DEBUG] [mixin/]: Compatibility level JAVA_16 specified by architectury-common.mixins.json is higher than the maximum level supported by this version of mixin (JAVA_13).
[03Apr2026 01:06:29.754] [main/DEBUG] [mixin/]: Compatibility level JAVA_11 specified by ae2.mixins.json is lower than the default level supported by the current mixin service (JAVA_16).
[03Apr2026 01:06:29.755] [main/DEBUG] [mixin/]: Processing launch tasks for PlatformAgent[MixinPlatformAgentDefault:ModLauncher Root Container(ModLauncher:4f56a0a2)]
[03Apr2026 01:06:29.755] [main/DEBUG] [mixin/]: Adding mixin platform agents for container SecureJarResource(mixin_synthetic)
[03Apr2026 01:06:29.755] [main/DEBUG] [mixin/]: Instancing new MixinPlatformAgentMinecraftForge for SecureJarResource(mixin_synthetic)
[03Apr2026 01:06:29.755] [main/DEBUG] [mixin/]: MixinPlatformAgentMinecraftForge rejected container SecureJarResource(mixin_synthetic)
[03Apr2026 01:06:29.755] [main/DEBUG] [mixin/]: Instancing new MixinPlatformAgentDefault for SecureJarResource(mixin_synthetic)
[03Apr2026 01:06:29.755] [main/DEBUG] [mixin/]: MixinPlatformAgentDefault accepted container SecureJarResource(mixin_synthetic)
[03Apr2026 01:06:29.755] [main/DEBUG] [mixin/]: Instancing new FMLMixinPlatformAgent for SecureJarResource(mixin_synthetic)
[03Apr2026 01:06:29.755] [main/DEBUG] [mixin/]: FMLMixinPlatformAgent rejected container SecureJarResource(mixin_synthetic)
[03Apr2026 01:06:29.755] [main/DEBUG] [mixin/]: Processing prepare() for PlatformAgent[MixinPlatformAgentDefault:SecureJarResource(mixin_synthetic)]
[03Apr2026 01:06:29.755] [main/DEBUG] [mixin/]: Adding mixin platform agents for container SecureJarResource(emi)
[03Apr2026 01:06:29.755] [main/DEBUG] [mixin/]: Instancing new MixinPlatformAgentMinecraftForge for SecureJarResource(emi)
[03Apr2026 01:06:29.755] [main/DEBUG] [mixin/]: MixinPlatformAgentMinecraftForge rejected container SecureJarResource(emi)
[03Apr2026 01:06:29.755] [main/DEBUG] [mixin/]: Instancing new MixinPlatformAgentDefault for SecureJarResource(emi)
[03Apr2026 01:06:29.755] [main/DEBUG] [mixin/]: MixinPlatformAgentDefault accepted container SecureJarResource(emi)
[03Apr2026 01:06:29.755] [main/DEBUG] [mixin/]: Instancing new FMLMixinPlatformAgent for SecureJarResource(emi)
[03Apr2026 01:06:29.755] [main/DEBUG] [mixin/]: FMLMixinPlatformAgent rejected container SecureJarResource(emi)
[03Apr2026 01:06:29.755] [main/DEBUG] [mixin/]: Processing prepare() for PlatformAgent[MixinPlatformAgentDefault:SecureJarResource(emi)]
[03Apr2026 01:06:29.755] [main/DEBUG] [mixin/]: Adding mixin platform agents for container SecureJarResource(minecraft)
[03Apr2026 01:06:29.755] [main/DEBUG] [mixin/]: Instancing new MixinPlatformAgentMinecraftForge for SecureJarResource(minecraft)
[03Apr2026 01:06:29.755] [main/DEBUG] [mixin/]: MixinPlatformAgentMinecraftForge rejected container SecureJarResource(minecraft)
[03Apr2026 01:06:29.755] [main/DEBUG] [mixin/]: Instancing new MixinPlatformAgentDefault for SecureJarResource(minecraft)
[03Apr2026 01:06:29.755] [main/DEBUG] [mixin/]: MixinPlatformAgentDefault accepted container SecureJarResource(minecraft)
[03Apr2026 01:06:29.755] [main/DEBUG] [mixin/]: Instancing new FMLMixinPlatformAgent for SecureJarResource(minecraft)
[03Apr2026 01:06:29.755] [main/DEBUG] [mixin/]: FMLMixinPlatformAgent rejected container SecureJarResource(minecraft)
[03Apr2026 01:06:29.755] [main/DEBUG] [mixin/]: Processing prepare() for PlatformAgent[MixinPlatformAgentDefault:SecureJarResource(minecraft)]
[03Apr2026 01:06:29.755] [main/DEBUG] [mixin/]: Adding mixin platform agents for container SecureJarResource(theoneprobe)
[03Apr2026 01:06:29.755] [main/DEBUG] [mixin/]: Instancing new MixinPlatformAgentMinecraftForge for SecureJarResource(theoneprobe)
[03Apr2026 01:06:29.755] [main/DEBUG] [mixin/]: MixinPlatformAgentMinecraftForge rejected container SecureJarResource(theoneprobe)
[03Apr2026 01:06:29.755] [main/DEBUG] [mixin/]: Instancing new MixinPlatformAgentDefault for SecureJarResource(theoneprobe)
[03Apr2026 01:06:29.755] [main/DEBUG] [mixin/]: MixinPlatformAgentDefault accepted container SecureJarResource(theoneprobe)
[03Apr2026 01:06:29.755] [main/DEBUG] [mixin/]: Instancing new FMLMixinPlatformAgent for SecureJarResource(theoneprobe)
[03Apr2026 01:06:29.755] [main/DEBUG] [mixin/]: FMLMixinPlatformAgent rejected container SecureJarResource(theoneprobe)
[03Apr2026 01:06:29.755] [main/DEBUG] [mixin/]: Processing prepare() for PlatformAgent[MixinPlatformAgentDefault:SecureJarResource(theoneprobe)]
[03Apr2026 01:06:29.755] [main/DEBUG] [mixin/]: Adding mixin platform agents for container SecureJarResource(mekanism)
[03Apr2026 01:06:29.755] [main/DEBUG] [mixin/]: Instancing new MixinPlatformAgentMinecraftForge for SecureJarResource(mekanism)
[03Apr2026 01:06:29.755] [main/DEBUG] [mixin/]: MixinPlatformAgentMinecraftForge rejected container SecureJarResource(mekanism)
[03Apr2026 01:06:29.755] [main/DEBUG] [mixin/]: Instancing new MixinPlatformAgentDefault for SecureJarResource(mekanism)
[03Apr2026 01:06:29.755] [main/DEBUG] [mixin/]: MixinPlatformAgentDefault accepted container SecureJarResource(mekanism)
[03Apr2026 01:06:29.755] [main/DEBUG] [mixin/]: Instancing new FMLMixinPlatformAgent for SecureJarResource(mekanism)
[03Apr2026 01:06:29.755] [main/DEBUG] [mixin/]: FMLMixinPlatformAgent rejected container SecureJarResource(mekanism)
[03Apr2026 01:06:29.755] [main/DEBUG] [mixin/]: Processing prepare() for PlatformAgent[MixinPlatformAgentDefault:SecureJarResource(mekanism)]
[03Apr2026 01:06:29.755] [main/DEBUG] [mixin/]: Adding mixin platform agents for container SecureJarResource(patchouli)
[03Apr2026 01:06:29.755] [main/DEBUG] [mixin/]: Instancing new MixinPlatformAgentMinecraftForge for SecureJarResource(patchouli)
[03Apr2026 01:06:29.755] [main/DEBUG] [mixin/]: MixinPlatformAgentMinecraftForge rejected container SecureJarResource(patchouli)
[03Apr2026 01:06:29.755] [main/DEBUG] [mixin/]: Instancing new MixinPlatformAgentDefault for SecureJarResource(patchouli)
[03Apr2026 01:06:29.755] [main/DEBUG] [mixin/]: MixinPlatformAgentDefault accepted container SecureJarResource(patchouli)
[03Apr2026 01:06:29.755] [main/DEBUG] [mixin/]: Instancing new FMLMixinPlatformAgent for SecureJarResource(patchouli)
[03Apr2026 01:06:29.755] [main/DEBUG] [mixin/]: FMLMixinPlatformAgent rejected container SecureJarResource(patchouli)
[03Apr2026 01:06:29.755] [main/DEBUG] [mixin/]: Processing prepare() for PlatformAgent[MixinPlatformAgentDefault:SecureJarResource(patchouli)]
[03Apr2026 01:06:29.755] [main/DEBUG] [mixin/]: Adding mixin platform agents for container SecureJarResource(guideme)
[03Apr2026 01:06:29.755] [main/DEBUG] [mixin/]: Instancing new MixinPlatformAgentMinecraftForge for SecureJarResource(guideme)
[03Apr2026 01:06:29.755] [main/DEBUG] [mixin/]: MixinPlatformAgentMinecraftForge rejected container SecureJarResource(guideme)
[03Apr2026 01:06:29.756] [main/DEBUG] [mixin/]: Instancing new MixinPlatformAgentDefault for SecureJarResource(guideme)
[03Apr2026 01:06:29.756] [main/DEBUG] [mixin/]: MixinPlatformAgentDefault accepted container SecureJarResource(guideme)
[03Apr2026 01:06:29.756] [main/DEBUG] [mixin/]: Instancing new FMLMixinPlatformAgent for SecureJarResource(guideme)
[03Apr2026 01:06:29.756] [main/DEBUG] [mixin/]: FMLMixinPlatformAgent rejected container SecureJarResource(guideme)
[03Apr2026 01:06:29.756] [main/DEBUG] [mixin/]: Processing prepare() for PlatformAgent[MixinPlatformAgentDefault:SecureJarResource(guideme)]
[03Apr2026 01:06:29.756] [main/DEBUG] [mixin/]: Adding mixin platform agents for container SecureJarResource(architectury)
[03Apr2026 01:06:29.756] [main/DEBUG] [mixin/]: Instancing new MixinPlatformAgentMinecraftForge for SecureJarResource(architectury)
[03Apr2026 01:06:29.756] [main/DEBUG] [mixin/]: MixinPlatformAgentMinecraftForge rejected container SecureJarResource(architectury)
[03Apr2026 01:06:29.756] [main/DEBUG] [mixin/]: Instancing new MixinPlatformAgentDefault for SecureJarResource(architectury)
[03Apr2026 01:06:29.756] [main/DEBUG] [mixin/]: MixinPlatformAgentDefault accepted container SecureJarResource(architectury)
[03Apr2026 01:06:29.756] [main/DEBUG] [mixin/]: Instancing new FMLMixinPlatformAgent for SecureJarResource(architectury)
[03Apr2026 01:06:29.756] [main/DEBUG] [mixin/]: FMLMixinPlatformAgent rejected container SecureJarResource(architectury)
[03Apr2026 01:06:29.756] [main/DEBUG] [mixin/]: Processing prepare() for PlatformAgent[MixinPlatformAgentDefault:SecureJarResource(architectury)]
[03Apr2026 01:06:29.756] [main/DEBUG] [mixin/]: Adding mixin platform agents for container SecureJarResource(computercraft)
[03Apr2026 01:06:29.756] [main/DEBUG] [mixin/]: Instancing new MixinPlatformAgentMinecraftForge for SecureJarResource(computercraft)
[03Apr2026 01:06:29.756] [main/DEBUG] [mixin/]: MixinPlatformAgentMinecraftForge rejected container SecureJarResource(computercraft)
[03Apr2026 01:06:29.756] [main/DEBUG] [mixin/]: Instancing new MixinPlatformAgentDefault for SecureJarResource(computercraft)
[03Apr2026 01:06:29.756] [main/DEBUG] [mixin/]: MixinPlatformAgentDefault accepted container SecureJarResource(computercraft)
[03Apr2026 01:06:29.756] [main/DEBUG] [mixin/]: Instancing new FMLMixinPlatformAgent for SecureJarResource(computercraft)
[03Apr2026 01:06:29.756] [main/DEBUG] [mixin/]: FMLMixinPlatformAgent rejected container SecureJarResource(computercraft)
[03Apr2026 01:06:29.756] [main/DEBUG] [mixin/]: Processing prepare() for PlatformAgent[MixinPlatformAgentDefault:SecureJarResource(computercraft)]
[03Apr2026 01:06:29.756] [main/DEBUG] [mixin/]: Adding mixin platform agents for container SecureJarResource(nuclearcraft)
[03Apr2026 01:06:29.756] [main/DEBUG] [mixin/]: Instancing new MixinPlatformAgentMinecraftForge for SecureJarResource(nuclearcraft)
[03Apr2026 01:06:29.756] [main/DEBUG] [mixin/]: MixinPlatformAgentMinecraftForge rejected container SecureJarResource(nuclearcraft)
[03Apr2026 01:06:29.756] [main/DEBUG] [mixin/]: Instancing new MixinPlatformAgentDefault for SecureJarResource(nuclearcraft)
[03Apr2026 01:06:29.756] [main/DEBUG] [mixin/]: MixinPlatformAgentDefault accepted container SecureJarResource(nuclearcraft)
[03Apr2026 01:06:29.756] [main/DEBUG] [mixin/]: Instancing new FMLMixinPlatformAgent for SecureJarResource(nuclearcraft)
[03Apr2026 01:06:29.756] [main/DEBUG] [mixin/]: FMLMixinPlatformAgent rejected container SecureJarResource(nuclearcraft)
[03Apr2026 01:06:29.756] [main/DEBUG] [mixin/]: Processing prepare() for PlatformAgent[MixinPlatformAgentDefault:SecureJarResource(nuclearcraft)]
[03Apr2026 01:06:29.756] [main/DEBUG] [mixin/]: Adding mixin platform agents for container SecureJarResource(mekanismgenerators)
[03Apr2026 01:06:29.756] [main/DEBUG] [mixin/]: Instancing new MixinPlatformAgentMinecraftForge for SecureJarResource(mekanismgenerators)
[03Apr2026 01:06:29.756] [main/DEBUG] [mixin/]: MixinPlatformAgentMinecraftForge rejected container SecureJarResource(mekanismgenerators)
[03Apr2026 01:06:29.756] [main/DEBUG] [mixin/]: Instancing new MixinPlatformAgentDefault for SecureJarResource(mekanismgenerators)
[03Apr2026 01:06:29.756] [main/DEBUG] [mixin/]: MixinPlatformAgentDefault accepted container SecureJarResource(mekanismgenerators)
[03Apr2026 01:06:29.756] [main/DEBUG] [mixin/]: Instancing new FMLMixinPlatformAgent for SecureJarResource(mekanismgenerators)
[03Apr2026 01:06:29.756] [main/DEBUG] [mixin/]: FMLMixinPlatformAgent rejected container SecureJarResource(mekanismgenerators)
[03Apr2026 01:06:29.756] [main/DEBUG] [mixin/]: Processing prepare() for PlatformAgent[MixinPlatformAgentDefault:SecureJarResource(mekanismgenerators)]
[03Apr2026 01:06:29.756] [main/DEBUG] [mixin/]: Adding mixin platform agents for container SecureJarResource(ae2)
[03Apr2026 01:06:29.756] [main/DEBUG] [mixin/]: Instancing new MixinPlatformAgentMinecraftForge for SecureJarResource(ae2)
[03Apr2026 01:06:29.756] [main/DEBUG] [mixin/]: MixinPlatformAgentMinecraftForge rejected container SecureJarResource(ae2)
[03Apr2026 01:06:29.756] [main/DEBUG] [mixin/]: Instancing new MixinPlatformAgentDefault for SecureJarResource(ae2)
[03Apr2026 01:06:29.756] [main/DEBUG] [mixin/]: MixinPlatformAgentDefault accepted container SecureJarResource(ae2)
[03Apr2026 01:06:29.756] [main/DEBUG] [mixin/]: Instancing new FMLMixinPlatformAgent for SecureJarResource(ae2)
[03Apr2026 01:06:29.756] [main/DEBUG] [mixin/]: FMLMixinPlatformAgent rejected container SecureJarResource(ae2)
[03Apr2026 01:06:29.756] [main/DEBUG] [mixin/]: Processing prepare() for PlatformAgent[MixinPlatformAgentDefault:SecureJarResource(ae2)]
[03Apr2026 01:06:29.756] [main/DEBUG] [mixin/]: Adding mixin platform agents for container SecureJarResource(mixinextras.neoforge)
[03Apr2026 01:06:29.756] [main/DEBUG] [mixin/]: Instancing new MixinPlatformAgentMinecraftForge for SecureJarResource(mixinextras.neoforge)
[03Apr2026 01:06:29.756] [main/DEBUG] [mixin/]: MixinPlatformAgentMinecraftForge rejected container SecureJarResource(mixinextras.neoforge)
[03Apr2026 01:06:29.756] [main/DEBUG] [mixin/]: Instancing new MixinPlatformAgentDefault for SecureJarResource(mixinextras.neoforge)
[03Apr2026 01:06:29.756] [main/DEBUG] [mixin/]: MixinPlatformAgentDefault accepted container SecureJarResource(mixinextras.neoforge)
[03Apr2026 01:06:29.756] [main/DEBUG] [mixin/]: Instancing new FMLMixinPlatformAgent for SecureJarResource(mixinextras.neoforge)
[03Apr2026 01:06:29.756] [main/DEBUG] [mixin/]: FMLMixinPlatformAgent rejected container SecureJarResource(mixinextras.neoforge)
[03Apr2026 01:06:29.756] [main/DEBUG] [mixin/]: Processing prepare() for PlatformAgent[MixinPlatformAgentDefault:SecureJarResource(mixinextras.neoforge)]
[03Apr2026 01:06:29.756] [main/DEBUG] [mixin/]: Registering mixin config: mixinextras.init.mixins.json source=SecureJarResource(mixinextras.neoforge)
[03Apr2026 01:06:29.757] [main/DEBUG] [mixin/]: inject() running with 15 agents
[03Apr2026 01:06:29.757] [main/DEBUG] [mixin/]: Processing inject() for PlatformAgent[MixinPlatformAgentDefault:ModLauncher Root Container(ModLauncher:4f56a0a2)]
[03Apr2026 01:06:29.757] [main/DEBUG] [mixin/]: Processing inject() for PlatformAgent[MixinPlatformAgentDefault:net.neoforged.fml.loading.mixin.FMLMixinContainerHandle@30506c0d]
[03Apr2026 01:06:29.757] [main/DEBUG] [mixin/]: Processing inject() for PlatformAgent[FMLMixinPlatformAgent:null]
[03Apr2026 01:06:29.757] [main/DEBUG] [mixin/]: Processing inject() for PlatformAgent[MixinPlatformAgentDefault:SecureJarResource(mixin_synthetic)]
[03Apr2026 01:06:29.757] [main/DEBUG] [mixin/]: Processing inject() for PlatformAgent[MixinPlatformAgentDefault:SecureJarResource(emi)]
[03Apr2026 01:06:29.757] [main/DEBUG] [mixin/]: Processing inject() for PlatformAgent[MixinPlatformAgentDefault:SecureJarResource(minecraft)]
[03Apr2026 01:06:29.757] [main/DEBUG] [mixin/]: Processing inject() for PlatformAgent[MixinPlatformAgentDefault:SecureJarResource(theoneprobe)]
[03Apr2026 01:06:29.757] [main/DEBUG] [mixin/]: Processing inject() for PlatformAgent[MixinPlatformAgentDefault:SecureJarResource(mekanism)]
[03Apr2026 01:06:29.757] [main/DEBUG] [mixin/]: Processing inject() for PlatformAgent[MixinPlatformAgentDefault:SecureJarResource(patchouli)]
[03Apr2026 01:06:29.758] [main/DEBUG] [mixin/]: Processing inject() for PlatformAgent[MixinPlatformAgentDefault:SecureJarResource(guideme)]
[03Apr2026 01:06:29.758] [main/DEBUG] [mixin/]: Processing inject() for PlatformAgent[MixinPlatformAgentDefault:SecureJarResource(architectury)]
[03Apr2026 01:06:29.758] [main/DEBUG] [mixin/]: Processing inject() for PlatformAgent[MixinPlatformAgentDefault:SecureJarResource(computercraft)]
[03Apr2026 01:06:29.758] [main/DEBUG] [mixin/]: Processing inject() for PlatformAgent[MixinPlatformAgentDefault:SecureJarResource(nuclearcraft)]
[03Apr2026 01:06:29.758] [main/DEBUG] [mixin/]: Processing inject() for PlatformAgent[MixinPlatformAgentDefault:SecureJarResource(mekanismgenerators)]
[03Apr2026 01:06:29.758] [main/DEBUG] [mixin/]: Processing inject() for PlatformAgent[MixinPlatformAgentDefault:SecureJarResource(ae2)]
[03Apr2026 01:06:29.758] [main/DEBUG] [mixin/]: Processing inject() for PlatformAgent[MixinPlatformAgentDefault:SecureJarResource(mixinextras.neoforge)]
[03Apr2026 01:06:29.758] [main/INFO] [cpw.mods.modlauncher.LaunchServiceHandler/MODLAUNCHER]: Launching target 'forgedatadev' with arguments [--gameDir, ., --assetsDir, /Users/caliane/.gradle/caches/minecraft/assets, --mod, nuclearcraft, --all, --output, /Users/caliane/Sources/nuclearcraft/src/generated/resources, --existing, /Users/caliane/Sources/nuclearcraft/src/main/resources, --assetIndex, asset-index]
[03Apr2026 01:06:29.787] [main/DEBUG] [mixin/]: Preparing mixins for MixinEnvironment[DEFAULT]
[03Apr2026 01:06:29.788] [main/DEBUG] [mixin/]: Selecting config emi.mixins.json
[03Apr2026 01:06:29.794] [main/DEBUG] [mixin/]: Selecting config emi-neoforge.mixins.json
[03Apr2026 01:06:29.794] [main/DEBUG] [mixin/]: Selecting config patchouli_xplat.mixins.json
[03Apr2026 01:06:29.795] [main/WARN] [mixin/]: Reference map 'patchouli.refmap.json' for patchouli_xplat.mixins.json could not be read. If this is a development environment you can ignore this message
[03Apr2026 01:06:29.795] [main/DEBUG] [mixin/]: Selecting config architectury.mixins.json
[03Apr2026 01:06:29.795] [main/DEBUG] [mixin/]: Selecting config architectury-common.mixins.json
[03Apr2026 01:06:29.796] [main/DEBUG] [mixin/]: Selecting config computercraft.mixins.json
[03Apr2026 01:06:29.796] [main/DEBUG] [mixin/]: Selecting config computercraft.forge.mixins.json
[03Apr2026 01:06:29.796] [main/DEBUG] [mixin/]: Selecting config computercraft-client.forge.mixins.json
[03Apr2026 01:06:29.796] [main/DEBUG] [mixin/]: Selecting config neoforge.mixins.json
[03Apr2026 01:06:29.796] [main/DEBUG] [mixin/]: Selecting config nuclearcraft.mixins.json
[03Apr2026 01:06:29.796] [main/DEBUG] [mixin/]: Selecting config ae2.mixins.json
[03Apr2026 01:06:29.797] [main/DEBUG] [mixin/]: Selecting config mixinextras.init.mixins.json
[03Apr2026 01:06:29.822] [main/DEBUG] [MixinExtras|Service/]: com.llamalad7.mixinextras.service.MixinExtrasServiceImpl(version=0.5.0) is taking over from null
[03Apr2026 01:06:29.837] [main/DEBUG] [mixin/]: Registering new injector for @Inject with org.spongepowered.asm.mixin.injection.struct.CallbackInjectionInfo
[03Apr2026 01:06:29.837] [main/DEBUG] [mixin/]: Registering new injector for @ModifyArg with org.spongepowered.asm.mixin.injection.struct.ModifyArgInjectionInfo
[03Apr2026 01:06:29.838] [main/DEBUG] [mixin/]: Registering new injector for @ModifyArgs with org.spongepowered.asm.mixin.injection.struct.ModifyArgsInjectionInfo
[03Apr2026 01:06:29.838] [main/DEBUG] [mixin/]: Registering new injector for @Redirect with org.spongepowered.asm.mixin.injection.struct.RedirectInjectionInfo
[03Apr2026 01:06:29.839] [main/DEBUG] [mixin/]: Registering new injector for @ModifyVariable with org.spongepowered.asm.mixin.injection.struct.ModifyVariableInjectionInfo
[03Apr2026 01:06:29.839] [main/DEBUG] [mixin/]: Registering new injector for @ModifyConstant with org.spongepowered.asm.mixin.injection.struct.ModifyConstantInjectionInfo
[03Apr2026 01:06:29.844] [main/DEBUG] [mixin/]: Preparing emi.mixins.json (25)
[03Apr2026 01:06:29.861] [main/DEBUG] [net.neoforged.accesstransformer.AccessTransformer/AXFORM]: Transforming net.minecraft.world.item.AxeItem FIELD STRIPPABLES to access PUBLIC and REMOVEFINAL
[03Apr2026 01:06:29.867] [main/TRACE] [mixin/]: Added class metadata for net/minecraft/world/item/AxeItem to metadata cache
[03Apr2026 01:06:29.870] [main/DEBUG] [net.neoforged.fml.common.asm.RuntimeDistCleaner/DISTXFORM]: Removing Class Annotation: net/minecraft/client/resources/model/ModelManager @Lnet/neoforged/api/distmarker/OnlyIn;
[03Apr2026 01:06:29.872] [main/TRACE] [mixin/]: Added class metadata for net/minecraft/client/resources/model/ModelManager to metadata cache
[03Apr2026 01:06:29.873] [main/DEBUG] [net.neoforged.accesstransformer.AccessTransformer/AXFORM]: Transforming net.minecraft.world.item.alchemy.PotionBrewing INNERCLASS Mix to access PUBLIC and LEAVE
[03Apr2026 01:06:29.874] [main/TRACE] [mixin/]: Added class metadata for net/minecraft/world/item/alchemy/PotionBrewing to metadata cache
[03Apr2026 01:06:29.875] [main/TRACE] [mixin/]: Added class metadata for net/minecraft/world/inventory/ResultSlot to metadata cache
[03Apr2026 01:06:29.876] [main/DEBUG] [net.neoforged.accesstransformer.AccessTransformer/AXFORM]: Transforming net.minecraft.client.gui.GuiGraphics METHOD <init>(Lnet/minecraft/client/Minecraft;Lcom/mojang/blaze3d/vertex/PoseStack;Lnet/minecraft/client/renderer/MultiBufferSource$BufferSource;)V to access PROTECTED and LEAVE
[03Apr2026 01:06:29.876] [main/DEBUG] [net.neoforged.accesstransformer.AccessTransformer/AXFORM]: Transforming net.minecraft.client.gui.GuiGraphics METHOD applyScissor(Lnet/minecraft/client/gui/navigation/ScreenRectangle;)V to access PROTECTED and LEAVE
[03Apr2026 01:06:29.876] [main/DEBUG] [net.neoforged.accesstransformer.AccessTransformer/AXFORM]: Transforming net.minecraft.client.gui.GuiGraphics METHOD renderItem(Lnet/minecraft/world/entity/LivingEntity;Lnet/minecraft/world/level/Level;Lnet/minecraft/world/item/ItemStack;IIII)V to access PUBLIC and LEAVE
[03Apr2026 01:06:29.877] [main/DEBUG] [net.neoforged.fml.common.asm.RuntimeDistCleaner/DISTXFORM]: Removing Class Annotation: net/minecraft/client/gui/GuiGraphics @Lnet/neoforged/api/distmarker/OnlyIn;
[03Apr2026 01:06:29.880] [main/TRACE] [mixin/]: Added class metadata for net/minecraft/client/gui/GuiGraphics to metadata cache
[03Apr2026 01:06:29.882] [main/DEBUG] [net.neoforged.accesstransformer.AccessTransformer/AXFORM]: Transforming net.minecraft.client.gui.screens.inventory.AbstractContainerScreen FIELD clickedSlot to access PROTECTED and LEAVE
[03Apr2026 01:06:29.882] [main/DEBUG] [net.neoforged.accesstransformer.AccessTransformer/AXFORM]: Transforming net.minecraft.client.gui.screens.inventory.AbstractContainerScreen FIELD snapbackEnd to access PROTECTED and LEAVE
[03Apr2026 01:06:29.882] [main/DEBUG] [net.neoforged.accesstransformer.AccessTransformer/AXFORM]: Transforming net.minecraft.client.gui.screens.inventory.AbstractContainerScreen FIELD lastClickSlot to access PROTECTED and LEAVE
[03Apr2026 01:06:29.882] [main/DEBUG] [net.neoforged.accesstransformer.AccessTransformer/AXFORM]: Transforming net.minecraft.client.gui.screens.inventory.AbstractContainerScreen FIELD isSplittingStack to access PROTECTED and LEAVE
[03Apr2026 01:06:29.882] [main/DEBUG] [net.neoforged.accesstransformer.AccessTransformer/AXFORM]: Transforming net.minecraft.client.gui.screens.inventory.AbstractContainerScreen FIELD draggingItem to access PROTECTED and LEAVE
[03Apr2026 01:06:29.882] [main/DEBUG] [net.neoforged.accesstransformer.AccessTransformer/AXFORM]: Transforming net.minecraft.client.gui.screens.inventory.AbstractContainerScreen FIELD snapbackStartX to access PROTECTED and LEAVE
[03Apr2026 01:06:29.882] [main/DEBUG] [net.neoforged.accesstransformer.AccessTransformer/AXFORM]: Transforming net.minecraft.client.gui.screens.inventory.AbstractContainerScreen FIELD snapbackStartY to access PROTECTED and LEAVE
[03Apr2026 01:06:29.882] [main/DEBUG] [net.neoforged.accesstransformer.AccessTransformer/AXFORM]: Transforming net.minecraft.client.gui.screens.inventory.AbstractContainerScreen FIELD snapbackTime to access PROTECTED and LEAVE
[03Apr2026 01:06:29.882] [main/DEBUG] [net.neoforged.accesstransformer.AccessTransformer/AXFORM]: Transforming net.minecraft.client.gui.screens.inventory.AbstractContainerScreen FIELD snapbackItem to access PROTECTED and LEAVE
[03Apr2026 01:06:29.882] [main/DEBUG] [net.neoforged.accesstransformer.AccessTransformer/AXFORM]: Transforming net.minecraft.client.gui.screens.inventory.AbstractContainerScreen FIELD quickCraftingType to access PROTECTED and LEAVE
[03Apr2026 01:06:29.882] [main/DEBUG] [net.neoforged.accesstransformer.AccessTransformer/AXFORM]: Transforming net.minecraft.client.gui.screens.inventory.AbstractContainerScreen FIELD quickCraftingButton to access PROTECTED and LEAVE
[03Apr2026 01:06:29.882] [main/DEBUG] [net.neoforged.accesstransformer.AccessTransformer/AXFORM]: Transforming net.minecraft.client.gui.screens.inventory.AbstractContainerScreen FIELD skipNextRelease to access PROTECTED and LEAVE
[03Apr2026 01:06:29.882] [main/DEBUG] [net.neoforged.accesstransformer.AccessTransformer/AXFORM]: Transforming net.minecraft.client.gui.screens.inventory.AbstractContainerScreen FIELD lastClickTime to access PROTECTED and LEAVE
[03Apr2026 01:06:29.882] [main/DEBUG] [net.neoforged.accesstransformer.AccessTransformer/AXFORM]: Transforming net.minecraft.client.gui.screens.inventory.AbstractContainerScreen FIELD lastClickButton to access PROTECTED and LEAVE
[03Apr2026 01:06:29.882] [main/DEBUG] [net.neoforged.accesstransformer.AccessTransformer/AXFORM]: Transforming net.minecraft.client.gui.screens.inventory.AbstractContainerScreen FIELD doubleclick to access PROTECTED and LEAVE
[03Apr2026 01:06:29.882] [main/DEBUG] [net.neoforged.accesstransformer.AccessTransformer/AXFORM]: Transforming net.minecraft.client.gui.screens.inventory.AbstractContainerScreen FIELD lastQuickMoved to access PROTECTED and LEAVE
[03Apr2026 01:06:29.882] [main/DEBUG] [net.neoforged.accesstransformer.AccessTransformer/AXFORM]: Transforming net.minecraft.client.gui.screens.inventory.AbstractContainerScreen METHOD renderFloatingItem(Lnet/minecraft/client/gui/GuiGraphics;Lnet/minecraft/world/item/ItemStack;IILjava/lang/String;)V to access PROTECTED and LEAVE
[03Apr2026 01:06:29.882] [main/DEBUG] [net.neoforged.accesstransformer.AccessTransformer/AXFORM]: Transforming net.minecraft.client.gui.screens.inventory.AbstractContainerScreen METHOD renderSlot(Lnet/minecraft/client/gui/GuiGraphics;Lnet/minecraft/world/inventory/Slot;)V to access PROTECTED and LEAVE
[03Apr2026 01:06:29.882] [main/DEBUG] [net.neoforged.accesstransformer.AccessTransformer/AXFORM]: Transforming net.minecraft.client.gui.screens.inventory.AbstractContainerScreen METHOD recalculateQuickCraftRemaining()V to access PROTECTED and LEAVE
[03Apr2026 01:06:29.882] [main/DEBUG] [net.neoforged.accesstransformer.AccessTransformer/AXFORM]: Transforming net.minecraft.client.gui.screens.inventory.AbstractContainerScreen METHOD findSlot(DD)Lnet/minecraft/world/inventory/Slot; to access PROTECTED and LEAVE
[03Apr2026 01:06:29.882] [main/DEBUG] [net.neoforged.accesstransformer.AccessTransformer/AXFORM]: Transforming net.minecraft.client.gui.screens.inventory.AbstractContainerScreen METHOD checkHotbarMouseClicked(I)V to access PROTECTED and LEAVE
[03Apr2026 01:06:29.882] [main/DEBUG] [net.neoforged.accesstransformer.AccessTransformer/AXFORM]: Transforming net.minecraft.client.gui.screens.inventory.AbstractContainerScreen METHOD isHovering(Lnet/minecraft/world/inventory/Slot;DD)Z to access PROTECTED and LEAVE
[03Apr2026 01:06:29.882] [main/DEBUG] [net.neoforged.fml.common.asm.RuntimeDistCleaner/DISTXFORM]: Removing Class Annotation: net/minecraft/client/gui/screens/inventory/AbstractContainerScreen @Lnet/neoforged/api/distmarker/OnlyIn;
[03Apr2026 01:06:29.889] [main/TRACE] [mixin/]: Added class metadata for net/minecraft/client/gui/screens/inventory/AbstractContainerScreen to metadata cache
[03Apr2026 01:06:29.889] [main/DEBUG] [net.neoforged.accesstransformer.AccessTransformer/AXFORM]: Transforming net.minecraft.world.item.HoeItem FIELD TILLABLES to access PUBLIC and REMOVEFINAL
[03Apr2026 01:06:29.890] [main/TRACE] [mixin/]: Added class metadata for net/minecraft/world/item/HoeItem to metadata cache
[03Apr2026 01:06:29.891] [main/DEBUG] [net.neoforged.accesstransformer.AccessTransformer/AXFORM]: Transforming net.minecraft.client.renderer.entity.ItemRenderer METHOD renderModelLists(Lnet/minecraft/client/resources/model/BakedModel;Lnet/minecraft/world/item/ItemStack;IILcom/mojang/blaze3d/vertex/PoseStack;Lcom/mojang/blaze3d/vertex/VertexConsumer;)V to access PUBLIC and LEAVE
[03Apr2026 01:06:29.891] [main/DEBUG] [net.neoforged.accesstransformer.AccessTransformer/AXFORM]: Transforming net.minecraft.client.renderer.entity.ItemRenderer METHOD renderQuadList(Lcom/mojang/blaze3d/vertex/PoseStack;Lcom/mojang/blaze3d/vertex/VertexConsumer;Ljava/util/List;Lnet/minecraft/world/item/ItemStack;II)V to access PUBLIC and LEAVE
[03Apr2026 01:06:29.891] [main/DEBUG] [net.neoforged.fml.common.asm.RuntimeDistCleaner/DISTXFORM]: Removing Class Annotation: net/minecraft/client/renderer/entity/ItemRenderer @Lnet/neoforged/api/distmarker/OnlyIn;
[03Apr2026 01:06:29.892] [main/TRACE] [mixin/]: Added class metadata for net/minecraft/client/renderer/entity/ItemRenderer to metadata cache
[03Apr2026 01:06:29.892] [main/DEBUG] [net.neoforged.fml.common.asm.RuntimeDistCleaner/DISTXFORM]: Removing Class Annotation: net/minecraft/client/gui/screens/inventory/tooltip/ClientTextTooltip @Lnet/neoforged/api/distmarker/OnlyIn;
[03Apr2026 01:06:29.892] [main/TRACE] [mixin/]: Added class metadata for net/minecraft/client/gui/screens/inventory/tooltip/ClientTextTooltip to metadata cache
[03Apr2026 01:06:29.892] [main/DEBUG] [net.neoforged.accesstransformer.AccessTransformer/AXFORM]: Transforming net.minecraft.world.item.ShovelItem FIELD FLATTENABLES to access PUBLIC and REMOVEFINAL
[03Apr2026 01:06:29.892] [main/TRACE] [mixin/]: Added class metadata for net/minecraft/world/item/ShovelItem to metadata cache
[03Apr2026 01:06:29.893] [main/DEBUG] [net.neoforged.accesstransformer.AccessTransformer/AXFORM]: Transforming net.minecraft.world.item.crafting.SmithingTransformRecipe FIELD template to access PUBLIC and LEAVE
[03Apr2026 01:06:29.893] [main/DEBUG] [net.neoforged.accesstransformer.AccessTransformer/AXFORM]: Transforming net.minecraft.world.item.crafting.SmithingTransformRecipe FIELD base to access PUBLIC and LEAVE
[03Apr2026 01:06:29.893] [main/DEBUG] [net.neoforged.accesstransformer.AccessTransformer/AXFORM]: Transforming net.minecraft.world.item.crafting.SmithingTransformRecipe FIELD addition to access PUBLIC and LEAVE
[03Apr2026 01:06:29.893] [main/TRACE] [mixin/]: Added class metadata for net/minecraft/world/item/crafting/SmithingTransformRecipe to metadata cache
[03Apr2026 01:06:29.894] [main/DEBUG] [net.neoforged.accesstransformer.AccessTransformer/AXFORM]: Transforming net.minecraft.world.item.crafting.SmithingTrimRecipe FIELD template to access PUBLIC and LEAVE
[03Apr2026 01:06:29.894] [main/DEBUG] [net.neoforged.accesstransformer.AccessTransformer/AXFORM]: Transforming net.minecraft.world.item.crafting.SmithingTrimRecipe FIELD base to access PUBLIC and LEAVE
[03Apr2026 01:06:29.894] [main/DEBUG] [net.neoforged.accesstransformer.AccessTransformer/AXFORM]: Transforming net.minecraft.world.item.crafting.SmithingTrimRecipe FIELD addition to access PUBLIC and LEAVE
[03Apr2026 01:06:29.894] [main/TRACE] [mixin/]: Added class metadata for net/minecraft/world/item/crafting/SmithingTrimRecipe to metadata cache
[03Apr2026 01:06:29.894] [main/TRACE] [mixin/CATCHING]: Catching
java.lang.ClassNotFoundException: mezz.jei.library.load.PluginCaller
	at cpw.mods.securejarhandler/cpw.mods.cl.ModuleClassLoader.getMaybeTransformedClassBytes(ModuleClassLoader.java:334) ~[securejarhandler-3.0.8.jar:?]
	at MC-BOOTSTRAP/cpw.mods.modlauncher@11.0.5/cpw.mods.modlauncher.TransformingClassLoader.buildTransformedClassNodeFor(TransformingClassLoader.java:65) ~[modlauncher-11.0.5.jar:?]
	at MC-BOOTSTRAP/cpw.mods.modlauncher@11.0.5/cpw.mods.modlauncher.LaunchPluginHandler.lambda$announceLaunch$10(LaunchPluginHandler.java:106) ~[modlauncher-11.0.5.jar:?]
	at MC-BOOTSTRAP/org.spongepowered.mixin/org.spongepowered.asm.launch.MixinLaunchPluginLegacy.getClassNode(MixinLaunchPluginLegacy.java:227) ~[sponge-mixin-0.15.2+mixin.0.8.7.jar:0.15.2+mixin.0.8.7]
	at MC-BOOTSTRAP/org.spongepowered.mixin/org.spongepowered.asm.mixin.transformer.ClassInfo.forName(ClassInfo.java:2029) ~[sponge-mixin-0.15.2+mixin.0.8.7.jar:0.15.2+mixin.0.8.7]
	at MC-BOOTSTRAP/org.spongepowered.mixin/org.spongepowered.asm.mixin.transformer.MixinInfo.getTargetClass(MixinInfo.java:1017) ~[sponge-mixin-0.15.2+mixin.0.8.7.jar:0.15.2+mixin.0.8.7]
	at MC-BOOTSTRAP/org.spongepowered.mixin/org.spongepowered.asm.mixin.transformer.MixinInfo.readTargetClasses(MixinInfo.java:1007) ~[sponge-mixin-0.15.2+mixin.0.8.7.jar:0.15.2+mixin.0.8.7]
	at MC-BOOTSTRAP/org.spongepowered.mixin/org.spongepowered.asm.mixin.transformer.MixinInfo.parseTargets(MixinInfo.java:895) ~[sponge-mixin-0.15.2+mixin.0.8.7.jar:0.15.2+mixin.0.8.7]
	at MC-BOOTSTRAP/org.spongepowered.mixin/org.spongepowered.asm.mixin.transformer.MixinConfig.prepareMixins(MixinConfig.java:950) ~[sponge-mixin-0.15.2+mixin.0.8.7.jar:0.15.2+mixin.0.8.7]
	at MC-BOOTSTRAP/org.spongepowered.mixin/org.spongepowered.asm.mixin.transformer.MixinConfig.prepare(MixinConfig.java:862) ~[sponge-mixin-0.15.2+mixin.0.8.7.jar:0.15.2+mixin.0.8.7]
	at MC-BOOTSTRAP/org.spongepowered.mixin/org.spongepowered.asm.mixin.transformer.MixinProcessor.prepareConfigs(MixinProcessor.java:540) ~[sponge-mixin-0.15.2+mixin.0.8.7.jar:0.15.2+mixin.0.8.7]
	at MC-BOOTSTRAP/org.spongepowered.mixin/org.spongepowered.asm.mixin.transformer.MixinProcessor.select(MixinProcessor.java:462) ~[sponge-mixin-0.15.2+mixin.0.8.7.jar:0.15.2+mixin.0.8.7]
	at MC-BOOTSTRAP/org.spongepowered.mixin/org.spongepowered.asm.mixin.transformer.MixinProcessor.checkSelect(MixinProcessor.java:438) ~[sponge-mixin-0.15.2+mixin.0.8.7.jar:0.15.2+mixin.0.8.7]
	at MC-BOOTSTRAP/org.spongepowered.mixin/org.spongepowered.asm.mixin.transformer.MixinProcessor.applyMixins(MixinProcessor.java:290) ~[sponge-mixin-0.15.2+mixin.0.8.7.jar:0.15.2+mixin.0.8.7]
	at MC-BOOTSTRAP/org.spongepowered.mixin/org.spongepowered.asm.mixin.transformer.MixinTransformer.transformClass(MixinTransformer.java:250) ~[sponge-mixin-0.15.2+mixin.0.8.7.jar:0.15.2+mixin.0.8.7]
	at MC-BOOTSTRAP/org.spongepowered.mixin/org.spongepowered.asm.service.modlauncher.MixinTransformationHandler.processClass(MixinTransformationHandler.java:131) ~[sponge-mixin-0.15.2+mixin.0.8.7.jar:0.15.2+mixin.0.8.7]
	at MC-BOOTSTRAP/org.spongepowered.mixin/org.spongepowered.asm.launch.MixinLaunchPluginLegacy.processClass(MixinLaunchPluginLegacy.java:131) ~[sponge-mixin-0.15.2+mixin.0.8.7.jar:0.15.2+mixin.0.8.7]
	at MC-BOOTSTRAP/cpw.mods.modlauncher@11.0.5/cpw.mods.modlauncher.serviceapi.ILaunchPluginService.processClassWithFlags(ILaunchPluginService.java:156) ~[modlauncher-11.0.5.jar:11.0.5+main.901c6ea8]
	at MC-BOOTSTRAP/cpw.mods.modlauncher@11.0.5/cpw.mods.modlauncher.LaunchPluginHandler.offerClassNodeToPlugins(LaunchPluginHandler.java:94) ~[modlauncher-11.0.5.jar:?]
	at MC-BOOTSTRAP/cpw.mods.modlauncher@11.0.5/cpw.mods.modlauncher.ClassTransformer.transform(ClassTransformer.java:120) ~[modlauncher-11.0.5.jar:?]
	at MC-BOOTSTRAP/cpw.mods.modlauncher@11.0.5/cpw.mods.modlauncher.TransformingClassLoader.maybeTransformClassBytes(TransformingClassLoader.java:57) ~[modlauncher-11.0.5.jar:?]
	at cpw.mods.securejarhandler/cpw.mods.cl.ModuleClassLoader.readerToClass(ModuleClassLoader.java:190) ~[securejarhandler-3.0.8.jar:?]
	at cpw.mods.securejarhandler/cpw.mods.cl.ModuleClassLoader.lambda$findClass$20(ModuleClassLoader.java:298) ~[securejarhandler-3.0.8.jar:?]
	at cpw.mods.securejarhandler/cpw.mods.cl.ModuleClassLoader.loadFromModule(ModuleClassLoader.java:311) ~[securejarhandler-3.0.8.jar:?]
	at cpw.mods.securejarhandler/cpw.mods.cl.ModuleClassLoader.findClass(ModuleClassLoader.java:298) ~[securejarhandler-3.0.8.jar:?]
	at java.base/java.lang.ClassLoader.loadClass(ClassLoader.java:638) ~[?:?]
	at java.base/java.lang.Class.forName(Class.java:627) ~[?:?]
	at java.base/java.lang.Class.forName(Class.java:602) ~[?:?]
	at MC-BOOTSTRAP/fml_loader@4.0.42/net.neoforged.fml.loading.ImmediateWindowHandler$DummyProvider.lambda$updateModuleReads$1(ImmediateWindowHandler.java:173) ~[loader-4.0.42.jar%23142!/:4.0]
	at java.base/java.util.Optional.map(Optional.java:260) [?:?]
	at MC-BOOTSTRAP/fml_loader@4.0.42/net.neoforged.fml.loading.ImmediateWindowHandler$DummyProvider.updateModuleReads(ImmediateWindowHandler.java:173) [loader-4.0.42.jar%23142!/:4.0]
	at MC-BOOTSTRAP/fml_loader@4.0.42/net.neoforged.fml.loading.ImmediateWindowHandler.acceptGameLayer(ImmediateWindowHandler.java:94) [loader-4.0.42.jar%23142!/:4.0]
	at MC-BOOTSTRAP/fml_loader@4.0.42/net.neoforged.fml.loading.FMLLoader.beforeStart(FMLLoader.java:166) [loader-4.0.42.jar%23142!/:4.0]
	at MC-BOOTSTRAP/fml_loader@4.0.42/net.neoforged.fml.loading.targets.CommonLaunchHandler.launchService(CommonLaunchHandler.java:115) [loader-4.0.42.jar%23142!/:4.0]
	at MC-BOOTSTRAP/cpw.mods.modlauncher@11.0.5/cpw.mods.modlauncher.LaunchServiceHandlerDecorator.launch(LaunchServiceHandlerDecorator.java:30) [modlauncher-11.0.5.jar%23124!/:?]
	at MC-BOOTSTRAP/cpw.mods.modlauncher@11.0.5/cpw.mods.modlauncher.LaunchServiceHandler.launch(LaunchServiceHandler.java:53) [modlauncher-11.0.5.jar%23124!/:?]
	at MC-BOOTSTRAP/cpw.mods.modlauncher@11.0.5/cpw.mods.modlauncher.LaunchServiceHandler.launch(LaunchServiceHandler.java:71) [modlauncher-11.0.5.jar%23124!/:?]
	at MC-BOOTSTRAP/cpw.mods.modlauncher@11.0.5/cpw.mods.modlauncher.Launcher.run(Launcher.java:103) [modlauncher-11.0.5.jar%23124!/:?]
	at MC-BOOTSTRAP/cpw.mods.modlauncher@11.0.5/cpw.mods.modlauncher.Launcher.main(Launcher.java:74) [modlauncher-11.0.5.jar%23124!/:?]
	at MC-BOOTSTRAP/cpw.mods.modlauncher@11.0.5/cpw.mods.modlauncher.BootstrapLaunchConsumer.accept(BootstrapLaunchConsumer.java:26) [modlauncher-11.0.5.jar%23124!/:?]
	at MC-BOOTSTRAP/cpw.mods.modlauncher@11.0.5/cpw.mods.modlauncher.BootstrapLaunchConsumer.accept(BootstrapLaunchConsumer.java:23) [modlauncher-11.0.5.jar%23124!/:?]
	at cpw.mods.bootstraplauncher@2.0.2/cpw.mods.bootstraplauncher.BootstrapLauncher.run(BootstrapLauncher.java:210) [bootstraplauncher-2.0.2.jar:?]
	at cpw.mods.bootstraplauncher@2.0.2/cpw.mods.bootstraplauncher.BootstrapLauncher.main(BootstrapLauncher.java:69) [bootstraplauncher-2.0.2.jar:?]
[03Apr2026 01:06:29.902] [main/WARN] [mixin/]: Error loading class: mezz/jei/library/load/PluginCaller (java.lang.ClassNotFoundException: mezz.jei.library.load.PluginCaller)
[03Apr2026 01:06:29.902] [main/TRACE] [mixin/]: Added class metadata for mezz/jei/library/load/PluginCaller to metadata cache
[03Apr2026 01:06:29.903] [main/DEBUG] [mixin/]: Skipping virtual target mezz.jei.library.load.PluginCaller for emi.mixins.json:jei.PluginCallerMixin from mod emi
[03Apr2026 01:06:29.903] [main/DEBUG] [net.neoforged.fml.common.asm.RuntimeDistCleaner/DISTXFORM]: Removing Class Annotation: net/minecraft/client/gui/screens/inventory/EffectRenderingInventoryScreen @Lnet/neoforged/api/distmarker/OnlyIn;
[03Apr2026 01:06:29.904] [main/TRACE] [mixin/]: Added class metadata for net/minecraft/client/gui/screens/inventory/EffectRenderingInventoryScreen to metadata cache
[03Apr2026 01:06:29.905] [main/DEBUG] [net.neoforged.accesstransformer.AccessTransformer/AXFORM]: Transforming net.minecraft.world.item.ItemStack METHOD addToTooltip(Lnet/minecraft/core/component/DataComponentType;Lnet/minecraft/world/item/Item$TooltipContext;Ljava/util/function/Consumer;Lnet/minecraft/world/item/TooltipFlag;)V to access PUBLIC and LEAVE
[03Apr2026 01:06:29.908] [main/TRACE] [mixin/]: Added class metadata for net/minecraft/world/item/ItemStack to metadata cache
[03Apr2026 01:06:29.908] [main/DEBUG] [net.neoforged.fml.common.asm.RuntimeDistCleaner/DISTXFORM]: Removing Class Annotation: net/minecraft/client/KeyboardHandler @Lnet/neoforged/api/distmarker/OnlyIn;
[03Apr2026 01:06:29.910] [main/TRACE] [mixin/]: Added class metadata for net/minecraft/client/KeyboardHandler to metadata cache
[03Apr2026 01:06:29.912] [main/DEBUG] [net.neoforged.fml.common.asm.RuntimeDistCleaner/DISTXFORM]: Removing Class Annotation: net/minecraft/client/Minecraft @Lnet/neoforged/api/distmarker/OnlyIn;
[03Apr2026 01:06:29.918] [main/TRACE] [mixin/]: Added class metadata for net/minecraft/client/Minecraft to metadata cache
[03Apr2026 01:06:29.918] [main/DEBUG] [net.neoforged.fml.common.asm.RuntimeDistCleaner/DISTXFORM]: Removing Class Annotation: net/minecraft/client/MouseHandler @Lnet/neoforged/api/distmarker/OnlyIn;
[03Apr2026 01:06:29.920] [main/TRACE] [mixin/]: Added class metadata for net/minecraft/client/MouseHandler to metadata cache
[03Apr2026 01:06:29.920] [main/DEBUG] [net.neoforged.fml.common.asm.RuntimeDistCleaner/DISTXFORM]: Removing Class Annotation: net/minecraft/client/gui/screens/recipebook/RecipeBookComponent @Lnet/neoforged/api/distmarker/OnlyIn;
[03Apr2026 01:06:29.922] [main/TRACE] [mixin/]: Added class metadata for net/minecraft/client/gui/screens/recipebook/RecipeBookComponent to metadata cache
[03Apr2026 01:06:29.922] [main/DEBUG] [net.neoforged.accesstransformer.AccessTransformer/AXFORM]: Transforming net.minecraft.client.gui.screens.Screen INNERCLASS DeferredTooltipRendering to access PUBLIC and LEAVE
[03Apr2026 01:06:29.922] [main/DEBUG] [net.neoforged.accesstransformer.AccessTransformer/AXFORM]: Transforming net.minecraft.client.gui.screens.Screen FIELD narratables to access PUBLIC and LEAVE
[03Apr2026 01:06:29.922] [main/DEBUG] [net.neoforged.accesstransformer.AccessTransformer/AXFORM]: Transforming net.minecraft.client.gui.screens.Screen FIELD renderables to access PUBLIC and LEAVE
[03Apr2026 01:06:29.922] [main/DEBUG] [net.neoforged.accesstransformer.AccessTransformer/AXFORM]: Transforming net.minecraft.client.gui.screens.Screen FIELD deferredTooltipRendering to access PUBLIC and LEAVE
[03Apr2026 01:06:29.922] [main/DEBUG] [net.neoforged.accesstransformer.AccessTransformer/AXFORM]: Transforming net.minecraft.client.gui.screens.Screen METHOD renderWithTooltip(Lnet/minecraft/client/gui/GuiGraphics;IIF)V to access PUBLIC and REMOVEFINAL
[03Apr2026 01:06:29.922] [main/DEBUG] [net.neoforged.accesstransformer.AccessTransformer/AXFORM]: Transforming net.minecraft.client.gui.screens.Screen METHOD setInitialFocus(Lnet/minecraft/client/gui/components/events/GuiEventListener;)V to access PUBLIC and LEAVE
[03Apr2026 01:06:29.922] [main/DEBUG] [net.neoforged.accesstransformer.AccessTransformer/AXFORM]: Transforming net.minecraft.client.gui.screens.Screen METHOD addRenderableWidget(Lnet/minecraft/client/gui/components/events/GuiEventListener;)Lnet/minecraft/client/gui/components/events/GuiEventListener; to access PUBLIC and LEAVE
[03Apr2026 01:06:29.922] [main/DEBUG] [net.neoforged.accesstransformer.AccessTransformer/AXFORM]: Transforming net.minecraft.client.gui.screens.Screen METHOD addRenderableOnly(Lnet/minecraft/client/gui/components/Renderable;)Lnet/minecraft/client/gui/components/Renderable; to access PUBLIC and LEAVE
[03Apr2026 01:06:29.922] [main/DEBUG] [net.neoforged.accesstransformer.AccessTransformer/AXFORM]: Transforming net.minecraft.client.gui.screens.Screen METHOD addWidget(Lnet/minecraft/client/gui/components/events/GuiEventListener;)Lnet/minecraft/client/gui/components/events/GuiEventListener; to access PUBLIC and LEAVE
[03Apr2026 01:06:29.922] [main/DEBUG] [net.neoforged.accesstransformer.AccessTransformer/AXFORM]: Transforming net.minecraft.client.gui.screens.Screen METHOD init(Lnet/minecraft/client/Minecraft;II)V to access PUBLIC and REMOVEFINAL
[03Apr2026 01:06:29.923] [main/DEBUG] [net.neoforged.fml.common.asm.RuntimeDistCleaner/DISTXFORM]: Removing Class Annotation: net/minecraft/client/gui/screens/Screen @Lnet/neoforged/api/distmarker/OnlyIn;
[03Apr2026 01:06:29.924] [main/TRACE] [mixin/]: Added class metadata for net/minecraft/client/gui/screens/Screen to metadata cache
[03Apr2026 01:06:29.924] [main/DEBUG] [net.neoforged.fml.common.asm.RuntimeDistCleaner/DISTXFORM]: Removing Class Annotation: net/minecraft/client/gui/components/toasts/ToastComponent @Lnet/neoforged/api/distmarker/OnlyIn;
[03Apr2026 01:06:29.924] [main/TRACE] [mixin/]: Added class metadata for net/minecraft/client/gui/components/toasts/ToastComponent to metadata cache
[03Apr2026 01:06:29.924] [main/DEBUG] [mixin/]: Preparing emi-neoforge.mixins.json (0)
[03Apr2026 01:06:29.925] [main/DEBUG] [mixin/]: Preparing patchouli_xplat.mixins.json (10)
[03Apr2026 01:06:29.926] [main/DEBUG] [net.neoforged.fml.common.asm.RuntimeDistCleaner/DISTXFORM]: Removing Class Annotation: net/minecraft/client/multiplayer/ClientAdvancements @Lnet/neoforged/api/distmarker/OnlyIn;
[03Apr2026 01:06:29.926] [main/TRACE] [mixin/]: Added class metadata for net/minecraft/client/multiplayer/ClientAdvancements to metadata cache
[03Apr2026 01:06:29.927] [main/DEBUG] [net.neoforged.accesstransformer.AccessTransformer/AXFORM]: Transforming net.minecraft.client.KeyMapping FIELD isDown to access PUBLIC and LEAVE
[03Apr2026 01:06:29.927] [main/DEBUG] [net.neoforged.fml.common.asm.RuntimeDistCleaner/DISTXFORM]: Removing Class Annotation: net/minecraft/client/KeyMapping @Lnet/neoforged/api/distmarker/OnlyIn;
[03Apr2026 01:06:29.927] [main/TRACE] [mixin/]: Added class metadata for net/minecraft/client/KeyMapping to metadata cache
[03Apr2026 01:06:29.928] [main/DEBUG] [net.neoforged.fml.common.asm.RuntimeDistCleaner/DISTXFORM]: Removing Class Annotation: net/minecraft/client/renderer/MultiBufferSource$BufferSource @Lnet/neoforged/api/distmarker/OnlyIn;
[03Apr2026 01:06:29.928] [main/TRACE] [mixin/]: Added class metadata for net/minecraft/client/renderer/MultiBufferSource$BufferSource to metadata cache
[03Apr2026 01:06:29.928] [main/DEBUG] [net.neoforged.fml.common.asm.RuntimeDistCleaner/DISTXFORM]: Removing Class Annotation: net/minecraft/client/gui/screens/inventory/InventoryScreen @Lnet/neoforged/api/distmarker/OnlyIn;
[03Apr2026 01:06:29.929] [main/TRACE] [mixin/]: Added class metadata for net/minecraft/client/gui/screens/inventory/InventoryScreen to metadata cache
[03Apr2026 01:06:29.932] [main/DEBUG] [net.neoforged.accesstransformer.AccessTransformer/AXFORM]: Transforming net.minecraft.client.renderer.LevelRenderer FIELD ticks to access PUBLIC and LEAVE
[03Apr2026 01:06:29.932] [main/DEBUG] [net.neoforged.accesstransformer.AccessTransformer/AXFORM]: Transforming net.minecraft.client.renderer.LevelRenderer METHOD shouldShowEntityOutlines()Z to access PUBLIC and LEAVE
[03Apr2026 01:06:29.932] [main/DEBUG] [net.neoforged.accesstransformer.AccessTransformer/AXFORM]: Transforming net.minecraft.client.renderer.LevelRenderer METHOD renderHitOutline(Lcom/mojang/blaze3d/vertex/PoseStack;Lcom/mojang/blaze3d/vertex/VertexConsumer;Lnet/minecraft/world/entity/Entity;DDDLnet/minecraft/core/BlockPos;Lnet/minecraft/world/level/block/state/BlockState;)V to access PUBLIC and LEAVE
[03Apr2026 01:06:29.932] [main/DEBUG] [net.neoforged.accesstransformer.AccessTransformer/AXFORM]: Transforming net.minecraft.client.renderer.LevelRenderer METHOD renderShape(Lcom/mojang/blaze3d/vertex/PoseStack;Lcom/mojang/blaze3d/vertex/VertexConsumer;Lnet/minecraft/world/phys/shapes/VoxelShape;DDDFFFF)V to access PUBLIC and LEAVE
[03Apr2026 01:06:29.933] [main/DEBUG] [net.neoforged.fml.common.asm.RuntimeDistCleaner/DISTXFORM]: Removing Class Annotation: net/minecraft/client/renderer/LevelRenderer @Lnet/neoforged/api/distmarker/OnlyIn;
[03Apr2026 01:06:29.938] [main/TRACE] [mixin/]: Added class metadata for net/minecraft/client/renderer/LevelRenderer to metadata cache
[03Apr2026 01:06:29.939] [main/TRACE] [mixin/]: Added class metadata for net/minecraft/SystemReport to metadata cache
[03Apr2026 01:06:29.939] [main/DEBUG] [mixin/]: Preparing architectury.mixins.json (11)
[03Apr2026 01:06:29.941] [main/DEBUG] [net.neoforged.accesstransformer.AccessTransformer/AXFORM]: Transforming net.minecraft.world.item.BucketItem FIELD content to access PUBLIC and LEAVE
[03Apr2026 01:06:29.941] [main/TRACE] [mixin/]: Added class metadata for net/minecraft/world/item/BucketItem to metadata cache
[03Apr2026 01:06:29.942] [main/DEBUG] [net.neoforged.accesstransformer.AccessTransformer/AXFORM]: Transforming net.minecraft.world.level.block.LiquidBlock FIELD fluid to access PUBLIC and LEAVE
[03Apr2026 01:06:29.942] [main/DEBUG] [net.neoforged.accesstransformer.AccessTransformer/AXFORM]: Transforming net.minecraft.world.level.block.LiquidBlock METHOD <init>(Lnet/minecraft/world/level/material/FlowingFluid;Lnet/minecraft/world/level/block/state/BlockBehaviour$Properties;)V to access PUBLIC and LEAVE
[03Apr2026 01:06:29.942] [main/TRACE] [mixin/]: Added class metadata for net/minecraft/world/level/block/LiquidBlock to metadata cache
[03Apr2026 01:06:29.944] [main/TRACE] [mixin/]: Added class metadata for net/minecraft/world/level/chunk/storage/ChunkSerializer to metadata cache
[03Apr2026 01:06:29.944] [main/TRACE] [mixin/]: Added class metadata for net/minecraft/world/entity/item/FallingBlockEntity to metadata cache
[03Apr2026 01:06:29.945] [main/TRACE] [mixin/]: Added class metadata for net/minecraft/world/entity/player/Inventory to metadata cache
[03Apr2026 01:06:29.946] [main/TRACE] [mixin/]: Added class metadata for dev/architectury/extensions/ItemExtension to metadata cache
[03Apr2026 01:06:29.946] [main/TRACE] [mixin/]: Added class metadata for net/neoforged/neoforge/event/level/LevelEvent to metadata cache
[03Apr2026 01:06:29.947] [main/DEBUG] [net.neoforged.accesstransformer.AccessTransformer/AXFORM]: Transforming net.minecraft.commands.CommandSourceStack FIELD source to access PUBLIC and LEAVE
[03Apr2026 01:06:29.947] [main/TRACE] [mixin/]: Added class metadata for net/minecraft/commands/CommandSourceStack to metadata cache
[03Apr2026 01:06:29.948] [main/DEBUG] [net.neoforged.accesstransformer.AccessTransformer/AXFORM]: Transforming net.minecraft.client.multiplayer.ClientLevel FIELD connection to access PUBLIC and LEAVE
[03Apr2026 01:06:29.948] [main/DEBUG] [net.neoforged.accesstransformer.AccessTransformer/AXFORM]: Transforming net.minecraft.client.multiplayer.ClientLevel FIELD levelRenderer to access PUBLIC and LEAVE
[03Apr2026 01:06:29.948] [main/DEBUG] [net.neoforged.fml.common.asm.RuntimeDistCleaner/DISTXFORM]: Removing Class Annotation: net/minecraft/client/multiplayer/ClientLevel @Lnet/neoforged/api/distmarker/OnlyIn;
[03Apr2026 01:06:29.949] [main/TRACE] [mixin/]: Added class metadata for net/minecraft/client/multiplayer/ClientLevel to metadata cache
[03Apr2026 01:06:29.950] [main/DEBUG] [mixin/]: Preparing architectury-common.mixins.json (9)
[03Apr2026 01:06:29.951] [main/DEBUG] [net.neoforged.accesstransformer.AccessTransformer/AXFORM]: Transforming net.minecraft.world.level.block.Block METHOD popExperience(Lnet/minecraft/server/level/ServerLevel;Lnet/minecraft/core/BlockPos;I)V to access PUBLIC and LEAVE
[03Apr2026 01:06:29.952] [main/TRACE] [mixin/]: Added class metadata for net/minecraft/world/level/block/Block to metadata cache
[03Apr2026 01:06:29.959] [main/TRACE] [mixin/]: Added class metadata for net/minecraft/world/entity/EntityType to metadata cache
[03Apr2026 01:06:29.960] [main/TRACE] [mixin/]: Added class metadata for net/minecraft/world/level/material/Fluid to metadata cache
[03Apr2026 01:06:29.960] [main/TRACE] [mixin/]: Added class metadata for net/minecraft/world/food/FoodProperties$Builder to metadata cache
[03Apr2026 01:06:29.961] [main/DEBUG] [net.neoforged.accesstransformer.AccessTransformer/AXFORM]: Transforming net.minecraft.world.item.Item FIELD components to access PRIVATE and REMOVEFINAL
[03Apr2026 01:06:29.961] [main/DEBUG] [net.neoforged.accesstransformer.AccessTransformer/AXFORM]: Transforming net.minecraft.world.item.Item METHOD getPlayerPOVHitResult(Lnet/minecraft/world/level/Level;Lnet/minecraft/world/entity/player/Player;Lnet/minecraft/world/level/ClipContext$Fluid;)Lnet/minecraft/world/phys/BlockHitResult; to access PUBLIC and LEAVE
[03Apr2026 01:06:29.961] [main/TRACE] [mixin/]: Added class metadata for net/minecraft/world/item/Item to metadata cache
[03Apr2026 01:06:29.962] [main/TRACE] [mixin/]: Added class metadata for net/minecraft/world/item/Item$Properties to metadata cache
[03Apr2026 01:06:29.963] [main/TRACE] [mixin/]: Added class metadata for net/minecraft/world/entity/LightningBolt to metadata cache
[03Apr2026 01:06:29.963] [main/DEBUG] [mixin/]: Preparing computercraft.mixins.json (3)
[03Apr2026 01:06:29.965] [main/TRACE] [mixin/]: Added class metadata for net/minecraft/util/datafix/DataFixers to metadata cache
[03Apr2026 01:06:29.966] [main/DEBUG] [net.neoforged.accesstransformer.AccessTransformer/AXFORM]: Transforming net.minecraft.util.datafix.fixes.ItemStackComponentizationFix INNERCLASS ItemStackData to access PUBLIC and LEAVE
[03Apr2026 01:06:29.968] [main/TRACE] [mixin/]: Added class metadata for net/minecraft/util/datafix/fixes/ItemStackComponentizationFix to metadata cache
[03Apr2026 01:06:29.969] [main/TRACE] [mixin/]: Added class metadata for net/minecraft/util/datafix/schemas/V1460 to metadata cache
[03Apr2026 01:06:29.969] [main/DEBUG] [mixin/]: Preparing computercraft.forge.mixins.json (1)
[03Apr2026 01:06:29.969] [main/TRACE] [mixin/]: Added class metadata for net/minecraft/util/datafix/schemas/V3818_3 to metadata cache
[03Apr2026 01:06:29.969] [main/DEBUG] [mixin/]: Preparing computercraft-client.forge.mixins.json (2)
[03Apr2026 01:06:29.969] [main/DEBUG] [net.neoforged.fml.common.asm.RuntimeDistCleaner/DISTXFORM]: Removing Class Annotation: net/minecraft/client/renderer/block/BlockRenderDispatcher @Lnet/neoforged/api/distmarker/OnlyIn;
[03Apr2026 01:06:29.970] [main/TRACE] [mixin/]: Added class metadata for net/minecraft/client/renderer/block/BlockRenderDispatcher to metadata cache
[03Apr2026 01:06:29.972] [main/DEBUG] [net.neoforged.accesstransformer.AccessTransformer/AXFORM]: Transforming net.minecraft.client.multiplayer.ClientPacketListener FIELD commands to access PUBLIC and LEAVE
[03Apr2026 01:06:29.972] [main/DEBUG] [net.neoforged.fml.common.asm.RuntimeDistCleaner/DISTXFORM]: Removing Class Annotation: net/minecraft/client/multiplayer/ClientPacketListener @Lnet/neoforged/api/distmarker/OnlyIn;
[03Apr2026 01:06:29.975] [main/TRACE] [mixin/]: Added class metadata for net/minecraft/client/multiplayer/ClientPacketListener to metadata cache
[03Apr2026 01:06:29.975] [main/DEBUG] [mixin/]: Preparing neoforge.mixins.json (2)
[03Apr2026 01:06:29.975] [main/DEBUG] [net.neoforged.accesstransformer.AccessTransformer/AXFORM]: Transforming net.minecraft.world.level.block.entity.BlockEntityType INNERCLASS BlockEntitySupplier to access PUBLIC and LEAVE
[03Apr2026 01:06:29.976] [main/TRACE] [mixin/]: Added class metadata for net/minecraft/world/level/block/entity/BlockEntityType to metadata cache
[03Apr2026 01:06:29.977] [main/TRACE] [mixin/]: Added class metadata for net/minecraft/core/MappedRegistry to metadata cache
[03Apr2026 01:06:29.977] [main/DEBUG] [mixin/]: Preparing nuclearcraft.mixins.json (6)
[03Apr2026 01:06:29.979] [main/TRACE] [mixin/]: Added class metadata for net/minecraft/world/level/block/LightningRodBlock to metadata cache
[03Apr2026 01:06:29.979] [main/TRACE] [mixin/]: Added class metadata for net/minecraft/world/level/levelgen/structure/pools/StructureTemplatePool to metadata cache
[03Apr2026 01:06:29.980] [main/TRACE] [mixin/]: Added class metadata for net/minecraft/world/level/biome/OverworldBiomeBuilder to metadata cache
[03Apr2026 01:06:29.981] [main/TRACE] [mixin/]: Added class metadata for mekanism/common/lib/radiation/RadiationManager to metadata cache
[03Apr2026 01:06:29.981] [main/TRACE] [mixin/]: Added class metadata for mekanism/common/lib/radiation/RadiationUtil to metadata cache
[03Apr2026 01:06:29.981] [main/DEBUG] [mixin/]: Preparing ae2.mixins.json (16)
[03Apr2026 01:06:29.983] [main/DEBUG] [net.neoforged.accesstransformer.AccessTransformer/AXFORM]: Transforming net.minecraft.server.level.ChunkMap FIELD playerMap to access PUBLIC and LEAVE
[03Apr2026 01:06:29.983] [main/DEBUG] [net.neoforged.accesstransformer.AccessTransformer/AXFORM]: Transforming net.minecraft.server.level.ChunkMap METHOD isChunkTracked(Lnet/minecraft/server/level/ServerPlayer;II)Z to access PUBLIC and LEAVE
[03Apr2026 01:06:29.983] [main/DEBUG] [net.neoforged.accesstransformer.AccessTransformer/AXFORM]: Transforming net.minecraft.server.level.ChunkMap METHOD getVisibleChunkIfPresent(J)Lnet/minecraft/server/level/ChunkHolder; to access PUBLIC and LEAVE
[03Apr2026 01:06:29.985] [main/TRACE] [mixin/]: Added class metadata for net/minecraft/server/level/ChunkMap to metadata cache
[03Apr2026 01:06:29.987] [main/DEBUG] [net.neoforged.accesstransformer.AccessTransformer/AXFORM]: Transforming net.minecraft.server.MinecraftServer INNERCLASS ReloadableResources to access PUBLIC and LEAVE
[03Apr2026 01:06:29.987] [main/DEBUG] [net.neoforged.accesstransformer.AccessTransformer/AXFORM]: Transforming net.minecraft.server.MinecraftServer FIELD nextTickTimeNanos to access PROTECTED and LEAVE
[03Apr2026 01:06:29.990] [main/TRACE] [mixin/]: Added class metadata for net/minecraft/server/MinecraftServer to metadata cache
[03Apr2026 01:06:29.991] [main/DEBUG] [net.neoforged.accesstransformer.AccessTransformer/AXFORM]: Transforming net.minecraft.world.inventory.AnvilMenu FIELD repairItemCountCost to access PUBLIC and LEAVE
[03Apr2026 01:06:29.991] [main/TRACE] [mixin/]: Added class metadata for net/minecraft/world/inventory/AnvilMenu to metadata cache
[03Apr2026 01:06:29.992] [main/DEBUG] [net.neoforged.accesstransformer.AccessTransformer/AXFORM]: Transforming net.minecraft.world.item.enchantment.EnchantmentHelper INNERCLASS EnchantmentInSlotVisitor to access PUBLIC and LEAVE
[03Apr2026 01:06:29.992] [main/DEBUG] [net.neoforged.accesstransformer.AccessTransformer/AXFORM]: Transforming net.minecraft.world.item.enchantment.EnchantmentHelper INNERCLASS EnchantmentVisitor to access PUBLIC and LEAVE
[03Apr2026 01:06:29.992] [main/DEBUG] [net.neoforged.accesstransformer.AccessTransformer/AXFORM]: Transforming net.minecraft.world.item.enchantment.EnchantmentHelper METHOD getComponentType(Lnet/minecraft/world/item/ItemStack;)Lnet/minecraft/core/component/DataComponentType; to access PUBLIC and LEAVE
[03Apr2026 01:06:29.992] [main/DEBUG] [net.neoforged.accesstransformer.AccessTransformer/AXFORM]: Transforming net.minecraft.world.item.enchantment.EnchantmentHelper METHOD runIterationOnItem(Lnet/minecraft/world/item/ItemStack;Lnet/minecraft/world/item/enchantment/EnchantmentHelper$EnchantmentVisitor;)V to access PUBLIC and LEAVE
[03Apr2026 01:06:29.992] [main/DEBUG] [net.neoforged.accesstransformer.AccessTransformer/AXFORM]: Transforming net.minecraft.world.item.enchantment.EnchantmentHelper METHOD runIterationOnItem(Lnet/minecraft/world/item/ItemStack;Lnet/minecraft/world/entity/EquipmentSlot;Lnet/minecraft/world/entity/LivingEntity;Lnet/minecraft/world/item/enchantment/EnchantmentHelper$EnchantmentInSlotVisitor;)V to access PUBLIC and LEAVE
[03Apr2026 01:06:29.992] [main/DEBUG] [net.neoforged.accesstransformer.AccessTransformer/AXFORM]: Transforming net.minecraft.world.item.enchantment.EnchantmentHelper METHOD runIterationOnEquipment(Lnet/minecraft/world/entity/LivingEntity;Lnet/minecraft/world/item/enchantment/EnchantmentHelper$EnchantmentInSlotVisitor;)V to access PUBLIC and LEAVE
[03Apr2026 01:06:29.993] [main/TRACE] [mixin/]: Added class metadata for net/minecraft/world/item/enchantment/EnchantmentHelper to metadata cache
[03Apr2026 01:06:29.994] [main/DEBUG] [net.neoforged.accesstransformer.AccessTransformer/AXFORM]: Transforming net.minecraft.world.entity.item.ItemEntity FIELD age to access PUBLIC and LEAVE
[03Apr2026 01:06:29.994] [main/DEBUG] [net.neoforged.accesstransformer.AccessTransformer/AXFORM]: Transforming net.minecraft.world.entity.item.ItemEntity METHOD setUnderwaterMovement()V to access PROTECTED and LEAVE
[03Apr2026 01:06:29.994] [main/TRACE] [mixin/]: Added class metadata for net/minecraft/world/entity/item/ItemEntity to metadata cache
[03Apr2026 01:06:29.995] [main/TRACE] [mixin/]: Added class metadata for net/minecraft/gametest/framework/StructureUtils to metadata cache
[03Apr2026 01:06:29.996] [main/TRACE] [mixin/]: Added class metadata for net/minecraft/gametest/framework/TestCommand to metadata cache
[03Apr2026 01:06:30.003] [main/TRACE] [mixin/]: Added class metadata for net/minecraft/world/level/levelgen/structure/templatesystem/StructureTemplate to metadata cache
[03Apr2026 01:06:30.005] [main/DEBUG] [net.neoforged.accesstransformer.AccessTransformer/AXFORM]: Transforming net.minecraft.client.renderer.texture.TextureAtlas FIELD sprites to access PUBLIC and LEAVE
[03Apr2026 01:06:30.005] [main/DEBUG] [net.neoforged.accesstransformer.AccessTransformer/AXFORM]: Transforming net.minecraft.client.renderer.texture.TextureAtlas METHOD getWidth()I to access PUBLIC and LEAVE
[03Apr2026 01:06:30.005] [main/DEBUG] [net.neoforged.accesstransformer.AccessTransformer/AXFORM]: Transforming net.minecraft.client.renderer.texture.TextureAtlas METHOD getHeight()I to access PUBLIC and LEAVE
[03Apr2026 01:06:30.005] [main/DEBUG] [net.neoforged.fml.common.asm.RuntimeDistCleaner/DISTXFORM]: Removing Class Annotation: net/minecraft/client/renderer/texture/TextureAtlas @Lnet/neoforged/api/distmarker/OnlyIn;
[03Apr2026 01:06:30.006] [main/TRACE] [mixin/]: Added class metadata for net/minecraft/client/renderer/texture/TextureAtlas to metadata cache
[03Apr2026 01:06:30.006] [main/DEBUG] [net.neoforged.accesstransformer.AccessTransformer/AXFORM]: Transforming net.minecraft.client.resources.model.ModelBakery INNERCLASS ModelBakerImpl to access PUBLIC and LEAVE
[03Apr2026 01:06:30.006] [main/DEBUG] [net.neoforged.accesstransformer.AccessTransformer/AXFORM]: Transforming net.minecraft.client.resources.model.ModelBakery METHOD getModel(Lnet/minecraft/resources/ResourceLocation;)Lnet/minecraft/client/resources/model/UnbakedModel; to access PUBLIC and LEAVE
[03Apr2026 01:06:30.006] [main/DEBUG] [net.neoforged.fml.common.asm.RuntimeDistCleaner/DISTXFORM]: Removing Class Annotation: net/minecraft/client/resources/model/ModelBakery @Lnet/neoforged/api/distmarker/OnlyIn;
[03Apr2026 01:06:30.006] [main/TRACE] [mixin/]: Added class metadata for net/minecraft/client/resources/model/ModelBakery to metadata cache
[03Apr2026 01:06:30.007] [main/DEBUG] [net.neoforged.fml.common.asm.RuntimeDistCleaner/DISTXFORM]: Removing Class Annotation: net/minecraft/client/renderer/block/model/Variant$Deserializer @Lnet/neoforged/api/distmarker/OnlyIn;
[03Apr2026 01:06:30.007] [main/TRACE] [mixin/]: Added class metadata for net/minecraft/client/renderer/block/model/Variant$Deserializer to metadata cache
[03Apr2026 01:06:30.007] [main/DEBUG] [mixin/]: Preparing mixinextras.init.mixins.json (0)
[03Apr2026 01:06:30.008] [main/DEBUG] [net.neoforged.accesstransformer.AccessTransformer/AXFORM]: Transforming net.minecraft.world.item.alchemy.PotionBrewing$Mix CLASS to access PUBLIC and LEAVE
[03Apr2026 01:06:30.009] [main/TRACE] [mixin/]: Added class metadata for net/minecraft/world/item/alchemy/PotionBrewing$Mix to metadata cache
[03Apr2026 01:06:30.010] [main/TRACE] [mixin/]: Added class metadata for dev/emi/emi/mixin/AbstractInventoryScreenMixin$1 to metadata cache
[03Apr2026 01:06:30.010] [main/TRACE] [mixin/]: Added class metadata for net/minecraft/world/item/crafting/CraftingInput$Positioned to metadata cache
[03Apr2026 01:06:30.012] [main/TRACE] [mixin/]: Added class metadata for java/lang/invoke/MethodHandles$Lookup to metadata cache
[03Apr2026 01:06:30.013] [main/TRACE] [mixin/]: Added class metadata for org/spongepowered/asm/mixin/injection/At$Shift to metadata cache
[03Apr2026 01:06:30.013] [main/TRACE] [mixin/]: Added class metadata for net/minecraft/world/item/Item$TooltipContext to metadata cache
[03Apr2026 01:06:30.015] [main/TRACE] [mixin/]: Added class metadata for dev/architectury/event/events/common/PlayerEvent$FillBucket to metadata cache
[03Apr2026 01:06:30.015] [main/TRACE] [mixin/]: Added class metadata for net/neoforged/neoforge/event/level/ChunkDataEvent$Load to metadata cache
[03Apr2026 01:06:30.015] [main/TRACE] [mixin/]: Added class metadata for dev/architectury/event/forge/EventHandlerImplCommon$LevelEventAttachment to metadata cache
[03Apr2026 01:06:30.015] [main/TRACE] [mixin/]: Added class metadata for dev/architectury/event/events/common/BlockEvent$FallingLand to metadata cache
[03Apr2026 01:06:30.018] [main/DEBUG] [net.neoforged.accesstransformer.AccessTransformer/AXFORM]: Transforming net.minecraft.world.entity.Entity FIELD ENTITY_COUNTER to access PROTECTED and LEAVE
[03Apr2026 01:06:30.018] [main/DEBUG] [net.neoforged.accesstransformer.AccessTransformer/AXFORM]: Transforming net.minecraft.world.entity.Entity METHOD isInRain()Z to access PUBLIC and LEAVE
[03Apr2026 01:06:30.018] [main/DEBUG] [net.neoforged.accesstransformer.AccessTransformer/AXFORM]: Transforming net.minecraft.world.entity.Entity METHOD getEncodeId()Ljava/lang/String; to access PUBLIC and LEAVE
[03Apr2026 01:06:30.018] [main/DEBUG] [net.neoforged.accesstransformer.AccessTransformer/AXFORM]: Transforming net.minecraft.world.entity.Entity METHOD setLevel(Lnet/minecraft/world/level/Level;)V to access PUBLIC and LEAVE
[03Apr2026 01:06:30.023] [main/TRACE] [mixin/]: Added class metadata for net/minecraft/world/entity/Entity to metadata cache
[03Apr2026 01:06:30.023] [main/TRACE] [mixin/]: Added class metadata for dev/architectury/event/events/client/ClientCommandRegistrationEvent$ClientCommandSourceStack to metadata cache
[03Apr2026 01:06:30.024] [main/DEBUG] [net.neoforged.fml.common.asm.RuntimeDistCleaner/DISTXFORM]: Removing Class Annotation: dev/architectury/event/events/client/ClientTickEvent$ClientLevel @Lnet/neoforged/api/distmarker/OnlyIn;
[03Apr2026 01:06:30.024] [main/TRACE] [mixin/]: Added class metadata for dev/architectury/event/events/client/ClientTickEvent$ClientLevel to metadata cache
[03Apr2026 01:06:30.025] [main/DEBUG] [net.neoforged.accesstransformer.AccessTransformer/AXFORM]: Transforming net.minecraft.world.level.Level FIELD oRainLevel to access PUBLIC and LEAVE
[03Apr2026 01:06:30.025] [main/DEBUG] [net.neoforged.accesstransformer.AccessTransformer/AXFORM]: Transforming net.minecraft.world.level.Level FIELD rainLevel to access PUBLIC and LEAVE
[03Apr2026 01:06:30.025] [main/DEBUG] [net.neoforged.accesstransformer.AccessTransformer/AXFORM]: Transforming net.minecraft.world.level.Level FIELD oThunderLevel to access PUBLIC and LEAVE
[03Apr2026 01:06:30.025] [main/DEBUG] [net.neoforged.accesstransformer.AccessTransformer/AXFORM]: Transforming net.minecraft.world.level.Level FIELD thunderLevel to access PUBLIC and LEAVE
[03Apr2026 01:06:30.026] [main/TRACE] [mixin/]: Added class metadata for net/minecraft/world/level/Level to metadata cache
[03Apr2026 01:06:30.026] [main/DEBUG] [net.neoforged.fml.common.asm.RuntimeDistCleaner/DISTXFORM]: Removing Class Annotation: dev/architectury/event/events/client/ClientLifecycleEvent$ClientState @Lnet/neoforged/api/distmarker/OnlyIn;
[03Apr2026 01:06:30.026] [main/TRACE] [mixin/]: Added class metadata for dev/architectury/event/events/client/ClientLifecycleEvent$ClientState to metadata cache
[03Apr2026 01:06:30.027] [main/TRACE] [mixin/]: Added class metadata for dev/architectury/event/events/common/LightningEvent$Strike to metadata cache
[03Apr2026 01:06:30.028] [main/DEBUG] [net.neoforged.accesstransformer.AccessTransformer/AXFORM]: Transforming net.minecraft.util.datafix.fixes.ItemStackComponentizationFix$ItemStackData CLASS to access PUBLIC and LEAVE
[03Apr2026 01:06:30.028] [main/TRACE] [mixin/]: Added class metadata for net/minecraft/util/datafix/fixes/ItemStackComponentizationFix$ItemStackData to metadata cache
[03Apr2026 01:06:30.029] [main/TRACE] [mixin/]: Added class metadata for com/mojang/datafixers/DataFix to metadata cache
[03Apr2026 01:06:30.029] [main/TRACE] [mixin/]: Added class metadata for com/mojang/datafixers/DSL$TypeReference to metadata cache
[03Apr2026 01:06:30.030] [main/TRACE] [mixin/]: Added class metadata for net/minecraft/world/level/biome/Climate$Parameter to metadata cache
[03Apr2026 01:06:30.030] [main/TRACE] [mixin/]: Added class metadata for net/minecraft/world/level/biome/Climate$ParameterPoint to metadata cache
[03Apr2026 01:06:30.031] [main/TRACE] [mixin/]: Added class metadata for igentuman/nc/handler/config/WorldConfig$BiomeConfig to metadata cache
[03Apr2026 01:06:30.031] [main/TRACE] [mixin/]: Added class metadata for net/neoforged/neoforge/common/ModConfigSpec$ConfigValue to metadata cache
[03Apr2026 01:06:30.031] [main/TRACE] [mixin/]: Added class metadata for igentuman/nc/handler/config/RadiationConfig$RadiationConf to metadata cache
[03Apr2026 01:06:30.032] [main/TRACE] [mixin/]: Added class metadata for net/minecraft/core/RegistryAccess$Frozen to metadata cache
[03Apr2026 01:06:30.033] [main/TRACE] [mixin/]: Added class metadata for net/minecraft/core/Holder$Reference to metadata cache
[03Apr2026 01:06:30.033] [main/TRACE] [mixin/]: Added class metadata for net/minecraft/core/HolderLookup$RegistryLookup to metadata cache
[03Apr2026 01:06:30.034] [main/TRACE] [mixin/]: Added class metadata for net/minecraft/world/level/storage/LevelStorageSource$LevelStorageAccess to metadata cache
[03Apr2026 01:06:30.034] [main/TRACE] [mixin/]: Added class metadata for net/neoforged/neoforge/event/level/LevelEvent$Load to metadata cache
[03Apr2026 01:06:30.034] [main/TRACE] [mixin/]: Added class metadata for net/minecraft/world/inventory/ItemCombinerMenu to metadata cache
[03Apr2026 01:06:30.035] [main/TRACE] [mixin/]: Added class metadata for net/minecraft/world/phys/HitResult$Type to metadata cache
[03Apr2026 01:06:30.035] [main/TRACE] [mixin/]: Added class metadata for appeng/thirdparty/fabric/SpriteFinderImpl$SpriteFinderAccess to metadata cache
[03Apr2026 01:06:30.035] [main/DEBUG] [net.neoforged.fml.common.asm.RuntimeDistCleaner/DISTXFORM]: Removing Class Annotation: net/minecraft/client/renderer/texture/SpriteLoader$Preparations @Lnet/neoforged/api/distmarker/OnlyIn;
[03Apr2026 01:06:30.035] [main/TRACE] [mixin/]: Added class metadata for net/minecraft/client/renderer/texture/SpriteLoader$Preparations to metadata cache
[03Apr2026 01:06:30.096] [main/DEBUG] [io.netty.util.internal.logging.InternalLoggerFactory/]: Using SLF4J as the default logging framework
[03Apr2026 01:06:30.097] [main/DEBUG] [io.netty.util.ResourceLeakDetector/]: -Dio.netty.leakDetection.level: simple
[03Apr2026 01:06:30.097] [main/DEBUG] [io.netty.util.ResourceLeakDetector/]: -Dio.netty.leakDetection.targetRecords: 4
[03Apr2026 01:06:30.149] [main/INFO] [net.neoforged.neoforge.data.loading.DatagenModLoader/]: Initializing Data Gatherer for mods [nuclearcraft]
[03Apr2026 01:06:30.154] [main/INFO] [MixinExtras|Service/]: Initializing MixinExtras via com.llamalad7.mixinextras.service.MixinExtrasServiceImpl(version=0.5.0).
[03Apr2026 01:06:30.154] [main/DEBUG] [mixin/]: Registering new injector for @SugarWrapper with com.llamalad7.mixinextras.sugar.impl.SugarWrapperInjectionInfo
[03Apr2026 01:06:30.155] [main/DEBUG] [mixin/]: Registering new injector for @FactoryRedirectWrapper with com.llamalad7.mixinextras.wrapper.factory.FactoryRedirectWrapperInjectionInfo
[03Apr2026 01:06:30.155] [main/DEBUG] [mixin/]: Registering new injector for @ExpressionInjectorWrapper with com.llamalad7.mixinextras.expression.impl.wrapper.ExpressionInjectorWrapperInjectionInfo
[03Apr2026 01:06:30.159] [main/DEBUG] [mixin/]: Mixing MappedRegistryAccessor from neoforge.mixins.json into net.minecraft.core.MappedRegistry
[03Apr2026 01:06:30.216] [main/DEBUG] [mixin/]: Mixing inject.MixinBlock from architectury-common.mixins.json into net.minecraft.world.level.block.Block
[03Apr2026 01:06:30.217] [main/DEBUG] [mixin/]: architectury-common.mixins.json:inject.MixinBlock from mod architectury: Class version 65 required is higher than the class version supported by the current version of Mixin (JAVA_16 supports class version 60)
[03Apr2026 01:06:30.266] [main/DEBUG] [mixin/]: Mixing ItemEntityMixin from ae2.mixins.json into net.minecraft.world.entity.item.ItemEntity
[03Apr2026 01:06:30.267] [main/DEBUG] [mixin/]: ae2.mixins.json:ItemEntityMixin from mod ae2: Class version 65 required is higher than the class version supported by the current version of Mixin (JAVA_11 supports class version 55)
[03Apr2026 01:06:30.267] [main/DEBUG] [mixin/]: Renaming synthetic method lambda$handleEntityTransform$0(Lnet/minecraft/world/level/material/FluidState;Lappeng/recipes/transform/TransformCircumstance;)Z to md07de6c$ae2$lambda$handleEntityTransform$0$0 in ae2.mixins.json:ItemEntityMixin from mod ae2
[03Apr2026 01:06:30.291] [main/DEBUG] [mixin/]: ae2.mixins.json:ItemEntityMixin from mod ae2->@Inject::handleExplosion(Lnet/minecraft/world/damagesource/DamageSource;FLorg/spongepowered/asm/mixin/injection/callback/CallbackInfoReturnable;)V does use it's CallbackInfoReturnable
[03Apr2026 01:06:30.291] [main/DEBUG] [mixin/]: ae2.mixins.json:ItemEntityMixin from mod ae2->@Inject::handleEntityTransform(Lorg/spongepowered/asm/mixin/injection/callback/CallbackInfo;)V doesn't use it's CallbackInfo
[03Apr2026 01:06:30.291] [main/DEBUG] [mixin/]: ae2.mixins.json:ItemEntityMixin from mod ae2->@Inject::handleEntityTransform(Lorg/spongepowered/asm/mixin/injection/callback/CallbackInfo;)V has 0 override(s) in child classes
[03Apr2026 01:06:30.291] [main/DEBUG] [mixin/]: ae2.mixins.json:ItemEntityMixin from mod ae2->@Inject::handleEntityTransform(Lorg/spongepowered/asm/mixin/injection/callback/CallbackInfo;)V won't be passed a CallbackInfo as a result
[03Apr2026 01:06:30.291] [main/DEBUG] [mixin/]: ae2.mixins.json:ItemEntityMixin from mod ae2->@Inject::handleEntityTransform(Lorg/spongepowered/asm/mixin/injection/callback/CallbackInfo;)V doesn't use it's CallbackInfo
[03Apr2026 01:06:30.292] [main/DEBUG] [mixin/]: ae2.mixins.json:ItemEntityMixin from mod ae2->@Inject::handleEntityTransform(Lorg/spongepowered/asm/mixin/injection/callback/CallbackInfo;)V has 0 override(s) in child classes
[03Apr2026 01:06:30.292] [main/DEBUG] [mixin/]: ae2.mixins.json:ItemEntityMixin from mod ae2->@Inject::handleEntityTransform(Lorg/spongepowered/asm/mixin/injection/callback/CallbackInfo;)V won't be passed a CallbackInfo as a result
[03Apr2026 01:06:30.385] [main/DEBUG] [mixin/]: Mixing neoforge.LiquidBlockAccessor from architectury.mixins.json into net.minecraft.world.level.block.LiquidBlock
[03Apr2026 01:06:30.385] [main/DEBUG] [mixin/]: architectury.mixins.json:neoforge.LiquidBlockAccessor from mod architectury: Class version 65 required is higher than the class version supported by the current version of Mixin (JAVA_16 supports class version 60)
[03Apr2026 01:06:30.385] [main/DEBUG] [mixin/]: Mixing inject.MixinLiquidBlock from architectury-common.mixins.json into net.minecraft.world.level.block.LiquidBlock
[03Apr2026 01:06:30.386] [main/DEBUG] [mixin/]: architectury-common.mixins.json:inject.MixinLiquidBlock from mod architectury: Class version 65 required is higher than the class version supported by the current version of Mixin (JAVA_16 supports class version 60)
[03Apr2026 01:06:30.446] [main/DEBUG] [mixin/]: Mixing LightningRodBlockMixin from nuclearcraft.mixins.json into net.minecraft.world.level.block.LightningRodBlock
[03Apr2026 01:06:30.450] [main/DEBUG] [mixin/]: nuclearcraft.mixins.json:LightningRodBlockMixin from mod nuclearcraft->@Inject::onLightningStrike(Lnet/minecraft/world/level/block/state/BlockState;Lnet/minecraft/world/level/Level;Lnet/minecraft/core/BlockPos;Lorg/spongepowered/asm/mixin/injection/callback/CallbackInfo;)V doesn't use it's CallbackInfo
[03Apr2026 01:06:30.450] [main/DEBUG] [mixin/]: nuclearcraft.mixins.json:LightningRodBlockMixin from mod nuclearcraft->@Inject::onLightningStrike(Lnet/minecraft/world/level/block/state/BlockState;Lnet/minecraft/world/level/Level;Lnet/minecraft/core/BlockPos;Lorg/spongepowered/asm/mixin/injection/callback/CallbackInfo;)V has 0 override(s) in child classes
[03Apr2026 01:06:30.450] [main/DEBUG] [mixin/]: nuclearcraft.mixins.json:LightningRodBlockMixin from mod nuclearcraft->@Inject::onLightningStrike(Lnet/minecraft/world/level/block/state/BlockState;Lnet/minecraft/world/level/Level;Lnet/minecraft/core/BlockPos;Lorg/spongepowered/asm/mixin/injection/callback/CallbackInfo;)V won't be passed a CallbackInfo as a result
[03Apr2026 01:06:30.483] [main/DEBUG] [mixin/]: Mixing inject.MixinEntityType from architectury-common.mixins.json into net.minecraft.world.entity.EntityType
[03Apr2026 01:06:30.483] [main/DEBUG] [mixin/]: architectury-common.mixins.json:inject.MixinEntityType from mod architectury: Class version 65 required is higher than the class version supported by the current version of Mixin (JAVA_16 supports class version 60)
[03Apr2026 01:06:30.500] [main/DEBUG] [mixin/]: Mixing inject.MixinFluid from architectury-common.mixins.json into net.minecraft.world.level.material.Fluid
[03Apr2026 01:06:30.500] [main/DEBUG] [mixin/]: architectury-common.mixins.json:inject.MixinFluid from mod architectury: Class version 65 required is higher than the class version supported by the current version of Mixin (JAVA_16 supports class version 60)
[03Apr2026 01:06:30.534] [main/DEBUG] [mixin/]: Mixing MixinFallingBlockEntity from architectury.mixins.json into net.minecraft.world.entity.item.FallingBlockEntity
[03Apr2026 01:06:30.534] [main/DEBUG] [mixin/]: architectury.mixins.json:MixinFallingBlockEntity from mod architectury: Class version 65 required is higher than the class version supported by the current version of Mixin (JAVA_16 supports class version 60)
[03Apr2026 01:06:30.546] [main/DEBUG] [mixin/]: architectury.mixins.json:MixinFallingBlockEntity from mod architectury->@Inject::handleLand(Lorg/spongepowered/asm/mixin/injection/callback/CallbackInfo;Lnet/minecraft/world/level/block/Block;Lnet/minecraft/core/BlockPos;ZZDLnet/minecraft/world/level/block/state/BlockState;)V doesn't use it's CallbackInfo
[03Apr2026 01:06:30.547] [main/DEBUG] [mixin/]: architectury.mixins.json:MixinFallingBlockEntity from mod architectury->@Inject::handleLand(Lorg/spongepowered/asm/mixin/injection/callback/CallbackInfo;Lnet/minecraft/world/level/block/Block;Lnet/minecraft/core/BlockPos;ZZDLnet/minecraft/world/level/block/state/BlockState;)V has 0 override(s) in child classes
[03Apr2026 01:06:30.547] [main/DEBUG] [mixin/]: architectury.mixins.json:MixinFallingBlockEntity from mod architectury->@Inject::handleLand(Lorg/spongepowered/asm/mixin/injection/callback/CallbackInfo;Lnet/minecraft/world/level/block/Block;Lnet/minecraft/core/BlockPos;ZZDLnet/minecraft/world/level/block/state/BlockState;)V won't be passed a CallbackInfo as a result
[03Apr2026 01:06:30.662] [main/DEBUG] [mixin/]: Mixing BlockEntityTypeAccessor from neoforge.mixins.json into net.minecraft.world.level.block.entity.BlockEntityType
[03Apr2026 01:06:30.739] [main/DEBUG] [mixin/]: Mixing ItemStackMixin from emi.mixins.json into net.minecraft.world.item.ItemStack
[03Apr2026 01:06:30.740] [main/DEBUG] [mixin/]: emi.mixins.json:ItemStackMixin from mod emi: Class version 65 required is higher than the class version supported by the current version of Mixin (JAVA_17 supports class version 61)
[03Apr2026 01:06:30.749] [main/DEBUG] [mixin/]: emi.mixins.json:ItemStackMixin from mod emi->@Inject::getTooltip(Lnet/minecraft/world/item/Item$TooltipContext;Lnet/minecraft/world/entity/player/Player;Lnet/minecraft/world/item/TooltipFlag;Lorg/spongepowered/asm/mixin/injection/callback/CallbackInfoReturnable;)V does use it's CallbackInfoReturnable
[03Apr2026 01:06:30.750] [main/DEBUG] [mixin/]: emi.mixins.json:ItemStackMixin from mod emi->@Inject::getTooltip(Lnet/minecraft/world/item/Item$TooltipContext;Lnet/minecraft/world/entity/player/Player;Lnet/minecraft/world/item/TooltipFlag;Lorg/spongepowered/asm/mixin/injection/callback/CallbackInfoReturnable;)V does use it's CallbackInfoReturnable
[03Apr2026 01:06:30.783] [main/DEBUG] [mixin/]: Mixing AnvilMenuMixin from ae2.mixins.json into net.minecraft.world.inventory.AnvilMenu
[03Apr2026 01:06:30.784] [main/DEBUG] [mixin/]: ae2.mixins.json:AnvilMenuMixin from mod ae2: Class version 65 required is higher than the class version supported by the current version of Mixin (JAVA_11 supports class version 55)
[03Apr2026 01:06:31.174] [main/DEBUG] [mixin/]: Mixing inject.MixinItem from architectury-common.mixins.json into net.minecraft.world.item.Item
[03Apr2026 01:06:31.174] [main/DEBUG] [mixin/]: architectury-common.mixins.json:inject.MixinItem from mod architectury: Class version 65 required is higher than the class version supported by the current version of Mixin (JAVA_16 supports class version 60)
[03Apr2026 01:06:31.177] [main/DEBUG] [mixin/]: architectury-common.mixins.json:inject.MixinItem from mod architectury->@Inject::init(Lnet/minecraft/world/item/Item$Properties;Lorg/spongepowered/asm/mixin/injection/callback/CallbackInfo;)V doesn't use it's CallbackInfo
[03Apr2026 01:06:31.177] [main/DEBUG] [mixin/]: architectury-common.mixins.json:inject.MixinItem from mod architectury->@Inject::init(Lnet/minecraft/world/item/Item$Properties;Lorg/spongepowered/asm/mixin/injection/callback/CallbackInfo;)V has 0 override(s) in child classes
[03Apr2026 01:06:31.177] [main/DEBUG] [mixin/]: architectury-common.mixins.json:inject.MixinItem from mod architectury->@Inject::init(Lnet/minecraft/world/item/Item$Properties;Lorg/spongepowered/asm/mixin/injection/callback/CallbackInfo;)V won't be passed a CallbackInfo as a result
[03Apr2026 01:06:31.182] [main/DEBUG] [mixin/]: Mixing accessor.ShovelItemAccessor from emi.mixins.json into net.minecraft.world.item.ShovelItem
[03Apr2026 01:06:31.183] [main/DEBUG] [mixin/]: emi.mixins.json:accessor.ShovelItemAccessor from mod emi: Class version 65 required is higher than the class version supported by the current version of Mixin (JAVA_17 supports class version 61)
[03Apr2026 01:06:31.183] [main/DEBUG] [mixin/]: Renaming @Accessor method getPathStates()Ljava/util/Map; to getPathStates$emi_$md$07de6c$0 in emi.mixins.json:accessor.ShovelItemAccessor from mod emi
[03Apr2026 01:06:31.184] [main/DEBUG] [mixin/]: Mixing accessor.AxeItemAccessor from emi.mixins.json into net.minecraft.world.item.AxeItem
[03Apr2026 01:06:31.184] [main/DEBUG] [mixin/]: emi.mixins.json:accessor.AxeItemAccessor from mod emi: Class version 65 required is higher than the class version supported by the current version of Mixin (JAVA_17 supports class version 61)
[03Apr2026 01:06:31.185] [main/DEBUG] [mixin/]: Renaming @Accessor method getStrippedBlocks()Ljava/util/Map; to getStrippedBlocks$emi_$md$07de6c$0 in emi.mixins.json:accessor.AxeItemAccessor from mod emi
[03Apr2026 01:06:31.185] [main/DEBUG] [mixin/]: Mixing accessor.HoeItemAccessor from emi.mixins.json into net.minecraft.world.item.HoeItem
[03Apr2026 01:06:31.185] [main/DEBUG] [mixin/]: emi.mixins.json:accessor.HoeItemAccessor from mod emi: Class version 65 required is higher than the class version supported by the current version of Mixin (JAVA_17 supports class version 61)
[03Apr2026 01:06:31.185] [main/DEBUG] [mixin/]: Renaming @Accessor method getTillingActions()Ljava/util/Map; to getTillingActions$emi_$md$07de6c$0 in emi.mixins.json:accessor.HoeItemAccessor from mod emi
[03Apr2026 01:06:31.186] [main/DEBUG] [mixin/]: Mixing HoeItemMixin from emi.mixins.json into net.minecraft.world.item.HoeItem
[03Apr2026 01:06:31.186] [main/DEBUG] [mixin/]: emi.mixins.json:HoeItemMixin from mod emi: Class version 65 required is higher than the class version supported by the current version of Mixin (JAVA_17 supports class version 61)
[03Apr2026 01:06:31.189] [main/DEBUG] [mixin/]: emi.mixins.json:HoeItemMixin from mod emi->@Inject::createTillAction(Lnet/minecraft/world/level/block/state/BlockState;Lorg/spongepowered/asm/mixin/injection/callback/CallbackInfoReturnable;)V does use it's CallbackInfoReturnable
[03Apr2026 01:06:31.189] [main/DEBUG] [mixin/]: emi.mixins.json:HoeItemMixin from mod emi->@Inject::createTillAndDropAction(Lnet/minecraft/world/level/block/state/BlockState;Lnet/minecraft/world/level/ItemLike;Lorg/spongepowered/asm/mixin/injection/callback/CallbackInfoReturnable;)V does use it's CallbackInfoReturnable
[03Apr2026 01:06:31.191] [main/DEBUG] [mixin/]: Mixing neoforge.MixinBucketItem from architectury.mixins.json into net.minecraft.world.item.BucketItem
[03Apr2026 01:06:31.191] [main/DEBUG] [mixin/]: architectury.mixins.json:neoforge.MixinBucketItem from mod architectury: Class version 65 required is higher than the class version supported by the current version of Mixin (JAVA_16 supports class version 60)
[03Apr2026 01:06:31.192] [main/DEBUG] [mixin/]: Mixing neoforge.BucketItemAccessor from architectury.mixins.json into net.minecraft.world.item.BucketItem
[03Apr2026 01:06:31.192] [main/DEBUG] [mixin/]: architectury.mixins.json:neoforge.BucketItemAccessor from mod architectury: Class version 65 required is higher than the class version supported by the current version of Mixin (JAVA_16 supports class version 60)
[03Apr2026 01:06:31.192] [main/DEBUG] [mixin/]: Mixing inject.MixinBucketItem from architectury-common.mixins.json into net.minecraft.world.item.BucketItem
[03Apr2026 01:06:31.192] [main/DEBUG] [mixin/]: architectury-common.mixins.json:inject.MixinBucketItem from mod architectury: Class version 65 required is higher than the class version supported by the current version of Mixin (JAVA_16 supports class version 60)
[03Apr2026 01:06:31.197] [main/DEBUG] [mixin/]: architectury.mixins.json:neoforge.MixinBucketItem from mod architectury->@Inject::fillBucket(Lnet/minecraft/world/level/Level;Lnet/minecraft/world/entity/player/Player;Lnet/minecraft/world/InteractionHand;Lorg/spongepowered/asm/mixin/injection/callback/CallbackInfoReturnable;Lnet/minecraft/world/item/ItemStack;Lnet/minecraft/world/phys/BlockHitResult;)V does use it's CallbackInfoReturnable
[03Apr2026 01:06:31.218] [main/DEBUG] [mixin/]: Mixing inject.MixinItemProperties from architectury-common.mixins.json into net.minecraft.world.item.Item$Properties
[03Apr2026 01:06:31.218] [main/DEBUG] [mixin/]: architectury-common.mixins.json:inject.MixinItemProperties from mod architectury: Class version 65 required is higher than the class version supported by the current version of Mixin (JAVA_16 supports class version 60)
[03Apr2026 01:06:31.243] [main/DEBUG] [io.netty.util.internal.PlatformDependent0/]: -Dio.netty.noUnsafe: false
[03Apr2026 01:06:31.243] [main/DEBUG] [io.netty.util.internal.PlatformDependent0/]: Java version: 21
[03Apr2026 01:06:31.243] [main/DEBUG] [io.netty.util.internal.PlatformDependent0/]: sun.misc.Unsafe.theUnsafe: available
[03Apr2026 01:06:31.244] [main/DEBUG] [io.netty.util.internal.PlatformDependent0/]: sun.misc.Unsafe.copyMemory: available
[03Apr2026 01:06:31.244] [main/DEBUG] [io.netty.util.internal.PlatformDependent0/]: sun.misc.Unsafe.storeFence: available
[03Apr2026 01:06:31.244] [main/DEBUG] [io.netty.util.internal.PlatformDependent0/]: java.nio.Buffer.address: available
[03Apr2026 01:06:31.244] [main/DEBUG] [io.netty.util.internal.PlatformDependent0/]: java.nio.Bits.unaligned: available, true
[03Apr2026 01:06:31.245] [main/DEBUG] [io.netty.util.internal.PlatformDependent0/]: java.nio.DirectByteBuffer.<init>(long, {int,long}): unavailable
[03Apr2026 01:06:31.245] [main/DEBUG] [io.netty.util.internal.PlatformDependent/]: sun.misc.Unsafe: available
[03Apr2026 01:06:31.245] [main/DEBUG] [io.netty.util.internal.PlatformDependent/]: maxDirectMemory: 31675383808 bytes (maybe)
[03Apr2026 01:06:31.246] [main/DEBUG] [io.netty.util.internal.PlatformDependent/]: -Dio.netty.tmpdir: /var/folders/63/6v88q5nn1vq4hhzms1q75t680000gn/T (java.io.tmpdir)
[03Apr2026 01:06:31.246] [main/DEBUG] [io.netty.util.internal.PlatformDependent/]: -Dio.netty.bitMode: 64 (sun.arch.data.model)
[03Apr2026 01:06:31.246] [main/DEBUG] [io.netty.util.internal.PlatformDependent/]: Platform: MacOS
[03Apr2026 01:06:31.246] [main/DEBUG] [io.netty.util.internal.PlatformDependent/]: -Dio.netty.maxDirectMemory: -1 bytes
[03Apr2026 01:06:31.246] [main/DEBUG] [io.netty.util.internal.PlatformDependent/]: -Dio.netty.uninitializedArrayAllocationThreshold: -1
[03Apr2026 01:06:31.247] [main/DEBUG] [io.netty.util.internal.CleanerJava9/]: java.nio.ByteBuffer.cleaner(): available
[03Apr2026 01:06:31.247] [main/DEBUG] [io.netty.util.internal.PlatformDependent/]: -Dio.netty.noPreferDirect: false
[03Apr2026 01:06:31.334] [main/DEBUG] [mixin/]: Mixing DataFixersMixin from computercraft.mixins.json into net.minecraft.util.datafix.DataFixers
[03Apr2026 01:06:31.375] [main/DEBUG] [mixin/]: Mixing ItemStackComponentizationFixMixin from computercraft.mixins.json into net.minecraft.util.datafix.fixes.ItemStackComponentizationFix
[03Apr2026 01:06:31.376] [main/DEBUG] [mixin/]: computercraft.mixins.json:ItemStackComponentizationFixMixin from mod computercraft->@Inject::fixItemStack(Lnet/minecraft/util/datafix/fixes/ItemStackComponentizationFix$ItemStackData;Lcom/mojang/serialization/Dynamic;Lorg/spongepowered/asm/mixin/injection/callback/CallbackInfo;)V doesn't use it's CallbackInfo
[03Apr2026 01:06:31.499] [main/DEBUG] [mixin/]: Mixing V1460Mixin from computercraft.mixins.json into net.minecraft.util.datafix.schemas.V1460
[03Apr2026 01:06:31.499] [main/DEBUG] [mixin/]: Renaming synthetic method lambda$registerTurtle$1(Lcom/mojang/datafixers/schemas/Schema;)Lcom/mojang/datafixers/types/templates/TypeTemplate; to md07de6c$computercraft$lambda$registerTurtle$1$0 in computercraft.mixins.json:V1460Mixin from mod computercraft
[03Apr2026 01:06:31.499] [main/DEBUG] [mixin/]: Renaming synthetic method lambda$registerBlockEntities$0(Lcom/mojang/datafixers/schemas/Schema;)Lcom/mojang/datafixers/types/templates/TypeTemplate; to md07de6c$computercraft$lambda$registerBlockEntities$0$1 in computercraft.mixins.json:V1460Mixin from mod computercraft
[03Apr2026 01:06:31.502] [main/DEBUG] [mixin/]: computercraft.mixins.json:V1460Mixin from mod computercraft->@Inject::registerBlockEntities(Lcom/mojang/datafixers/schemas/Schema;Lorg/spongepowered/asm/mixin/injection/callback/CallbackInfoReturnable;)V does use it's CallbackInfoReturnable
[03Apr2026 01:06:31.581] [main/DEBUG] [mixin/]: Mixing V3818_3Mixin from computercraft.forge.mixins.json into net.minecraft.util.datafix.schemas.V3818_3
[03Apr2026 01:06:31.662] [main/DEBUG] [mixin/]: Mixing MixinLightningBolt from architectury-common.mixins.json into net.minecraft.world.entity.LightningBolt
[03Apr2026 01:06:31.663] [main/DEBUG] [mixin/]: architectury-common.mixins.json:MixinLightningBolt from mod architectury: Class version 65 required is higher than the class version supported by the current version of Mixin (JAVA_16 supports class version 60)
[03Apr2026 01:06:31.667] [main/DEBUG] [mixin/]: architectury-common.mixins.json:MixinLightningBolt from mod architectury->@Inject::handleLightning(Lorg/spongepowered/asm/mixin/injection/callback/CallbackInfo;Ljava/util/List;)V doesn't use it's CallbackInfo
[03Apr2026 01:06:31.667] [main/DEBUG] [mixin/]: architectury-common.mixins.json:MixinLightningBolt from mod architectury->@Inject::handleLightning(Lorg/spongepowered/asm/mixin/injection/callback/CallbackInfo;Ljava/util/List;)V has 0 override(s) in child classes
[03Apr2026 01:06:31.667] [main/DEBUG] [mixin/]: architectury-common.mixins.json:MixinLightningBolt from mod architectury->@Inject::handleLightning(Lorg/spongepowered/asm/mixin/injection/callback/CallbackInfo;Ljava/util/List;)V won't be passed a CallbackInfo as a result
[03Apr2026 01:06:31.732] [main/DEBUG] [mixin/]: Mixing inject.MixinFoodPropertiesBuilder from architectury-common.mixins.json into net.minecraft.world.food.FoodProperties$Builder
[03Apr2026 01:06:31.732] [main/DEBUG] [mixin/]: architectury-common.mixins.json:inject.MixinFoodPropertiesBuilder from mod architectury: Class version 65 required is higher than the class version supported by the current version of Mixin (JAVA_16 supports class version 60)
[03Apr2026 01:06:31.963] [main/DEBUG] [mixin/]: Mixing MixinInventory from architectury.mixins.json into net.minecraft.world.entity.player.Inventory
[03Apr2026 01:06:31.963] [main/DEBUG] [mixin/]: architectury.mixins.json:MixinInventory from mod architectury: Class version 65 required is higher than the class version supported by the current version of Mixin (JAVA_16 supports class version 60)
[03Apr2026 01:06:31.965] [main/DEBUG] [mixin/]: architectury.mixins.json:MixinInventory from mod architectury->@Inject::updateItems(Lorg/spongepowered/asm/mixin/injection/callback/CallbackInfo;)V doesn't use it's CallbackInfo
[03Apr2026 01:06:31.965] [main/DEBUG] [mixin/]: architectury.mixins.json:MixinInventory from mod architectury->@Inject::updateItems(Lorg/spongepowered/asm/mixin/injection/callback/CallbackInfo;)V has 0 override(s) in child classes
[03Apr2026 01:06:31.965] [main/DEBUG] [mixin/]: architectury.mixins.json:MixinInventory from mod architectury->@Inject::updateItems(Lorg/spongepowered/asm/mixin/injection/callback/CallbackInfo;)V won't be passed a CallbackInfo as a result
[03Apr2026 01:06:31.968] [main/DEBUG] [mixin/]: Mixing accessor.CraftingResultSlotAccessor from emi.mixins.json into net.minecraft.world.inventory.ResultSlot
[03Apr2026 01:06:31.969] [main/DEBUG] [mixin/]: emi.mixins.json:accessor.CraftingResultSlotAccessor from mod emi: Class version 65 required is higher than the class version supported by the current version of Mixin (JAVA_17 supports class version 61)
[03Apr2026 01:06:31.969] [main/DEBUG] [mixin/]: Mixing CraftingResultSlotMixin from emi.mixins.json into net.minecraft.world.inventory.ResultSlot
[03Apr2026 01:06:31.969] [main/DEBUG] [mixin/]: emi.mixins.json:CraftingResultSlotMixin from mod emi: Class version 65 required is higher than the class version supported by the current version of Mixin (JAVA_17 supports class version 61)
[03Apr2026 01:06:31.975] [main/DEBUG] [mixin/]: emi.mixins.json:CraftingResultSlotMixin from mod emi->@Inject::onCrafted(Lnet/minecraft/world/item/ItemStack;Lorg/spongepowered/asm/mixin/injection/callback/CallbackInfo;)V doesn't use it's CallbackInfo
[03Apr2026 01:06:31.975] [main/DEBUG] [mixin/]: emi.mixins.json:CraftingResultSlotMixin from mod emi->@Inject::onCrafted(Lnet/minecraft/world/item/ItemStack;Lorg/spongepowered/asm/mixin/injection/callback/CallbackInfo;)V has 0 override(s) in child classes
[03Apr2026 01:06:31.975] [main/DEBUG] [mixin/]: emi.mixins.json:CraftingResultSlotMixin from mod emi->@Inject::onCrafted(Lnet/minecraft/world/item/ItemStack;Lorg/spongepowered/asm/mixin/injection/callback/CallbackInfo;)V won't be passed a CallbackInfo as a result
[03Apr2026 01:06:31.992] [main/DEBUG] [mixin/]: Mixing accessor.SmithingTransformRecipeAccessor from emi.mixins.json into net.minecraft.world.item.crafting.SmithingTransformRecipe
[03Apr2026 01:06:31.992] [main/DEBUG] [mixin/]: emi.mixins.json:accessor.SmithingTransformRecipeAccessor from mod emi: Class version 65 required is higher than the class version supported by the current version of Mixin (JAVA_17 supports class version 61)
[03Apr2026 01:06:31.992] [main/DEBUG] [mixin/]: Mixing AccessorSmithingTransformRecipe from patchouli_xplat.mixins.json into net.minecraft.world.item.crafting.SmithingTransformRecipe
[03Apr2026 01:06:31.993] [main/DEBUG] [mixin/]: Unexpected: Registered method getTemplate()Lnet/minecraft/world/item/crafting/Ingredient; in net.minecraft.world.item.crafting.SmithingTransformRecipe was not merged
[03Apr2026 01:06:31.993] [main/DEBUG] [mixin/]: Unexpected: Registered method getBase()Lnet/minecraft/world/item/crafting/Ingredient; in net.minecraft.world.item.crafting.SmithingTransformRecipe was not merged
[03Apr2026 01:06:31.993] [main/DEBUG] [mixin/]: Unexpected: Registered method getAddition()Lnet/minecraft/world/item/crafting/Ingredient; in net.minecraft.world.item.crafting.SmithingTransformRecipe was not merged
[03Apr2026 01:06:31.994] [main/DEBUG] [mixin/]: Mixing accessor.SmithingTrimRecipeAccessor from emi.mixins.json into net.minecraft.world.item.crafting.SmithingTrimRecipe
[03Apr2026 01:06:31.994] [main/DEBUG] [mixin/]: emi.mixins.json:accessor.SmithingTrimRecipeAccessor from mod emi: Class version 65 required is higher than the class version supported by the current version of Mixin (JAVA_17 supports class version 61)
[03Apr2026 01:06:31.994] [main/DEBUG] [mixin/]: Mixing AccessorSmithingTrimRecipe from patchouli_xplat.mixins.json into net.minecraft.world.item.crafting.SmithingTrimRecipe
[03Apr2026 01:06:31.995] [main/DEBUG] [mixin/]: Unexpected: Registered method getTemplate()Lnet/minecraft/world/item/crafting/Ingredient; in net.minecraft.world.item.crafting.SmithingTrimRecipe was not merged
[03Apr2026 01:06:31.995] [main/DEBUG] [mixin/]: Unexpected: Registered method getBase()Lnet/minecraft/world/item/crafting/Ingredient; in net.minecraft.world.item.crafting.SmithingTrimRecipe was not merged
[03Apr2026 01:06:31.995] [main/DEBUG] [mixin/]: Unexpected: Registered method getAddition()Lnet/minecraft/world/item/crafting/Ingredient; in net.minecraft.world.item.crafting.SmithingTrimRecipe was not merged
[03Apr2026 01:06:32.178] [main/DEBUG] [mixin/]: Mixing TemplatePoolAccess from nuclearcraft.mixins.json into net.minecraft.world.level.levelgen.structure.pools.StructureTemplatePool
[03Apr2026 01:06:32.309] [main/DEBUG] [net.neoforged.neoforge.registries.GameData/REGISTRIES]: Creating vanilla freeze snapshot
[03Apr2026 01:06:32.324] [main/DEBUG] [net.neoforged.neoforge.registries.GameData/REGISTRIES]: Vanilla freeze snapshot created
[03Apr2026 01:06:32.325] [main/DEBUG] [net.neoforged.fml.ModWorkManager/LOADING]: Using 32 threads for parallel mod-loading
[03Apr2026 01:06:32.331] [main/DEBUG] [net.neoforged.fml.javafmlmod.FMLModContainer/LOADING]: Creating FMLModContainer instance for [dev.emi.emi.platform.neoforge.EmiNeoForge]
[03Apr2026 01:06:32.333] [main/DEBUG] [net.neoforged.fml.javafmlmod.FMLModContainer/LOADING]: Creating FMLModContainer instance for [mcjty.theoneprobe.TheOneProbe]
[03Apr2026 01:06:32.334] [main/DEBUG] [net.neoforged.fml.javafmlmod.FMLModContainer/LOADING]: Creating FMLModContainer instance for [mekanism.common.Mekanism, mekanism.client.MekanismClient]
[03Apr2026 01:06:32.336] [main/DEBUG] [net.neoforged.fml.javafmlmod.FMLModContainer/LOADING]: Creating FMLModContainer instance for [vazkii.patchouli.neoforge.common.NeoForgeModInitializer]
[03Apr2026 01:06:32.337] [main/DEBUG] [net.neoforged.fml.javafmlmod.FMLModContainer/LOADING]: Creating FMLModContainer instance for [guideme.internal.GuideME, guideme.internal.GuideMEClient]
[03Apr2026 01:06:32.337] [main/DEBUG] [net.neoforged.fml.javafmlmod.FMLModContainer/LOADING]: Creating FMLModContainer instance for [dev.architectury.neoforge.ArchitecturyNeoForge]
[03Apr2026 01:06:32.338] [main/DEBUG] [net.neoforged.fml.javafmlmod.FMLModContainer/LOADING]: Creating FMLModContainer instance for [dan200.computercraft.ComputerCraft]
[03Apr2026 01:06:32.338] [main/DEBUG] [net.neoforged.fml.javafmlmod.FMLModContainer/LOADING]: Creating FMLModContainer instance for [net.neoforged.neoforge.common.NeoForgeMod, net.neoforged.neoforge.client.ClientNeoForgeMod]
[03Apr2026 01:06:32.340] [main/DEBUG] [net.neoforged.fml.javafmlmod.FMLModContainer/LOADING]: Creating FMLModContainer instance for [igentuman.nc.NuclearCraft]
[03Apr2026 01:06:32.340] [main/DEBUG] [net.neoforged.fml.javafmlmod.FMLModContainer/LOADING]: Creating FMLModContainer instance for [mekanism.generators.common.MekanismGenerators, mekanism.generators.client.GeneratorsClient]
[03Apr2026 01:06:32.341] [main/DEBUG] [net.neoforged.fml.javafmlmod.FMLModContainer/LOADING]: Creating FMLModContainer instance for [appeng.core.AppEngClient]
[03Apr2026 01:06:32.346] [modloading-worker-0/INFO] [igentuman.nc.NuclearCraft/]: JAR file path: /Users/caliane/Sources/nuclearcraft/build/resources/main
[03Apr2026 01:06:32.348] [modloading-worker-0/INFO] [igentuman.nc.NuclearCraft/]: JAR file path: /Users/caliane/Sources/nuclearcraft/build/resources/main
[03Apr2026 01:06:32.348] [modloading-worker-0/DEBUG] [mixin/]: Mixing MixinClientLevel from architectury.mixins.json into net.minecraft.client.multiplayer.ClientLevel
[03Apr2026 01:06:32.348] [modloading-worker-0/DEBUG] [mixin/]: architectury.mixins.json:MixinClientLevel from mod architectury: Class version 65 required is higher than the class version supported by the current version of Mixin (JAVA_16 supports class version 60)
[03Apr2026 01:06:32.349] [modloading-worker-0/INFO] [igentuman.nc.NuclearCraft/]: JAR file path: /Users/caliane/Sources/nuclearcraft/build/resources/main
[03Apr2026 01:06:32.352] [modloading-worker-0/DEBUG] [mixin/]: architectury.mixins.json:MixinClientLevel from mod architectury->@Inject::tickEntities(Lorg/spongepowered/asm/mixin/injection/callback/CallbackInfo;)V doesn't use it's CallbackInfo
[03Apr2026 01:06:32.352] [modloading-worker-0/DEBUG] [mixin/]: architectury.mixins.json:MixinClientLevel from mod architectury->@Inject::tickEntities(Lorg/spongepowered/asm/mixin/injection/callback/CallbackInfo;)V has 0 override(s) in child classes
[03Apr2026 01:06:32.352] [modloading-worker-0/DEBUG] [mixin/]: architectury.mixins.json:MixinClientLevel from mod architectury->@Inject::tickEntities(Lorg/spongepowered/asm/mixin/injection/callback/CallbackInfo;)V won't be passed a CallbackInfo as a result
[03Apr2026 01:06:32.352] [modloading-worker-0/DEBUG] [mixin/]: architectury.mixins.json:MixinClientLevel from mod architectury->@Inject::tickEntitiesPost(Lorg/spongepowered/asm/mixin/injection/callback/CallbackInfo;)V doesn't use it's CallbackInfo
[03Apr2026 01:06:32.352] [modloading-worker-0/DEBUG] [mixin/]: architectury.mixins.json:MixinClientLevel from mod architectury->@Inject::tickEntitiesPost(Lorg/spongepowered/asm/mixin/injection/callback/CallbackInfo;)V has 0 override(s) in child classes
[03Apr2026 01:06:32.352] [modloading-worker-0/DEBUG] [mixin/]: architectury.mixins.json:MixinClientLevel from mod architectury->@Inject::tickEntitiesPost(Lorg/spongepowered/asm/mixin/injection/callback/CallbackInfo;)V won't be passed a CallbackInfo as a result
[03Apr2026 01:06:32.353] [modloading-worker-0/DEBUG] [net.neoforged.fml.javafmlmod.AutomaticEventSubscriber/LOADING]: Attempting to inject @EventBusSubscriber classes into the eventbus for emi
[03Apr2026 01:06:32.355] [modloading-worker-0/DEBUG] [net.neoforged.fml.javafmlmod.AutomaticEventSubscriber/LOADING]: Scanning class dev.emi.emi.platform.neoforge.EmiClientNeoForge for @SubscribeEvent-annotated methods
[03Apr2026 01:06:32.356] [modloading-worker-0/DEBUG] [mixin/]: Mixing ScreenMixin from emi.mixins.json into net.minecraft.client.gui.screens.Screen
[03Apr2026 01:06:32.356] [modloading-worker-0/DEBUG] [mixin/]: emi.mixins.json:ScreenMixin from mod emi: Class version 65 required is higher than the class version supported by the current version of Mixin (JAVA_17 supports class version 61)
[03Apr2026 01:06:32.357] [modloading-worker-0/DEBUG] [net.neoforged.fml.config.ConfigTracker/CONFIG]: Config file NuclearCraft/client.toml for nuclearcraft tracking
[03Apr2026 01:06:32.357] [modloading-worker-0/DEBUG] [mixin/]: Mixing client.AccessorScreen from patchouli_xplat.mixins.json into net.minecraft.client.gui.screens.Screen
[03Apr2026 01:06:32.358] [modloading-worker-0/DEBUG] [mixin/]: Mixing WrappedGenericStackTooltipModIdMixin from ae2.mixins.json into net.minecraft.client.gui.screens.Screen
[03Apr2026 01:06:32.358] [modloading-worker-0/DEBUG] [mixin/]: ae2.mixins.json:WrappedGenericStackTooltipModIdMixin from mod ae2: Class version 65 required is higher than the class version supported by the current version of Mixin (JAVA_11 supports class version 55)
[03Apr2026 01:06:32.360] [modloading-worker-0/DEBUG] [mixin/]: emi.mixins.json:ScreenMixin from mod emi->@Inject::init(Lnet/minecraft/client/Minecraft;IILorg/spongepowered/asm/mixin/injection/callback/CallbackInfo;)V doesn't use it's CallbackInfo
[03Apr2026 01:06:32.360] [modloading-worker-0/DEBUG] [mixin/]: emi.mixins.json:ScreenMixin from mod emi->@Inject::init(Lnet/minecraft/client/Minecraft;IILorg/spongepowered/asm/mixin/injection/callback/CallbackInfo;)V has 0 override(s) in child classes
[03Apr2026 01:06:32.360] [modloading-worker-0/DEBUG] [mixin/]: emi.mixins.json:ScreenMixin from mod emi->@Inject::init(Lnet/minecraft/client/Minecraft;IILorg/spongepowered/asm/mixin/injection/callback/CallbackInfo;)V won't be passed a CallbackInfo as a result
[03Apr2026 01:06:32.360] [modloading-worker-0/DEBUG] [mixin/]: emi.mixins.json:ScreenMixin from mod emi->@Inject::resize(Lnet/minecraft/client/Minecraft;IILorg/spongepowered/asm/mixin/injection/callback/CallbackInfo;)V doesn't use it's CallbackInfo
[03Apr2026 01:06:32.360] [modloading-worker-0/DEBUG] [mixin/]: emi.mixins.json:ScreenMixin from mod emi->@Inject::resize(Lnet/minecraft/client/Minecraft;IILorg/spongepowered/asm/mixin/injection/callback/CallbackInfo;)V has 0 override(s) in child classes
[03Apr2026 01:06:32.360] [modloading-worker-0/DEBUG] [mixin/]: emi.mixins.json:ScreenMixin from mod emi->@Inject::resize(Lnet/minecraft/client/Minecraft;IILorg/spongepowered/asm/mixin/injection/callback/CallbackInfo;)V won't be passed a CallbackInfo as a result
[03Apr2026 01:06:32.360] [modloading-worker-0/DEBUG] [mixin/]: ae2.mixins.json:WrappedGenericStackTooltipModIdMixin from mod ae2->@Inject::getTooltipFromItem(Lnet/minecraft/client/Minecraft;Lnet/minecraft/world/item/ItemStack;Lorg/spongepowered/asm/mixin/injection/callback/CallbackInfoReturnable;)V does use it's CallbackInfoReturnable
[03Apr2026 01:06:32.362] [modloading-worker-0/DEBUG] [net.neoforged.fml.config.ConfigTracker/CONFIG]: Config file patchouli-client.toml for patchouli tracking
[03Apr2026 01:06:32.363] [modloading-worker-0/DEBUG] [net.neoforged.fml.javafmlmod.AutomaticEventSubscriber/LOADING]: Attempting to inject @EventBusSubscriber classes into the eventbus for patchouli
[03Apr2026 01:06:32.363] [modloading-worker-0/DEBUG] [net.neoforged.fml.config.ConfigTracker/CONFIG]: Config file theoneprobe-client.toml for theoneprobe tracking
[03Apr2026 01:06:32.363] [modloading-worker-0/DEBUG] [net.neoforged.fml.javafmlmod.AutomaticEventSubscriber/LOADING]: Scanning class vazkii.patchouli.neoforge.client.NeoForgeClientInitializer for @SubscribeEvent-annotated methods
[03Apr2026 01:06:32.363] [modloading-worker-0/DEBUG] [net.neoforged.fml.config.ConfigTracker/CONFIG]: Config file theoneprobe-common.toml for theoneprobe tracking
[03Apr2026 01:06:32.364] [modloading-worker-0/DEBUG] [net.neoforged.neoforge.internal.versions.neoforge.NeoForgeVersion/CORE]: Found NeoForge version 21.1.219
[03Apr2026 01:06:32.364] [modloading-worker-0/DEBUG] [net.neoforged.neoforge.internal.versions.neoforge.NeoForgeVersion/CORE]: Found FML version 4.0.42
[03Apr2026 01:06:32.364] [modloading-worker-0/INFO] [net.neoforged.neoforge.common.NeoForgeMod/NEOFORGE-MOD]: NeoForge mod loading, version 21.1.219, for MC 1.21.1
[03Apr2026 01:06:32.366] [modloading-worker-0/DEBUG] [mixin/]: Mixing MixinLevelEvent from architectury.mixins.json into net.neoforged.neoforge.event.level.LevelEvent
[03Apr2026 01:06:32.366] [modloading-worker-0/DEBUG] [mixin/]: architectury.mixins.json:MixinLevelEvent from mod architectury: Class version 65 required is higher than the class version supported by the current version of Mixin (JAVA_16 supports class version 60)
[03Apr2026 01:06:32.368] [modloading-worker-0/DEBUG] [mixin/]: Mixing accessor.HandledScreenAccessor from emi.mixins.json into net.minecraft.client.gui.screens.inventory.AbstractContainerScreen
[03Apr2026 01:06:32.369] [modloading-worker-0/DEBUG] [mixin/]: emi.mixins.json:accessor.HandledScreenAccessor from mod emi: Class version 65 required is higher than the class version supported by the current version of Mixin (JAVA_17 supports class version 61)
[03Apr2026 01:06:32.369] [modloading-worker-0/DEBUG] [mixin/]: Mixing HandledScreenMixin from emi.mixins.json into net.minecraft.client.gui.screens.inventory.AbstractContainerScreen
[03Apr2026 01:06:32.369] [modloading-worker-0/DEBUG] [mixin/]: emi.mixins.json:HandledScreenMixin from mod emi: Class version 65 required is higher than the class version supported by the current version of Mixin (JAVA_17 supports class version 61)
[03Apr2026 01:06:32.371] [modloading-worker-0/DEBUG] [mixin/]: Mixing AbstractContainerScreenMixin from ae2.mixins.json into net.minecraft.client.gui.screens.inventory.AbstractContainerScreen
[03Apr2026 01:06:32.371] [modloading-worker-0/DEBUG] [mixin/]: ae2.mixins.json:AbstractContainerScreenMixin from mod ae2: Class version 65 required is higher than the class version supported by the current version of Mixin (JAVA_11 supports class version 55)
[03Apr2026 01:06:32.375] [modloading-worker-0/DEBUG] [mixin/]: emi.mixins.json:HandledScreenMixin from mod emi->@Inject::renderBackground(Lnet/minecraft/client/gui/GuiGraphics;IIFLorg/spongepowered/asm/mixin/injection/callback/CallbackInfo;)V doesn't use it's CallbackInfo
[03Apr2026 01:06:32.375] [modloading-worker-0/DEBUG] [mixin/]: emi.mixins.json:HandledScreenMixin from mod emi->@Inject::renderBackground(Lnet/minecraft/client/gui/GuiGraphics;IIFLorg/spongepowered/asm/mixin/injection/callback/CallbackInfo;)V has 0 override(s) in child classes
[03Apr2026 01:06:32.375] [modloading-worker-0/DEBUG] [mixin/]: emi.mixins.json:HandledScreenMixin from mod emi->@Inject::renderBackground(Lnet/minecraft/client/gui/GuiGraphics;IIFLorg/spongepowered/asm/mixin/injection/callback/CallbackInfo;)V won't be passed a CallbackInfo as a result
[03Apr2026 01:06:32.375] [modloading-worker-0/DEBUG] [mixin/]: emi.mixins.json:HandledScreenMixin from mod emi->@Inject::renderForeground(Lnet/minecraft/client/gui/GuiGraphics;IIFLorg/spongepowered/asm/mixin/injection/callback/CallbackInfo;)V doesn't use it's CallbackInfo
[03Apr2026 01:06:32.375] [modloading-worker-0/DEBUG] [mixin/]: emi.mixins.json:HandledScreenMixin from mod emi->@Inject::renderForeground(Lnet/minecraft/client/gui/GuiGraphics;IIFLorg/spongepowered/asm/mixin/injection/callback/CallbackInfo;)V has 0 override(s) in child classes
[03Apr2026 01:06:32.375] [modloading-worker-0/DEBUG] [mixin/]: emi.mixins.json:HandledScreenMixin from mod emi->@Inject::renderForeground(Lnet/minecraft/client/gui/GuiGraphics;IIFLorg/spongepowered/asm/mixin/injection/callback/CallbackInfo;)V won't be passed a CallbackInfo as a result
[03Apr2026 01:06:32.379] [modloading-worker-0/DEBUG] [net.neoforged.fml.javafmlmod.AutomaticEventSubscriber/LOADING]: Attempting to inject @EventBusSubscriber classes into the eventbus for theoneprobe
[03Apr2026 01:06:32.379] [modloading-worker-0/DEBUG] [net.neoforged.fml.javafmlmod.AutomaticEventSubscriber/LOADING]: Scanning class mcjty.theoneprobe.config.ConfigReload for @SubscribeEvent-annotated methods
[03Apr2026 01:06:32.379] [modloading-worker-0/DEBUG] [net.neoforged.fml.javafmlmod.AutomaticEventSubscriber/]: Subscribing @EventBusSubscriber class Lvazkii/patchouli/neoforge/client/NeoForgeClientInitializer; to the mod event bus of mod patchouli
[03Apr2026 01:06:32.379] [modloading-worker-0/DEBUG] [net.neoforged.fml.javafmlmod.AutomaticEventSubscriber/]: Subscribing @EventBusSubscriber class Lmcjty/theoneprobe/config/ConfigReload; to the mod event bus of mod theoneprobe
[03Apr2026 01:06:32.380] [modloading-worker-0/DEBUG] [net.neoforged.fml.config.ConfigTracker/CONFIG]: Config file neoforge-client.toml for neoforge tracking
[03Apr2026 01:06:32.380] [modloading-worker-0/DEBUG] [net.neoforged.fml.config.ConfigTracker/CONFIG]: Config file neoforge-server.toml for neoforge tracking
[03Apr2026 01:06:32.380] [modloading-worker-0/DEBUG] [net.neoforged.fml.config.ConfigTracker/CONFIG]: Config file neoforge-common.toml for neoforge tracking
[03Apr2026 01:06:32.381] [modloading-worker-0/DEBUG] [net.neoforged.fml.config.ConfigTracker/CONFIG]: Config file NuclearCraft/materials.toml for nuclearcraft tracking
[03Apr2026 01:06:32.383] [modloading-worker-0/DEBUG] [net.neoforged.fml.javafmlmod.AutomaticEventSubscriber/LOADING]: Scanning class vazkii.patchouli.neoforge.common.NeoForgeModInitializer for @SubscribeEvent-annotated methods
[03Apr2026 01:06:32.384] [modloading-worker-0/DEBUG] [net.neoforged.fml.javafmlmod.AutomaticEventSubscriber/]: Subscribing @EventBusSubscriber class Lvazkii/patchouli/neoforge/common/NeoForgeModInitializer; to the mod event bus of mod patchouli
[03Apr2026 01:06:32.384] [modloading-worker-0/DEBUG] [net.neoforged.fml.javafmlmod.AutomaticEventSubscriber/]: Subscribing @EventBusSubscriber class Ldev/emi/emi/platform/neoforge/EmiClientNeoForge; to the mod event bus of mod emi
[03Apr2026 01:06:32.385] [modloading-worker-0/DEBUG] [net.neoforged.fml.config.ConfigTracker/CONFIG]: Config file NuclearCraft/ore_generation.toml for nuclearcraft tracking
[03Apr2026 01:06:32.388] [modloading-worker-0/DEBUG] [mixin/]: Mixing client.AccessorKeyMapping from patchouli_xplat.mixins.json into net.minecraft.client.KeyMapping
[03Apr2026 01:06:32.388] [modloading-worker-0/DEBUG] [mixin/]: Renaming @Accessor method getAllKeyMappings()Ljava/util/Map; to getAllKeyMappings$patchouli_$md$07de6c$0 in patchouli_xplat.mixins.json:client.AccessorKeyMapping from mod patchouli
[03Apr2026 01:06:32.403] [modloading-worker-0/DEBUG] [net.neoforged.fml.config.ConfigTracker/CONFIG]: Config file NuclearCraft/common.toml for nuclearcraft tracking
[03Apr2026 01:06:32.403] [modloading-worker-0/WARN] [AE2:C/]: Unable to find class com.simibubi.create.foundation.ponder.PonderWorld. Integration with PonderJS disabled.
[03Apr2026 01:06:32.404] [modloading-worker-0/DEBUG] [net.neoforged.fml.config.ConfigTracker/CONFIG]: Config file NuclearCraft/kugelblitz.toml for nuclearcraft tracking
[03Apr2026 01:06:32.405] [modloading-worker-0/DEBUG] [net.neoforged.fml.config.ConfigTracker/CONFIG]: Config file ae2-client.toml for ae2 tracking
[03Apr2026 01:06:32.405] [modloading-worker-0/DEBUG] [net.neoforged.fml.config.ConfigTracker/CONFIG]: Config file ae2-common.toml for ae2 tracking
[03Apr2026 01:06:32.406] [modloading-worker-0/DEBUG] [net.neoforged.fml.config.ConfigTracker/CONFIG]: Config file NuclearCraft/accelerator.toml for nuclearcraft tracking
[03Apr2026 01:06:32.413] [modloading-worker-0/DEBUG] [net.neoforged.fml.javafmlmod.AutomaticEventSubscriber/LOADING]: Attempting to inject @EventBusSubscriber classes into the eventbus for architectury
[03Apr2026 01:06:32.421] [modloading-worker-0/DEBUG] [net.neoforged.fml.javafmlmod.AutomaticEventSubscriber/LOADING]: Attempting to inject @EventBusSubscriber classes into the eventbus for neoforge
[03Apr2026 01:06:32.421] [modloading-worker-0/DEBUG] [net.neoforged.fml.javafmlmod.AutomaticEventSubscriber/LOADING]: Scanning class net.neoforged.neoforge.client.BlockEntityRenderBoundsDebugRenderer for @SubscribeEvent-annotated methods
[03Apr2026 01:06:32.423] [modloading-worker-0/DEBUG] [mixin/]: Mixing client.MixinCommandSourceStack from architectury.mixins.json into net.minecraft.commands.CommandSourceStack
[03Apr2026 01:06:32.423] [modloading-worker-0/DEBUG] [mixin/]: architectury.mixins.json:client.MixinCommandSourceStack from mod architectury: Class version 65 required is higher than the class version supported by the current version of Mixin (JAVA_16 supports class version 60)
[03Apr2026 01:06:32.429] [modloading-worker-0/DEBUG] [net.neoforged.fml.javafmlmod.AutomaticEventSubscriber/]: Subscribing @EventBusSubscriber class Lnet/neoforged/neoforge/client/BlockEntityRenderBoundsDebugRenderer; to the game event bus
[03Apr2026 01:06:32.430] [modloading-worker-0/DEBUG] [net.neoforged.fml.javafmlmod.AutomaticEventSubscriber/LOADING]: Scanning class net.neoforged.neoforge.client.model.data.ModelDataManager for @SubscribeEvent-annotated methods
[03Apr2026 01:06:32.431] [modloading-worker-0/DEBUG] [net.neoforged.fml.javafmlmod.AutomaticEventSubscriber/]: Subscribing @EventBusSubscriber class Lnet/neoforged/neoforge/client/model/data/ModelDataManager; to the game event bus
[03Apr2026 01:06:32.431] [modloading-worker-0/DEBUG] [net.neoforged.fml.javafmlmod.AutomaticEventSubscriber/LOADING]: Scanning class net.neoforged.neoforge.client.ClientHooks$ClientEvents for @SubscribeEvent-annotated methods
[03Apr2026 01:06:32.433] [modloading-worker-0/DEBUG] [net.neoforged.fml.javafmlmod.AutomaticEventSubscriber/]: Subscribing @EventBusSubscriber class Lnet/neoforged/neoforge/client/ClientHooks$ClientEvents; to the mod event bus of mod neoforge
[03Apr2026 01:06:32.433] [modloading-worker-0/DEBUG] [net.neoforged.fml.javafmlmod.AutomaticEventSubscriber/LOADING]: Scanning class net.neoforged.neoforge.client.ParticleBoundsDebugRenderer for @SubscribeEvent-annotated methods
[03Apr2026 01:06:32.434] [modloading-worker-0/DEBUG] [net.neoforged.fml.javafmlmod.AutomaticEventSubscriber/]: Subscribing @EventBusSubscriber class Lnet/neoforged/neoforge/client/ParticleBoundsDebugRenderer; to the game event bus
[03Apr2026 01:06:32.435] [modloading-worker-0/DEBUG] [net.neoforged.fml.javafmlmod.AutomaticEventSubscriber/LOADING]: Scanning class net.neoforged.neoforge.common.DeferredSpawnEggItem$ColorRegisterHandler for @SubscribeEvent-annotated methods
[03Apr2026 01:06:32.436] [modloading-worker-0/DEBUG] [net.neoforged.fml.javafmlmod.AutomaticEventSubscriber/]: Subscribing @EventBusSubscriber class Lnet/neoforged/neoforge/common/DeferredSpawnEggItem$ColorRegisterHandler; to the mod event bus of mod neoforge
[03Apr2026 01:06:32.436] [modloading-worker-0/DEBUG] [net.neoforged.fml.javafmlmod.AutomaticEventSubscriber/LOADING]: Scanning class net.neoforged.neoforge.common.DeferredSpawnEggItem$CommonHandler for @SubscribeEvent-annotated methods
[03Apr2026 01:06:32.436] [modloading-worker-0/DEBUG] [net.neoforged.fml.javafmlmod.AutomaticEventSubscriber/]: Subscribing @EventBusSubscriber class Lnet/neoforged/neoforge/common/DeferredSpawnEggItem$CommonHandler; to the mod event bus of mod neoforge
[03Apr2026 01:06:32.437] [modloading-worker-0/DEBUG] [net.neoforged.fml.javafmlmod.AutomaticEventSubscriber/LOADING]: Scanning class net.neoforged.neoforge.common.MonsterRoomHooks for @SubscribeEvent-annotated methods
[03Apr2026 01:06:32.437] [modloading-worker-0/DEBUG] [net.neoforged.fml.javafmlmod.AutomaticEventSubscriber/]: Subscribing @EventBusSubscriber class Lnet/neoforged/neoforge/common/MonsterRoomHooks; to the game event bus
[03Apr2026 01:06:32.437] [modloading-worker-0/DEBUG] [net.neoforged.fml.javafmlmod.AutomaticEventSubscriber/LOADING]: Scanning class net.neoforged.neoforge.server.command.ConfigCommand for @SubscribeEvent-annotated methods
[03Apr2026 01:06:32.438] [modloading-worker-0/DEBUG] [net.neoforged.fml.javafmlmod.AutomaticEventSubscriber/]: Subscribing @EventBusSubscriber class Lnet/neoforged/neoforge/server/command/ConfigCommand; to the game event bus
[03Apr2026 01:06:32.438] [modloading-worker-0/DEBUG] [net.neoforged.fml.javafmlmod.AutomaticEventSubscriber/LOADING]: Scanning class net.neoforged.neoforge.network.ConfigurationInitialization for @SubscribeEvent-annotated methods
[03Apr2026 01:06:32.439] [modloading-worker-0/DEBUG] [net.neoforged.fml.javafmlmod.AutomaticEventSubscriber/]: Subscribing @EventBusSubscriber class Lnet/neoforged/neoforge/network/ConfigurationInitialization; to the mod event bus of mod neoforge
[03Apr2026 01:06:32.440] [modloading-worker-0/DEBUG] [net.neoforged.fml.javafmlmod.AutomaticEventSubscriber/LOADING]: Scanning class net.neoforged.neoforge.network.NetworkInitialization for @SubscribeEvent-annotated methods
[03Apr2026 01:06:32.441] [modloading-worker-0/DEBUG] [net.neoforged.fml.javafmlmod.AutomaticEventSubscriber/]: Subscribing @EventBusSubscriber class Lnet/neoforged/neoforge/network/NetworkInitialization; to the mod event bus of mod neoforge
[03Apr2026 01:06:32.441] [modloading-worker-0/DEBUG] [net.neoforged.fml.javafmlmod.AutomaticEventSubscriber/LOADING]: Scanning class net.neoforged.neoforge.network.filters.GenericPacketSplitter for @SubscribeEvent-annotated methods
[03Apr2026 01:06:32.443] [modloading-worker-0/DEBUG] [net.neoforged.fml.config.ConfigTracker/CONFIG]: Config file computercraft-server.toml for computercraft tracking
[03Apr2026 01:06:32.443] [modloading-worker-0/DEBUG] [net.neoforged.fml.config.ConfigTracker/CONFIG]: Config file computercraft-client.toml for computercraft tracking
[03Apr2026 01:06:32.443] [modloading-worker-0/DEBUG] [net.neoforged.fml.javafmlmod.AutomaticEventSubscriber/LOADING]: Attempting to inject @EventBusSubscriber classes into the eventbus for computercraft
[03Apr2026 01:06:32.443] [modloading-worker-0/DEBUG] [net.neoforged.fml.javafmlmod.AutomaticEventSubscriber/LOADING]: Scanning class dan200.computercraft.client.ForgeClientRegistry for @SubscribeEvent-annotated methods
[03Apr2026 01:06:32.444] [modloading-worker-0/DEBUG] [net.neoforged.fml.javafmlmod.AutomaticEventSubscriber/]: Subscribing @EventBusSubscriber class Ldan200/computercraft/client/ForgeClientRegistry; to the mod event bus of mod computercraft
[03Apr2026 01:06:32.445] [modloading-worker-0/DEBUG] [net.neoforged.fml.javafmlmod.AutomaticEventSubscriber/LOADING]: Scanning class dan200.computercraft.client.ForgeClientHooks for @SubscribeEvent-annotated methods
[03Apr2026 01:06:32.445] [modloading-worker-0/DEBUG] [net.neoforged.fml.config.ConfigTracker/CONFIG]: Config file NuclearCraft/processors.toml for nuclearcraft tracking
[03Apr2026 01:06:32.446] [modloading-worker-0/DEBUG] [net.neoforged.fml.javafmlmod.AutomaticEventSubscriber/]: Subscribing @EventBusSubscriber class Ldan200/computercraft/client/ForgeClientHooks; to the game event bus
[03Apr2026 01:06:32.446] [modloading-worker-0/DEBUG] [net.neoforged.fml.config.ConfigTracker/CONFIG]: Config file NuclearCraft/fission.toml for nuclearcraft tracking
[03Apr2026 01:06:32.448] [modloading-worker-0/DEBUG] [net.neoforged.fml.javafmlmod.AutomaticEventSubscriber/LOADING]: Scanning class dan200.computercraft.shared.ForgeCommonHooks for @SubscribeEvent-annotated methods
[03Apr2026 01:06:32.449] [modloading-worker-0/DEBUG] [net.neoforged.fml.javafmlmod.AutomaticEventSubscriber/]: Subscribing @EventBusSubscriber class Ldan200/computercraft/shared/ForgeCommonHooks; to the game event bus
[03Apr2026 01:06:32.450] [modloading-worker-0/DEBUG] [net.neoforged.fml.config.ConfigTracker/CONFIG]: Config file NuclearCraft/fusion.toml for nuclearcraft tracking
[03Apr2026 01:06:32.451] [modloading-worker-0/DEBUG] [net.neoforged.fml.javafmlmod.AutomaticEventSubscriber/LOADING]: Scanning class dan200.computercraft.ComputerCraft for @SubscribeEvent-annotated methods
[03Apr2026 01:06:32.452] [modloading-worker-0/DEBUG] [net.neoforged.fml.javafmlmod.AutomaticEventSubscriber/]: Subscribing @EventBusSubscriber class Ldan200/computercraft/ComputerCraft; to the mod event bus of mod computercraft
[03Apr2026 01:06:32.456] [modloading-worker-0/DEBUG] [io.netty.buffer.AbstractByteBuf/]: -Dio.netty.buffer.checkAccessible: true
[03Apr2026 01:06:32.456] [modloading-worker-0/DEBUG] [io.netty.buffer.AbstractByteBuf/]: -Dio.netty.buffer.checkBounds: true
[03Apr2026 01:06:32.457] [modloading-worker-0/DEBUG] [io.netty.util.ResourceLeakDetectorFactory/]: Loaded default ResourceLeakDetector: io.netty.util.ResourceLeakDetector@186d96d8
[03Apr2026 01:06:32.460] [modloading-worker-0/DEBUG] [net.neoforged.fml.config.ConfigTracker/CONFIG]: Config file NuclearCraft/turbine.toml for nuclearcraft tracking
[03Apr2026 01:06:32.463] [modloading-worker-0/DEBUG] [net.neoforged.fml.config.ConfigTracker/CONFIG]: Config file NuclearCraft/radiation.toml for nuclearcraft tracking
[03Apr2026 01:06:32.463] [modloading-worker-0/DEBUG] [io.netty.util.internal.InternalThreadLocalMap/]: -Dio.netty.threadLocalMap.stringBuilder.initialSize: 1024
[03Apr2026 01:06:32.463] [modloading-worker-0/DEBUG] [io.netty.util.internal.InternalThreadLocalMap/]: -Dio.netty.threadLocalMap.stringBuilder.maxSize: 4096
[03Apr2026 01:06:32.464] [modloading-worker-0/DEBUG] [net.neoforged.fml.config.ConfigTracker/CONFIG]: Config file NuclearCraft/world.toml for nuclearcraft tracking
[03Apr2026 01:06:32.466] [modloading-worker-0/DEBUG] [io.netty.buffer.PooledByteBufAllocator/]: -Dio.netty.allocator.numHeapArenas: 64
[03Apr2026 01:06:32.466] [modloading-worker-0/DEBUG] [io.netty.buffer.PooledByteBufAllocator/]: -Dio.netty.allocator.numDirectArenas: 64
[03Apr2026 01:06:32.466] [modloading-worker-0/DEBUG] [io.netty.buffer.PooledByteBufAllocator/]: -Dio.netty.allocator.pageSize: 8192
[03Apr2026 01:06:32.466] [modloading-worker-0/DEBUG] [io.netty.buffer.PooledByteBufAllocator/]: -Dio.netty.allocator.maxOrder: 9
[03Apr2026 01:06:32.466] [modloading-worker-0/DEBUG] [io.netty.buffer.PooledByteBufAllocator/]: -Dio.netty.allocator.chunkSize: 4194304
[03Apr2026 01:06:32.466] [modloading-worker-0/DEBUG] [io.netty.buffer.PooledByteBufAllocator/]: -Dio.netty.allocator.smallCacheSize: 256
[03Apr2026 01:06:32.466] [modloading-worker-0/DEBUG] [io.netty.buffer.PooledByteBufAllocator/]: -Dio.netty.allocator.normalCacheSize: 64
[03Apr2026 01:06:32.466] [modloading-worker-0/DEBUG] [io.netty.buffer.PooledByteBufAllocator/]: -Dio.netty.allocator.maxCachedBufferCapacity: 32768
[03Apr2026 01:06:32.466] [modloading-worker-0/DEBUG] [io.netty.buffer.PooledByteBufAllocator/]: -Dio.netty.allocator.cacheTrimInterval: 8192
[03Apr2026 01:06:32.466] [modloading-worker-0/DEBUG] [io.netty.buffer.PooledByteBufAllocator/]: -Dio.netty.allocator.cacheTrimIntervalMillis: 0
[03Apr2026 01:06:32.466] [modloading-worker-0/DEBUG] [io.netty.buffer.PooledByteBufAllocator/]: -Dio.netty.allocator.useCacheForAllThreads: false
[03Apr2026 01:06:32.466] [modloading-worker-0/DEBUG] [io.netty.buffer.PooledByteBufAllocator/]: -Dio.netty.allocator.maxCachedByteBuffersPerChunk: 1023
[03Apr2026 01:06:32.473] [modloading-worker-0/DEBUG] [io.netty.buffer.ByteBufUtil/]: -Dio.netty.allocator.type: pooled
[03Apr2026 01:06:32.473] [modloading-worker-0/DEBUG] [io.netty.buffer.ByteBufUtil/]: -Dio.netty.threadLocalDirectBufferSize: 0
[03Apr2026 01:06:32.473] [modloading-worker-0/DEBUG] [io.netty.buffer.ByteBufUtil/]: -Dio.netty.maxThreadLocalCharBufferSize: 16384
[03Apr2026 01:06:32.475] [modloading-worker-0/DEBUG] [net.neoforged.fml.config.ConfigTracker/CONFIG]: Config file Mekanism/client.toml for mekanism tracking
[03Apr2026 01:06:32.475] [modloading-worker-0/DEBUG] [net.neoforged.fml.config.ConfigTracker/CONFIG]: Config file Mekanism/common.toml for mekanism tracking
[03Apr2026 01:06:32.475] [modloading-worker-0/DEBUG] [net.neoforged.fml.config.ConfigTracker/CONFIG]: Config file Mekanism/general.toml for mekanism tracking
[03Apr2026 01:06:32.475] [modloading-worker-0/DEBUG] [net.neoforged.fml.config.ConfigTracker/CONFIG]: Config file Mekanism/gear.toml for mekanism tracking
[03Apr2026 01:06:32.475] [modloading-worker-0/DEBUG] [net.neoforged.fml.config.ConfigTracker/CONFIG]: Config file Mekanism/startup.toml for mekanism tracking
[03Apr2026 01:06:32.478] [modloading-worker-0/DEBUG] [net.neoforged.fml.javafmlmod.AutomaticEventSubscriber/]: Subscribing @EventBusSubscriber class Lnet/neoforged/neoforge/network/filters/GenericPacketSplitter; to the mod event bus of mod neoforge
[03Apr2026 01:06:32.480] [modloading-worker-0/DEBUG] [net.neoforged.fml.javafmlmod.AutomaticEventSubscriber/LOADING]: Scanning class net.neoforged.neoforge.attachment.AttachmentInternals for @SubscribeEvent-annotated methods
[03Apr2026 01:06:32.481] [modloading-worker-0/DEBUG] [net.neoforged.fml.javafmlmod.AutomaticEventSubscriber/]: Subscribing @EventBusSubscriber class Lnet/neoforged/neoforge/attachment/AttachmentInternals; to the game event bus
[03Apr2026 01:06:32.481] [modloading-worker-0/DEBUG] [net.neoforged.fml.javafmlmod.AutomaticEventSubscriber/LOADING]: Scanning class net.neoforged.neoforge.attachment.AttachmentSync for @SubscribeEvent-annotated methods
[03Apr2026 01:06:32.481] [modloading-worker-0/DEBUG] [net.neoforged.fml.config.ConfigTracker/CONFIG]: Loaded TOML config file /Users/caliane/Sources/nuclearcraft/runs/data/config/Mekanism/startup.toml
[03Apr2026 01:06:32.483] [modloading-worker-0/DEBUG] [net.neoforged.fml.javafmlmod.AutomaticEventSubscriber/]: Subscribing @EventBusSubscriber class Lnet/neoforged/neoforge/attachment/AttachmentSync; to the game event bus
[03Apr2026 01:06:32.484] [modloading-worker-0/DEBUG] [net.neoforged.fml.config.ConfigTracker/CONFIG]: Watching TOML config file /Users/caliane/Sources/nuclearcraft/runs/data/config/Mekanism/startup.toml for changes
[03Apr2026 01:06:32.484] [modloading-worker-0/DEBUG] [net.neoforged.fml.config.ConfigTracker/CONFIG]: Config file Mekanism/machine-storage.toml for mekanism tracking
[03Apr2026 01:06:32.484] [modloading-worker-0/DEBUG] [net.neoforged.fml.config.ConfigTracker/CONFIG]: Config file Mekanism/tiers.toml for mekanism tracking
[03Apr2026 01:06:32.485] [modloading-worker-0/DEBUG] [net.neoforged.fml.config.ConfigTracker/CONFIG]: Config file Mekanism/machine-usage.toml for mekanism tracking
[03Apr2026 01:06:32.485] [modloading-worker-0/DEBUG] [net.neoforged.fml.config.ConfigTracker/CONFIG]: Config file Mekanism/world.toml for mekanism tracking
[03Apr2026 01:06:32.509] [modloading-worker-0/DEBUG] [net.neoforged.fml.config.ConfigTracker/CONFIG]: Config file guideme.toml for guideme tracking
[03Apr2026 01:06:32.515] [modloading-worker-0/DEBUG] [net.neoforged.fml.javafmlmod.AutomaticEventSubscriber/LOADING]: Attempting to inject @EventBusSubscriber classes into the eventbus for guideme
[03Apr2026 01:06:32.602] [modloading-worker-0/DEBUG] [mixin/]: Mixing TextureAtlasMixin from ae2.mixins.json into net.minecraft.client.renderer.texture.TextureAtlas
[03Apr2026 01:06:32.603] [modloading-worker-0/DEBUG] [mixin/]: ae2.mixins.json:TextureAtlasMixin from mod ae2: Class version 65 required is higher than the class version supported by the current version of Mixin (JAVA_11 supports class version 55)
[03Apr2026 01:06:32.604] [modloading-worker-0/DEBUG] [mixin/]: ae2.mixins.json:TextureAtlasMixin from mod ae2->@Inject::uploadHook(Lnet/minecraft/client/renderer/texture/SpriteLoader$Preparations;Lorg/spongepowered/asm/mixin/injection/callback/CallbackInfo;)V doesn't use it's CallbackInfo
[03Apr2026 01:06:32.604] [modloading-worker-0/DEBUG] [mixin/]: ae2.mixins.json:TextureAtlasMixin from mod ae2->@Inject::uploadHook(Lnet/minecraft/client/renderer/texture/SpriteLoader$Preparations;Lorg/spongepowered/asm/mixin/injection/callback/CallbackInfo;)V has 0 override(s) in child classes
[03Apr2026 01:06:32.604] [modloading-worker-0/DEBUG] [mixin/]: ae2.mixins.json:TextureAtlasMixin from mod ae2->@Inject::uploadHook(Lnet/minecraft/client/renderer/texture/SpriteLoader$Preparations;Lorg/spongepowered/asm/mixin/injection/callback/CallbackInfo;)V won't be passed a CallbackInfo as a result
[03Apr2026 01:06:32.631] [modloading-worker-0/DEBUG] [mixin/]: Mixing accessor.ItemRendererAccessor from emi.mixins.json into net.minecraft.client.renderer.entity.ItemRenderer
[03Apr2026 01:06:32.631] [modloading-worker-0/DEBUG] [mixin/]: emi.mixins.json:accessor.ItemRendererAccessor from mod emi: Class version 65 required is higher than the class version supported by the current version of Mixin (JAVA_17 supports class version 61)
[03Apr2026 01:06:32.637] [modloading-worker-0/DEBUG] [mixin/]: Mixing client.MixinLevelRenderer from patchouli_xplat.mixins.json into net.minecraft.client.renderer.LevelRenderer
[03Apr2026 01:06:32.656] [modloading-worker-0/DEBUG] [mixin/]: patchouli_xplat.mixins.json:client.MixinLevelRenderer from mod patchouli->@Inject::onRender(Lnet/minecraft/client/DeltaTracker;ZLnet/minecraft/client/Camera;Lnet/minecraft/client/renderer/GameRenderer;Lnet/minecraft/client/renderer/LightTexture;Lorg/joml/Matrix4f;Lorg/joml/Matrix4f;Lorg/spongepowered/asm/mixin/injection/callback/CallbackInfo;)V doesn't use it's CallbackInfo
[03Apr2026 01:06:32.656] [modloading-worker-0/DEBUG] [mixin/]: patchouli_xplat.mixins.json:client.MixinLevelRenderer from mod patchouli->@Inject::onRender(Lnet/minecraft/client/DeltaTracker;ZLnet/minecraft/client/Camera;Lnet/minecraft/client/renderer/GameRenderer;Lnet/minecraft/client/renderer/LightTexture;Lorg/joml/Matrix4f;Lorg/joml/Matrix4f;Lorg/spongepowered/asm/mixin/injection/callback/CallbackInfo;)V has 0 override(s) in child classes
[03Apr2026 01:06:32.656] [modloading-worker-0/DEBUG] [mixin/]: patchouli_xplat.mixins.json:client.MixinLevelRenderer from mod patchouli->@Inject::onRender(Lnet/minecraft/client/DeltaTracker;ZLnet/minecraft/client/Camera;Lnet/minecraft/client/renderer/GameRenderer;Lnet/minecraft/client/renderer/LightTexture;Lorg/joml/Matrix4f;Lorg/joml/Matrix4f;Lorg/spongepowered/asm/mixin/injection/callback/CallbackInfo;)V won't be passed a CallbackInfo as a result
[03Apr2026 01:06:32.679] [modloading-worker-0/DEBUG] [net.neoforged.fml.javafmlmod.AutomaticEventSubscriber/LOADING]: Attempting to inject @EventBusSubscriber classes into the eventbus for ae2
[03Apr2026 01:06:32.680] [modloading-worker-0/DEBUG] [net.neoforged.fml.javafmlmod.AutomaticEventSubscriber/LOADING]: Scanning class appeng.server.testplots.SpawnTestTools for @SubscribeEvent-annotated methods
[03Apr2026 01:06:32.680] [modloading-worker-0/DEBUG] [net.neoforged.fml.javafmlmod.AutomaticEventSubscriber/]: Subscribing @EventBusSubscriber class Lappeng/server/testplots/SpawnTestTools; to the game event bus
[03Apr2026 01:06:32.680] [modloading-worker-0/DEBUG] [net.neoforged.fml.javafmlmod.AutomaticEventSubscriber/LOADING]: Scanning class appeng.datagen.AE2DataGenerators for @SubscribeEvent-annotated methods
[03Apr2026 01:06:32.689] [modloading-worker-0/DEBUG] [net.neoforged.fml.javafmlmod.AutomaticEventSubscriber/]: Subscribing @EventBusSubscriber class Lappeng/datagen/AE2DataGenerators; to the mod event bus of mod ae2
[03Apr2026 01:06:32.755] [modloading-worker-0/DEBUG] [net.neoforged.fml.javafmlmod.AutomaticEventSubscriber/LOADING]: Attempting to inject @EventBusSubscriber classes into the eventbus for nuclearcraft
[03Apr2026 01:06:32.755] [modloading-worker-0/DEBUG] [net.neoforged.fml.javafmlmod.AutomaticEventSubscriber/LOADING]: Scanning class igentuman.nc.handler.ModHandler for @SubscribeEvent-annotated methods
[03Apr2026 01:06:32.756] [modloading-worker-0/DEBUG] [net.neoforged.fml.javafmlmod.AutomaticEventSubscriber/]: Subscribing @EventBusSubscriber class Ligentuman/nc/handler/ModHandler; to the game event bus
[03Apr2026 01:06:32.756] [modloading-worker-0/DEBUG] [net.neoforged.fml.javafmlmod.AutomaticEventSubscriber/LOADING]: Scanning class igentuman.nc.handler.event.server.WorldEvents for @SubscribeEvent-annotated methods
[03Apr2026 01:06:32.757] [modloading-worker-0/DEBUG] [net.neoforged.fml.javafmlmod.AutomaticEventSubscriber/]: Subscribing @EventBusSubscriber class Ligentuman/nc/handler/event/server/WorldEvents; to the game event bus
[03Apr2026 01:06:32.757] [modloading-worker-0/DEBUG] [net.neoforged.fml.javafmlmod.AutomaticEventSubscriber/LOADING]: Scanning class igentuman.nc.handler.event.server.PlayerEvents for @SubscribeEvent-annotated methods
[03Apr2026 01:06:32.758] [modloading-worker-0/DEBUG] [net.neoforged.fml.javafmlmod.AutomaticEventSubscriber/]: Subscribing @EventBusSubscriber class Ligentuman/nc/handler/event/server/PlayerEvents; to the game event bus
[03Apr2026 01:06:32.758] [modloading-worker-0/DEBUG] [net.neoforged.fml.javafmlmod.AutomaticEventSubscriber/LOADING]: Scanning class igentuman.nc.handler.event.client.TooltipHandler for @SubscribeEvent-annotated methods
[03Apr2026 01:06:32.758] [modloading-worker-0/DEBUG] [net.neoforged.fml.javafmlmod.AutomaticEventSubscriber/]: Subscribing @EventBusSubscriber class Ligentuman/nc/handler/event/client/TooltipHandler; to the game event bus
[03Apr2026 01:06:32.758] [modloading-worker-0/DEBUG] [net.neoforged.fml.javafmlmod.AutomaticEventSubscriber/LOADING]: Scanning class igentuman.nc.handler.event.client.ColorHandler for @SubscribeEvent-annotated methods
[03Apr2026 01:06:32.759] [modloading-worker-0/DEBUG] [net.neoforged.fml.javafmlmod.AutomaticEventSubscriber/]: Subscribing @EventBusSubscriber class Ligentuman/nc/handler/event/client/ColorHandler; to the mod event bus of mod nuclearcraft
[03Apr2026 01:06:32.759] [modloading-worker-0/DEBUG] [net.neoforged.fml.javafmlmod.AutomaticEventSubscriber/LOADING]: Scanning class igentuman.nc.handler.event.client.BlockOverlayHandler for @SubscribeEvent-annotated methods
[03Apr2026 01:06:32.761] [modloading-worker-0/DEBUG] [net.neoforged.fml.javafmlmod.AutomaticEventSubscriber/]: Subscribing @EventBusSubscriber class Ligentuman/nc/handler/event/client/BlockOverlayHandler; to the game event bus
[03Apr2026 01:06:32.762] [modloading-worker-0/DEBUG] [net.neoforged.fml.javafmlmod.AutomaticEventSubscriber/LOADING]: Scanning class igentuman.nc.network.PacketHandler for @SubscribeEvent-annotated methods
[03Apr2026 01:06:32.762] [modloading-worker-0/DEBUG] [net.neoforged.fml.javafmlmod.AutomaticEventSubscriber/]: Subscribing @EventBusSubscriber class Ligentuman/nc/network/PacketHandler; to the mod event bus of mod nuclearcraft
[03Apr2026 01:06:32.762] [modloading-worker-0/DEBUG] [net.neoforged.fml.javafmlmod.AutomaticEventSubscriber/LOADING]: Scanning class igentuman.nc.setup.registration.Entities for @SubscribeEvent-annotated methods
[03Apr2026 01:06:32.763] [modloading-worker-0/DEBUG] [net.neoforged.fml.javafmlmod.AutomaticEventSubscriber/]: Subscribing @EventBusSubscriber class Ligentuman/nc/setup/registration/Entities; to the mod event bus of mod nuclearcraft
[03Apr2026 01:06:32.763] [modloading-worker-0/DEBUG] [net.neoforged.fml.javafmlmod.AutomaticEventSubscriber/LOADING]: Scanning class igentuman.nc.setup.registration.NCCapabilities for @SubscribeEvent-annotated methods
[03Apr2026 01:06:32.763] [modloading-worker-0/DEBUG] [net.neoforged.fml.javafmlmod.AutomaticEventSubscriber/]: Subscribing @EventBusSubscriber class Ligentuman/nc/setup/registration/NCCapabilities; to the mod event bus of mod nuclearcraft
[03Apr2026 01:06:32.764] [modloading-worker-0/DEBUG] [net.neoforged.fml.javafmlmod.AutomaticEventSubscriber/LOADING]: Scanning class igentuman.nc.setup.ClientSetup for @SubscribeEvent-annotated methods
[03Apr2026 01:06:32.764] [modloading-worker-0/DEBUG] [net.neoforged.fml.javafmlmod.AutomaticEventSubscriber/]: Subscribing @EventBusSubscriber class Ligentuman/nc/setup/ClientSetup; to the mod event bus of mod nuclearcraft
[03Apr2026 01:06:32.764] [modloading-worker-0/DEBUG] [net.neoforged.fml.javafmlmod.AutomaticEventSubscriber/LOADING]: Scanning class igentuman.nc.world.structure.ScientistHouseStructure for @SubscribeEvent-annotated methods
[03Apr2026 01:06:32.765] [modloading-worker-0/DEBUG] [net.neoforged.fml.javafmlmod.AutomaticEventSubscriber/]: Subscribing @EventBusSubscriber class Ligentuman/nc/world/structure/ScientistHouseStructure; to the game event bus
[03Apr2026 01:06:32.765] [modloading-worker-0/DEBUG] [net.neoforged.fml.javafmlmod.AutomaticEventSubscriber/LOADING]: Scanning class igentuman.nc.client.renderer.NCShaders for @SubscribeEvent-annotated methods
[03Apr2026 01:06:32.766] [modloading-worker-0/DEBUG] [net.neoforged.fml.javafmlmod.AutomaticEventSubscriber/]: Subscribing @EventBusSubscriber class Ligentuman/nc/client/renderer/NCShaders; to the mod event bus of mod nuclearcraft
[03Apr2026 01:06:32.766] [modloading-worker-0/DEBUG] [net.neoforged.fml.javafmlmod.AutomaticEventSubscriber/LOADING]: Scanning class igentuman.nc.client.renderer.DistortShader for @SubscribeEvent-annotated methods
[03Apr2026 01:06:32.768] [modloading-worker-0/DEBUG] [mixin/]: Mixing MinecraftClientMixin from emi.mixins.json into net.minecraft.client.Minecraft
[03Apr2026 01:06:32.768] [modloading-worker-0/DEBUG] [mixin/]: emi.mixins.json:MinecraftClientMixin from mod emi: Class version 65 required is higher than the class version supported by the current version of Mixin (JAVA_17 supports class version 61)
[03Apr2026 01:06:32.768] [modloading-worker-0/DEBUG] [mixin/]: Renaming synthetic method lambda$reloadResources$0()V to md07de6c$emi$lambda$reloadResources$0$0 in emi.mixins.json:MinecraftClientMixin from mod emi
[03Apr2026 01:06:32.770] [modloading-worker-0/DEBUG] [mixin/]: Mixing MixinMinecraft from architectury.mixins.json into net.minecraft.client.Minecraft
[03Apr2026 01:06:32.770] [modloading-worker-0/DEBUG] [mixin/]: architectury.mixins.json:MixinMinecraft from mod architectury: Class version 65 required is higher than the class version supported by the current version of Mixin (JAVA_16 supports class version 60)
[03Apr2026 01:06:32.770] [modloading-worker-0/DEBUG] [mixin/]: Mixing PickColorMixin from ae2.mixins.json into net.minecraft.client.Minecraft
[03Apr2026 01:06:32.771] [modloading-worker-0/DEBUG] [mixin/]: ae2.mixins.json:PickColorMixin from mod ae2: Class version 65 required is higher than the class version supported by the current version of Mixin (JAVA_11 supports class version 55)
[03Apr2026 01:06:32.773] [modloading-worker-0/DEBUG] [mixin/]: emi.mixins.json:MinecraftClientMixin from mod emi->@Inject::reloadResources(ZLjava/lang/Object;Lorg/spongepowered/asm/mixin/injection/callback/CallbackInfoReturnable;)V does use it's CallbackInfoReturnable
[03Apr2026 01:06:32.773] [modloading-worker-0/DEBUG] [mixin/]: emi.mixins.json:MinecraftClientMixin from mod emi->@Inject::reloadResources(ZLjava/lang/Object;Lorg/spongepowered/asm/mixin/injection/callback/CallbackInfoReturnable;)V does use it's CallbackInfoReturnable
[03Apr2026 01:06:32.773] [modloading-worker-0/DEBUG] [mixin/]: emi.mixins.json:MinecraftClientMixin from mod emi->@Inject::reloadResources(ZLjava/lang/Object;Lorg/spongepowered/asm/mixin/injection/callback/CallbackInfoReturnable;)V does use it's CallbackInfoReturnable
[03Apr2026 01:06:32.773] [modloading-worker-0/DEBUG] [mixin/]: emi.mixins.json:MinecraftClientMixin from mod emi->@Inject::disconnect(Lorg/spongepowered/asm/mixin/injection/callback/CallbackInfo;)V doesn't use it's CallbackInfo
[03Apr2026 01:06:32.773] [modloading-worker-0/DEBUG] [mixin/]: emi.mixins.json:MinecraftClientMixin from mod emi->@Inject::disconnect(Lorg/spongepowered/asm/mixin/injection/callback/CallbackInfo;)V has 0 override(s) in child classes
[03Apr2026 01:06:32.773] [modloading-worker-0/DEBUG] [mixin/]: emi.mixins.json:MinecraftClientMixin from mod emi->@Inject::disconnect(Lorg/spongepowered/asm/mixin/injection/callback/CallbackInfo;)V won't be passed a CallbackInfo as a result
[03Apr2026 01:06:32.773] [modloading-worker-0/DEBUG] [mixin/]: architectury.mixins.json:MixinMinecraft from mod architectury->@Inject::onStart(Lorg/spongepowered/asm/mixin/injection/callback/CallbackInfo;)V doesn't use it's CallbackInfo
[03Apr2026 01:06:32.773] [modloading-worker-0/DEBUG] [mixin/]: architectury.mixins.json:MixinMinecraft from mod architectury->@Inject::onStart(Lorg/spongepowered/asm/mixin/injection/callback/CallbackInfo;)V has 0 override(s) in child classes
[03Apr2026 01:06:32.773] [modloading-worker-0/DEBUG] [mixin/]: architectury.mixins.json:MixinMinecraft from mod architectury->@Inject::onStart(Lorg/spongepowered/asm/mixin/injection/callback/CallbackInfo;)V won't be passed a CallbackInfo as a result
[03Apr2026 01:06:32.773] [modloading-worker-0/DEBUG] [mixin/]: architectury.mixins.json:MixinMinecraft from mod architectury->@Inject::onStopping(Lorg/spongepowered/asm/mixin/injection/callback/CallbackInfo;)V doesn't use it's CallbackInfo
[03Apr2026 01:06:32.773] [modloading-worker-0/DEBUG] [mixin/]: architectury.mixins.json:MixinMinecraft from mod architectury->@Inject::onStopping(Lorg/spongepowered/asm/mixin/injection/callback/CallbackInfo;)V has 0 override(s) in child classes
[03Apr2026 01:06:32.773] [modloading-worker-0/DEBUG] [mixin/]: architectury.mixins.json:MixinMinecraft from mod architectury->@Inject::onStopping(Lorg/spongepowered/asm/mixin/injection/callback/CallbackInfo;)V won't be passed a CallbackInfo as a result
[03Apr2026 01:06:32.773] [modloading-worker-0/DEBUG] [mixin/]: ae2.mixins.json:PickColorMixin from mod ae2->@Inject::pickColor(Lorg/spongepowered/asm/mixin/injection/callback/CallbackInfo;)V does use it's CallbackInfo
[03Apr2026 01:06:32.781] [modloading-worker-0/DEBUG] [net.neoforged.fml.javafmlmod.AutomaticEventSubscriber/]: Subscribing @EventBusSubscriber class Ligentuman/nc/client/renderer/DistortShader; to the game event bus
[03Apr2026 01:06:32.782] [modloading-worker-0/DEBUG] [net.neoforged.fml.javafmlmod.AutomaticEventSubscriber/LOADING]: Scanning class igentuman.nc.client.setup.EntityRenderHandler for @SubscribeEvent-annotated methods
[03Apr2026 01:06:32.782] [modloading-worker-0/DEBUG] [net.neoforged.fml.javafmlmod.AutomaticEventSubscriber/]: Subscribing @EventBusSubscriber class Ligentuman/nc/client/setup/EntityRenderHandler; to the mod event bus of mod nuclearcraft
[03Apr2026 01:06:32.782] [modloading-worker-0/DEBUG] [net.neoforged.fml.javafmlmod.AutomaticEventSubscriber/LOADING]: Scanning class igentuman.nc.client.sound.SoundHandler for @SubscribeEvent-annotated methods
[03Apr2026 01:06:32.783] [modloading-worker-0/DEBUG] [net.neoforged.fml.javafmlmod.AutomaticEventSubscriber/]: Subscribing @EventBusSubscriber class Ligentuman/nc/client/sound/SoundHandler; to the mod event bus of mod nuclearcraft
[03Apr2026 01:06:32.783] [modloading-worker-0/DEBUG] [net.neoforged.fml.javafmlmod.AutomaticEventSubscriber/LOADING]: Scanning class igentuman.nc.datagen.DataGenerators for @SubscribeEvent-annotated methods
[03Apr2026 01:06:32.784] [modloading-worker-0/DEBUG] [net.neoforged.fml.javafmlmod.AutomaticEventSubscriber/]: Subscribing @EventBusSubscriber class Ligentuman/nc/datagen/DataGenerators; to the mod event bus of mod nuclearcraft
[03Apr2026 01:06:32.922] [modloading-worker-0/DEBUG] [mixin/]: Mixing MekRadiationManager from nuclearcraft.mixins.json into mekanism.common.lib.radiation.RadiationManager
[03Apr2026 01:06:32.924] [modloading-worker-0/DEBUG] [mixin/]: nuclearcraft.mixins.json:MekRadiationManager from mod nuclearcraft->@Inject::isRadiationEnabled(Lorg/spongepowered/asm/mixin/injection/callback/CallbackInfoReturnable;)V does use it's CallbackInfoReturnable
[03Apr2026 01:06:32.925] [modloading-worker-0/DEBUG] [mixin/]: nuclearcraft.mixins.json:MekRadiationManager from mod nuclearcraft->@Inject::radiate(Lnet/minecraft/world/level/Level;Lnet/minecraft/core/BlockPos;DLorg/spongepowered/asm/mixin/injection/callback/CallbackInfo;)V does use it's CallbackInfo
[03Apr2026 01:06:32.928] [modloading-worker-0/DEBUG] [net.neoforged.fml.javafmlmod.AutomaticEventSubscriber/LOADING]: Attempting to inject @EventBusSubscriber classes into the eventbus for mekanism
[03Apr2026 01:06:32.929] [modloading-worker-0/DEBUG] [net.neoforged.fml.javafmlmod.AutomaticEventSubscriber/LOADING]: Scanning class mekanism.common.lib.transmitter.TransmitterNetworkRegistry for @SubscribeEvent-annotated methods
[03Apr2026 01:06:32.929] [modloading-worker-0/DEBUG] [net.neoforged.fml.javafmlmod.AutomaticEventSubscriber/]: Subscribing @EventBusSubscriber class Lmekanism/common/lib/transmitter/TransmitterNetworkRegistry; to the game event bus
[03Apr2026 01:06:32.930] [modloading-worker-0/DEBUG] [net.neoforged.fml.javafmlmod.AutomaticEventSubscriber/LOADING]: Scanning class mekanism.common.lib.radiation.PlayerExposure for @SubscribeEvent-annotated methods
[03Apr2026 01:06:32.930] [modloading-worker-0/DEBUG] [net.neoforged.fml.javafmlmod.AutomaticEventSubscriber/]: Subscribing @EventBusSubscriber class Lmekanism/common/lib/radiation/PlayerExposure; to the game event bus
[03Apr2026 01:06:32.930] [modloading-worker-0/DEBUG] [net.neoforged.fml.javafmlmod.AutomaticEventSubscriber/LOADING]: Scanning class mekanism.common.lib.radiation.MeltdownLevelData for @SubscribeEvent-annotated methods
[03Apr2026 01:06:32.931] [modloading-worker-0/DEBUG] [net.neoforged.fml.javafmlmod.AutomaticEventSubscriber/]: Subscribing @EventBusSubscriber class Lmekanism/common/lib/radiation/MeltdownLevelData; to the game event bus
[03Apr2026 01:06:32.931] [modloading-worker-0/DEBUG] [net.neoforged.fml.javafmlmod.AutomaticEventSubscriber/LOADING]: Scanning class mekanism.common.lib.multiblock.MultiblockManager for @SubscribeEvent-annotated methods
[03Apr2026 01:06:32.932] [modloading-worker-0/DEBUG] [net.neoforged.fml.javafmlmod.AutomaticEventSubscriber/]: Subscribing @EventBusSubscriber class Lmekanism/common/lib/multiblock/MultiblockManager; to the game event bus
[03Apr2026 01:06:32.932] [modloading-worker-0/DEBUG] [net.neoforged.fml.javafmlmod.AutomaticEventSubscriber/LOADING]: Scanning class mekanism.common.base.holiday.ClientHolidayInfo for @SubscribeEvent-annotated methods
[03Apr2026 01:06:32.933] [modloading-worker-0/DEBUG] [net.neoforged.fml.javafmlmod.AutomaticEventSubscriber/]: Subscribing @EventBusSubscriber class Lmekanism/common/base/holiday/ClientHolidayInfo; to the mod event bus of mod mekanism
[03Apr2026 01:06:32.933] [modloading-worker-0/DEBUG] [net.neoforged.fml.javafmlmod.AutomaticEventSubscriber/LOADING]: Scanning class mekanism.client.sound.SoundHandler for @SubscribeEvent-annotated methods
[03Apr2026 01:06:32.934] [modloading-worker-0/DEBUG] [net.neoforged.fml.javafmlmod.AutomaticEventSubscriber/]: Subscribing @EventBusSubscriber class Lmekanism/client/sound/SoundHandler; to the mod event bus of mod mekanism
[03Apr2026 01:06:32.935] [modloading-worker-0/DEBUG] [net.neoforged.fml.javafmlmod.AutomaticEventSubscriber/LOADING]: Scanning class mekanism.client.render.MekanismShaders for @SubscribeEvent-annotated methods
[03Apr2026 01:06:32.935] [modloading-worker-0/DEBUG] [net.neoforged.fml.javafmlmod.AutomaticEventSubscriber/]: Subscribing @EventBusSubscriber class Lmekanism/client/render/MekanismShaders; to the mod event bus of mod mekanism
[03Apr2026 01:06:32.935] [modloading-worker-0/DEBUG] [net.neoforged.fml.javafmlmod.AutomaticEventSubscriber/LOADING]: Scanning class mekanism.client.render.MekanismRenderer for @SubscribeEvent-annotated methods
[03Apr2026 01:06:32.937] [modloading-worker-0/DEBUG] [mixin/]: Mixing accessor.DrawContextAccessor from emi.mixins.json into net.minecraft.client.gui.GuiGraphics
[03Apr2026 01:06:32.937] [modloading-worker-0/DEBUG] [mixin/]: emi.mixins.json:accessor.DrawContextAccessor from mod emi: Class version 65 required is higher than the class version supported by the current version of Mixin (JAVA_17 supports class version 61)
[03Apr2026 01:06:32.937] [modloading-worker-0/DEBUG] [mixin/]: Mixing DrawContextMixin from emi.mixins.json into net.minecraft.client.gui.GuiGraphics
[03Apr2026 01:06:32.937] [modloading-worker-0/DEBUG] [mixin/]: emi.mixins.json:DrawContextMixin from mod emi: Class version 65 required is higher than the class version supported by the current version of Mixin (JAVA_17 supports class version 61)
[03Apr2026 01:06:32.937] [modloading-worker-0/DEBUG] [mixin/]: Mixing GuiGraphicsMixin from ae2.mixins.json into net.minecraft.client.gui.GuiGraphics
[03Apr2026 01:06:32.937] [modloading-worker-0/DEBUG] [mixin/]: ae2.mixins.json:GuiGraphicsMixin from mod ae2: Class version 65 required is higher than the class version supported by the current version of Mixin (JAVA_11 supports class version 55)
[03Apr2026 01:06:32.938] [modloading-worker-0/DEBUG] [mixin/]: emi.mixins.json:DrawContextMixin from mod emi->@Inject::drawItemTooltip(Lnet/minecraft/client/gui/Font;Lnet/minecraft/world/item/ItemStack;IILorg/spongepowered/asm/mixin/injection/callback/CallbackInfo;)V doesn't use it's CallbackInfo
[03Apr2026 01:06:32.939] [modloading-worker-0/DEBUG] [mixin/]: emi.mixins.json:DrawContextMixin from mod emi->@Inject::drawItemTooltip(Lnet/minecraft/client/gui/Font;Lnet/minecraft/world/item/ItemStack;IILorg/spongepowered/asm/mixin/injection/callback/CallbackInfo;)V has 0 override(s) in child classes
[03Apr2026 01:06:32.939] [modloading-worker-0/DEBUG] [mixin/]: emi.mixins.json:DrawContextMixin from mod emi->@Inject::drawItemTooltip(Lnet/minecraft/client/gui/Font;Lnet/minecraft/world/item/ItemStack;IILorg/spongepowered/asm/mixin/injection/callback/CallbackInfo;)V won't be passed a CallbackInfo as a result
[03Apr2026 01:06:32.939] [modloading-worker-0/DEBUG] [mixin/]: ae2.mixins.json:GuiGraphicsMixin from mod ae2->@Inject::renderGuiItem(Lnet/minecraft/world/entity/LivingEntity;Lnet/minecraft/world/level/Level;Lnet/minecraft/world/item/ItemStack;IIIILorg/spongepowered/asm/mixin/injection/callback/CallbackInfo;)V does use it's CallbackInfo
[03Apr2026 01:06:32.942] [modloading-worker-0/DEBUG] [net.neoforged.fml.javafmlmod.AutomaticEventSubscriber/]: Subscribing @EventBusSubscriber class Lmekanism/client/render/MekanismRenderer; to the mod event bus of mod mekanism
[03Apr2026 01:06:32.943] [modloading-worker-0/DEBUG] [net.neoforged.fml.javafmlmod.AutomaticEventSubscriber/LOADING]: Scanning class mekanism.client.ClientRegistration for @SubscribeEvent-annotated methods
[03Apr2026 01:06:32.947] [modloading-worker-0/DEBUG] [net.neoforged.fml.javafmlmod.AutomaticEventSubscriber/]: Subscribing @EventBusSubscriber class Lmekanism/client/ClientRegistration; to the mod event bus of mod mekanism
[03Apr2026 01:06:32.955] [modloading-worker-0/DEBUG] [net.neoforged.fml.config.ConfigTracker/CONFIG]: Config file Mekanism/generators.toml for mekanismgenerators tracking
[03Apr2026 01:06:32.955] [modloading-worker-0/DEBUG] [net.neoforged.fml.config.ConfigTracker/CONFIG]: Config file Mekanism/generators-gear.toml for mekanismgenerators tracking
[03Apr2026 01:06:32.955] [modloading-worker-0/DEBUG] [net.neoforged.fml.config.ConfigTracker/CONFIG]: Config file Mekanism/generator-storage.toml for mekanismgenerators tracking
[03Apr2026 01:06:32.980] [modloading-worker-0/DEBUG] [net.neoforged.fml.javafmlmod.AutomaticEventSubscriber/LOADING]: Attempting to inject @EventBusSubscriber classes into the eventbus for mekanismgenerators
[03Apr2026 01:06:32.980] [modloading-worker-0/DEBUG] [net.neoforged.fml.javafmlmod.AutomaticEventSubscriber/LOADING]: Scanning class mekanism.generators.client.GeneratorsClientRegistration for @SubscribeEvent-annotated methods
[03Apr2026 01:06:32.989] [modloading-worker-0/DEBUG] [net.neoforged.fml.javafmlmod.AutomaticEventSubscriber/]: Subscribing @EventBusSubscriber class Lmekanism/generators/client/GeneratorsClientRegistration; to the mod event bus of mod mekanismgenerators
[03Apr2026 01:06:33.000] [modloading-sync-worker/DEBUG] [net.neoforged.neoforge.registries.GameData/REGISTRIES]: Unfreezing registries
[03Apr2026 01:06:33.697] [modloading-sync-worker/DEBUG] [net.neoforged.neoforge.registries.GameData/REGISTRIES]: Freezing registries
[03Apr2026 01:06:33.901] [modloading-sync-worker/DEBUG] [net.neoforged.neoforge.registries.GameData/REGISTRIES]: All registries frozen
[03Apr2026 01:06:33.945] [main/WARN] [net.minecraft.server.packs.VanillaPackResourcesBuilder/]: Assets URL 'union:/Users/caliane/Sources/nuclearcraft/.gradle/repositories/ng_dummy_ng/net/neoforged/neoforge/21.1.219/neoforge-21.1.219.jar%23188!/assets/.mcassetsroot' uses unexpected schema
[03Apr2026 01:06:33.945] [main/WARN] [net.minecraft.server.packs.VanillaPackResourcesBuilder/]: Assets URL 'union:/Users/caliane/Sources/nuclearcraft/.gradle/repositories/ng_dummy_ng/net/neoforged/neoforge/21.1.219/neoforge-21.1.219.jar%23188!/data/.mcassetsroot' uses unexpected schema
[03Apr2026 01:06:33.958] [main/WARN] [net.minecraft.server.packs.PathPackResources/]: Non [a-z0-9_.-] character in namespace .DS_Store in pack /Users/caliane/Sources/nuclearcraft/src/main/resources, ignoring
[03Apr2026 01:06:33.958] [main/WARN] [net.minecraft.server.packs.PathPackResources/]: Non [a-z0-9_.-] character in namespace .DS_Store in pack /Users/caliane/Sources/nuclearcraft/src/main/resources, ignoring
[03Apr2026 01:06:33.973] [Worker-Main-1/DEBUG] [mixin/]: Mixing OverworldBiomeBuilderInvoker from nuclearcraft.mixins.json into net.minecraft.world.level.biome.OverworldBiomeBuilder
[03Apr2026 01:06:33.974] [Worker-Main-1/DEBUG] [mixin/]: Mixing OverworldBiomeBuilderMixin from nuclearcraft.mixins.json into net.minecraft.world.level.biome.OverworldBiomeBuilder
[03Apr2026 01:06:33.978] [Worker-Main-1/DEBUG] [mixin/]: nuclearcraft.mixins.json:OverworldBiomeBuilderMixin from mod nuclearcraft->@Inject::GE$writeLowBiomes(Ljava/util/function/Consumer;Lnet/minecraft/world/level/biome/Climate$Parameter;Lorg/spongepowered/asm/mixin/injection/callback/CallbackInfo;)V doesn't use it's CallbackInfo
[03Apr2026 01:06:33.978] [Worker-Main-1/DEBUG] [mixin/]: nuclearcraft.mixins.json:OverworldBiomeBuilderMixin from mod nuclearcraft->@Inject::GE$writeMidBiomes(Ljava/util/function/Consumer;Lnet/minecraft/world/level/biome/Climate$Parameter;Lorg/spongepowered/asm/mixin/injection/callback/CallbackInfo;)V doesn't use it's CallbackInfo
[03Apr2026 01:06:33.978] [Worker-Main-1/DEBUG] [mixin/]: nuclearcraft.mixins.json:OverworldBiomeBuilderMixin from mod nuclearcraft->@Inject::GE$writeHighBiomes(Ljava/util/function/Consumer;Lnet/minecraft/world/level/biome/Climate$Parameter;Lorg/spongepowered/asm/mixin/injection/callback/CallbackInfo;)V doesn't use it's CallbackInfo
[03Apr2026 01:06:33.979] [main/WARN] [net.minecraft.server.packs.PathPackResources/]: Non [a-z0-9_.-] character in namespace .DS_Store in pack /Users/caliane/Sources/nuclearcraft/src/main/resources, ignoring
[03Apr2026 01:06:33.979] [main/WARN] [net.minecraft.server.packs.PathPackResources/]: Non [a-z0-9_.-] character in namespace .DS_Store in pack /Users/caliane/Sources/nuclearcraft/src/main/resources, ignoring
[03Apr2026 01:06:34.044] [main/INFO] [net.minecraft.data.DataGenerator/]: Starting provider: Recipes
[03Apr2026 01:06:34.342] [Worker-Main-1/WARN] [igentuman.nc.NuclearCraft/]: Error while loading dimensions ore config for lithium!
[03Apr2026 01:06:34.342] [Worker-Main-1/WARN] [igentuman.nc.NuclearCraft/]: Error while loading dimensions ore config for platinum!
[03Apr2026 01:06:34.342] [Worker-Main-1/WARN] [igentuman.nc.NuclearCraft/]: Error while loading dimensions ore config for thorium!
[03Apr2026 01:06:34.342] [Worker-Main-1/WARN] [igentuman.nc.NuclearCraft/]: Error while loading dimensions ore config for tin!
[03Apr2026 01:06:34.342] [Worker-Main-1/WARN] [igentuman.nc.NuclearCraft/]: Error while loading dimensions ore config for magnesium!
[03Apr2026 01:06:34.342] [Worker-Main-1/WARN] [igentuman.nc.NuclearCraft/]: Error while loading dimensions ore config for silver!
[03Apr2026 01:06:34.342] [Worker-Main-1/WARN] [igentuman.nc.NuclearCraft/]: Error while loading dimensions ore config for cobalt!
[03Apr2026 01:06:34.343] [Worker-Main-1/WARN] [igentuman.nc.NuclearCraft/]: Error while loading dimensions ore config for uranium!
[03Apr2026 01:06:34.343] [Worker-Main-1/WARN] [igentuman.nc.NuclearCraft/]: Error while loading dimensions ore config for zinc!
[03Apr2026 01:06:34.343] [Worker-Main-1/WARN] [igentuman.nc.NuclearCraft/]: Error while loading dimensions ore config for boron!
[03Apr2026 01:06:34.343] [Worker-Main-1/WARN] [igentuman.nc.NuclearCraft/]: Error while loading dimensions ore config for lead!
[03Apr2026 01:06:34.362] [Worker-Main-1/ERROR] [net.minecraft.Util/]: Placed feature nuclearcraft:wasteland_surface in biome nuclearcraft:wasteland is missing BiomeFilter.biome()
[03Apr2026 01:06:34.923] [main/INFO] [net.minecraft.data.DataGenerator/]: Recipes finished after 878 ms
[03Apr2026 01:06:34.923] [main/INFO] [net.minecraft.data.DataGenerator/]: Starting provider: Loot Tables
[03Apr2026 01:06:34.989] [main/INFO] [net.minecraft.data.DataGenerator/]: Loot Tables finished after 65 ms
[03Apr2026 01:06:34.989] [main/INFO] [net.minecraft.data.DataGenerator/]: Starting provider: NuclearCraft Block Tags
[03Apr2026 01:06:35.000] [main/INFO] [net.minecraft.data.DataGenerator/]: NuclearCraft Block Tags finished after 11 ms
[03Apr2026 01:06:35.001] [main/INFO] [net.minecraft.data.DataGenerator/]: Starting provider: NuclearCraft Item Tags
[03Apr2026 01:06:35.077] [main/INFO] [net.minecraft.data.DataGenerator/]: NuclearCraft Item Tags finished after 76 ms
[03Apr2026 01:06:35.077] [main/INFO] [net.minecraft.data.DataGenerator/]: Starting provider: Tags for minecraft:fluid mod id nuclearcraft
[03Apr2026 01:06:35.205] [main/INFO] [net.minecraft.data.DataGenerator/]: Tags for minecraft:fluid mod id nuclearcraft finished after 127 ms
[03Apr2026 01:06:35.205] [main/INFO] [net.minecraft.data.DataGenerator/]: Starting provider: NuclearCraft Structure Tags
[03Apr2026 01:06:35.205] [main/INFO] [net.minecraft.data.DataGenerator/]: NuclearCraft Structure Tags finished after 0 ms
[03Apr2026 01:06:35.205] [main/INFO] [net.minecraft.data.DataGenerator/]: Starting provider: Block States: nuclearcraft
[03Apr2026 01:06:35.352] [main/INFO] [net.minecraft.data.DataGenerator/]: Block States: nuclearcraft finished after 147 ms
[03Apr2026 01:06:35.352] [main/INFO] [net.minecraft.data.DataGenerator/]: Starting provider: Block States: nuclearcraft_fluids
[03Apr2026 01:06:35.589] [main/INFO] [net.minecraft.data.DataGenerator/]: Block States: nuclearcraft_fluids finished after 236 ms
[03Apr2026 01:06:35.589] [main/INFO] [net.minecraft.data.DataGenerator/]: Starting provider: Item Models: nuclearcraft
[03Apr2026 01:06:35.820] [main/INFO] [net.minecraft.data.DataGenerator/]: Item Models: nuclearcraft finished after 230 ms
[03Apr2026 01:06:35.820] [main/INFO] [net.minecraft.data.DataGenerator/]: Starting provider: Languages: en_us for mod: nuclearcraft
[03Apr2026 01:06:35.829] [main/INFO] [net.minecraft.data.DataGenerator/]: Languages: en_us for mod: nuclearcraft finished after 8 ms
[03Apr2026 01:06:35.829] [main/INFO] [net.minecraft.data.DataGenerator/]: Starting provider: Languages: en_gb for mod: emi
[03Apr2026 01:06:35.835] [main/INFO] [net.minecraft.data.DataGenerator/]: Languages: en_gb for mod: emi finished after 5 ms
[03Apr2026 01:06:35.835] [main/INFO] [net.minecraft.data.DataGenerator/]: Starting provider: NuclearCraft Biome Tags
[03Apr2026 01:06:35.836] [main/INFO] [net.minecraft.data.DataGenerator/]: NuclearCraft Biome Tags finished after 1 ms
[03Apr2026 01:06:35.836] [main/INFO] [net.minecraft.data.DataGenerator/]: Starting provider: Registries
[03Apr2026 01:06:35.850] [main/INFO] [net.minecraft.data.DataGenerator/]: Registries finished after 13 ms
[03Apr2026 01:06:35.850] [main/INFO] [net.minecraft.data.DataGenerator/]: Starting provider: Tags for minecraft:point_of_interest_type mod id nuclearcraft
[03Apr2026 01:06:35.851] [main/INFO] [net.minecraft.data.DataGenerator/]: Tags for minecraft:point_of_interest_type mod id nuclearcraft finished after 0 ms
[03Apr2026 01:06:35.851] [main/INFO] [net.minecraft.data.DataGenerator/]: All providers took: 1807 ms
[03Apr2026 01:06:35.919] [main/INFO] [net.minecraft.data.HashCache/]: Caching: total files: 8275, old count: 0, new count: 8276, removed stale: 0, written: 8275
