[04Mar2026 16:19:20.258] [main/INFO] [cpw.mods.modlauncher.Launcher/MODLAUNCHER]: ModLauncher running: args [--width, 1920, --height, 1080, --launchTarget, forgeclientdev, --version, 21.1.219, --assetIndex, asset-index, --assetsDir, /Users/caliane/.gradle/caches/minecraft/assets, --gameDir, ., --fml.fmlVersion, 4.0.42, --fml.mcVersion, 1.21.1, --fml.neoForgeVersion, 21.1.219, --fml.neoFormVersion, 20240808.144430]
[04Mar2026 16:19:20.260] [main/INFO] [cpw.mods.modlauncher.Launcher/MODLAUNCHER]: JVM identified as Homebrew OpenJDK 64-Bit Server VM 21.0.10
[04Mar2026 16:19:20.260] [main/INFO] [cpw.mods.modlauncher.Launcher/MODLAUNCHER]: ModLauncher 11.0.5+main.901c6ea8 starting: java version 21.0.10 by Homebrew; OS Mac OS X arch aarch64 version 26.2
[04Mar2026 16:19:20.278] [main/DEBUG] [cpw.mods.modlauncher.LaunchServiceHandler/MODLAUNCHER]: Found launch services [minecraft,forgeclient,forgedatauserdev,testharness,forgeserverdev,forgeserveruserdev,forgejunitdev,forgeclientdev,forgeclientuserdev,forgeserver,forgejunituserdev,forgedatadev]
[04Mar2026 16:19:20.291] [main/DEBUG] [cpw.mods.modlauncher.LaunchPluginHandler/MODLAUNCHER]: Found launch plugins: [mixin,slf4jfixer,runtime_enum_extender,accesstransformer,runtimedistcleaner]
[04Mar2026 16:19:20.296] [main/DEBUG] [cpw.mods.modlauncher.TransformationServicesHandler/MODLAUNCHER]: Discovering transformation services
[04Mar2026 16:19:20.298] [main/DEBUG] [net.neoforged.fml.loading.FMLPaths/CORE]: Path GAMEDIR is /Users/caliane/Sources/nuclearcraft/runs/client
[04Mar2026 16:19:20.298] [main/DEBUG] [net.neoforged.fml.loading.FMLPaths/CORE]: Path MODSDIR is /Users/caliane/Sources/nuclearcraft/runs/client/mods
[04Mar2026 16:19:20.298] [main/DEBUG] [net.neoforged.fml.loading.FMLPaths/CORE]: Path CONFIGDIR is /Users/caliane/Sources/nuclearcraft/runs/client/config
[04Mar2026 16:19:20.299] [main/DEBUG] [net.neoforged.fml.loading.FMLPaths/CORE]: Path FMLCONFIG is /Users/caliane/Sources/nuclearcraft/runs/client/config/fml.toml
[04Mar2026 16:19:20.315] [main/TRACE] [net.neoforged.fml.loading.FMLConfig/CORE]: Loaded FML config from /Users/caliane/Sources/nuclearcraft/runs/client/config/fml.toml
[04Mar2026 16:19:20.315] [main/TRACE] [net.neoforged.fml.loading.FMLConfig/CORE]: FMLConfig disableConfigWatcher is false
[04Mar2026 16:19:20.315] [main/TRACE] [net.neoforged.fml.loading.FMLConfig/CORE]: FMLConfig earlyWindowControl is true
[04Mar2026 16:19:20.315] [main/TRACE] [net.neoforged.fml.loading.FMLConfig/CORE]: FMLConfig maxThreads is 32
[04Mar2026 16:19:20.315] [main/TRACE] [net.neoforged.fml.loading.FMLConfig/CORE]: FMLConfig versionCheck is true
[04Mar2026 16:19:20.315] [main/TRACE] [net.neoforged.fml.loading.FMLConfig/CORE]: FMLConfig defaultConfigPath is defaultconfigs
[04Mar2026 16:19:20.316] [main/TRACE] [net.neoforged.fml.loading.FMLConfig/CORE]: FMLConfig disableOptimizedDFU is true
[04Mar2026 16:19:20.316] [main/TRACE] [net.neoforged.fml.loading.FMLConfig/CORE]: FMLConfig earlyWindowProvider is fmlearlywindow
[04Mar2026 16:19:20.316] [main/TRACE] [net.neoforged.fml.loading.FMLConfig/CORE]: FMLConfig earlyWindowWidth is 1920
[04Mar2026 16:19:20.316] [main/TRACE] [net.neoforged.fml.loading.FMLConfig/CORE]: FMLConfig earlyWindowHeight is 1080
[04Mar2026 16:19:20.316] [main/TRACE] [net.neoforged.fml.loading.FMLConfig/CORE]: FMLConfig earlyWindowFBScale is 1
[04Mar2026 16:19:20.316] [main/TRACE] [net.neoforged.fml.loading.FMLConfig/CORE]: FMLConfig earlyWindowMaximized is false
[04Mar2026 16:19:20.316] [main/TRACE] [net.neoforged.fml.loading.FMLConfig/CORE]: FMLConfig earlyWindowSkipGLVersions is []
[04Mar2026 16:19:20.316] [main/TRACE] [net.neoforged.fml.loading.FMLConfig/CORE]: FMLConfig earlyWindowSquir is false
[04Mar2026 16:19:20.321] [main/DEBUG] [net.neoforged.fml.loading.targets.CommonLaunchHandler/CORE]: Got mod coordinates nuclearcraft%%/Users/caliane/Sources/nuclearcraft/build/resources/main:nuclearcraft%%/Users/caliane/Sources/nuclearcraft/build/classes/java/main from env
[04Mar2026 16:19:20.322] [main/DEBUG] [net.neoforged.fml.loading.targets.CommonLaunchHandler/CORE]: Found supplied mod coordinates [{nuclearcraft=[/Users/caliane/Sources/nuclearcraft/build/resources/main, /Users/caliane/Sources/nuclearcraft/build/classes/java/main]}]
[04Mar2026 16:19:20.323] [main/DEBUG] [cpw.mods.modlauncher.TransformationServicesHandler/MODLAUNCHER]: Found additional transformation services from discovery services: 
[04Mar2026 16:19:20.328] [main/INFO] [net.neoforged.fml.loading.ImmediateWindowHandler/]: Loading ImmediateWindowProvider fmlearlywindow
[04Mar2026 16:19:20.503] [main/INFO] [EARLYDISPLAY/]: Trying GL version 4.6
[04Mar2026 16:19:20.572] [main/TRACE] [EARLYDISPLAY/]: Trying 4.6: GLFW error: [0x10007]Requested OpenGL version 4.6, got version 4.1
[04Mar2026 16:19:20.573] [main/INFO] [EARLYDISPLAY/]: Trying GL version 4.5
[04Mar2026 16:19:20.588] [main/TRACE] [EARLYDISPLAY/]: Trying 4.5: GLFW error: [0x10007]Requested OpenGL version 4.5, got version 4.1
[04Mar2026 16:19:20.588] [main/INFO] [EARLYDISPLAY/]: Trying GL version 4.4
[04Mar2026 16:19:20.603] [main/TRACE] [EARLYDISPLAY/]: Trying 4.4: GLFW error: [0x10007]Requested OpenGL version 4.4, got version 4.1
[04Mar2026 16:19:20.603] [main/INFO] [EARLYDISPLAY/]: Trying GL version 4.3
[04Mar2026 16:19:20.620] [main/TRACE] [EARLYDISPLAY/]: Trying 4.3: GLFW error: [0x10007]Requested OpenGL version 4.3, got version 4.1
[04Mar2026 16:19:20.620] [main/INFO] [EARLYDISPLAY/]: Trying GL version 4.2
[04Mar2026 16:19:20.640] [main/TRACE] [EARLYDISPLAY/]: Trying 4.2: GLFW error: [0x10007]Requested OpenGL version 4.2, got version 4.1
[04Mar2026 16:19:20.641] [main/INFO] [EARLYDISPLAY/]: Trying GL version 4.1
[04Mar2026 16:19:20.671] [main/INFO] [EARLYDISPLAY/]: Requested GL version 4.1 got version 4.1
[04Mar2026 16:19:20.680] [main/DEBUG] [EARLYDISPLAY/]: Suppressing GLFW icon error: [0x1000C]Cocoa: Regular windows do not have icons on macOS
[04Mar2026 16:19:20.789] [main/DEBUG] [cpw.mods.modlauncher.TransformationServicesHandler/MODLAUNCHER]: Found transformer services : [mixin,fml]
[04Mar2026 16:19:20.789] [main/DEBUG] [cpw.mods.modlauncher.TransformationServicesHandler/MODLAUNCHER]: Transformation services loading
[04Mar2026 16:19:20.789] [main/DEBUG] [cpw.mods.modlauncher.TransformationServiceDecorator/MODLAUNCHER]: Loading service mixin
[04Mar2026 16:19:20.790] [main/DEBUG] [cpw.mods.modlauncher.TransformationServiceDecorator/MODLAUNCHER]: Loaded service mixin
[04Mar2026 16:19:20.790] [main/DEBUG] [cpw.mods.modlauncher.TransformationServiceDecorator/MODLAUNCHER]: Loading service fml
[04Mar2026 16:19:20.790] [main/DEBUG] [net.neoforged.fml.loading.FMLLoader/CORE]: FML 4.0.42 loading
[04Mar2026 16:19:20.791] [main/DEBUG] [net.neoforged.fml.loading.FMLLoader/CORE]: FML found ModLauncher version : 11.0.5+main.901c6ea8
[04Mar2026 16:19:20.791] [main/DEBUG] [net.neoforged.fml.loading.FMLLoader/CORE]: FML found AccessTransformer version : 10.0.1+139da711
[04Mar2026 16:19:20.792] [main/DEBUG] [net.neoforged.fml.loading.FMLLoader/CORE]: FML found EventBus version : null
[04Mar2026 16:19:20.792] [main/DEBUG] [net.neoforged.fml.loading.FMLLoader/CORE]: Found Runtime Dist Cleaner
[04Mar2026 16:19:20.792] [main/DEBUG] [cpw.mods.modlauncher.TransformationServiceDecorator/MODLAUNCHER]: Loaded service fml
[04Mar2026 16:19:20.792] [main/DEBUG] [cpw.mods.modlauncher.TransformationServicesHandler/MODLAUNCHER]: Configuring option handling for services
[04Mar2026 16:19:20.800] [main/DEBUG] [net.neoforged.fml.loading.FMLServiceProvider/CORE]: Received command line version data  : VersionInfo[neoForgeVersion=21.1.219, fmlVersion=4.0.42, mcVersion=1.21.1, neoFormVersion=20240808.144430]
[04Mar2026 16:19:20.800] [main/DEBUG] [cpw.mods.modlauncher.TransformationServicesHandler/MODLAUNCHER]: Transformation services initializing
[04Mar2026 16:19:20.800] [main/DEBUG] [cpw.mods.modlauncher.TransformationServiceDecorator/MODLAUNCHER]: Initializing transformation service mixin
[04Mar2026 16:19:20.804] [main/DEBUG] [mixin/]: MixinService [ModLauncher] was successfully booted in cpw.mods.cl.ModuleClassLoader@4e718207
[04Mar2026 16:19:20.808] [main/INFO] [mixin/]: SpongePowered MIXIN Subsystem Version=0.8.7 Source=union:/Users/caliane/.gradle/caches/modules-2/files-2.1/net.fabricmc/sponge-mixin/0.15.2+mixin.0.8.7/2af2f021d8e02a0220dc27a7a72b4666d66d44ca/sponge-mixin-0.15.2+mixin.0.8.7.jar%23134!/ Service=ModLauncher Env=CLIENT
[04Mar2026 16:19:20.809] [main/DEBUG] [mixin/]: Initialising Mixin Platform Manager
[04Mar2026 16:19:20.809] [main/DEBUG] [mixin/]: Adding mixin platform agents for container ModLauncher Root Container(ModLauncher:4f56a0a2)
[04Mar2026 16:19:20.809] [main/DEBUG] [mixin/]: Instancing new MixinPlatformAgentMinecraftForge for ModLauncher Root Container(ModLauncher:4f56a0a2)
[04Mar2026 16:19:20.810] [main/DEBUG] [mixin/]: MixinPlatformAgentMinecraftForge rejected container ModLauncher Root Container(ModLauncher:4f56a0a2)
[04Mar2026 16:19:20.810] [main/DEBUG] [mixin/]: Instancing new MixinPlatformAgentDefault for ModLauncher Root Container(ModLauncher:4f56a0a2)
[04Mar2026 16:19:20.810] [main/DEBUG] [mixin/]: MixinPlatformAgentDefault accepted container ModLauncher Root Container(ModLauncher:4f56a0a2)
[04Mar2026 16:19:20.811] [main/DEBUG] [cpw.mods.modlauncher.TransformationServiceDecorator/MODLAUNCHER]: Initialized transformation service mixin
[04Mar2026 16:19:20.811] [main/DEBUG] [cpw.mods.modlauncher.TransformationServiceDecorator/MODLAUNCHER]: Initializing transformation service fml
[04Mar2026 16:19:20.811] [main/DEBUG] [net.neoforged.fml.loading.FMLServiceProvider/CORE]: Setting up basic FML game directories
[04Mar2026 16:19:20.812] [main/DEBUG] [net.neoforged.fml.loading.FMLPaths/CORE]: Path GAMEDIR is /Users/caliane/Sources/nuclearcraft/runs/client
[04Mar2026 16:19:20.812] [main/DEBUG] [net.neoforged.fml.loading.FMLPaths/CORE]: Path MODSDIR is /Users/caliane/Sources/nuclearcraft/runs/client/mods
[04Mar2026 16:19:20.812] [main/DEBUG] [net.neoforged.fml.loading.FMLPaths/CORE]: Path CONFIGDIR is /Users/caliane/Sources/nuclearcraft/runs/client/config
[04Mar2026 16:19:20.812] [main/DEBUG] [net.neoforged.fml.loading.FMLPaths/CORE]: Path FMLCONFIG is /Users/caliane/Sources/nuclearcraft/runs/client/config/fml.toml
[04Mar2026 16:19:20.812] [main/DEBUG] [net.neoforged.fml.loading.FMLServiceProvider/CORE]: Loading configuration
[04Mar2026 16:19:20.813] [main/TRACE] [net.neoforged.fml.loading.FMLConfig/CORE]: Loaded FML config from /Users/caliane/Sources/nuclearcraft/runs/client/config/fml.toml
[04Mar2026 16:19:20.813] [main/TRACE] [net.neoforged.fml.loading.FMLConfig/CORE]: FMLConfig disableConfigWatcher is false
[04Mar2026 16:19:20.813] [main/TRACE] [net.neoforged.fml.loading.FMLConfig/CORE]: FMLConfig earlyWindowControl is true
[04Mar2026 16:19:20.813] [main/TRACE] [net.neoforged.fml.loading.FMLConfig/CORE]: FMLConfig maxThreads is 32
[04Mar2026 16:19:20.813] [main/TRACE] [net.neoforged.fml.loading.FMLConfig/CORE]: FMLConfig versionCheck is true
[04Mar2026 16:19:20.813] [main/TRACE] [net.neoforged.fml.loading.FMLConfig/CORE]: FMLConfig defaultConfigPath is defaultconfigs
[04Mar2026 16:19:20.813] [main/TRACE] [net.neoforged.fml.loading.FMLConfig/CORE]: FMLConfig disableOptimizedDFU is true
[04Mar2026 16:19:20.813] [main/TRACE] [net.neoforged.fml.loading.FMLConfig/CORE]: FMLConfig earlyWindowProvider is fmlearlywindow
[04Mar2026 16:19:20.813] [main/TRACE] [net.neoforged.fml.loading.FMLConfig/CORE]: FMLConfig earlyWindowWidth is 1920
[04Mar2026 16:19:20.813] [main/TRACE] [net.neoforged.fml.loading.FMLConfig/CORE]: FMLConfig earlyWindowHeight is 1080
[04Mar2026 16:19:20.813] [main/TRACE] [net.neoforged.fml.loading.FMLConfig/CORE]: FMLConfig earlyWindowFBScale is 1
[04Mar2026 16:19:20.813] [main/TRACE] [net.neoforged.fml.loading.FMLConfig/CORE]: FMLConfig earlyWindowMaximized is false
[04Mar2026 16:19:20.814] [main/TRACE] [net.neoforged.fml.loading.FMLConfig/CORE]: FMLConfig earlyWindowSkipGLVersions is []
[04Mar2026 16:19:20.814] [main/TRACE] [net.neoforged.fml.loading.FMLConfig/CORE]: FMLConfig earlyWindowSquir is false
[04Mar2026 16:19:20.815] [main/DEBUG] [net.neoforged.fml.loading.LaunchContext/SCAN]: Located paths when launch context was created: [/Users/caliane/.gradle/caches/modules-2/files-2.1/net.neoforged/JarJarMetadata/0.4.1/f8da03683dc81694556dc3e177c5e3bb77ae6fcb/JarJarMetadata-0.4.1.jar, /Users/caliane/.gradle/caches/modules-2/files-2.1/net.neoforged.fancymodloader/earlydisplay/4.0.42/46555dbfff14e9e052f1f693aed14d542a74e111/earlydisplay-4.0.42.jar, /Users/caliane/.gradle/caches/modules-2/files-2.1/net.minecraftforge/srgutils/0.4.15/ca408b131759478f164e010fae0d73997e125fb5/srgutils-0.4.15.jar, /Users/caliane/.gradle/caches/modules-2/files-2.1/org.joml/joml/1.10.5/22566d58af70ad3d72308bab63b8339906deb649/joml-1.10.5.jar, /Users/caliane/.gradle/caches/modules-2/files-2.1/io.netty/netty-buffer/4.1.97.Final/f8f3d8644afa5e6e1a40a3a6aeb9d9aa970ecb4f/netty-buffer-4.1.97.Final.jar, /Users/caliane/.gradle/caches/modules-2/files-2.1/com.electronwill.night-config/toml/3.8.3/90b2fd6efcb4a7d5b9810cf78f9d824994d717f2/toml-3.8.3.jar, /Users/caliane/.gradle/caches/modules-2/files-2.1/io.netty/netty-common/4.1.97.Final/7cceacaf11df8dc63f23d0fb58e9d4640fc88404/netty-common-4.1.97.Final.jar, /Users/caliane/.gradle/caches/modules-2/files-2.1/org.openjdk.nashorn/nashorn-core/15.4/f67f5ffaa5f5130cf6fb9b133da00c7df3b532a5/nashorn-core-15.4.jar, /Users/caliane/.gradle/caches/modules-2/files-2.1/org.lwjgl/lwjgl-tinyfd/3.3.3/82d755ca94b102e9ca77283b9e2dc46d1b15fbe5/lwjgl-tinyfd-3.3.3.jar, /Users/caliane/.gradle/caches/modules-2/files-2.1/org.lwjgl/lwjgl-freetype/3.3.3/806d869f37ce0df388a24e17aaaf5ca0894d851b/lwjgl-freetype-3.3.3-natives-macos-patch.jar, /Users/caliane/.gradle/caches/modules-2/files-2.1/org.lwjgl/lwjgl-openal/3.3.3/8df8338bfa77f2ebabef4e58964bd04d24805cbf/lwjgl-openal-3.3.3-natives-macos.jar, /Users/caliane/.gradle/caches/modules-2/files-2.1/com.google.guava/listenablefuture/9999.0-empty-to-avoid-conflict-with-guava/b421526c5f297295adef1c886e5246c39d4ac629/listenablefuture-9999.0-empty-to-avoid-conflict-with-guava.jar, /Users/caliane/.gradle/caches/modules-2/files-2.1/com.google.guava/failureaccess/1.0.1/1dcf1de382a0bf95a3d8b0849546c88bac1292c9/failureaccess-1.0.1.jar, /Users/caliane/.gradle/caches/modules-2/files-2.1/org.lz4/lz4-java/1.8.0/4b986a99445e49ea5fbf5d149c4b63f6ed6c6780/lz4-java-1.8.0.jar, /Users/caliane/.gradle/caches/modules-2/files-2.1/ca.weblite/java-objc-bridge/1.1/1227f9e0666314f9de41477e3ec277e542ed7f7b/java-objc-bridge-1.1.jar, /Users/caliane/.gradle/caches/modules-2/files-2.1/net.minecrell/terminalconsoleappender/1.3.0/b562e9bb61235c9520e26282cdee71f8f802d1fc/terminalconsoleappender-1.3.0.jar, /Users/caliane/Sources/nuclearcraft/.gradle/repositories/ng_dummy_ng/net/minecraft/client/1.21.1/client-1.21.1-client-extra.jar, /Users/caliane/.gradle/caches/modules-2/files-2.1/com.mojang/datafixerupper/8.0.16/67d4de6d7f95d89bcf5862995fb854ebaec02a34/datafixerupper-8.0.16.jar, /Users/caliane/.gradle/caches/modules-2/files-2.1/cpw.mods/modlauncher/11.0.5/b8f0d49294f733fdb6173931b263553e943dc950/modlauncher-11.0.5.jar, /Users/caliane/.gradle/caches/modules-2/files-2.1/io.netty/netty-transport/4.1.97.Final/f37380d23c9bb079bc702910833b2fd532c9abd0/netty-transport-4.1.97.Final.jar, /Users/caliane/.gradle/caches/modules-2/files-2.1/org.lwjgl/lwjgl-jemalloc/3.3.3/2906637657a57579847238c9c72d2c4bde7083f8/lwjgl-jemalloc-3.3.3-natives-macos.jar, /Users/caliane/.gradle/caches/modules-2/files-2.1/com.electronwill.night-config/core/3.8.3/b442a95f09e349927f5a945ecb594455870fcf4f/core-3.8.3.jar, /Users/caliane/.gradle/caches/modules-2/files-2.1/com.mojang/brigadier/1.3.10/d15b53a14cf20fdcaa98f731af5dda654452c010/brigadier-1.3.10.jar, /Users/caliane/.gradle/caches/modules-2/files-2.1/com.ibm.icu/icu4j/73.2/61ad4ef7f9131fcf6d25c34b817f90d6da06c9e9/icu4j-73.2.jar, /Users/caliane/.gradle/caches/modules-2/files-2.1/com.google.guava/guava/32.1.2-jre/5e64ec7e056456bef3a4bc4c6fdaef71e8ab6318/guava-32.1.2-jre.jar, /Users/caliane/.gradle/caches/modules-2/files-2.1/org.lwjgl/lwjgl-tinyfd/3.3.3/406feedb977372085a61eb0fee358183f4f4c67a/lwjgl-tinyfd-3.3.3-natives-macos-arm64.jar, /Users/caliane/.gradle/caches/modules-2/files-2.1/org.lwjgl/lwjgl-freetype/3.3.3/b0a8c9baa9d1f54ac61e1ab9640c7659e7fa700c/lwjgl-freetype-3.3.3-natives-macos-arm64.jar, /Users/caliane/.gradle/caches/modules-2/files-2.1/net.sf.jopt-simple/jopt-simple/5.0.4/4fdac2fbe92dfad86aa6e9301736f6b4342a3f5c/jopt-simple-5.0.4.jar, /Users/caliane/.gradle/caches/modules-2/files-2.1/net.neoforged.accesstransformers/at-modlauncher/10.0.1/5aba50202aceead086bc09fbc2751c9f05cb4890/at-modlauncher-10.0.1.jar, /Users/caliane/.gradle/caches/modules-2/files-2.1/it.unimi.dsi/fastutil/8.5.12/c24946d46824bd528054bface3231d2ecb7e95e8/fastutil-8.5.12.jar, /Users/caliane/.gradle/caches/modules-2/files-2.1/com.google.code.gson/gson/2.10.1/b3add478d4382b78ea20b1671390a858002feb6c/gson-2.10.1.jar, /Users/caliane/.gradle/caches/modules-2/files-2.1/net.java.dev.jna/jna-platform/5.14.0/28934d48aed814f11e4c584da55c49fa7032b31b/jna-platform-5.14.0.jar, /Users/caliane/.gradle/caches/modules-2/files-2.1/org.slf4j/slf4j-api/2.0.9/7cf2726fdcfbc8610f9a71fb3ed639871f315340/slf4j-api-2.0.9.jar, /Users/caliane/.gradle/caches/modules-2/files-2.1/org.jcraft/jorbis/0.0.17/8872d22b293e8f5d7d56ff92be966e6dc28ebdc6/jorbis-0.0.17.jar, /Users/caliane/.gradle/caches/modules-2/files-2.1/org.lwjgl/lwjgl-stb/3.3.3/25dd6161988d7e65f71d5065c99902402ee32746/lwjgl-stb-3.3.3.jar, /Users/caliane/.gradle/caches/modules-2/files-2.1/org.lwjgl/lwjgl-jemalloc/3.3.3/b543467b7ff3c6920539a88ee602d34098628be5/lwjgl-jemalloc-3.3.3.jar, /Users/caliane/.gradle/caches/modules-2/files-2.1/org.apache.maven/maven-artifact/3.8.5/4433f50c07debefaed0553bd0068f4f48d449313/maven-artifact-3.8.5.jar, /Users/caliane/.gradle/caches/modules-2/files-2.1/com.github.oshi/oshi-core/6.4.10/b1d8ab82d11d92fd639b56d639f8f46f739dd5fa/oshi-core-6.4.10.jar, /Users/caliane/.gradle/caches/modules-2/files-2.1/com.mojang/authlib/6.0.54/de8bc95660e1b2fe8793fd427a7a10dcec5b3ea7/authlib-6.0.54.jar, /Users/caliane/.gradle/caches/modules-2/files-2.1/org.jline/jline-terminal/3.20.0/d0ddcc708ddf527a3454c941b7b9225cc83a15ff/jline-terminal-3.20.0.jar, /Users/caliane/.gradle/caches/modules-2/files-2.1/net.neoforged/coremods/7.0.3/9147e6f638b4272b3bd5fc8f92ad37802512c6c/coremods-7.0.3.jar, /Users/caliane/.gradle/caches/modules-2/files-2.1/net.jodah/typetools/0.6.3/a01aaa6ddaea9ec07ec4f209487b7a46a526283a/typetools-0.6.3.jar, /Users/caliane/.gradle/caches/modules-2/files-2.1/io.netty/netty-codec/4.1.97.Final/384ba4d75670befbedb45c4d3b497a93639c206d/netty-codec-4.1.97.Final.jar, /Users/caliane/.gradle/caches/modules-2/files-2.1/org.jetbrains/annotations/24.1.0/7af6a669488450c4a07c2c3254e2151df42d7d04/annotations-24.1.0.jar, /Users/caliane/.gradle/caches/modules-2/files-2.1/commons-codec/commons-codec/1.16.0/4e3eb3d79888d76b54e28b350915b5dc3919c9de/commons-codec-1.16.0.jar, /Users/caliane/.gradle/caches/modules-2/files-2.1/org.antlr/antlr4-runtime/4.13.1/17125bae1d965624e265ef49552f6465a2bfa307/antlr4-runtime-4.13.1.jar, /Users/caliane/.gradle/caches/modules-2/files-2.1/org.lwjgl/lwjgl-glfw/3.3.3/efa1eb78c5ccd840e9f329717109b5e892d72f8e/lwjgl-glfw-3.3.3.jar, /Users/caliane/.gradle/caches/modules-2/files-2.1/org.apache.commons/commons-lang3/3.14.0/1ed471194b02f2c6cb734a0cd6f6f107c673afae/commons-lang3-3.14.0.jar, /Users/caliane/.gradle/caches/modules-2/files-2.1/org.apache.commons/commons-compress/1.26.0/659feffdd12280201c8aacb8f7be94f9a883c824/commons-compress-1.26.0.jar, /Users/caliane/.gradle/caches/modules-2/files-2.1/com.machinezoo.noexception/noexception/1.7.1/b65330c98e38a1f915fa54a6e5eca496505e3f0a/noexception-1.7.1.jar, /Users/caliane/.gradle/caches/modules-2/files-2.1/org.lwjgl/lwjgl-stb/3.3.3/472792c98fb2c1557c060cb9da5fca6a9773621f/lwjgl-stb-3.3.3-natives-macos.jar, /Users/caliane/.gradle/caches/modules-2/files-2.1/org.checkerframework/checker-qual/3.33.0/de2b60b62da487644fc11f734e73c8b0b431238f/checker-qual-3.33.0.jar, /Users/caliane/.gradle/caches/modules-2/files-2.1/org.jline/jline-reader/3.20.0/8f15415b022a25b473e8e16c28ae913186ffb9c4/jline-reader-3.20.0.jar, /Users/caliane/.gradle/caches/modules-2/files-2.1/commons-io/commons-io/2.15.1/f11560da189ab563a5c8e351941415430e9304ea/commons-io-2.15.1.jar, /Users/caliane/.gradle/caches/modules-2/files-2.1/net.fabricmc/sponge-mixin/0.15.2+mixin.0.8.7/2af2f021d8e02a0220dc27a7a72b4666d66d44ca/sponge-mixin-0.15.2+mixin.0.8.7.jar, /Users/caliane/.gradle/caches/modules-2/files-2.1/org.apache.logging.log4j/log4j-slf4j2-impl/2.22.1/d7e6693c2606cb7e7335047d7bb96dec52db5665/log4j-slf4j2-impl-2.22.1.jar, /Users/caliane/.gradle/caches/modules-2/files-2.1/net.neoforged/accesstransformers/10.0.1/fd83b5725f76eae9115e9355fa1c456a6a441400/accesstransformers-10.0.1.jar, /Users/caliane/.gradle/caches/modules-2/files-2.1/org.lwjgl/lwjgl-freetype/3.3.3/a0db6c84a8becc8ca05f9dbfa985edc348a824c7/lwjgl-freetype-3.3.3.jar, /Users/caliane/.gradle/caches/modules-2/files-2.1/com.google.errorprone/error_prone_annotations/2.18.0/89b684257096f548fa39a7df9fdaa409d4d4df91/error_prone_annotations-2.18.0.jar, /Users/caliane/.gradle/caches/modules-2/files-2.1/io.netty/netty-handler/4.1.97.Final/abb86c6906bf512bf2b797a41cd7d2e8d3cd7c36/netty-handler-4.1.97.Final.jar, /Users/caliane/.gradle/caches/modules-2/files-2.1/org.apache.httpcomponents/httpclient/4.5.13/e5f6cae5ca7ecaac1ec2827a9e2d65ae2869cada/httpclient-4.5.13.jar, /Users/caliane/.gradle/caches/modules-2/files-2.1/com.mojang/patchy/2.2.10/da05971b07cbb379d002cf7eaec6a2048211fefc/patchy-2.2.10.jar, /Users/caliane/.gradle/caches/modules-2/files-2.1/org.lwjgl/lwjgl-openal/3.3.3/daada81ceb5fc0c291fbfdd4433cb8d9423577f2/lwjgl-openal-3.3.3.jar, /Users/caliane/.gradle/caches/modules-2/files-2.1/org.apache.logging.log4j/log4j-api/2.22.1/bea6fede6328fabafd7e68363161a7ea6605abd1/log4j-api-2.22.1.jar, /Users/caliane/.gradle/caches/modules-2/files-2.1/net.java.dev.jna/jna/5.14.0/67bf3eaea4f0718cb376a181a629e5f88fa1c9dd/jna-5.14.0.jar, /Users/caliane/.gradle/caches/modules-2/files-2.1/org.codehaus.plexus/plexus-utils/3.3.0/cf43b5391de623b36fe066a21127baef82c64022/plexus-utils-3.3.0.jar, /Users/caliane/.gradle/caches/modules-2/files-2.1/org.lwjgl/lwjgl-opengl/3.3.3/1bd45997551ae8a28469f3a2b678f4b7289e12c0/lwjgl-opengl-3.3.3-natives-macos.jar, /Users/caliane/.gradle/caches/modules-2/files-2.1/net.neoforged/mergetool/2.0.3/1275202cbbb248f49345cf6787ce299afd9a02fb/mergetool-2.0.3-api.jar, /Users/caliane/.gradle/caches/modules-2/files-2.1/com.mojang/blocklist/1.0.10/5c685c5ffa94c4cd39496c7184c1d122e515ecef/blocklist-1.0.10.jar, /Users/caliane/.gradle/caches/modules-2/files-2.1/org.apache.httpcomponents/httpcore/4.4.16/51cf043c87253c9f58b539c9f7e44c8894223850/httpcore-4.4.16.jar, /Users/caliane/.gradle/caches/modules-2/files-2.1/net.neoforged/bus/8.0.5/5b2d33285ab5d1554e9798ad98c40d6ea3868bd5/bus-8.0.5.jar, /Users/caliane/.gradle/caches/modules-2/files-2.1/org.lwjgl/lwjgl-glfw/3.3.3/a1bf400f6bc64e6195596cb1430dafda46090751/lwjgl-glfw-3.3.3-natives-macos.jar, /Users/caliane/.gradle/caches/modules-2/files-2.1/io.netty/netty-transport-native-unix-common/4.1.97.Final/d469d84265ab70095b01b40886cabdd433b6e664/netty-transport-native-unix-common-4.1.97.Final.jar, /Users/caliane/.gradle/caches/modules-2/files-2.1/org.lwjgl/lwjgl/3.3.3/29589b5f87ed335a6c7e7ee6a5775f81f97ecb84/lwjgl-3.3.3.jar, /Users/caliane/.gradle/caches/modules-2/files-2.1/org.apache.logging.log4j/log4j-core/2.22.1/7183a25510a02ad00cc6a95d3b3d2a7d3c5a8dc4/log4j-core-2.22.1.jar, /Users/caliane/.gradle/caches/modules-2/files-2.1/net.neoforged/JarJarSelector/0.4.1/fb3cc7a58af22ad2880adb98af6d518128c47dae/JarJarSelector-0.4.1.jar, /Users/caliane/.gradle/caches/modules-2/files-2.1/commons-logging/commons-logging/1.2/4bfc12adfe4842bf07b657f0369c4cb522955686/commons-logging-1.2.jar, /Users/caliane/.gradle/caches/modules-2/files-2.1/net.neoforged.fancymodloader/loader/4.0.42/76e15f98bf676fb44b36c5e776f52a55581ec43a/loader-4.0.42.jar, /Users/caliane/.gradle/caches/modules-2/files-2.1/com.google.j2objc/j2objc-annotations/2.8/c85270e307e7b822f1086b93689124b89768e273/j2objc-annotations-2.8.jar, /Users/caliane/.gradle/caches/modules-2/files-2.1/org.lwjgl/lwjgl-opengl/3.3.3/2f6b0147078396a58979125a4c947664e98293a/lwjgl-opengl-3.3.3.jar, /Users/caliane/.gradle/caches/modules-2/files-2.1/io.netty/netty-resolver/4.1.97.Final/cec8348108dc76c47cf87c669d514be52c922144/netty-resolver-4.1.97.Final.jar, /Users/caliane/.gradle/caches/modules-2/files-2.1/com.mojang/logging/1.2.7/24cb95ffb0e3433fd6e844c04e68009e504ca1c0/logging-1.2.7.jar, /Users/caliane/.gradle/caches/modules-2/files-2.1/com.google.code.findbugs/jsr305/3.0.2/25ea2e8b0c338a877313bd4672d3fe056ea78f0d/jsr305-3.0.2.jar, /Users/caliane/.gradle/caches/modules-2/files-2.1/org.lwjgl/lwjgl/3.3.3/226246e75f6bd8d4e1895bdce8638ef87808d114/lwjgl-3.3.3-natives-macos-arm64.jar, /Users/caliane/.gradle/caches/modules-2/files-2.1/io.netty/netty-transport-classes-epoll/4.1.97.Final/795da37ded759e862457a82d9d92c4d39ce8ecee/netty-transport-classes-epoll-4.1.97.Final.jar, /Users/caliane/.gradle/caches/modules-2/files-2.1/com.mojang/text2speech/1.17.9/3cad216e3a7f0c19b4b394388bc9ffc446f13b14/text2speech-1.17.9.jar]
[04Mar2026 16:19:20.815] [main/DEBUG] [net.neoforged.fml.loading.FMLServiceProvider/CORE]: Preparing launch handler
[04Mar2026 16:19:20.815] [main/DEBUG] [net.neoforged.fml.loading.FMLLoader/CORE]: Using forgeclientdev as launch service
[04Mar2026 16:19:20.816] [main/DEBUG] [net.neoforged.fml.common.asm.RuntimeDistCleaner/DISTXFORM]: Configuring for Dist CLIENT
[04Mar2026 16:19:20.817] [main/DEBUG] [cpw.mods.modlauncher.TransformationServiceDecorator/MODLAUNCHER]: Initialized transformation service fml
[04Mar2026 16:19:20.817] [main/DEBUG] [cpw.mods.modlauncher.TransformationServicesHandler/MODLAUNCHER]: Transformation services begin scanning
[04Mar2026 16:19:20.817] [main/DEBUG] [cpw.mods.modlauncher.TransformationServiceDecorator/MODLAUNCHER]: Beginning scan trigger - transformation service mixin
[04Mar2026 16:19:20.817] [main/DEBUG] [cpw.mods.modlauncher.TransformationServiceDecorator/MODLAUNCHER]: End scan trigger - transformation service mixin
[04Mar2026 16:19:20.817] [main/DEBUG] [cpw.mods.modlauncher.TransformationServiceDecorator/MODLAUNCHER]: Beginning scan trigger - transformation service fml
[04Mar2026 16:19:20.817] [main/DEBUG] [net.neoforged.fml.loading.FMLServiceProvider/CORE]: Initiating mod scan
[04Mar2026 16:19:20.818] [main/DEBUG] [net.neoforged.fml.loading.targets.CommonLaunchHandler/CORE]: Got mod coordinates nuclearcraft%%/Users/caliane/Sources/nuclearcraft/build/resources/main:nuclearcraft%%/Users/caliane/Sources/nuclearcraft/build/classes/java/main from env
[04Mar2026 16:19:20.818] [main/DEBUG] [net.neoforged.fml.loading.targets.CommonLaunchHandler/CORE]: Found supplied mod coordinates [{nuclearcraft=[/Users/caliane/Sources/nuclearcraft/build/resources/main, /Users/caliane/Sources/nuclearcraft/build/classes/java/main]}]
[04Mar2026 16:19:20.819] [main/DEBUG] [net.neoforged.fml.loading.targets.CommonDevLaunchHandler/]: Launching with NeoForge from /Users/caliane/Sources/nuclearcraft/.gradle/repositories/ng_dummy_ng/net/neoforged/neoforge/21.1.219/neoforge-21.1.219.jar
[04Mar2026 16:19:20.824] [main/DEBUG] [net.neoforged.fml.util.ServiceLoaderUtil/CORE]: Found 4 implementations of IModFileCandidateLocator:
[04Mar2026 16:19:20.825] [main/DEBUG] [net.neoforged.fml.util.ServiceLoaderUtil/CORE]: 	       0 - [built-in] net.neoforged.fml.loading.moddiscovery.locators.NeoForgeDevProvider from loader-4.0.42.jar
[04Mar2026 16:19:20.825] [main/DEBUG] [net.neoforged.fml.util.ServiceLoaderUtil/CORE]: 	       0 - net.neoforged.fml.loading.moddiscovery.locators.ModsFolderLocator from loader-4.0.42.jar
[04Mar2026 16:19:20.825] [main/DEBUG] [net.neoforged.fml.util.ServiceLoaderUtil/CORE]: 	       0 - net.neoforged.fml.loading.moddiscovery.locators.MavenDirectoryLocator from loader-4.0.42.jar
[04Mar2026 16:19:20.825] [main/DEBUG] [net.neoforged.fml.util.ServiceLoaderUtil/CORE]: 	   -1000 - [built-in] net.neoforged.fml.loading.moddiscovery.locators.UserdevLocator from loader-4.0.42.jar
[04Mar2026 16:19:20.826] [main/DEBUG] [net.neoforged.fml.util.ServiceLoaderUtil/CORE]: Found 2 implementations of IModFileReader:
[04Mar2026 16:19:20.826] [main/DEBUG] [net.neoforged.fml.util.ServiceLoaderUtil/CORE]: 	       0 - net.neoforged.fml.loading.moddiscovery.readers.JarModsDotTomlModFileReader from loader-4.0.42.jar
[04Mar2026 16:19:20.826] [main/DEBUG] [net.neoforged.fml.util.ServiceLoaderUtil/CORE]: 	   -1000 - net.neoforged.fml.loading.moddiscovery.readers.NestedLibraryModReader from loader-4.0.42.jar
[04Mar2026 16:19:20.827] [main/DEBUG] [net.neoforged.fml.util.ServiceLoaderUtil/CORE]: Found 1 implementations of IDependencyLocator:
[04Mar2026 16:19:20.827] [main/DEBUG] [net.neoforged.fml.util.ServiceLoaderUtil/CORE]: 	       0 - net.neoforged.fml.loading.moddiscovery.locators.JarInJarDependencyLocator from loader-4.0.42.jar
[04Mar2026 16:19:20.827] [main/DEBUG] [net.neoforged.fml.loading.moddiscovery.ModDiscoverer/SCAN]: Scanning for mods and other resources to load. We know 4 ways to find mods
[04Mar2026 16:19:20.827] [main/DEBUG] [net.neoforged.fml.loading.moddiscovery.ModDiscoverer/SCAN]: Trying locator neoforge devenv provider ([/Users/caliane/Sources/nuclearcraft/.gradle/repositories/ng_dummy_ng/net/neoforged/neoforge/21.1.219/neoforge-21.1.219.jar])
[04Mar2026 16:19:20.855] [main/DEBUG] [net.neoforged.fml.loading.moddiscovery.ModFileInfo/LOADING]: Found valid mod file neoforge-21.1.219.jar with {minecraft} mods - versions {1.21.1}
[04Mar2026 16:19:20.855] [main/INFO] [net.neoforged.fml.loading.moddiscovery.ModDiscoverer/SCAN]: Found mod file "neoforge-21.1.219.jar" [locator: neoforge devenv provider ([/Users/caliane/Sources/nuclearcraft/.gradle/repositories/ng_dummy_ng/net/neoforged/neoforge/21.1.219/neoforge-21.1.219.jar])]
[04Mar2026 16:19:20.859] [main/DEBUG] [net.neoforged.fml.loading.moddiscovery.readers.JarModsDotTomlModFileReader/SCAN]: Found META-INF/neoforge.mods.toml mod of type null: /Users/caliane/Sources/nuclearcraft/.gradle/repositories/ng_dummy_ng/net/neoforged/neoforge/21.1.219/neoforge-21.1.219.jar
[04Mar2026 16:19:20.859] [main/DEBUG] [net.neoforged.fml.loading.moddiscovery.ModFileParser/LOADING]: Considering mod file candidate /Users/caliane/Sources/nuclearcraft/.gradle/repositories/ng_dummy_ng/net/neoforged/neoforge/21.1.219/neoforge-21.1.219.jar
[04Mar2026 16:19:20.870] [main/DEBUG] [net.neoforged.fml.loading.moddiscovery.ModFileInfo/LOADING]: Found valid mod file neoforge-21.1.219.jar with {neoforge} mods - versions {21.1.219}
[04Mar2026 16:19:20.870] [main/INFO] [net.neoforged.fml.loading.moddiscovery.ModDiscoverer/SCAN]: Found mod file "neoforge-21.1.219.jar" [locator: neoforge devenv provider ([/Users/caliane/Sources/nuclearcraft/.gradle/repositories/ng_dummy_ng/net/neoforged/neoforge/21.1.219/neoforge-21.1.219.jar])]
[04Mar2026 16:19:20.870] [main/DEBUG] [net.neoforged.fml.loading.moddiscovery.ModDiscoverer/SCAN]: Locator neoforge devenv provider ([/Users/caliane/Sources/nuclearcraft/.gradle/repositories/ng_dummy_ng/net/neoforged/neoforge/21.1.219/neoforge-21.1.219.jar]) found 2 mods, 0 warnings, 0 errors and skipped 0 candidates
[04Mar2026 16:19:20.870] [main/DEBUG] [net.neoforged.fml.loading.moddiscovery.ModDiscoverer/SCAN]: Trying locator {mods folder locator at /Users/caliane/Sources/nuclearcraft/runs/client/mods}
[04Mar2026 16:19:20.870] [main/DEBUG] [net.neoforged.fml.loading.moddiscovery.locators.ModsFolderLocator/SCAN]: Scanning mods dir /Users/caliane/Sources/nuclearcraft/runs/client/mods for mods
[04Mar2026 16:19:20.871] [main/DEBUG] [net.neoforged.fml.loading.moddiscovery.ModDiscoverer/SCAN]: Locator {mods folder locator at /Users/caliane/Sources/nuclearcraft/runs/client/mods} found 0 mods, 0 warnings, 0 errors and skipped 0 candidates
[04Mar2026 16:19:20.871] [main/DEBUG] [net.neoforged.fml.loading.moddiscovery.ModDiscoverer/SCAN]: Trying locator maven libs
[04Mar2026 16:19:20.872] [main/DEBUG] [net.neoforged.fml.loading.moddiscovery.ModListHandler/CORE]: Found mod coordinates from lists: []
[04Mar2026 16:19:20.872] [main/DEBUG] [net.neoforged.fml.loading.moddiscovery.ModDiscoverer/SCAN]: Locator maven libs found 0 mods, 0 warnings, 0 errors and skipped 0 candidates
[04Mar2026 16:19:20.872] [main/DEBUG] [net.neoforged.fml.loading.moddiscovery.ModDiscoverer/SCAN]: Trying locator userdev mods and services
[04Mar2026 16:19:20.873] [main/DEBUG] [net.neoforged.fml.loading.moddiscovery.readers.JarModsDotTomlModFileReader/SCAN]: Found META-INF/neoforge.mods.toml mod of type null: /Users/caliane/Sources/nuclearcraft/build/resources/main
[04Mar2026 16:19:20.873] [main/DEBUG] [net.neoforged.fml.loading.moddiscovery.ModFileParser/LOADING]: Considering mod file candidate /Users/caliane/Sources/nuclearcraft/build/resources/main
[04Mar2026 16:19:20.876] [main/DEBUG] [net.neoforged.fml.loading.moddiscovery.ModFileInfo/LOADING]: Found valid mod file main with {nuclearcraft} mods - versions {1.3.0}
[04Mar2026 16:19:20.877] [main/INFO] [net.neoforged.fml.loading.moddiscovery.ModDiscoverer/SCAN]: Found mod file "main" [locator: userdev mods and services, reader: mod manifest]
[04Mar2026 16:19:20.882] [main/DEBUG] [net.neoforged.fml.loading.moddiscovery.readers.JarModsDotTomlModFileReader/SCAN]: Found META-INF/neoforge.mods.toml mod of type null: /Users/caliane/Sources/nuclearcraft/.gradle/repositories/ng_dummy_ng/net/neoforged/neoforge/21.1.219/neoforge-21.1.219.jar
[04Mar2026 16:19:20.882] [main/DEBUG] [net.neoforged.fml.loading.moddiscovery.ModFileParser/LOADING]: Considering mod file candidate /Users/caliane/Sources/nuclearcraft/.gradle/repositories/ng_dummy_ng/net/neoforged/neoforge/21.1.219/neoforge-21.1.219.jar
[04Mar2026 16:19:20.884] [main/DEBUG] [net.neoforged.fml.loading.moddiscovery.ModFileInfo/LOADING]: Found valid mod file neoforge-21.1.219.jar with {neoforge} mods - versions {21.1.219}
[04Mar2026 16:19:20.884] [main/INFO] [net.neoforged.fml.loading.moddiscovery.ModDiscoverer/SCAN]: Found mod file "neoforge-21.1.219.jar" [locator: userdev mods and services, reader: mod manifest]
[04Mar2026 16:19:20.887] [main/DEBUG] [net.neoforged.fml.loading.moddiscovery.readers.JarModsDotTomlModFileReader/SCAN]: Found META-INF/neoforge.mods.toml mod of type null: /Users/caliane/.gradle/caches/modules-2/files-2.1/mekanism/Mekanism/1.21.1-10.7.18.84/2c48df86350bb733e4285437e136b271a70f4cbc/Mekanism-1.21.1-10.7.18.84.jar
[04Mar2026 16:19:20.887] [main/DEBUG] [net.neoforged.fml.loading.moddiscovery.ModFileParser/LOADING]: Considering mod file candidate /Users/caliane/.gradle/caches/modules-2/files-2.1/mekanism/Mekanism/1.21.1-10.7.18.84/2c48df86350bb733e4285437e136b271a70f4cbc/Mekanism-1.21.1-10.7.18.84.jar
[04Mar2026 16:19:20.890] [main/DEBUG] [net.neoforged.fml.loading.moddiscovery.ModFileInfo/LOADING]: Found valid mod file Mekanism-1.21.1-10.7.18.84.jar with {mekanism} mods - versions {10.7.18}
[04Mar2026 16:19:20.890] [main/INFO] [net.neoforged.fml.loading.moddiscovery.ModDiscoverer/SCAN]: Found mod file "Mekanism-1.21.1-10.7.18.84.jar" [locator: userdev mods and services, reader: mod manifest]
[04Mar2026 16:19:20.891] [main/DEBUG] [net.neoforged.fml.loading.moddiscovery.readers.JarModsDotTomlModFileReader/SCAN]: Found META-INF/neoforge.mods.toml mod of type null: /Users/caliane/.gradle/caches/modules-2/files-2.1/mekanism/Mekanism/1.21.1-10.7.18.84/9849756f8258367638df3a34261cfcc9b1a7e236/Mekanism-1.21.1-10.7.18.84-generators.jar
[04Mar2026 16:19:20.891] [main/DEBUG] [net.neoforged.fml.loading.moddiscovery.ModFileParser/LOADING]: Considering mod file candidate /Users/caliane/.gradle/caches/modules-2/files-2.1/mekanism/Mekanism/1.21.1-10.7.18.84/9849756f8258367638df3a34261cfcc9b1a7e236/Mekanism-1.21.1-10.7.18.84-generators.jar
[04Mar2026 16:19:20.893] [main/DEBUG] [net.neoforged.fml.loading.moddiscovery.ModFileInfo/LOADING]: Found valid mod file Mekanism-1.21.1-10.7.18.84-generators.jar with {mekanismgenerators} mods - versions {10.7.18}
[04Mar2026 16:19:20.893] [main/INFO] [net.neoforged.fml.loading.moddiscovery.ModDiscoverer/SCAN]: Found mod file "Mekanism-1.21.1-10.7.18.84-generators.jar" [locator: userdev mods and services, reader: mod manifest]
[04Mar2026 16:19:20.893] [main/DEBUG] [net.neoforged.fml.loading.moddiscovery.readers.JarModsDotTomlModFileReader/SCAN]: Found META-INF/neoforge.mods.toml mod of type null: /Users/caliane/.gradle/caches/modules-2/files-2.1/dev.architectury/architectury-neoforge/13.0.8/6544bdc09e6d291e1307230fc0b7289601e164fa/architectury-neoforge-13.0.8.jar
[04Mar2026 16:19:20.893] [main/DEBUG] [net.neoforged.fml.loading.moddiscovery.ModFileParser/LOADING]: Considering mod file candidate /Users/caliane/.gradle/caches/modules-2/files-2.1/dev.architectury/architectury-neoforge/13.0.8/6544bdc09e6d291e1307230fc0b7289601e164fa/architectury-neoforge-13.0.8.jar
[04Mar2026 16:19:20.894] [main/DEBUG] [net.neoforged.fml.loading.moddiscovery.ModFileInfo/LOADING]: Found valid mod file architectury-neoforge-13.0.8.jar with {architectury} mods - versions {13.0.8}
[04Mar2026 16:19:20.894] [main/INFO] [net.neoforged.fml.loading.moddiscovery.ModDiscoverer/SCAN]: Found mod file "architectury-neoforge-13.0.8.jar" [locator: userdev mods and services, reader: mod manifest]
[04Mar2026 16:19:20.895] [main/DEBUG] [net.neoforged.fml.loading.moddiscovery.readers.JarModsDotTomlModFileReader/SCAN]: Found META-INF/neoforge.mods.toml mod of type null: /Users/caliane/.gradle/caches/modules-2/files-2.1/dev.emi/emi-neoforge/1.1.21+1.21.1/b142d57adbbe6dfbc44e881f33e5714556cef98f/emi-neoforge-1.1.21+1.21.1.jar
[04Mar2026 16:19:20.895] [main/DEBUG] [net.neoforged.fml.loading.moddiscovery.ModFileParser/LOADING]: Considering mod file candidate /Users/caliane/.gradle/caches/modules-2/files-2.1/dev.emi/emi-neoforge/1.1.21+1.21.1/b142d57adbbe6dfbc44e881f33e5714556cef98f/emi-neoforge-1.1.21+1.21.1.jar
[04Mar2026 16:19:20.896] [main/DEBUG] [net.neoforged.fml.loading.moddiscovery.ModFileInfo/LOADING]: Found valid mod file emi-neoforge-1.1.21+1.21.1.jar with {emi} mods - versions {1.1.21+1.21.1+neoforge}
[04Mar2026 16:19:20.896] [main/INFO] [net.neoforged.fml.loading.moddiscovery.ModDiscoverer/SCAN]: Found mod file "emi-neoforge-1.1.21+1.21.1.jar" [locator: userdev mods and services, reader: mod manifest]
[04Mar2026 16:19:20.896] [main/DEBUG] [net.neoforged.fml.loading.moddiscovery.readers.JarModsDotTomlModFileReader/SCAN]: Found META-INF/neoforge.mods.toml mod of type null: /Users/caliane/.gradle/caches/modules-2/files-2.1/mcjty.theoneprobe/theoneprobe/1.21_neo-12.0.3-5/9af76afc4721d9c5d0af245a5b6072d6b4fc4bf5/theoneprobe-1.21_neo-12.0.3-5.jar
[04Mar2026 16:19:20.896] [main/DEBUG] [net.neoforged.fml.loading.moddiscovery.ModFileParser/LOADING]: Considering mod file candidate /Users/caliane/.gradle/caches/modules-2/files-2.1/mcjty.theoneprobe/theoneprobe/1.21_neo-12.0.3-5/9af76afc4721d9c5d0af245a5b6072d6b4fc4bf5/theoneprobe-1.21_neo-12.0.3-5.jar
[04Mar2026 16:19:20.898] [pool-2-thread-1/INFO] [EARLYDISPLAY/]: GL info: Apple M3 Ultra GL version 4.1 Metal - 90.5, Apple
[04Mar2026 16:19:20.902] [main/DEBUG] [net.neoforged.fml.loading.moddiscovery.ModFileInfo/LOADING]: Found valid mod file theoneprobe-1.21_neo-12.0.3-5.jar with {theoneprobe} mods - versions {1.21_neo-12.0.3-5}
[04Mar2026 16:19:20.902] [main/INFO] [net.neoforged.fml.loading.moddiscovery.ModDiscoverer/SCAN]: Found mod file "theoneprobe-1.21_neo-12.0.3-5.jar" [locator: userdev mods and services, reader: mod manifest]
[04Mar2026 16:19:20.903] [main/DEBUG] [net.neoforged.fml.loading.moddiscovery.readers.JarModsDotTomlModFileReader/SCAN]: Found META-INF/neoforge.mods.toml mod of type null: /Users/caliane/.gradle/caches/modules-2/files-2.1/cc.tweaked/cc-tweaked-1.21.1-forge/1.117.0/46519af82cd69f7a147da36fdcc4b3b8fb0fa4bf/cc-tweaked-1.21.1-forge-1.117.0.jar
[04Mar2026 16:19:20.903] [main/DEBUG] [net.neoforged.fml.loading.moddiscovery.ModFileParser/LOADING]: Considering mod file candidate /Users/caliane/.gradle/caches/modules-2/files-2.1/cc.tweaked/cc-tweaked-1.21.1-forge/1.117.0/46519af82cd69f7a147da36fdcc4b3b8fb0fa4bf/cc-tweaked-1.21.1-forge-1.117.0.jar
[04Mar2026 16:19:20.905] [main/DEBUG] [net.neoforged.fml.loading.moddiscovery.ModFileInfo/LOADING]: Found valid mod file cc-tweaked-1.21.1-forge-1.117.0.jar with {computercraft} mods - versions {1.117.0}
[04Mar2026 16:19:20.905] [main/INFO] [net.neoforged.fml.loading.moddiscovery.ModDiscoverer/SCAN]: Found mod file "cc-tweaked-1.21.1-forge-1.117.0.jar" [locator: userdev mods and services, reader: mod manifest]
[04Mar2026 16:19:20.906] [main/DEBUG] [net.neoforged.fml.loading.moddiscovery.readers.JarModsDotTomlModFileReader/SCAN]: Found META-INF/neoforge.mods.toml mod of type null: /Users/caliane/.gradle/caches/modules-2/files-2.1/org.appliedenergistics/appliedenergistics2/19.2.17/49c18d6a4af487957d7e5a6ad5dcbf71090b8e14/appliedenergistics2-19.2.17.jar
[04Mar2026 16:19:20.906] [main/DEBUG] [net.neoforged.fml.loading.moddiscovery.ModFileParser/LOADING]: Considering mod file candidate /Users/caliane/.gradle/caches/modules-2/files-2.1/org.appliedenergistics/appliedenergistics2/19.2.17/49c18d6a4af487957d7e5a6ad5dcbf71090b8e14/appliedenergistics2-19.2.17.jar
[04Mar2026 16:19:20.911] [main/DEBUG] [net.neoforged.fml.loading.moddiscovery.ModFileInfo/LOADING]: Found valid mod file appliedenergistics2-19.2.17.jar with {ae2} mods - versions {19.2.17}
[04Mar2026 16:19:20.911] [main/INFO] [net.neoforged.fml.loading.moddiscovery.ModDiscoverer/SCAN]: Found mod file "appliedenergistics2-19.2.17.jar" [locator: userdev mods and services, reader: mod manifest]
[04Mar2026 16:19:20.911] [main/DEBUG] [net.neoforged.fml.loading.moddiscovery.readers.JarModsDotTomlModFileReader/SCAN]: Found META-INF/neoforge.mods.toml mod of type null: /Users/caliane/.gradle/caches/modules-2/files-2.1/vazkii.patchouli/Patchouli/1.21.1-92-NEOFORGE/f4b32d25521f898b3c1c80b88cfbd1bce30cf23b/Patchouli-1.21.1-92-NEOFORGE.jar
[04Mar2026 16:19:20.912] [main/DEBUG] [net.neoforged.fml.loading.moddiscovery.ModFileParser/LOADING]: Considering mod file candidate /Users/caliane/.gradle/caches/modules-2/files-2.1/vazkii.patchouli/Patchouli/1.21.1-92-NEOFORGE/f4b32d25521f898b3c1c80b88cfbd1bce30cf23b/Patchouli-1.21.1-92-NEOFORGE.jar
[04Mar2026 16:19:20.913] [main/DEBUG] [net.neoforged.fml.loading.moddiscovery.ModFileInfo/LOADING]: Found valid mod file Patchouli-1.21.1-92-NEOFORGE.jar with {patchouli} mods - versions {1.21.1-92-NEOFORGE}
[04Mar2026 16:19:20.913] [main/INFO] [net.neoforged.fml.loading.moddiscovery.ModDiscoverer/SCAN]: Found mod file "Patchouli-1.21.1-92-NEOFORGE.jar" [locator: userdev mods and services, reader: mod manifest]
[04Mar2026 16:19:20.914] [main/DEBUG] [net.neoforged.fml.loading.moddiscovery.readers.JarModsDotTomlModFileReader/SCAN]: Found META-INF/neoforge.mods.toml mod of type null: /Users/caliane/.gradle/caches/modules-2/files-2.1/org.appliedenergistics/guideme/21.1.1/175e3cd25b088777e942e860b333b10605fbc199/guideme-21.1.1.jar
[04Mar2026 16:19:20.914] [main/DEBUG] [net.neoforged.fml.loading.moddiscovery.ModFileParser/LOADING]: Considering mod file candidate /Users/caliane/.gradle/caches/modules-2/files-2.1/org.appliedenergistics/guideme/21.1.1/175e3cd25b088777e942e860b333b10605fbc199/guideme-21.1.1.jar
[04Mar2026 16:19:20.915] [main/DEBUG] [net.neoforged.fml.loading.moddiscovery.ModFileInfo/LOADING]: Found valid mod file guideme-21.1.1.jar with {guideme} mods - versions {21.1.1}
[04Mar2026 16:19:20.915] [main/INFO] [net.neoforged.fml.loading.moddiscovery.ModDiscoverer/SCAN]: Found mod file "guideme-21.1.1.jar" [locator: userdev mods and services, reader: mod manifest]
[04Mar2026 16:19:20.918] [main/DEBUG] [net.neoforged.fml.loading.moddiscovery.ModDiscoverer/]: Skipping /Users/caliane/.gradle/caches/modules-2/files-2.1/com.mojang/text2speech/1.17.9/3cad216e3a7f0c19b4b394388bc9ffc446f13b14/text2speech-1.17.9.jar because it was already located earlier
[04Mar2026 16:19:20.918] [main/DEBUG] [net.neoforged.fml.loading.moddiscovery.ModDiscoverer/]: Skipping /Users/caliane/.gradle/caches/modules-2/files-2.1/ca.weblite/java-objc-bridge/1.1/1227f9e0666314f9de41477e3ec277e542ed7f7b/java-objc-bridge-1.1.jar because it was already located earlier
[04Mar2026 16:19:20.918] [main/DEBUG] [net.neoforged.fml.loading.moddiscovery.ModDiscoverer/]: Skipping /Users/caliane/.gradle/caches/modules-2/files-2.1/com.github.oshi/oshi-core/6.4.10/b1d8ab82d11d92fd639b56d639f8f46f739dd5fa/oshi-core-6.4.10.jar because it was already located earlier
[04Mar2026 16:19:20.918] [main/DEBUG] [net.neoforged.fml.loading.moddiscovery.ModDiscoverer/]: Skipping /Users/caliane/.gradle/caches/modules-2/files-2.1/com.mojang/authlib/6.0.54/de8bc95660e1b2fe8793fd427a7a10dcec5b3ea7/authlib-6.0.54.jar because it was already located earlier
[04Mar2026 16:19:20.918] [main/DEBUG] [net.neoforged.fml.loading.moddiscovery.ModDiscoverer/]: Skipping /Users/caliane/.gradle/caches/modules-2/files-2.1/com.mojang/datafixerupper/8.0.16/67d4de6d7f95d89bcf5862995fb854ebaec02a34/datafixerupper-8.0.16.jar because it was already located earlier
[04Mar2026 16:19:20.918] [main/DEBUG] [net.neoforged.fml.loading.moddiscovery.ModDiscoverer/]: Skipping /Users/caliane/.gradle/caches/modules-2/files-2.1/net.neoforged.fancymodloader/earlydisplay/4.0.42/46555dbfff14e9e052f1f693aed14d542a74e111/earlydisplay-4.0.42.jar because it was already located earlier
[04Mar2026 16:19:20.918] [main/DEBUG] [net.neoforged.fml.loading.moddiscovery.ModDiscoverer/]: Skipping /Users/caliane/.gradle/caches/modules-2/files-2.1/net.neoforged.fancymodloader/loader/4.0.42/76e15f98bf676fb44b36c5e776f52a55581ec43a/loader-4.0.42.jar because it was already located earlier
[04Mar2026 16:19:20.918] [main/DEBUG] [net.neoforged.fml.loading.moddiscovery.ModDiscoverer/]: Skipping /Users/caliane/.gradle/caches/modules-2/files-2.1/net.neoforged/JarJarSelector/0.4.1/fb3cc7a58af22ad2880adb98af6d518128c47dae/JarJarSelector-0.4.1.jar because it was already located earlier
[04Mar2026 16:19:20.918] [main/DEBUG] [net.neoforged.fml.loading.moddiscovery.ModDiscoverer/]: Skipping /Users/caliane/.gradle/caches/modules-2/files-2.1/net.neoforged/JarJarMetadata/0.4.1/f8da03683dc81694556dc3e177c5e3bb77ae6fcb/JarJarMetadata-0.4.1.jar because it was already located earlier
[04Mar2026 16:19:20.918] [main/DEBUG] [net.neoforged.fml.loading.moddiscovery.ModDiscoverer/]: Skipping /Users/caliane/.gradle/caches/modules-2/files-2.1/net.fabricmc/sponge-mixin/0.15.2+mixin.0.8.7/2af2f021d8e02a0220dc27a7a72b4666d66d44ca/sponge-mixin-0.15.2+mixin.0.8.7.jar because it was already located earlier
[04Mar2026 16:19:20.918] [main/DEBUG] [net.neoforged.fml.loading.moddiscovery.ModDiscoverer/]: Skipping /Users/caliane/.gradle/caches/modules-2/files-2.1/com.google.code.gson/gson/2.10.1/b3add478d4382b78ea20b1671390a858002feb6c/gson-2.10.1.jar because it was already located earlier
[04Mar2026 16:19:20.918] [main/DEBUG] [net.neoforged.fml.loading.moddiscovery.ModDiscoverer/]: Skipping /Users/caliane/.gradle/caches/modules-2/files-2.1/com.mojang/patchy/2.2.10/da05971b07cbb379d002cf7eaec6a2048211fefc/patchy-2.2.10.jar because it was already located earlier
[04Mar2026 16:19:20.918] [main/DEBUG] [net.neoforged.fml.loading.moddiscovery.ModDiscoverer/]: Skipping /Users/caliane/.gradle/caches/modules-2/files-2.1/com.google.guava/guava/32.1.2-jre/5e64ec7e056456bef3a4bc4c6fdaef71e8ab6318/guava-32.1.2-jre.jar because it was already located earlier
[04Mar2026 16:19:20.918] [main/DEBUG] [net.neoforged.fml.loading.moddiscovery.ModDiscoverer/]: Skipping /Users/caliane/.gradle/caches/modules-2/files-2.1/com.google.guava/failureaccess/1.0.1/1dcf1de382a0bf95a3d8b0849546c88bac1292c9/failureaccess-1.0.1.jar because it was already located earlier
[04Mar2026 16:19:20.918] [main/DEBUG] [net.neoforged.fml.loading.moddiscovery.ModDiscoverer/]: Skipping /Users/caliane/.gradle/caches/modules-2/files-2.1/com.ibm.icu/icu4j/73.2/61ad4ef7f9131fcf6d25c34b817f90d6da06c9e9/icu4j-73.2.jar because it was already located earlier
[04Mar2026 16:19:20.918] [main/DEBUG] [net.neoforged.fml.loading.moddiscovery.ModDiscoverer/]: Skipping /Users/caliane/.gradle/caches/modules-2/files-2.1/com.mojang/blocklist/1.0.10/5c685c5ffa94c4cd39496c7184c1d122e515ecef/blocklist-1.0.10.jar because it was already located earlier
[04Mar2026 16:19:20.918] [main/DEBUG] [net.neoforged.fml.loading.moddiscovery.ModDiscoverer/]: Skipping /Users/caliane/.gradle/caches/modules-2/files-2.1/com.mojang/brigadier/1.3.10/d15b53a14cf20fdcaa98f731af5dda654452c010/brigadier-1.3.10.jar because it was already located earlier
[04Mar2026 16:19:20.919] [main/DEBUG] [net.neoforged.fml.loading.moddiscovery.ModDiscoverer/]: Skipping /Users/caliane/.gradle/caches/modules-2/files-2.1/com.mojang/logging/1.2.7/24cb95ffb0e3433fd6e844c04e68009e504ca1c0/logging-1.2.7.jar because it was already located earlier
[04Mar2026 16:19:20.919] [main/DEBUG] [net.neoforged.fml.loading.moddiscovery.ModDiscoverer/]: Skipping /Users/caliane/.gradle/caches/modules-2/files-2.1/org.apache.httpcomponents/httpclient/4.5.13/e5f6cae5ca7ecaac1ec2827a9e2d65ae2869cada/httpclient-4.5.13.jar because it was already located earlier
[04Mar2026 16:19:20.919] [main/DEBUG] [net.neoforged.fml.loading.moddiscovery.ModDiscoverer/]: Skipping /Users/caliane/.gradle/caches/modules-2/files-2.1/commons-codec/commons-codec/1.16.0/4e3eb3d79888d76b54e28b350915b5dc3919c9de/commons-codec-1.16.0.jar because it was already located earlier
[04Mar2026 16:19:20.919] [main/DEBUG] [net.neoforged.fml.loading.moddiscovery.ModDiscoverer/]: Skipping /Users/caliane/.gradle/caches/modules-2/files-2.1/org.apache.commons/commons-compress/1.26.0/659feffdd12280201c8aacb8f7be94f9a883c824/commons-compress-1.26.0.jar because it was already located earlier
[04Mar2026 16:19:20.919] [main/DEBUG] [net.neoforged.fml.loading.moddiscovery.ModDiscoverer/]: Skipping /Users/caliane/.gradle/caches/modules-2/files-2.1/commons-io/commons-io/2.15.1/f11560da189ab563a5c8e351941415430e9304ea/commons-io-2.15.1.jar because it was already located earlier
[04Mar2026 16:19:20.919] [main/DEBUG] [net.neoforged.fml.loading.moddiscovery.ModDiscoverer/]: Skipping /Users/caliane/.gradle/caches/modules-2/files-2.1/commons-logging/commons-logging/1.2/4bfc12adfe4842bf07b657f0369c4cb522955686/commons-logging-1.2.jar because it was already located earlier
[04Mar2026 16:19:20.919] [main/DEBUG] [net.neoforged.fml.loading.moddiscovery.ModDiscoverer/]: Skipping /Users/caliane/.gradle/caches/modules-2/files-2.1/io.netty/netty-handler/4.1.97.Final/abb86c6906bf512bf2b797a41cd7d2e8d3cd7c36/netty-handler-4.1.97.Final.jar because it was already located earlier
[04Mar2026 16:19:20.919] [main/DEBUG] [net.neoforged.fml.loading.moddiscovery.ModDiscoverer/]: Skipping /Users/caliane/.gradle/caches/modules-2/files-2.1/io.netty/netty-codec/4.1.97.Final/384ba4d75670befbedb45c4d3b497a93639c206d/netty-codec-4.1.97.Final.jar because it was already located earlier
[04Mar2026 16:19:20.919] [main/DEBUG] [net.neoforged.fml.loading.moddiscovery.ModDiscoverer/]: Skipping /Users/caliane/.gradle/caches/modules-2/files-2.1/io.netty/netty-transport-classes-epoll/4.1.97.Final/795da37ded759e862457a82d9d92c4d39ce8ecee/netty-transport-classes-epoll-4.1.97.Final.jar because it was already located earlier
[04Mar2026 16:19:20.919] [main/DEBUG] [net.neoforged.fml.loading.moddiscovery.ModDiscoverer/]: Skipping /Users/caliane/.gradle/caches/modules-2/files-2.1/io.netty/netty-transport-native-unix-common/4.1.97.Final/d469d84265ab70095b01b40886cabdd433b6e664/netty-transport-native-unix-common-4.1.97.Final.jar because it was already located earlier
[04Mar2026 16:19:20.920] [main/DEBUG] [net.neoforged.fml.loading.moddiscovery.ModDiscoverer/]: Skipping /Users/caliane/.gradle/caches/modules-2/files-2.1/io.netty/netty-transport/4.1.97.Final/f37380d23c9bb079bc702910833b2fd532c9abd0/netty-transport-4.1.97.Final.jar because it was already located earlier
[04Mar2026 16:19:20.920] [main/DEBUG] [net.neoforged.fml.loading.moddiscovery.ModDiscoverer/]: Skipping /Users/caliane/.gradle/caches/modules-2/files-2.1/io.netty/netty-buffer/4.1.97.Final/f8f3d8644afa5e6e1a40a3a6aeb9d9aa970ecb4f/netty-buffer-4.1.97.Final.jar because it was already located earlier
[04Mar2026 16:19:20.920] [main/DEBUG] [net.neoforged.fml.loading.moddiscovery.ModDiscoverer/]: Skipping /Users/caliane/.gradle/caches/modules-2/files-2.1/io.netty/netty-resolver/4.1.97.Final/cec8348108dc76c47cf87c669d514be52c922144/netty-resolver-4.1.97.Final.jar because it was already located earlier
[04Mar2026 16:19:20.920] [main/DEBUG] [net.neoforged.fml.loading.moddiscovery.ModDiscoverer/]: Skipping /Users/caliane/.gradle/caches/modules-2/files-2.1/io.netty/netty-common/4.1.97.Final/7cceacaf11df8dc63f23d0fb58e9d4640fc88404/netty-common-4.1.97.Final.jar because it was already located earlier
[04Mar2026 16:19:20.921] [main/DEBUG] [net.neoforged.fml.loading.moddiscovery.ModDiscoverer/]: Skipping /Users/caliane/.gradle/caches/modules-2/files-2.1/it.unimi.dsi/fastutil/8.5.12/c24946d46824bd528054bface3231d2ecb7e95e8/fastutil-8.5.12.jar because it was already located earlier
[04Mar2026 16:19:20.921] [main/DEBUG] [net.neoforged.fml.loading.moddiscovery.ModDiscoverer/]: Skipping /Users/caliane/.gradle/caches/modules-2/files-2.1/net.java.dev.jna/jna-platform/5.14.0/28934d48aed814f11e4c584da55c49fa7032b31b/jna-platform-5.14.0.jar because it was already located earlier
[04Mar2026 16:19:20.921] [main/DEBUG] [net.neoforged.fml.loading.moddiscovery.ModDiscoverer/]: Skipping /Users/caliane/.gradle/caches/modules-2/files-2.1/net.java.dev.jna/jna/5.14.0/67bf3eaea4f0718cb376a181a629e5f88fa1c9dd/jna-5.14.0.jar because it was already located earlier
[04Mar2026 16:19:20.921] [main/DEBUG] [net.neoforged.fml.loading.moddiscovery.ModDiscoverer/]: Skipping /Users/caliane/.gradle/caches/modules-2/files-2.1/net.neoforged/mergetool/2.0.3/1275202cbbb248f49345cf6787ce299afd9a02fb/mergetool-2.0.3-api.jar because it was already located earlier
[04Mar2026 16:19:20.921] [main/DEBUG] [net.neoforged.fml.loading.moddiscovery.ModDiscoverer/]: Skipping /Users/caliane/.gradle/caches/modules-2/files-2.1/net.neoforged.accesstransformers/at-modlauncher/10.0.1/5aba50202aceead086bc09fbc2751c9f05cb4890/at-modlauncher-10.0.1.jar because it was already located earlier
[04Mar2026 16:19:20.921] [main/DEBUG] [net.neoforged.fml.loading.moddiscovery.ModDiscoverer/]: Skipping /Users/caliane/.gradle/caches/modules-2/files-2.1/net.neoforged/coremods/7.0.3/9147e6f638b4272b3bd5fc8f92ad37802512c6c/coremods-7.0.3.jar because it was already located earlier
[04Mar2026 16:19:20.922] [main/DEBUG] [net.neoforged.fml.loading.moddiscovery.ModDiscoverer/]: Skipping /Users/caliane/.gradle/caches/modules-2/files-2.1/cpw.mods/modlauncher/11.0.5/b8f0d49294f733fdb6173931b263553e943dc950/modlauncher-11.0.5.jar because it was already located earlier
[04Mar2026 16:19:20.922] [main/DEBUG] [net.neoforged.fml.loading.moddiscovery.ModDiscoverer/]: Skipping /Users/caliane/.gradle/caches/modules-2/files-2.1/net.sf.jopt-simple/jopt-simple/5.0.4/4fdac2fbe92dfad86aa6e9301736f6b4342a3f5c/jopt-simple-5.0.4.jar because it was already located earlier
[04Mar2026 16:19:20.922] [main/DEBUG] [net.neoforged.fml.loading.moddiscovery.ModDiscoverer/]: Skipping /Users/caliane/.gradle/caches/modules-2/files-2.1/org.apache.maven/maven-artifact/3.8.5/4433f50c07debefaed0553bd0068f4f48d449313/maven-artifact-3.8.5.jar because it was already located earlier
[04Mar2026 16:19:20.922] [main/DEBUG] [net.neoforged.fml.loading.moddiscovery.ModDiscoverer/]: Skipping /Users/caliane/.gradle/caches/modules-2/files-2.1/org.apache.commons/commons-lang3/3.14.0/1ed471194b02f2c6cb734a0cd6f6f107c673afae/commons-lang3-3.14.0.jar because it was already located earlier
[04Mar2026 16:19:20.922] [main/DEBUG] [net.neoforged.fml.loading.moddiscovery.ModDiscoverer/]: Skipping /Users/caliane/.gradle/caches/modules-2/files-2.1/org.apache.httpcomponents/httpcore/4.4.16/51cf043c87253c9f58b539c9f7e44c8894223850/httpcore-4.4.16.jar because it was already located earlier
[04Mar2026 16:19:20.922] [main/DEBUG] [net.neoforged.fml.loading.moddiscovery.ModDiscoverer/]: Skipping /Users/caliane/.gradle/caches/modules-2/files-2.1/org.apache.logging.log4j/log4j-slf4j2-impl/2.22.1/d7e6693c2606cb7e7335047d7bb96dec52db5665/log4j-slf4j2-impl-2.22.1.jar because it was already located earlier
[04Mar2026 16:19:20.922] [main/DEBUG] [net.neoforged.fml.loading.moddiscovery.ModDiscoverer/]: Skipping /Users/caliane/.gradle/caches/modules-2/files-2.1/net.minecrell/terminalconsoleappender/1.3.0/b562e9bb61235c9520e26282cdee71f8f802d1fc/terminalconsoleappender-1.3.0.jar because it was already located earlier
[04Mar2026 16:19:20.922] [main/DEBUG] [net.neoforged.fml.loading.moddiscovery.ModDiscoverer/]: Skipping /Users/caliane/.gradle/caches/modules-2/files-2.1/org.apache.logging.log4j/log4j-core/2.22.1/7183a25510a02ad00cc6a95d3b3d2a7d3c5a8dc4/log4j-core-2.22.1.jar because it was already located earlier
[04Mar2026 16:19:20.922] [main/DEBUG] [net.neoforged.fml.loading.moddiscovery.ModDiscoverer/]: Skipping /Users/caliane/.gradle/caches/modules-2/files-2.1/net.neoforged/bus/8.0.5/5b2d33285ab5d1554e9798ad98c40d6ea3868bd5/bus-8.0.5.jar because it was already located earlier
[04Mar2026 16:19:20.922] [main/DEBUG] [net.neoforged.fml.loading.moddiscovery.ModDiscoverer/]: Skipping /Users/caliane/.gradle/caches/modules-2/files-2.1/org.apache.logging.log4j/log4j-api/2.22.1/bea6fede6328fabafd7e68363161a7ea6605abd1/log4j-api-2.22.1.jar because it was already located earlier
[04Mar2026 16:19:20.922] [main/DEBUG] [net.neoforged.fml.loading.moddiscovery.ModDiscoverer/]: Skipping /Users/caliane/.gradle/caches/modules-2/files-2.1/org.jcraft/jorbis/0.0.17/8872d22b293e8f5d7d56ff92be966e6dc28ebdc6/jorbis-0.0.17.jar because it was already located earlier
[04Mar2026 16:19:20.922] [main/DEBUG] [net.neoforged.fml.loading.moddiscovery.ModDiscoverer/]: Skipping /Users/caliane/.gradle/caches/modules-2/files-2.1/org.joml/joml/1.10.5/22566d58af70ad3d72308bab63b8339906deb649/joml-1.10.5.jar because it was already located earlier
[04Mar2026 16:19:20.923] [main/DEBUG] [net.neoforged.fml.loading.moddiscovery.ModDiscoverer/]: Skipping /Users/caliane/.gradle/caches/modules-2/files-2.1/org.lwjgl/lwjgl-freetype/3.3.3/a0db6c84a8becc8ca05f9dbfa985edc348a824c7/lwjgl-freetype-3.3.3.jar because it was already located earlier
[04Mar2026 16:19:20.923] [main/DEBUG] [net.neoforged.fml.loading.moddiscovery.ModDiscoverer/]: Skipping /Users/caliane/.gradle/caches/modules-2/files-2.1/org.lwjgl/lwjgl-freetype/3.3.3/b0a8c9baa9d1f54ac61e1ab9640c7659e7fa700c/lwjgl-freetype-3.3.3-natives-macos-arm64.jar because it was already located earlier
[04Mar2026 16:19:20.923] [main/DEBUG] [net.neoforged.fml.loading.moddiscovery.ModDiscoverer/]: Skipping /Users/caliane/.gradle/caches/modules-2/files-2.1/org.lwjgl/lwjgl-freetype/3.3.3/806d869f37ce0df388a24e17aaaf5ca0894d851b/lwjgl-freetype-3.3.3-natives-macos-patch.jar because it was already located earlier
[04Mar2026 16:19:20.923] [main/DEBUG] [net.neoforged.fml.loading.moddiscovery.ModDiscoverer/]: Skipping /Users/caliane/.gradle/caches/modules-2/files-2.1/org.lwjgl/lwjgl-glfw/3.3.3/efa1eb78c5ccd840e9f329717109b5e892d72f8e/lwjgl-glfw-3.3.3.jar because it was already located earlier
[04Mar2026 16:19:20.923] [main/DEBUG] [net.neoforged.fml.loading.moddiscovery.ModDiscoverer/]: Skipping /Users/caliane/.gradle/caches/modules-2/files-2.1/org.lwjgl/lwjgl-glfw/3.3.3/a1bf400f6bc64e6195596cb1430dafda46090751/lwjgl-glfw-3.3.3-natives-macos.jar because it was already located earlier
[04Mar2026 16:19:20.924] [main/DEBUG] [net.neoforged.fml.loading.moddiscovery.ModDiscoverer/]: Skipping /Users/caliane/.gradle/caches/modules-2/files-2.1/org.lwjgl/lwjgl-jemalloc/3.3.3/b543467b7ff3c6920539a88ee602d34098628be5/lwjgl-jemalloc-3.3.3.jar because it was already located earlier
[04Mar2026 16:19:20.924] [main/DEBUG] [net.neoforged.fml.loading.moddiscovery.ModDiscoverer/]: Skipping /Users/caliane/.gradle/caches/modules-2/files-2.1/org.lwjgl/lwjgl-jemalloc/3.3.3/2906637657a57579847238c9c72d2c4bde7083f8/lwjgl-jemalloc-3.3.3-natives-macos.jar because it was already located earlier
[04Mar2026 16:19:20.924] [main/DEBUG] [net.neoforged.fml.loading.moddiscovery.ModDiscoverer/]: Skipping /Users/caliane/.gradle/caches/modules-2/files-2.1/org.lwjgl/lwjgl-openal/3.3.3/daada81ceb5fc0c291fbfdd4433cb8d9423577f2/lwjgl-openal-3.3.3.jar because it was already located earlier
[04Mar2026 16:19:20.924] [main/DEBUG] [net.neoforged.fml.loading.moddiscovery.ModDiscoverer/]: Skipping /Users/caliane/.gradle/caches/modules-2/files-2.1/org.lwjgl/lwjgl-openal/3.3.3/8df8338bfa77f2ebabef4e58964bd04d24805cbf/lwjgl-openal-3.3.3-natives-macos.jar because it was already located earlier
[04Mar2026 16:19:20.925] [main/DEBUG] [net.neoforged.fml.loading.moddiscovery.ModDiscoverer/]: Skipping /Users/caliane/.gradle/caches/modules-2/files-2.1/org.lwjgl/lwjgl-opengl/3.3.3/2f6b0147078396a58979125a4c947664e98293a/lwjgl-opengl-3.3.3.jar because it was already located earlier
[04Mar2026 16:19:20.925] [main/DEBUG] [net.neoforged.fml.loading.moddiscovery.ModDiscoverer/]: Skipping /Users/caliane/.gradle/caches/modules-2/files-2.1/org.lwjgl/lwjgl-opengl/3.3.3/1bd45997551ae8a28469f3a2b678f4b7289e12c0/lwjgl-opengl-3.3.3-natives-macos.jar because it was already located earlier
[04Mar2026 16:19:20.926] [main/DEBUG] [net.neoforged.fml.loading.moddiscovery.ModDiscoverer/]: Skipping /Users/caliane/.gradle/caches/modules-2/files-2.1/org.lwjgl/lwjgl-stb/3.3.3/25dd6161988d7e65f71d5065c99902402ee32746/lwjgl-stb-3.3.3.jar because it was already located earlier
[04Mar2026 16:19:20.926] [main/DEBUG] [net.neoforged.fml.loading.moddiscovery.ModDiscoverer/]: Skipping /Users/caliane/.gradle/caches/modules-2/files-2.1/org.lwjgl/lwjgl-stb/3.3.3/472792c98fb2c1557c060cb9da5fca6a9773621f/lwjgl-stb-3.3.3-natives-macos.jar because it was already located earlier
[04Mar2026 16:19:20.927] [main/DEBUG] [net.neoforged.fml.loading.moddiscovery.ModDiscoverer/]: Skipping /Users/caliane/.gradle/caches/modules-2/files-2.1/org.lwjgl/lwjgl-tinyfd/3.3.3/82d755ca94b102e9ca77283b9e2dc46d1b15fbe5/lwjgl-tinyfd-3.3.3.jar because it was already located earlier
[04Mar2026 16:19:20.928] [main/DEBUG] [net.neoforged.fml.loading.moddiscovery.ModDiscoverer/]: Skipping /Users/caliane/.gradle/caches/modules-2/files-2.1/org.lwjgl/lwjgl-tinyfd/3.3.3/406feedb977372085a61eb0fee358183f4f4c67a/lwjgl-tinyfd-3.3.3-natives-macos-arm64.jar because it was already located earlier
[04Mar2026 16:19:20.928] [main/DEBUG] [net.neoforged.fml.loading.moddiscovery.ModDiscoverer/]: Skipping /Users/caliane/.gradle/caches/modules-2/files-2.1/org.lwjgl/lwjgl/3.3.3/29589b5f87ed335a6c7e7ee6a5775f81f97ecb84/lwjgl-3.3.3.jar because it was already located earlier
[04Mar2026 16:19:20.928] [main/DEBUG] [net.neoforged.fml.loading.moddiscovery.ModDiscoverer/]: Skipping /Users/caliane/.gradle/caches/modules-2/files-2.1/org.lwjgl/lwjgl/3.3.3/226246e75f6bd8d4e1895bdce8638ef87808d114/lwjgl-3.3.3-natives-macos-arm64.jar because it was already located earlier
[04Mar2026 16:19:20.928] [main/DEBUG] [net.neoforged.fml.loading.moddiscovery.ModDiscoverer/]: Skipping /Users/caliane/.gradle/caches/modules-2/files-2.1/org.lz4/lz4-java/1.8.0/4b986a99445e49ea5fbf5d149c4b63f6ed6c6780/lz4-java-1.8.0.jar because it was already located earlier
[04Mar2026 16:19:20.928] [main/DEBUG] [net.neoforged.fml.loading.moddiscovery.ModDiscoverer/]: Skipping /Users/caliane/.gradle/caches/modules-2/files-2.1/net.neoforged/accesstransformers/10.0.1/fd83b5725f76eae9115e9355fa1c456a6a441400/accesstransformers-10.0.1.jar because it was already located earlier
[04Mar2026 16:19:20.928] [main/DEBUG] [net.neoforged.fml.loading.moddiscovery.ModDiscoverer/]: Skipping /Users/caliane/.gradle/caches/modules-2/files-2.1/com.machinezoo.noexception/noexception/1.7.1/b65330c98e38a1f915fa54a6e5eca496505e3f0a/noexception-1.7.1.jar because it was already located earlier
[04Mar2026 16:19:20.928] [main/DEBUG] [net.neoforged.fml.loading.moddiscovery.ModDiscoverer/]: Skipping /Users/caliane/.gradle/caches/modules-2/files-2.1/org.slf4j/slf4j-api/2.0.9/7cf2726fdcfbc8610f9a71fb3ed639871f315340/slf4j-api-2.0.9.jar because it was already located earlier
[04Mar2026 16:19:20.928] [main/DEBUG] [net.neoforged.fml.loading.moddiscovery.ModDiscoverer/]: Skipping /Users/caliane/.gradle/caches/modules-2/files-2.1/com.google.code.findbugs/jsr305/3.0.2/25ea2e8b0c338a877313bd4672d3fe056ea78f0d/jsr305-3.0.2.jar because it was already located earlier
[04Mar2026 16:19:20.929] [main/DEBUG] [net.neoforged.fml.loading.moddiscovery.ModDiscoverer/]: Skipping /Users/caliane/.gradle/caches/modules-2/files-2.1/org.jetbrains/annotations/24.1.0/7af6a669488450c4a07c2c3254e2151df42d7d04/annotations-24.1.0.jar because it was already located earlier
[04Mar2026 16:19:20.929] [main/DEBUG] [net.neoforged.fml.loading.moddiscovery.ModDiscoverer/]: Skipping /Users/caliane/.gradle/caches/modules-2/files-2.1/com.electronwill.night-config/toml/3.8.3/90b2fd6efcb4a7d5b9810cf78f9d824994d717f2/toml-3.8.3.jar because it was already located earlier
[04Mar2026 16:19:20.929] [main/DEBUG] [net.neoforged.fml.loading.moddiscovery.ModDiscoverer/]: Skipping /Users/caliane/.gradle/caches/modules-2/files-2.1/com.electronwill.night-config/core/3.8.3/b442a95f09e349927f5a945ecb594455870fcf4f/core-3.8.3.jar because it was already located earlier
[04Mar2026 16:19:20.929] [main/DEBUG] [net.neoforged.fml.loading.moddiscovery.ModDiscoverer/]: Skipping /Users/caliane/.gradle/caches/modules-2/files-2.1/net.jodah/typetools/0.6.3/a01aaa6ddaea9ec07ec4f209487b7a46a526283a/typetools-0.6.3.jar because it was already located earlier
[04Mar2026 16:19:20.929] [main/DEBUG] [net.neoforged.fml.loading.moddiscovery.ModDiscoverer/]: Skipping /Users/caliane/.gradle/caches/modules-2/files-2.1/org.openjdk.nashorn/nashorn-core/15.4/f67f5ffaa5f5130cf6fb9b133da00c7df3b532a5/nashorn-core-15.4.jar because it was already located earlier
[04Mar2026 16:19:20.930] [main/DEBUG] [net.neoforged.fml.loading.moddiscovery.readers.JarModsDotTomlModFileReader/SCAN]: Found META-INF/MANIFEST.MF mod of type GAMELIBRARY: /Users/caliane/.gradle/caches/modules-2/files-2.1/io.github.llamalad7/mixinextras-neoforge/0.5.0/d734b83ce6542bb70ea31755c1595b88992dbe65/mixinextras-neoforge-0.5.0.jar
[04Mar2026 16:19:20.931] [main/INFO] [net.neoforged.fml.loading.moddiscovery.ModDiscoverer/SCAN]: Found gamelibrary file "mixinextras-neoforge-0.5.0.jar" [locator: userdev mods and services, reader: mod manifest]
[04Mar2026 16:19:20.931] [main/DEBUG] [net.neoforged.fml.loading.moddiscovery.ModDiscoverer/]: Skipping /Users/caliane/.gradle/caches/modules-2/files-2.1/org.antlr/antlr4-runtime/4.13.1/17125bae1d965624e265ef49552f6465a2bfa307/antlr4-runtime-4.13.1.jar because it was already located earlier
[04Mar2026 16:19:20.931] [main/DEBUG] [net.neoforged.fml.loading.moddiscovery.ModDiscoverer/]: Skipping /Users/caliane/.gradle/caches/modules-2/files-2.1/org.jline/jline-reader/3.20.0/8f15415b022a25b473e8e16c28ae913186ffb9c4/jline-reader-3.20.0.jar because it was already located earlier
[04Mar2026 16:19:20.931] [main/DEBUG] [net.neoforged.fml.loading.moddiscovery.ModDiscoverer/]: Skipping /Users/caliane/.gradle/caches/modules-2/files-2.1/org.jline/jline-terminal/3.20.0/d0ddcc708ddf527a3454c941b7b9225cc83a15ff/jline-terminal-3.20.0.jar because it was already located earlier
[04Mar2026 16:19:20.931] [main/DEBUG] [net.neoforged.fml.loading.moddiscovery.ModDiscoverer/]: Skipping /Users/caliane/.gradle/caches/modules-2/files-2.1/net.minecraftforge/srgutils/0.4.15/ca408b131759478f164e010fae0d73997e125fb5/srgutils-0.4.15.jar because it was already located earlier
[04Mar2026 16:19:20.931] [main/DEBUG] [net.neoforged.fml.loading.moddiscovery.ModDiscoverer/]: Skipping /Users/caliane/.gradle/caches/modules-2/files-2.1/com.google.guava/listenablefuture/9999.0-empty-to-avoid-conflict-with-guava/b421526c5f297295adef1c886e5246c39d4ac629/listenablefuture-9999.0-empty-to-avoid-conflict-with-guava.jar because it was already located earlier
[04Mar2026 16:19:20.931] [main/DEBUG] [net.neoforged.fml.loading.moddiscovery.ModDiscoverer/]: Skipping /Users/caliane/.gradle/caches/modules-2/files-2.1/org.checkerframework/checker-qual/3.33.0/de2b60b62da487644fc11f734e73c8b0b431238f/checker-qual-3.33.0.jar because it was already located earlier
[04Mar2026 16:19:20.932] [main/DEBUG] [net.neoforged.fml.loading.moddiscovery.ModDiscoverer/]: Skipping /Users/caliane/.gradle/caches/modules-2/files-2.1/com.google.errorprone/error_prone_annotations/2.18.0/89b684257096f548fa39a7df9fdaa409d4d4df91/error_prone_annotations-2.18.0.jar because it was already located earlier
[04Mar2026 16:19:20.932] [main/DEBUG] [net.neoforged.fml.loading.moddiscovery.ModDiscoverer/]: Skipping /Users/caliane/.gradle/caches/modules-2/files-2.1/com.google.j2objc/j2objc-annotations/2.8/c85270e307e7b822f1086b93689124b89768e273/j2objc-annotations-2.8.jar because it was already located earlier
[04Mar2026 16:19:20.933] [main/DEBUG] [net.neoforged.fml.loading.moddiscovery.ModDiscoverer/]: Skipping /Users/caliane/.gradle/caches/modules-2/files-2.1/org.codehaus.plexus/plexus-utils/3.3.0/cf43b5391de623b36fe066a21127baef82c64022/plexus-utils-3.3.0.jar because it was already located earlier
[04Mar2026 16:19:20.934] [main/DEBUG] [net.neoforged.fml.loading.moddiscovery.ModDiscoverer/]: Skipping /Users/caliane/Sources/nuclearcraft/.gradle/repositories/ng_dummy_ng/net/minecraft/client/1.21.1/client-1.21.1-client-extra.jar because it was already located earlier
[04Mar2026 16:19:20.934] [main/DEBUG] [net.neoforged.fml.loading.moddiscovery.ModDiscoverer/SCAN]: Locator userdev mods and services found 12 mods, 0 warnings, 0 errors and skipped 86 candidates
[04Mar2026 16:19:20.935] [main/DEBUG] [net.neoforged.fml.loading.UniqueModListBuilder/]: Found 2 mods for first modid neoforge, selecting most recent based on version data
[04Mar2026 16:19:20.935] [main/DEBUG] [net.neoforged.fml.loading.UniqueModListBuilder/]: Selected file neoforge-21.1.219.jar for modid neoforge with version 21.1.219
[04Mar2026 16:19:20.936] [main/DEBUG] [net.neoforged.fml.loading.moddiscovery.ModDiscoverer/SCAN]: Successfully Loaded 13 mods. Attempting to load dependencies...
[04Mar2026 16:19:20.936] [main/DEBUG] [net.neoforged.fml.loading.moddiscovery.ModDiscoverer/SCAN]: Trying locator jarinjar
[04Mar2026 16:19:20.937] [main/TRACE] [net.neoforged.fml.loading.moddiscovery.locators.JarInJarDependencyLocator/]: Failed to load resource META-INF/jarjar/metadata.json from emi-neoforge-1.1.21+1.21.1.jar, it does not contain dependency information.
[04Mar2026 16:19:20.937] [main/TRACE] [net.neoforged.fml.loading.moddiscovery.locators.JarInJarDependencyLocator/]: Failed to load resource META-INF/jarjar/metadata.json from neoforge-21.1.219.jar, it does not contain dependency information.
[04Mar2026 16:19:20.937] [main/TRACE] [net.neoforged.fml.loading.moddiscovery.locators.JarInJarDependencyLocator/]: Failed to load resource META-INF/jarjar/metadata.json from mixinextras-neoforge-0.5.0.jar, it does not contain dependency information.
[04Mar2026 16:19:20.937] [main/TRACE] [net.neoforged.fml.loading.moddiscovery.locators.JarInJarDependencyLocator/]: Failed to load resource META-INF/jarjar/metadata.json from theoneprobe-1.21_neo-12.0.3-5.jar, it does not contain dependency information.
[04Mar2026 16:19:20.937] [main/TRACE] [net.neoforged.fml.loading.moddiscovery.locators.JarInJarDependencyLocator/]: Failed to load resource META-INF/jarjar/metadata.json from Mekanism-1.21.1-10.7.18.84.jar, it does not contain dependency information.
[04Mar2026 16:19:20.937] [main/TRACE] [net.neoforged.fml.loading.moddiscovery.locators.JarInJarDependencyLocator/]: Failed to load resource META-INF/jarjar/metadata.json from Patchouli-1.21.1-92-NEOFORGE.jar, it does not contain dependency information.
[04Mar2026 16:19:20.937] [main/TRACE] [net.neoforged.fml.loading.moddiscovery.locators.JarInJarDependencyLocator/]: Failed to load resource META-INF/jarjar/metadata.json from guideme-21.1.1.jar, it does not contain dependency information.
[04Mar2026 16:19:20.937] [main/TRACE] [net.neoforged.fml.loading.moddiscovery.locators.JarInJarDependencyLocator/]: Failed to load resource META-INF/jarjar/metadata.json from architectury-neoforge-13.0.8.jar, it does not contain dependency information.
[04Mar2026 16:19:20.937] [main/TRACE] [net.neoforged.fml.loading.moddiscovery.locators.JarInJarDependencyLocator/]: Failed to load resource META-INF/jarjar/metadata.json from Mekanism-1.21.1-10.7.18.84-generators.jar, it does not contain dependency information.
[04Mar2026 16:19:20.937] [main/TRACE] [net.neoforged.fml.loading.moddiscovery.locators.JarInJarDependencyLocator/]: Failed to load resource META-INF/jarjar/metadata.json from main, it does not contain dependency information.
[04Mar2026 16:19:20.937] [main/TRACE] [net.neoforged.fml.loading.moddiscovery.locators.JarInJarDependencyLocator/]: Failed to load resource META-INF/jarjar/metadata.json from appliedenergistics2-19.2.17.jar, it does not contain dependency information.
[04Mar2026 16:19:20.967] [main/DEBUG] [net.neoforged.fml.loading.moddiscovery.readers.JarModsDotTomlModFileReader/SCAN]: Found META-INF/MANIFEST.MF mod of type GAMELIBRARY: 
[04Mar2026 16:19:20.968] [main/DEBUG] [net.neoforged.fml.loading.moddiscovery.readers.JarModsDotTomlModFileReader/SCAN]: Found META-INF/MANIFEST.MF mod of type LIBRARY: 
[04Mar2026 16:19:20.968] [main/TRACE] [net.neoforged.fml.loading.moddiscovery.locators.JarInJarDependencyLocator/]: Failed to load resource META-INF/jarjar/metadata.json from cobalt-0.9.7.jar, it does not contain dependency information.
[04Mar2026 16:19:20.968] [main/TRACE] [net.neoforged.fml.loading.moddiscovery.locators.JarInJarDependencyLocator/]: Failed to load resource META-INF/jarjar/metadata.json from jzlib-1.1.3.jar, it does not contain dependency information.
[04Mar2026 16:19:20.968] [main/TRACE] [net.neoforged.fml.loading.moddiscovery.locators.JarInJarDependencyLocator/]: Failed to load resource META-INF/jarjar/metadata.json from mixinextras-neoforge-0.5.0.jar, it does not contain dependency information.
[04Mar2026 16:19:20.969] [main/TRACE] [net.neoforged.fml.loading.moddiscovery.locators.JarInJarDependencyLocator/]: Failed to load resource META-INF/jarjar/metadata.json from net.neoforged.neoforge-coremods-21.1.219.jar, it does not contain dependency information.
[04Mar2026 16:19:21.000] [main/DEBUG] [net.neoforged.fml.loading.moddiscovery.readers.JarModsDotTomlModFileReader/SCAN]: Found META-INF/MANIFEST.MF mod of type LIBRARY: 
[04Mar2026 16:19:21.007] [main/DEBUG] [net.neoforged.fml.loading.moddiscovery.readers.JarModsDotTomlModFileReader/SCAN]: Found META-INF/MANIFEST.MF mod of type GAMELIBRARY: 
[04Mar2026 16:19:21.008] [main/WARN] [net.neoforged.jarjar.selection.JarSelector/]: Attempted to select a dependency jar for JarJar which was passed in as source: library:mixinextras.neoforge. Using Mod File: /Users/caliane/.gradle/caches/modules-2/files-2.1/io.github.llamalad7/mixinextras-neoforge/0.5.0/d734b83ce6542bb70ea31755c1595b88992dbe65/mixinextras-neoforge-0.5.0.jar
[04Mar2026 16:19:21.008] [main/INFO] [net.neoforged.fml.loading.moddiscovery.locators.JarInJarDependencyLocator/]: Found 3 dependencies adding them to mods collection
[04Mar2026 16:19:21.008] [main/INFO] [net.neoforged.fml.loading.moddiscovery.ModDiscoverer/SCAN]: Found library file "cobalt-0.9.7.jar" [parent: cc-tweaked-1.21.1-forge-1.117.0.jar, locator: jarinjar]
[04Mar2026 16:19:21.008] [main/INFO] [net.neoforged.fml.loading.moddiscovery.ModDiscoverer/SCAN]: Found library file "jzlib-1.1.3.jar" [parent: cc-tweaked-1.21.1-forge-1.117.0.jar, locator: jarinjar]
[04Mar2026 16:19:21.008] [main/INFO] [net.neoforged.fml.loading.moddiscovery.ModDiscoverer/SCAN]: Found library file "net.neoforged.neoforge-coremods-21.1.219.jar" [parent: neoforge-21.1.219.jar, locator: jarinjar, reader: mod manifest]
[04Mar2026 16:19:21.009] [main/INFO] [net.neoforged.fml.loading.moddiscovery.ModDiscoverer/]: 
     Mod List:
		Name Version (Mod Id)

		Applied Energistics 2 19.2.17 (ae2)
		Architectury 13.0.8 (architectury)
		CC: Tweaked 1.117.0 (computercraft)
		EMI 1.1.21+1.21.1+neoforge (emi)
		GuideME 21.1.1 (guideme)
		Mekanism 10.7.18 (mekanism)
		Mekanism: Generators 10.7.18 (mekanismgenerators)
		Minecraft 1.21.1 (minecraft)
		NeoForge 21.1.219 (neoforge)
		Nuclearcraft Neoteric 1.3.0 (nuclearcraft)
		Patchouli 1.21.1-92-NEOFORGE (patchouli)
		The One Probe 1.21_neo-12.0.3-5 (theoneprobe)
[04Mar2026 16:19:21.010] [main/DEBUG] [net.neoforged.fml.loading.moddiscovery.ModFileInfo/LOADING]: Found valid mod file neoforge-21.1.219.jar with {minecraft} mods - versions {1.21.1}
[04Mar2026 16:19:21.012] [main/DEBUG] [net.neoforged.fml.loading.moddiscovery.ModFile/LOADING]: Loading mod file /Users/caliane/Sources/nuclearcraft/.gradle/repositories/ng_dummy_ng/net/neoforged/neoforge/21.1.219/neoforge-21.1.219.jar with languages [LanguageSpec[languageName=minecraft, acceptedVersions=1]]
[04Mar2026 16:19:21.013] [main/DEBUG] [net.neoforged.fml.loading.moddiscovery.ModFileParser/LOADING]: Considering mod file candidate /Users/caliane/.gradle/caches/modules-2/files-2.1/dev.emi/emi-neoforge/1.1.21+1.21.1/b142d57adbbe6dfbc44e881f33e5714556cef98f/emi-neoforge-1.1.21+1.21.1.jar
[04Mar2026 16:19:21.014] [main/DEBUG] [net.neoforged.fml.loading.moddiscovery.ModFileInfo/LOADING]: Found valid mod file emi-neoforge-1.1.21+1.21.1.jar with {emi} mods - versions {1.1.21+1.21.1+neoforge}
[04Mar2026 16:19:21.014] [main/DEBUG] [net.neoforged.fml.loading.moddiscovery.ModFile/LOADING]: Loading mod file /Users/caliane/.gradle/caches/modules-2/files-2.1/dev.emi/emi-neoforge/1.1.21+1.21.1/b142d57adbbe6dfbc44e881f33e5714556cef98f/emi-neoforge-1.1.21+1.21.1.jar with languages [LanguageSpec[languageName=javafml, acceptedVersions=[1,)]]
[04Mar2026 16:19:21.014] [main/DEBUG] [net.neoforged.fml.loading.moddiscovery.ModFile/LOADING]: Found mixin config MixinConfig[config=emi.mixins.json, requiredMods=[]]
[04Mar2026 16:19:21.015] [main/DEBUG] [net.neoforged.fml.loading.moddiscovery.ModFile/LOADING]: Found mixin config MixinConfig[config=emi-neoforge.mixins.json, requiredMods=[]]
[04Mar2026 16:19:21.015] [main/DEBUG] [net.neoforged.fml.loading.moddiscovery.ModFileParser/LOADING]: Considering mod file candidate /Users/caliane/.gradle/caches/modules-2/files-2.1/mcjty.theoneprobe/theoneprobe/1.21_neo-12.0.3-5/9af76afc4721d9c5d0af245a5b6072d6b4fc4bf5/theoneprobe-1.21_neo-12.0.3-5.jar
[04Mar2026 16:19:21.015] [main/DEBUG] [net.neoforged.fml.loading.moddiscovery.ModFileInfo/LOADING]: Found valid mod file theoneprobe-1.21_neo-12.0.3-5.jar with {theoneprobe} mods - versions {1.21_neo-12.0.3-5}
[04Mar2026 16:19:21.016] [main/DEBUG] [net.neoforged.fml.loading.moddiscovery.ModFile/LOADING]: Loading mod file /Users/caliane/.gradle/caches/modules-2/files-2.1/mcjty.theoneprobe/theoneprobe/1.21_neo-12.0.3-5/9af76afc4721d9c5d0af245a5b6072d6b4fc4bf5/theoneprobe-1.21_neo-12.0.3-5.jar with languages [LanguageSpec[languageName=javafml, acceptedVersions=[2,)]]
[04Mar2026 16:19:21.016] [main/DEBUG] [net.neoforged.fml.loading.moddiscovery.ModFileParser/LOADING]: Considering mod file candidate /Users/caliane/.gradle/caches/modules-2/files-2.1/dev.architectury/architectury-neoforge/13.0.8/6544bdc09e6d291e1307230fc0b7289601e164fa/architectury-neoforge-13.0.8.jar
[04Mar2026 16:19:21.017] [main/DEBUG] [net.neoforged.fml.loading.moddiscovery.ModFileInfo/LOADING]: Found valid mod file architectury-neoforge-13.0.8.jar with {architectury} mods - versions {13.0.8}
[04Mar2026 16:19:21.017] [main/DEBUG] [net.neoforged.fml.loading.moddiscovery.ModFile/LOADING]: Loading mod file /Users/caliane/.gradle/caches/modules-2/files-2.1/dev.architectury/architectury-neoforge/13.0.8/6544bdc09e6d291e1307230fc0b7289601e164fa/architectury-neoforge-13.0.8.jar with languages [LanguageSpec[languageName=javafml, acceptedVersions=[1,)]]
[04Mar2026 16:19:21.017] [main/DEBUG] [net.neoforged.fml.loading.moddiscovery.ModFile/LOADING]: Found mixin config MixinConfig[config=architectury.mixins.json, requiredMods=[]]
[04Mar2026 16:19:21.017] [main/DEBUG] [net.neoforged.fml.loading.moddiscovery.ModFile/LOADING]: Found mixin config MixinConfig[config=architectury-common.mixins.json, requiredMods=[]]
[04Mar2026 16:19:21.017] [main/DEBUG] [net.neoforged.fml.loading.moddiscovery.ModFileParser/LOADING]: Considering mod file candidate /Users/caliane/.gradle/caches/modules-2/files-2.1/org.appliedenergistics/guideme/21.1.1/175e3cd25b088777e942e860b333b10605fbc199/guideme-21.1.1.jar
[04Mar2026 16:19:21.018] [main/DEBUG] [net.neoforged.fml.loading.moddiscovery.ModFileInfo/LOADING]: Found valid mod file guideme-21.1.1.jar with {guideme} mods - versions {21.1.1}
[04Mar2026 16:19:21.018] [main/DEBUG] [net.neoforged.fml.loading.moddiscovery.ModFile/LOADING]: Loading mod file /Users/caliane/.gradle/caches/modules-2/files-2.1/org.appliedenergistics/guideme/21.1.1/175e3cd25b088777e942e860b333b10605fbc199/guideme-21.1.1.jar with languages [LanguageSpec[languageName=javafml, acceptedVersions=*]]
[04Mar2026 16:19:21.018] [main/DEBUG] [net.neoforged.fml.loading.moddiscovery.ModFileParser/LOADING]: Considering mod file candidate /Users/caliane/.gradle/caches/modules-2/files-2.1/cc.tweaked/cc-tweaked-1.21.1-forge/1.117.0/46519af82cd69f7a147da36fdcc4b3b8fb0fa4bf/cc-tweaked-1.21.1-forge-1.117.0.jar
[04Mar2026 16:19:21.019] [main/DEBUG] [net.neoforged.fml.loading.moddiscovery.ModFileInfo/LOADING]: Found valid mod file cc-tweaked-1.21.1-forge-1.117.0.jar with {computercraft} mods - versions {1.117.0}
[04Mar2026 16:19:21.019] [main/DEBUG] [net.neoforged.fml.loading.moddiscovery.ModFile/LOADING]: Loading mod file /Users/caliane/.gradle/caches/modules-2/files-2.1/cc.tweaked/cc-tweaked-1.21.1-forge/1.117.0/46519af82cd69f7a147da36fdcc4b3b8fb0fa4bf/cc-tweaked-1.21.1-forge-1.117.0.jar with languages [LanguageSpec[languageName=javafml, acceptedVersions=[1,)]]
[04Mar2026 16:19:21.019] [main/DEBUG] [net.neoforged.fml.loading.moddiscovery.ModFile/LOADING]: Found mixin config MixinConfig[config=computercraft.mixins.json, requiredMods=[]]
[04Mar2026 16:19:21.019] [main/DEBUG] [net.neoforged.fml.loading.moddiscovery.ModFile/LOADING]: Found mixin config MixinConfig[config=computercraft.forge.mixins.json, requiredMods=[]]
[04Mar2026 16:19:21.019] [main/DEBUG] [net.neoforged.fml.loading.moddiscovery.ModFile/LOADING]: Found mixin config MixinConfig[config=computercraft-client.forge.mixins.json, requiredMods=[]]
[04Mar2026 16:19:21.019] [main/DEBUG] [net.neoforged.fml.loading.moddiscovery.ModFileParser/LOADING]: Considering mod file candidate /Users/caliane/.gradle/caches/modules-2/files-2.1/mekanism/Mekanism/1.21.1-10.7.18.84/9849756f8258367638df3a34261cfcc9b1a7e236/Mekanism-1.21.1-10.7.18.84-generators.jar
[04Mar2026 16:19:21.019] [main/DEBUG] [net.neoforged.fml.loading.moddiscovery.ModFileInfo/LOADING]: Found valid mod file Mekanism-1.21.1-10.7.18.84-generators.jar with {mekanismgenerators} mods - versions {10.7.18}
[04Mar2026 16:19:21.019] [main/DEBUG] [net.neoforged.fml.loading.moddiscovery.ModFile/LOADING]: Loading mod file /Users/caliane/.gradle/caches/modules-2/files-2.1/mekanism/Mekanism/1.21.1-10.7.18.84/9849756f8258367638df3a34261cfcc9b1a7e236/Mekanism-1.21.1-10.7.18.84-generators.jar with languages [LanguageSpec[languageName=javafml, acceptedVersions=[4,)]]
[04Mar2026 16:19:21.019] [main/DEBUG] [net.neoforged.fml.loading.moddiscovery.ModFileParser/LOADING]: Considering mod file candidate /Users/caliane/.gradle/caches/modules-2/files-2.1/org.appliedenergistics/appliedenergistics2/19.2.17/49c18d6a4af487957d7e5a6ad5dcbf71090b8e14/appliedenergistics2-19.2.17.jar
[04Mar2026 16:19:21.021] [main/DEBUG] [net.neoforged.fml.loading.moddiscovery.ModFileInfo/LOADING]: Found valid mod file appliedenergistics2-19.2.17.jar with {ae2} mods - versions {19.2.17}
[04Mar2026 16:19:21.021] [main/DEBUG] [net.neoforged.fml.loading.moddiscovery.ModFile/LOADING]: Loading mod file /Users/caliane/.gradle/caches/modules-2/files-2.1/org.appliedenergistics/appliedenergistics2/19.2.17/49c18d6a4af487957d7e5a6ad5dcbf71090b8e14/appliedenergistics2-19.2.17.jar with languages [LanguageSpec[languageName=javafml, acceptedVersions=[1,)]]
[04Mar2026 16:19:21.021] [main/DEBUG] [net.neoforged.fml.loading.moddiscovery.ModFile/LOADING]: Found mixin config MixinConfig[config=ae2.mixins.json, requiredMods=[]]
[04Mar2026 16:19:21.022] [main/DEBUG] [net.neoforged.fml.loading.moddiscovery.ModFileParser/LOADING]: Considering mod file candidate /Users/caliane/.gradle/caches/modules-2/files-2.1/mekanism/Mekanism/1.21.1-10.7.18.84/2c48df86350bb733e4285437e136b271a70f4cbc/Mekanism-1.21.1-10.7.18.84.jar
[04Mar2026 16:19:21.023] [main/DEBUG] [net.neoforged.fml.loading.moddiscovery.ModFileInfo/LOADING]: Found valid mod file Mekanism-1.21.1-10.7.18.84.jar with {mekanism} mods - versions {10.7.18}
[04Mar2026 16:19:21.023] [main/DEBUG] [net.neoforged.fml.loading.moddiscovery.ModFile/LOADING]: Loading mod file /Users/caliane/.gradle/caches/modules-2/files-2.1/mekanism/Mekanism/1.21.1-10.7.18.84/2c48df86350bb733e4285437e136b271a70f4cbc/Mekanism-1.21.1-10.7.18.84.jar with languages [LanguageSpec[languageName=javafml, acceptedVersions=[4,)]]
[04Mar2026 16:19:21.023] [main/DEBUG] [net.neoforged.fml.loading.moddiscovery.ModFileParser/LOADING]: Considering mod file candidate /Users/caliane/.gradle/caches/modules-2/files-2.1/vazkii.patchouli/Patchouli/1.21.1-92-NEOFORGE/f4b32d25521f898b3c1c80b88cfbd1bce30cf23b/Patchouli-1.21.1-92-NEOFORGE.jar
[04Mar2026 16:19:21.023] [main/DEBUG] [net.neoforged.fml.loading.moddiscovery.ModFileInfo/LOADING]: Found valid mod file Patchouli-1.21.1-92-NEOFORGE.jar with {patchouli} mods - versions {1.21.1-92-NEOFORGE}
[04Mar2026 16:19:21.023] [main/DEBUG] [net.neoforged.fml.loading.moddiscovery.ModFile/LOADING]: Loading mod file /Users/caliane/.gradle/caches/modules-2/files-2.1/vazkii.patchouli/Patchouli/1.21.1-92-NEOFORGE/f4b32d25521f898b3c1c80b88cfbd1bce30cf23b/Patchouli-1.21.1-92-NEOFORGE.jar with languages [LanguageSpec[languageName=javafml, acceptedVersions=[4,)]]
[04Mar2026 16:19:21.023] [main/DEBUG] [net.neoforged.fml.loading.moddiscovery.ModFile/LOADING]: Found mixin config MixinConfig[config=patchouli_xplat.mixins.json, requiredMods=[]]
[04Mar2026 16:19:21.023] [main/DEBUG] [net.neoforged.fml.loading.moddiscovery.ModFileParser/LOADING]: Considering mod file candidate /Users/caliane/Sources/nuclearcraft/.gradle/repositories/ng_dummy_ng/net/neoforged/neoforge/21.1.219/neoforge-21.1.219.jar
[04Mar2026 16:19:21.024] [main/DEBUG] [net.neoforged.fml.loading.moddiscovery.ModFileInfo/LOADING]: Found valid mod file neoforge-21.1.219.jar with {neoforge} mods - versions {21.1.219}
[04Mar2026 16:19:21.024] [main/DEBUG] [net.neoforged.fml.loading.moddiscovery.ModFile/LOADING]: Loading mod file /Users/caliane/Sources/nuclearcraft/.gradle/repositories/ng_dummy_ng/net/neoforged/neoforge/21.1.219/neoforge-21.1.219.jar with languages [LanguageSpec[languageName=javafml, acceptedVersions=[3,]]]
[04Mar2026 16:19:21.024] [main/DEBUG] [net.neoforged.fml.loading.moddiscovery.ModFile/LOADING]: Found mixin config MixinConfig[config=neoforge.mixins.json, requiredMods=[]]
[04Mar2026 16:19:21.024] [main/DEBUG] [net.neoforged.fml.loading.moddiscovery.ModFileParser/LOADING]: Considering mod file candidate /Users/caliane/Sources/nuclearcraft/build/resources/main
[04Mar2026 16:19:21.024] [main/DEBUG] [net.neoforged.fml.loading.moddiscovery.ModFileInfo/LOADING]: Found valid mod file main with {nuclearcraft} mods - versions {1.3.0}
[04Mar2026 16:19:21.024] [main/DEBUG] [net.neoforged.fml.loading.moddiscovery.ModFile/LOADING]: Loading mod file /Users/caliane/Sources/nuclearcraft/build/resources/main with languages [LanguageSpec[languageName=javafml, acceptedVersions=[4,)]]
[04Mar2026 16:19:21.024] [main/DEBUG] [net.neoforged.fml.loading.moddiscovery.ModFile/LOADING]: Found mixin config MixinConfig[config=nuclearcraft.mixins.json, requiredMods=[]]
[04Mar2026 16:19:21.025] [main/DEBUG] [net.neoforged.fml.loading.moddiscovery.ModFile/LOADING]: Loading mod file /Users/caliane/.gradle/caches/modules-2/files-2.1/io.github.llamalad7/mixinextras-neoforge/0.5.0/d734b83ce6542bb70ea31755c1595b88992dbe65/mixinextras-neoforge-0.5.0.jar with languages []
[04Mar2026 16:19:21.025] [main/DEBUG] [net.neoforged.fml.loading.moddiscovery.ModValidator/SCAN]: Found 13 mod files with 12 mods
[04Mar2026 16:19:21.025] [main/DEBUG] [cpw.mods.modlauncher.TransformationServiceDecorator/MODLAUNCHER]: End scan trigger - transformation service fml
[04Mar2026 16:19:21.036] [main/DEBUG] [net.neoforged.fml.util.ServiceLoaderUtil/CORE]: Found 3 implementations of IModLanguageLoader:
[04Mar2026 16:19:21.036] [main/DEBUG] [net.neoforged.fml.util.ServiceLoaderUtil/CORE]: 	net.neoforged.fml.javafmlmod.FMLJavaModLanguageProvider from loader-4.0.42.jar
[04Mar2026 16:19:21.036] [main/DEBUG] [net.neoforged.fml.util.ServiceLoaderUtil/CORE]: 	net.neoforged.fml.lowcodemod.LowCodeModLanguageProvider from loader-4.0.42.jar
[04Mar2026 16:19:21.036] [main/DEBUG] [net.neoforged.fml.util.ServiceLoaderUtil/CORE]: 	net.neoforged.fml.mclanguageprovider.MinecraftModLanguageProvider from loader-4.0.42.jar
[04Mar2026 16:19:21.037] [main/DEBUG] [net.neoforged.fml.loading.LanguageProviderLoader/CORE]: Found language provider javafml, version 4.0.42
[04Mar2026 16:19:21.037] [main/DEBUG] [net.neoforged.fml.loading.LanguageProviderLoader/CORE]: Found language provider lowcodefml, version 4.0.42
[04Mar2026 16:19:21.037] [main/DEBUG] [net.neoforged.fml.loading.LanguageProviderLoader/CORE]: Found language provider minecraft, version 4.0.42
[04Mar2026 16:19:21.040] [main/DEBUG] [net.neoforged.fml.loading.ModSorter/]: Configured system mods: [minecraft, neoforge]
[04Mar2026 16:19:21.040] [main/DEBUG] [net.neoforged.fml.loading.ModSorter/]: Found system mod: minecraft
[04Mar2026 16:19:21.040] [main/DEBUG] [net.neoforged.fml.loading.ModSorter/]: Found system mod: neoforge
[04Mar2026 16:19:21.041] [main/DEBUG] [net.neoforged.fml.loading.ModSorter/LOADING]: Found 27 mod requirements (17 mandatory, 10 optional)
[04Mar2026 16:19:21.041] [main/DEBUG] [net.neoforged.fml.loading.ModSorter/LOADING]: Found 0 mod requirements missing (0 mandatory, 0 optional)
[04Mar2026 16:19:21.050] [main/DEBUG] [net.neoforged.fml.loading.FMLLoader/SCAN]: Adding Access Transformer in /Users/caliane/.gradle/caches/modules-2/files-2.1/dev.emi/emi-neoforge/1.1.21+1.21.1/b142d57adbbe6dfbc44e881f33e5714556cef98f/emi-neoforge-1.1.21+1.21.1.jar
[04Mar2026 16:19:21.051] [main/DEBUG] [AXFORM/AXFORM]: Loading access transformer accesstransformer.cfg
[04Mar2026 16:19:21.098] [main/DEBUG] [AXFORM/AXFORM]: Loaded access transformer accesstransformer.cfg
[04Mar2026 16:19:21.098] [main/DEBUG] [net.neoforged.fml.loading.FMLLoader/SCAN]: Adding Access Transformer in /Users/caliane/.gradle/caches/modules-2/files-2.1/mcjty.theoneprobe/theoneprobe/1.21_neo-12.0.3-5/9af76afc4721d9c5d0af245a5b6072d6b4fc4bf5/theoneprobe-1.21_neo-12.0.3-5.jar
[04Mar2026 16:19:21.099] [main/DEBUG] [AXFORM/AXFORM]: Loading access transformer accesstransformer.cfg
[04Mar2026 16:19:21.102] [main/DEBUG] [AXFORM/AXFORM]: Loaded access transformer accesstransformer.cfg
[04Mar2026 16:19:21.102] [main/DEBUG] [net.neoforged.fml.loading.FMLLoader/SCAN]: Adding Access Transformer in /Users/caliane/.gradle/caches/modules-2/files-2.1/mekanism/Mekanism/1.21.1-10.7.18.84/2c48df86350bb733e4285437e136b271a70f4cbc/Mekanism-1.21.1-10.7.18.84.jar
[04Mar2026 16:19:21.102] [main/DEBUG] [AXFORM/AXFORM]: Loading access transformer accesstransformer.cfg
[04Mar2026 16:19:21.122] [main/DEBUG] [AXFORM/AXFORM]: Loaded access transformer accesstransformer.cfg
[04Mar2026 16:19:21.122] [main/DEBUG] [net.neoforged.fml.loading.FMLLoader/SCAN]: Adding Access Transformer in /Users/caliane/.gradle/caches/modules-2/files-2.1/org.appliedenergistics/guideme/21.1.1/175e3cd25b088777e942e860b333b10605fbc199/guideme-21.1.1.jar
[04Mar2026 16:19:21.122] [main/DEBUG] [AXFORM/AXFORM]: Loading access transformer accesstransformer.cfg
[04Mar2026 16:19:21.127] [main/DEBUG] [AXFORM/AXFORM]: Loaded access transformer accesstransformer.cfg
[04Mar2026 16:19:21.127] [main/DEBUG] [net.neoforged.fml.loading.FMLLoader/SCAN]: Adding Access Transformer in /Users/caliane/.gradle/caches/modules-2/files-2.1/dev.architectury/architectury-neoforge/13.0.8/6544bdc09e6d291e1307230fc0b7289601e164fa/architectury-neoforge-13.0.8.jar
[04Mar2026 16:19:21.128] [main/DEBUG] [AXFORM/AXFORM]: Loading access transformer accesstransformer.cfg
[04Mar2026 16:19:21.144] [main/DEBUG] [AXFORM/AXFORM]: Loaded access transformer accesstransformer.cfg
[04Mar2026 16:19:21.144] [main/DEBUG] [net.neoforged.fml.loading.FMLLoader/SCAN]: Adding Access Transformer in /Users/caliane/.gradle/caches/modules-2/files-2.1/cc.tweaked/cc-tweaked-1.21.1-forge/1.117.0/46519af82cd69f7a147da36fdcc4b3b8fb0fa4bf/cc-tweaked-1.21.1-forge-1.117.0.jar
[04Mar2026 16:19:21.145] [main/DEBUG] [AXFORM/AXFORM]: Loading access transformer accesstransformer.cfg
[04Mar2026 16:19:21.148] [main/DEBUG] [AXFORM/AXFORM]: Loaded access transformer accesstransformer.cfg
[04Mar2026 16:19:21.148] [main/DEBUG] [net.neoforged.fml.loading.FMLLoader/SCAN]: Adding Access Transformer in /Users/caliane/Sources/nuclearcraft/.gradle/repositories/ng_dummy_ng/net/neoforged/neoforge/21.1.219/neoforge-21.1.219.jar
[04Mar2026 16:19:21.150] [main/DEBUG] [AXFORM/AXFORM]: Loading access transformer accesstransformer.cfg
[04Mar2026 16:19:21.162] [main/DEBUG] [AXFORM/AXFORM]: Loaded access transformer accesstransformer.cfg
[04Mar2026 16:19:21.162] [main/DEBUG] [net.neoforged.fml.loading.FMLLoader/SCAN]: Adding Access Transformer in /Users/caliane/Sources/nuclearcraft/build/resources/main
[04Mar2026 16:19:21.163] [main/DEBUG] [AXFORM/AXFORM]: Loading access transformer accesstransformer.cfg
[04Mar2026 16:19:21.164] [main/DEBUG] [AXFORM/AXFORM]: Loaded access transformer accesstransformer.cfg
[04Mar2026 16:19:21.165] [main/DEBUG] [net.neoforged.fml.loading.FMLLoader/SCAN]: Adding Access Transformer in /Users/caliane/.gradle/caches/modules-2/files-2.1/org.appliedenergistics/appliedenergistics2/19.2.17/49c18d6a4af487957d7e5a6ad5dcbf71090b8e14/appliedenergistics2-19.2.17.jar
[04Mar2026 16:19:21.165] [main/DEBUG] [AXFORM/AXFORM]: Loading access transformer accesstransformer.cfg
[04Mar2026 16:19:21.166] [main/DEBUG] [AXFORM/AXFORM]: Loaded access transformer accesstransformer.cfg
[04Mar2026 16:19:21.168] [main/DEBUG] [mixin/]: Adding mixin platform agents for container net.neoforged.fml.loading.mixin.FMLMixinContainerHandle@77c7ed8e
[04Mar2026 16:19:21.168] [main/DEBUG] [mixin/]: Instancing new MixinPlatformAgentMinecraftForge for net.neoforged.fml.loading.mixin.FMLMixinContainerHandle@77c7ed8e
[04Mar2026 16:19:21.168] [main/DEBUG] [mixin/]: MixinPlatformAgentMinecraftForge rejected container net.neoforged.fml.loading.mixin.FMLMixinContainerHandle@77c7ed8e
[04Mar2026 16:19:21.168] [main/DEBUG] [mixin/]: Instancing new MixinPlatformAgentDefault for net.neoforged.fml.loading.mixin.FMLMixinContainerHandle@77c7ed8e
[04Mar2026 16:19:21.168] [main/DEBUG] [mixin/]: MixinPlatformAgentDefault accepted container net.neoforged.fml.loading.mixin.FMLMixinContainerHandle@77c7ed8e
[04Mar2026 16:19:21.168] [main/DEBUG] [mixin/]: Instancing new FMLMixinPlatformAgent for net.neoforged.fml.loading.mixin.FMLMixinContainerHandle@77c7ed8e
[04Mar2026 16:19:21.168] [main/DEBUG] [mixin/]: FMLMixinPlatformAgent accepted container net.neoforged.fml.loading.mixin.FMLMixinContainerHandle@77c7ed8e
[04Mar2026 16:19:21.178] [main/DEBUG] [cpw.mods.modlauncher.TransformationServicesHandler/MODLAUNCHER]: Transformation services loading transformers
[04Mar2026 16:19:21.181] [main/DEBUG] [cpw.mods.modlauncher.TransformationServiceDecorator/MODLAUNCHER]: Initializing transformers for transformation service mixin
[04Mar2026 16:19:21.181] [main/DEBUG] [cpw.mods.modlauncher.TransformationServiceDecorator/MODLAUNCHER]: Initialized transformers for transformation service mixin
[04Mar2026 16:19:21.181] [main/DEBUG] [cpw.mods.modlauncher.TransformationServiceDecorator/MODLAUNCHER]: Initializing transformers for transformation service fml
[04Mar2026 16:19:21.181] [main/DEBUG] [net.neoforged.fml.loading.FMLServiceProvider/LOADING]: Loading coremod transformers
[04Mar2026 16:19:21.182] [main/DEBUG] [net.neoforged.fml.loading.FMLServiceProvider/CORE]: Not loading coremod script-engine since no mod requested it
[04Mar2026 16:19:21.183] [main/DEBUG] [net.neoforged.fml.util.ServiceLoaderUtil/CORE]: Found 1 implementations of ICoreMod:
[04Mar2026 16:19:21.183] [main/DEBUG] [net.neoforged.fml.util.ServiceLoaderUtil/CORE]: 	net.neoforged.neoforge.coremods.NeoForgeCoreMod from neoforge-21.1.219.jar > net.neoforged.neoforge-coremods-21.1.219.jar
[04Mar2026 16:19:21.189] [main/DEBUG] [net.neoforged.fml.loading.FMLServiceProvider/CORE]: Adding [Target[className=net.minecraft.world.level.biome.Biome, elementName=, elementDescriptor=, targetType=cpw.mods.modlauncher.api.TargetType@28e8dde3]] transformer from core-mod net.neoforged.neoforge.coremods.NeoForgeCoreMod@69da0b12 in neoforge-21.1.219.jar > net.neoforged.neoforge-coremods-21.1.219.jar
[04Mar2026 16:19:21.189] [main/DEBUG] [net.neoforged.fml.loading.FMLServiceProvider/CORE]: Adding [Target[className=net.minecraft.world.level.levelgen.structure.Structure, elementName=, elementDescriptor=, targetType=cpw.mods.modlauncher.api.TargetType@28e8dde3]] transformer from core-mod net.neoforged.neoforge.coremods.NeoForgeCoreMod@69da0b12 in neoforge-21.1.219.jar > net.neoforged.neoforge-coremods-21.1.219.jar
[04Mar2026 16:19:21.189] [main/DEBUG] [net.neoforged.fml.loading.FMLServiceProvider/CORE]: Adding [Target[className=net.minecraft.world.level.block.FlowerPotBlock, elementName=, elementDescriptor=, targetType=cpw.mods.modlauncher.api.TargetType@28e8dde3]] transformer from core-mod net.neoforged.neoforge.coremods.NeoForgeCoreMod@69da0b12 in neoforge-21.1.219.jar > net.neoforged.neoforge-coremods-21.1.219.jar
[04Mar2026 16:19:21.190] [main/DEBUG] [net.neoforged.fml.loading.FMLServiceProvider/CORE]: Adding [Target[className=net/minecraft/world/level/NaturalSpawner, elementName=, elementDescriptor=, targetType=cpw.mods.modlauncher.api.TargetType@28e8dde3], Target[className=net/minecraft/world/entity/ai/village/VillageSiege, elementName=, elementDescriptor=, targetType=cpw.mods.modlauncher.api.TargetType@28e8dde3], Target[className=net/minecraft/world/entity/monster/Spider, elementName=, elementDescriptor=, targetType=cpw.mods.modlauncher.api.TargetType@28e8dde3], Target[className=net/minecraft/server/commands/RaidCommand, elementName=, elementDescriptor=, targetType=cpw.mods.modlauncher.api.TargetType@28e8dde3], Target[className=net/minecraft/world/entity/EntityType, elementName=, elementDescriptor=, targetType=cpw.mods.modlauncher.api.TargetType@28e8dde3], Target[className=net/minecraft/world/entity/monster/Strider, elementName=, elementDescriptor=, targetType=cpw.mods.modlauncher.api.TargetType@28e8dde3], Target[className=net/minecraft/world/entity/monster/Zombie, elementName=, elementDescriptor=, targetType=cpw.mods.modlauncher.api.TargetType@28e8dde3], Target[className=net/minecraft/world/entity/animal/horse/SkeletonTrapGoal, elementName=, elementDescriptor=, targetType=cpw.mods.modlauncher.api.TargetType@28e8dde3], Target[className=net/minecraft/world/entity/npc/CatSpawner, elementName=, elementDescriptor=, targetType=cpw.mods.modlauncher.api.TargetType@28e8dde3], Target[className=net/minecraft/world/entity/raid/Raid, elementName=, elementDescriptor=, targetType=cpw.mods.modlauncher.api.TargetType@28e8dde3], Target[className=net/minecraft/server/commands/SummonCommand, elementName=, elementDescriptor=, targetType=cpw.mods.modlauncher.api.TargetType@28e8dde3], Target[className=net/minecraft/world/level/levelgen/structure/structures/WoodlandMansionPieces$WoodlandMansionPiece, elementName=, elementDescriptor=, targetType=cpw.mods.modlauncher.api.TargetType@28e8dde3], Target[className=net/minecraft/world/entity/animal/frog/Tadpole, elementName=, elementDescriptor=, targetType=cpw.mods.modlauncher.api.TargetType@28e8dde3], Target[className=net/minecraft/world/entity/monster/Evoker$EvokerSummonSpellGoal, elementName=, elementDescriptor=, targetType=cpw.mods.modlauncher.api.TargetType@28e8dde3], Target[className=net/minecraft/world/level/levelgen/structure/structures/SwampHutPiece, elementName=, elementDescriptor=, targetType=cpw.mods.modlauncher.api.TargetType@28e8dde3], Target[className=net/minecraft/world/entity/monster/ZombieVillager, elementName=, elementDescriptor=, targetType=cpw.mods.modlauncher.api.TargetType@28e8dde3], Target[className=net/minecraft/world/level/levelgen/structure/structures/OceanMonumentPieces$OceanMonumentPiece, elementName=, elementDescriptor=, targetType=cpw.mods.modlauncher.api.TargetType@28e8dde3], Target[className=net/minecraft/world/level/levelgen/structure/templatesystem/StructureTemplate, elementName=, elementDescriptor=, targetType=cpw.mods.modlauncher.api.TargetType@28e8dde3], Target[className=net/minecraft/world/entity/npc/Villager, elementName=, elementDescriptor=, targetType=cpw.mods.modlauncher.api.TargetType@28e8dde3], Target[className=net/minecraft/world/level/levelgen/structure/structures/OceanRuinPieces$OceanRuinPiece, elementName=, elementDescriptor=, targetType=cpw.mods.modlauncher.api.TargetType@28e8dde3], Target[className=net/minecraft/world/level/levelgen/PatrolSpawner, elementName=, elementDescriptor=, targetType=cpw.mods.modlauncher.api.TargetType@28e8dde3], Target[className=net/minecraft/world/level/levelgen/PhantomSpawner, elementName=, elementDescriptor=, targetType=cpw.mods.modlauncher.api.TargetType@28e8dde3]] transformer from core-mod net.neoforged.neoforge.coremods.NeoForgeCoreMod@69da0b12 in neoforge-21.1.219.jar > net.neoforged.neoforge-coremods-21.1.219.jar
[04Mar2026 16:19:21.192] [main/DEBUG] [cpw.mods.modlauncher.TransformStore/MODLAUNCHER]: Adding transformer net.neoforged.neoforge.coremods.ReplaceFieldWithGetterAccess@6972c30a to Target : cpw.mods.modlauncher.api.TargetType@28e8dde3 {Lnet/minecraft/world/level/biome/Biome;} {} {V}
[04Mar2026 16:19:21.193] [main/DEBUG] [cpw.mods.modlauncher.TransformStore/MODLAUNCHER]: Adding transformer net.neoforged.neoforge.coremods.ReplaceFieldWithGetterAccess@6fd77352 to Target : cpw.mods.modlauncher.api.TargetType@28e8dde3 {Lnet/minecraft/world/level/levelgen/structure/Structure;} {} {V}
[04Mar2026 16:19:21.193] [main/DEBUG] [cpw.mods.modlauncher.TransformStore/MODLAUNCHER]: Adding transformer net.neoforged.neoforge.coremods.ReplaceFieldWithGetterAccess@5109e8cf to Target : cpw.mods.modlauncher.api.TargetType@28e8dde3 {Lnet/minecraft/world/level/block/FlowerPotBlock;} {} {V}
[04Mar2026 16:19:21.193] [main/DEBUG] [cpw.mods.modlauncher.TransformStore/MODLAUNCHER]: Adding transformer net.neoforged.neoforge.coremods.MethodRedirector@3f672204 to Target : cpw.mods.modlauncher.api.TargetType@28e8dde3 {Lnet/minecraft/world/level/NaturalSpawner;} {} {V}
[04Mar2026 16:19:21.193] [main/DEBUG] [cpw.mods.modlauncher.TransformStore/MODLAUNCHER]: Adding transformer net.neoforged.neoforge.coremods.MethodRedirector@3f672204 to Target : cpw.mods.modlauncher.api.TargetType@28e8dde3 {Lnet/minecraft/world/entity/ai/village/VillageSiege;} {} {V}
[04Mar2026 16:19:21.193] [main/DEBUG] [cpw.mods.modlauncher.TransformStore/MODLAUNCHER]: Adding transformer net.neoforged.neoforge.coremods.MethodRedirector@3f672204 to Target : cpw.mods.modlauncher.api.TargetType@28e8dde3 {Lnet/minecraft/world/entity/monster/Spider;} {} {V}
[04Mar2026 16:19:21.193] [main/DEBUG] [cpw.mods.modlauncher.TransformStore/MODLAUNCHER]: Adding transformer net.neoforged.neoforge.coremods.MethodRedirector@3f672204 to Target : cpw.mods.modlauncher.api.TargetType@28e8dde3 {Lnet/minecraft/server/commands/RaidCommand;} {} {V}
[04Mar2026 16:19:21.193] [main/DEBUG] [cpw.mods.modlauncher.TransformStore/MODLAUNCHER]: Adding transformer net.neoforged.neoforge.coremods.MethodRedirector@3f672204 to Target : cpw.mods.modlauncher.api.TargetType@28e8dde3 {Lnet/minecraft/world/entity/EntityType;} {} {V}
[04Mar2026 16:19:21.193] [main/DEBUG] [cpw.mods.modlauncher.TransformStore/MODLAUNCHER]: Adding transformer net.neoforged.neoforge.coremods.MethodRedirector@3f672204 to Target : cpw.mods.modlauncher.api.TargetType@28e8dde3 {Lnet/minecraft/world/entity/monster/Strider;} {} {V}
[04Mar2026 16:19:21.193] [main/DEBUG] [cpw.mods.modlauncher.TransformStore/MODLAUNCHER]: Adding transformer net.neoforged.neoforge.coremods.MethodRedirector@3f672204 to Target : cpw.mods.modlauncher.api.TargetType@28e8dde3 {Lnet/minecraft/world/entity/monster/Zombie;} {} {V}
[04Mar2026 16:19:21.193] [main/DEBUG] [cpw.mods.modlauncher.TransformStore/MODLAUNCHER]: Adding transformer net.neoforged.neoforge.coremods.MethodRedirector@3f672204 to Target : cpw.mods.modlauncher.api.TargetType@28e8dde3 {Lnet/minecraft/world/entity/animal/horse/SkeletonTrapGoal;} {} {V}
[04Mar2026 16:19:21.193] [main/DEBUG] [cpw.mods.modlauncher.TransformStore/MODLAUNCHER]: Adding transformer net.neoforged.neoforge.coremods.MethodRedirector@3f672204 to Target : cpw.mods.modlauncher.api.TargetType@28e8dde3 {Lnet/minecraft/world/entity/npc/CatSpawner;} {} {V}
[04Mar2026 16:19:21.193] [main/DEBUG] [cpw.mods.modlauncher.TransformStore/MODLAUNCHER]: Adding transformer net.neoforged.neoforge.coremods.MethodRedirector@3f672204 to Target : cpw.mods.modlauncher.api.TargetType@28e8dde3 {Lnet/minecraft/world/entity/raid/Raid;} {} {V}
[04Mar2026 16:19:21.193] [main/DEBUG] [cpw.mods.modlauncher.TransformStore/MODLAUNCHER]: Adding transformer net.neoforged.neoforge.coremods.MethodRedirector@3f672204 to Target : cpw.mods.modlauncher.api.TargetType@28e8dde3 {Lnet/minecraft/server/commands/SummonCommand;} {} {V}
[04Mar2026 16:19:21.193] [main/DEBUG] [cpw.mods.modlauncher.TransformStore/MODLAUNCHER]: Adding transformer net.neoforged.neoforge.coremods.MethodRedirector@3f672204 to Target : cpw.mods.modlauncher.api.TargetType@28e8dde3 {Lnet/minecraft/world/level/levelgen/structure/structures/WoodlandMansionPieces$WoodlandMansionPiece;} {} {V}
[04Mar2026 16:19:21.193] [main/DEBUG] [cpw.mods.modlauncher.TransformStore/MODLAUNCHER]: Adding transformer net.neoforged.neoforge.coremods.MethodRedirector@3f672204 to Target : cpw.mods.modlauncher.api.TargetType@28e8dde3 {Lnet/minecraft/world/entity/animal/frog/Tadpole;} {} {V}
[04Mar2026 16:19:21.194] [main/DEBUG] [cpw.mods.modlauncher.TransformStore/MODLAUNCHER]: Adding transformer net.neoforged.neoforge.coremods.MethodRedirector@3f672204 to Target : cpw.mods.modlauncher.api.TargetType@28e8dde3 {Lnet/minecraft/world/entity/monster/Evoker$EvokerSummonSpellGoal;} {} {V}
[04Mar2026 16:19:21.194] [main/DEBUG] [cpw.mods.modlauncher.TransformStore/MODLAUNCHER]: Adding transformer net.neoforged.neoforge.coremods.MethodRedirector@3f672204 to Target : cpw.mods.modlauncher.api.TargetType@28e8dde3 {Lnet/minecraft/world/level/levelgen/structure/structures/SwampHutPiece;} {} {V}
[04Mar2026 16:19:21.194] [main/DEBUG] [cpw.mods.modlauncher.TransformStore/MODLAUNCHER]: Adding transformer net.neoforged.neoforge.coremods.MethodRedirector@3f672204 to Target : cpw.mods.modlauncher.api.TargetType@28e8dde3 {Lnet/minecraft/world/entity/monster/ZombieVillager;} {} {V}
[04Mar2026 16:19:21.194] [main/DEBUG] [cpw.mods.modlauncher.TransformStore/MODLAUNCHER]: Adding transformer net.neoforged.neoforge.coremods.MethodRedirector@3f672204 to Target : cpw.mods.modlauncher.api.TargetType@28e8dde3 {Lnet/minecraft/world/level/levelgen/structure/structures/OceanMonumentPieces$OceanMonumentPiece;} {} {V}
[04Mar2026 16:19:21.194] [main/DEBUG] [cpw.mods.modlauncher.TransformStore/MODLAUNCHER]: Adding transformer net.neoforged.neoforge.coremods.MethodRedirector@3f672204 to Target : cpw.mods.modlauncher.api.TargetType@28e8dde3 {Lnet/minecraft/world/level/levelgen/structure/templatesystem/StructureTemplate;} {} {V}
[04Mar2026 16:19:21.194] [main/DEBUG] [cpw.mods.modlauncher.TransformStore/MODLAUNCHER]: Adding transformer net.neoforged.neoforge.coremods.MethodRedirector@3f672204 to Target : cpw.mods.modlauncher.api.TargetType@28e8dde3 {Lnet/minecraft/world/entity/npc/Villager;} {} {V}
[04Mar2026 16:19:21.194] [main/DEBUG] [cpw.mods.modlauncher.TransformStore/MODLAUNCHER]: Adding transformer net.neoforged.neoforge.coremods.MethodRedirector@3f672204 to Target : cpw.mods.modlauncher.api.TargetType@28e8dde3 {Lnet/minecraft/world/level/levelgen/structure/structures/OceanRuinPieces$OceanRuinPiece;} {} {V}
[04Mar2026 16:19:21.194] [main/DEBUG] [cpw.mods.modlauncher.TransformStore/MODLAUNCHER]: Adding transformer net.neoforged.neoforge.coremods.MethodRedirector@3f672204 to Target : cpw.mods.modlauncher.api.TargetType@28e8dde3 {Lnet/minecraft/world/level/levelgen/PatrolSpawner;} {} {V}
[04Mar2026 16:19:21.194] [main/DEBUG] [cpw.mods.modlauncher.TransformStore/MODLAUNCHER]: Adding transformer net.neoforged.neoforge.coremods.MethodRedirector@3f672204 to Target : cpw.mods.modlauncher.api.TargetType@28e8dde3 {Lnet/minecraft/world/level/levelgen/PhantomSpawner;} {} {V}
[04Mar2026 16:19:21.194] [main/DEBUG] [cpw.mods.modlauncher.TransformationServiceDecorator/MODLAUNCHER]: Initialized transformers for transformation service fml
[04Mar2026 16:19:21.323] [main/DEBUG] [mixin/]: Processing prepare() for PlatformAgent[MixinPlatformAgentDefault:ModLauncher Root Container(ModLauncher:4f56a0a2)]
[04Mar2026 16:19:21.323] [main/DEBUG] [mixin/]: Processing prepare() for PlatformAgent[MixinPlatformAgentDefault:net.neoforged.fml.loading.mixin.FMLMixinContainerHandle@77c7ed8e]
[04Mar2026 16:19:21.323] [main/DEBUG] [mixin/]: Processing prepare() for PlatformAgent[FMLMixinPlatformAgent:null]
[04Mar2026 16:19:21.349] [main/DEBUG] [mixin/]: Compatibility level JAVA_17 specified by emi.mixins.json is higher than the maximum level supported by this version of mixin (JAVA_13).
[04Mar2026 16:19:21.353] [main/INFO] [mixin/]: Compatibility level set to JAVA_17
[04Mar2026 16:19:21.355] [main/DEBUG] [mixin/]: Compatibility level JAVA_21 specified by patchouli_xplat.mixins.json is higher than the maximum level supported by this version of mixin (JAVA_13).
[04Mar2026 16:19:21.356] [main/INFO] [mixin/]: Compatibility level set to JAVA_21
[04Mar2026 16:19:21.357] [main/DEBUG] [mixin/]: Compatibility level JAVA_16 specified by architectury.mixins.json is higher than the maximum level supported by this version of mixin (JAVA_13).
[04Mar2026 16:19:21.358] [main/DEBUG] [mixin/]: Compatibility level JAVA_16 specified by architectury-common.mixins.json is higher than the maximum level supported by this version of mixin (JAVA_13).
[04Mar2026 16:19:21.362] [main/DEBUG] [mixin/]: Compatibility level JAVA_11 specified by ae2.mixins.json is lower than the default level supported by the current mixin service (JAVA_16).
[04Mar2026 16:19:21.362] [main/DEBUG] [mixin/]: Processing launch tasks for PlatformAgent[MixinPlatformAgentDefault:ModLauncher Root Container(ModLauncher:4f56a0a2)]
[04Mar2026 16:19:21.362] [main/DEBUG] [mixin/]: Adding mixin platform agents for container SecureJarResource(mixin_synthetic)
[04Mar2026 16:19:21.362] [main/DEBUG] [mixin/]: Instancing new MixinPlatformAgentMinecraftForge for SecureJarResource(mixin_synthetic)
[04Mar2026 16:19:21.362] [main/DEBUG] [mixin/]: MixinPlatformAgentMinecraftForge rejected container SecureJarResource(mixin_synthetic)
[04Mar2026 16:19:21.362] [main/DEBUG] [mixin/]: Instancing new MixinPlatformAgentDefault for SecureJarResource(mixin_synthetic)
[04Mar2026 16:19:21.362] [main/DEBUG] [mixin/]: MixinPlatformAgentDefault accepted container SecureJarResource(mixin_synthetic)
[04Mar2026 16:19:21.362] [main/DEBUG] [mixin/]: Instancing new FMLMixinPlatformAgent for SecureJarResource(mixin_synthetic)
[04Mar2026 16:19:21.362] [main/DEBUG] [mixin/]: FMLMixinPlatformAgent rejected container SecureJarResource(mixin_synthetic)
[04Mar2026 16:19:21.362] [main/DEBUG] [mixin/]: Processing prepare() for PlatformAgent[MixinPlatformAgentDefault:SecureJarResource(mixin_synthetic)]
[04Mar2026 16:19:21.362] [main/DEBUG] [mixin/]: Adding mixin platform agents for container SecureJarResource(emi)
[04Mar2026 16:19:21.363] [main/DEBUG] [mixin/]: Instancing new MixinPlatformAgentMinecraftForge for SecureJarResource(emi)
[04Mar2026 16:19:21.363] [main/DEBUG] [mixin/]: MixinPlatformAgentMinecraftForge rejected container SecureJarResource(emi)
[04Mar2026 16:19:21.363] [main/DEBUG] [mixin/]: Instancing new MixinPlatformAgentDefault for SecureJarResource(emi)
[04Mar2026 16:19:21.363] [main/DEBUG] [mixin/]: MixinPlatformAgentDefault accepted container SecureJarResource(emi)
[04Mar2026 16:19:21.363] [main/DEBUG] [mixin/]: Instancing new FMLMixinPlatformAgent for SecureJarResource(emi)
[04Mar2026 16:19:21.363] [main/DEBUG] [mixin/]: FMLMixinPlatformAgent rejected container SecureJarResource(emi)
[04Mar2026 16:19:21.363] [main/DEBUG] [mixin/]: Processing prepare() for PlatformAgent[MixinPlatformAgentDefault:SecureJarResource(emi)]
[04Mar2026 16:19:21.363] [main/DEBUG] [mixin/]: Adding mixin platform agents for container SecureJarResource(minecraft)
[04Mar2026 16:19:21.363] [main/DEBUG] [mixin/]: Instancing new MixinPlatformAgentMinecraftForge for SecureJarResource(minecraft)
[04Mar2026 16:19:21.363] [main/DEBUG] [mixin/]: MixinPlatformAgentMinecraftForge rejected container SecureJarResource(minecraft)
[04Mar2026 16:19:21.363] [main/DEBUG] [mixin/]: Instancing new MixinPlatformAgentDefault for SecureJarResource(minecraft)
[04Mar2026 16:19:21.363] [main/DEBUG] [mixin/]: MixinPlatformAgentDefault accepted container SecureJarResource(minecraft)
[04Mar2026 16:19:21.363] [main/DEBUG] [mixin/]: Instancing new FMLMixinPlatformAgent for SecureJarResource(minecraft)
[04Mar2026 16:19:21.363] [main/DEBUG] [mixin/]: FMLMixinPlatformAgent rejected container SecureJarResource(minecraft)
[04Mar2026 16:19:21.363] [main/DEBUG] [mixin/]: Processing prepare() for PlatformAgent[MixinPlatformAgentDefault:SecureJarResource(minecraft)]
[04Mar2026 16:19:21.363] [main/DEBUG] [mixin/]: Adding mixin platform agents for container SecureJarResource(theoneprobe)
[04Mar2026 16:19:21.363] [main/DEBUG] [mixin/]: Instancing new MixinPlatformAgentMinecraftForge for SecureJarResource(theoneprobe)
[04Mar2026 16:19:21.363] [main/DEBUG] [mixin/]: MixinPlatformAgentMinecraftForge rejected container SecureJarResource(theoneprobe)
[04Mar2026 16:19:21.363] [main/DEBUG] [mixin/]: Instancing new MixinPlatformAgentDefault for SecureJarResource(theoneprobe)
[04Mar2026 16:19:21.363] [main/DEBUG] [mixin/]: MixinPlatformAgentDefault accepted container SecureJarResource(theoneprobe)
[04Mar2026 16:19:21.363] [main/DEBUG] [mixin/]: Instancing new FMLMixinPlatformAgent for SecureJarResource(theoneprobe)
[04Mar2026 16:19:21.363] [main/DEBUG] [mixin/]: FMLMixinPlatformAgent rejected container SecureJarResource(theoneprobe)
[04Mar2026 16:19:21.363] [main/DEBUG] [mixin/]: Processing prepare() for PlatformAgent[MixinPlatformAgentDefault:SecureJarResource(theoneprobe)]
[04Mar2026 16:19:21.363] [main/DEBUG] [mixin/]: Adding mixin platform agents for container SecureJarResource(mekanism)
[04Mar2026 16:19:21.363] [main/DEBUG] [mixin/]: Instancing new MixinPlatformAgentMinecraftForge for SecureJarResource(mekanism)
[04Mar2026 16:19:21.363] [main/DEBUG] [mixin/]: MixinPlatformAgentMinecraftForge rejected container SecureJarResource(mekanism)
[04Mar2026 16:19:21.363] [main/DEBUG] [mixin/]: Instancing new MixinPlatformAgentDefault for SecureJarResource(mekanism)
[04Mar2026 16:19:21.363] [main/DEBUG] [mixin/]: MixinPlatformAgentDefault accepted container SecureJarResource(mekanism)
[04Mar2026 16:19:21.363] [main/DEBUG] [mixin/]: Instancing new FMLMixinPlatformAgent for SecureJarResource(mekanism)
[04Mar2026 16:19:21.363] [main/DEBUG] [mixin/]: FMLMixinPlatformAgent rejected container SecureJarResource(mekanism)
[04Mar2026 16:19:21.363] [main/DEBUG] [mixin/]: Processing prepare() for PlatformAgent[MixinPlatformAgentDefault:SecureJarResource(mekanism)]
[04Mar2026 16:19:21.363] [main/DEBUG] [mixin/]: Adding mixin platform agents for container SecureJarResource(patchouli)
[04Mar2026 16:19:21.363] [main/DEBUG] [mixin/]: Instancing new MixinPlatformAgentMinecraftForge for SecureJarResource(patchouli)
[04Mar2026 16:19:21.363] [main/DEBUG] [mixin/]: MixinPlatformAgentMinecraftForge rejected container SecureJarResource(patchouli)
[04Mar2026 16:19:21.363] [main/DEBUG] [mixin/]: Instancing new MixinPlatformAgentDefault for SecureJarResource(patchouli)
[04Mar2026 16:19:21.363] [main/DEBUG] [mixin/]: MixinPlatformAgentDefault accepted container SecureJarResource(patchouli)
[04Mar2026 16:19:21.363] [main/DEBUG] [mixin/]: Instancing new FMLMixinPlatformAgent for SecureJarResource(patchouli)
[04Mar2026 16:19:21.363] [main/DEBUG] [mixin/]: FMLMixinPlatformAgent rejected container SecureJarResource(patchouli)
[04Mar2026 16:19:21.364] [main/DEBUG] [mixin/]: Processing prepare() for PlatformAgent[MixinPlatformAgentDefault:SecureJarResource(patchouli)]
[04Mar2026 16:19:21.364] [main/DEBUG] [mixin/]: Adding mixin platform agents for container SecureJarResource(guideme)
[04Mar2026 16:19:21.364] [main/DEBUG] [mixin/]: Instancing new MixinPlatformAgentMinecraftForge for SecureJarResource(guideme)
[04Mar2026 16:19:21.364] [main/DEBUG] [mixin/]: MixinPlatformAgentMinecraftForge rejected container SecureJarResource(guideme)
[04Mar2026 16:19:21.364] [main/DEBUG] [mixin/]: Instancing new MixinPlatformAgentDefault for SecureJarResource(guideme)
[04Mar2026 16:19:21.364] [main/DEBUG] [mixin/]: MixinPlatformAgentDefault accepted container SecureJarResource(guideme)
[04Mar2026 16:19:21.364] [main/DEBUG] [mixin/]: Instancing new FMLMixinPlatformAgent for SecureJarResource(guideme)
[04Mar2026 16:19:21.364] [main/DEBUG] [mixin/]: FMLMixinPlatformAgent rejected container SecureJarResource(guideme)
[04Mar2026 16:19:21.364] [main/DEBUG] [mixin/]: Processing prepare() for PlatformAgent[MixinPlatformAgentDefault:SecureJarResource(guideme)]
[04Mar2026 16:19:21.364] [main/DEBUG] [mixin/]: Adding mixin platform agents for container SecureJarResource(architectury)
[04Mar2026 16:19:21.364] [main/DEBUG] [mixin/]: Instancing new MixinPlatformAgentMinecraftForge for SecureJarResource(architectury)
[04Mar2026 16:19:21.364] [main/DEBUG] [mixin/]: MixinPlatformAgentMinecraftForge rejected container SecureJarResource(architectury)
[04Mar2026 16:19:21.364] [main/DEBUG] [mixin/]: Instancing new MixinPlatformAgentDefault for SecureJarResource(architectury)
[04Mar2026 16:19:21.364] [main/DEBUG] [mixin/]: MixinPlatformAgentDefault accepted container SecureJarResource(architectury)
[04Mar2026 16:19:21.364] [main/DEBUG] [mixin/]: Instancing new FMLMixinPlatformAgent for SecureJarResource(architectury)
[04Mar2026 16:19:21.364] [main/DEBUG] [mixin/]: FMLMixinPlatformAgent rejected container SecureJarResource(architectury)
[04Mar2026 16:19:21.364] [main/DEBUG] [mixin/]: Processing prepare() for PlatformAgent[MixinPlatformAgentDefault:SecureJarResource(architectury)]
[04Mar2026 16:19:21.364] [main/DEBUG] [mixin/]: Adding mixin platform agents for container SecureJarResource(computercraft)
[04Mar2026 16:19:21.364] [main/DEBUG] [mixin/]: Instancing new MixinPlatformAgentMinecraftForge for SecureJarResource(computercraft)
[04Mar2026 16:19:21.364] [main/DEBUG] [mixin/]: MixinPlatformAgentMinecraftForge rejected container SecureJarResource(computercraft)
[04Mar2026 16:19:21.364] [main/DEBUG] [mixin/]: Instancing new MixinPlatformAgentDefault for SecureJarResource(computercraft)
[04Mar2026 16:19:21.364] [main/DEBUG] [mixin/]: MixinPlatformAgentDefault accepted container SecureJarResource(computercraft)
[04Mar2026 16:19:21.364] [main/DEBUG] [mixin/]: Instancing new FMLMixinPlatformAgent for SecureJarResource(computercraft)
[04Mar2026 16:19:21.364] [main/DEBUG] [mixin/]: FMLMixinPlatformAgent rejected container SecureJarResource(computercraft)
[04Mar2026 16:19:21.364] [main/DEBUG] [mixin/]: Processing prepare() for PlatformAgent[MixinPlatformAgentDefault:SecureJarResource(computercraft)]
[04Mar2026 16:19:21.364] [main/DEBUG] [mixin/]: Adding mixin platform agents for container SecureJarResource(nuclearcraft)
[04Mar2026 16:19:21.364] [main/DEBUG] [mixin/]: Instancing new MixinPlatformAgentMinecraftForge for SecureJarResource(nuclearcraft)
[04Mar2026 16:19:21.364] [main/DEBUG] [mixin/]: MixinPlatformAgentMinecraftForge rejected container SecureJarResource(nuclearcraft)
[04Mar2026 16:19:21.364] [main/DEBUG] [mixin/]: Instancing new MixinPlatformAgentDefault for SecureJarResource(nuclearcraft)
[04Mar2026 16:19:21.365] [main/DEBUG] [mixin/]: MixinPlatformAgentDefault accepted container SecureJarResource(nuclearcraft)
[04Mar2026 16:19:21.365] [main/DEBUG] [mixin/]: Instancing new FMLMixinPlatformAgent for SecureJarResource(nuclearcraft)
[04Mar2026 16:19:21.365] [main/DEBUG] [mixin/]: FMLMixinPlatformAgent rejected container SecureJarResource(nuclearcraft)
[04Mar2026 16:19:21.365] [main/DEBUG] [mixin/]: Processing prepare() for PlatformAgent[MixinPlatformAgentDefault:SecureJarResource(nuclearcraft)]
[04Mar2026 16:19:21.365] [main/DEBUG] [mixin/]: Adding mixin platform agents for container SecureJarResource(mekanismgenerators)
[04Mar2026 16:19:21.365] [main/DEBUG] [mixin/]: Instancing new MixinPlatformAgentMinecraftForge for SecureJarResource(mekanismgenerators)
[04Mar2026 16:19:21.365] [main/DEBUG] [mixin/]: MixinPlatformAgentMinecraftForge rejected container SecureJarResource(mekanismgenerators)
[04Mar2026 16:19:21.365] [main/DEBUG] [mixin/]: Instancing new MixinPlatformAgentDefault for SecureJarResource(mekanismgenerators)
[04Mar2026 16:19:21.365] [main/DEBUG] [mixin/]: MixinPlatformAgentDefault accepted container SecureJarResource(mekanismgenerators)
[04Mar2026 16:19:21.365] [main/DEBUG] [mixin/]: Instancing new FMLMixinPlatformAgent for SecureJarResource(mekanismgenerators)
[04Mar2026 16:19:21.365] [main/DEBUG] [mixin/]: FMLMixinPlatformAgent rejected container SecureJarResource(mekanismgenerators)
[04Mar2026 16:19:21.365] [main/DEBUG] [mixin/]: Processing prepare() for PlatformAgent[MixinPlatformAgentDefault:SecureJarResource(mekanismgenerators)]
[04Mar2026 16:19:21.365] [main/DEBUG] [mixin/]: Adding mixin platform agents for container SecureJarResource(ae2)
[04Mar2026 16:19:21.365] [main/DEBUG] [mixin/]: Instancing new MixinPlatformAgentMinecraftForge for SecureJarResource(ae2)
[04Mar2026 16:19:21.365] [main/DEBUG] [mixin/]: MixinPlatformAgentMinecraftForge rejected container SecureJarResource(ae2)
[04Mar2026 16:19:21.365] [main/DEBUG] [mixin/]: Instancing new MixinPlatformAgentDefault for SecureJarResource(ae2)
[04Mar2026 16:19:21.365] [main/DEBUG] [mixin/]: MixinPlatformAgentDefault accepted container SecureJarResource(ae2)
[04Mar2026 16:19:21.365] [main/DEBUG] [mixin/]: Instancing new FMLMixinPlatformAgent for SecureJarResource(ae2)
[04Mar2026 16:19:21.365] [main/DEBUG] [mixin/]: FMLMixinPlatformAgent rejected container SecureJarResource(ae2)
[04Mar2026 16:19:21.365] [main/DEBUG] [mixin/]: Processing prepare() for PlatformAgent[MixinPlatformAgentDefault:SecureJarResource(ae2)]
[04Mar2026 16:19:21.365] [main/DEBUG] [mixin/]: Adding mixin platform agents for container SecureJarResource(mixinextras.neoforge)
[04Mar2026 16:19:21.365] [main/DEBUG] [mixin/]: Instancing new MixinPlatformAgentMinecraftForge for SecureJarResource(mixinextras.neoforge)
[04Mar2026 16:19:21.365] [main/DEBUG] [mixin/]: MixinPlatformAgentMinecraftForge rejected container SecureJarResource(mixinextras.neoforge)
[04Mar2026 16:19:21.365] [main/DEBUG] [mixin/]: Instancing new MixinPlatformAgentDefault for SecureJarResource(mixinextras.neoforge)
[04Mar2026 16:19:21.365] [main/DEBUG] [mixin/]: MixinPlatformAgentDefault accepted container SecureJarResource(mixinextras.neoforge)
[04Mar2026 16:19:21.365] [main/DEBUG] [mixin/]: Instancing new FMLMixinPlatformAgent for SecureJarResource(mixinextras.neoforge)
[04Mar2026 16:19:21.365] [main/DEBUG] [mixin/]: FMLMixinPlatformAgent rejected container SecureJarResource(mixinextras.neoforge)
[04Mar2026 16:19:21.365] [main/DEBUG] [mixin/]: Processing prepare() for PlatformAgent[MixinPlatformAgentDefault:SecureJarResource(mixinextras.neoforge)]
[04Mar2026 16:19:21.365] [main/DEBUG] [mixin/]: Registering mixin config: mixinextras.init.mixins.json source=SecureJarResource(mixinextras.neoforge)
[04Mar2026 16:19:21.366] [main/DEBUG] [mixin/]: inject() running with 15 agents
[04Mar2026 16:19:21.366] [main/DEBUG] [mixin/]: Processing inject() for PlatformAgent[MixinPlatformAgentDefault:ModLauncher Root Container(ModLauncher:4f56a0a2)]
[04Mar2026 16:19:21.366] [main/DEBUG] [mixin/]: Processing inject() for PlatformAgent[MixinPlatformAgentDefault:net.neoforged.fml.loading.mixin.FMLMixinContainerHandle@77c7ed8e]
[04Mar2026 16:19:21.366] [main/DEBUG] [mixin/]: Processing inject() for PlatformAgent[FMLMixinPlatformAgent:null]
[04Mar2026 16:19:21.366] [main/DEBUG] [mixin/]: Processing inject() for PlatformAgent[MixinPlatformAgentDefault:SecureJarResource(mixin_synthetic)]
[04Mar2026 16:19:21.366] [main/DEBUG] [mixin/]: Processing inject() for PlatformAgent[MixinPlatformAgentDefault:SecureJarResource(emi)]
[04Mar2026 16:19:21.366] [main/DEBUG] [mixin/]: Processing inject() for PlatformAgent[MixinPlatformAgentDefault:SecureJarResource(minecraft)]
[04Mar2026 16:19:21.366] [main/DEBUG] [mixin/]: Processing inject() for PlatformAgent[MixinPlatformAgentDefault:SecureJarResource(theoneprobe)]
[04Mar2026 16:19:21.366] [main/DEBUG] [mixin/]: Processing inject() for PlatformAgent[MixinPlatformAgentDefault:SecureJarResource(mekanism)]
[04Mar2026 16:19:21.366] [main/DEBUG] [mixin/]: Processing inject() for PlatformAgent[MixinPlatformAgentDefault:SecureJarResource(patchouli)]
[04Mar2026 16:19:21.366] [main/DEBUG] [mixin/]: Processing inject() for PlatformAgent[MixinPlatformAgentDefault:SecureJarResource(guideme)]
[04Mar2026 16:19:21.366] [main/DEBUG] [mixin/]: Processing inject() for PlatformAgent[MixinPlatformAgentDefault:SecureJarResource(architectury)]
[04Mar2026 16:19:21.366] [main/DEBUG] [mixin/]: Processing inject() for PlatformAgent[MixinPlatformAgentDefault:SecureJarResource(computercraft)]
[04Mar2026 16:19:21.366] [main/DEBUG] [mixin/]: Processing inject() for PlatformAgent[MixinPlatformAgentDefault:SecureJarResource(nuclearcraft)]
[04Mar2026 16:19:21.366] [main/DEBUG] [mixin/]: Processing inject() for PlatformAgent[MixinPlatformAgentDefault:SecureJarResource(mekanismgenerators)]
[04Mar2026 16:19:21.366] [main/DEBUG] [mixin/]: Processing inject() for PlatformAgent[MixinPlatformAgentDefault:SecureJarResource(ae2)]
[04Mar2026 16:19:21.366] [main/DEBUG] [mixin/]: Processing inject() for PlatformAgent[MixinPlatformAgentDefault:SecureJarResource(mixinextras.neoforge)]
[04Mar2026 16:19:21.366] [main/INFO] [cpw.mods.modlauncher.LaunchServiceHandler/MODLAUNCHER]: Launching target 'forgeclientdev' with arguments [--version, 21.1.219, --gameDir, ., --assetsDir, /Users/caliane/.gradle/caches/minecraft/assets, --width, 1920, --height, 1080, --assetIndex, asset-index]
[04Mar2026 16:19:21.384] [main/DEBUG] [mixin/]: Preparing mixins for MixinEnvironment[DEFAULT]
[04Mar2026 16:19:21.384] [main/DEBUG] [mixin/]: Selecting config emi.mixins.json
[04Mar2026 16:19:21.389] [main/DEBUG] [mixin/]: Selecting config emi-neoforge.mixins.json
[04Mar2026 16:19:21.390] [main/DEBUG] [mixin/]: Selecting config patchouli_xplat.mixins.json
[04Mar2026 16:19:21.390] [main/WARN] [mixin/]: Reference map 'patchouli.refmap.json' for patchouli_xplat.mixins.json could not be read. If this is a development environment you can ignore this message
[04Mar2026 16:19:21.390] [main/DEBUG] [mixin/]: Selecting config architectury.mixins.json
[04Mar2026 16:19:21.391] [main/DEBUG] [mixin/]: Selecting config architectury-common.mixins.json
[04Mar2026 16:19:21.391] [main/DEBUG] [mixin/]: Selecting config computercraft.mixins.json
[04Mar2026 16:19:21.391] [main/DEBUG] [mixin/]: Selecting config computercraft.forge.mixins.json
[04Mar2026 16:19:21.391] [main/DEBUG] [mixin/]: Selecting config computercraft-client.forge.mixins.json
[04Mar2026 16:19:21.392] [main/DEBUG] [mixin/]: Selecting config neoforge.mixins.json
[04Mar2026 16:19:21.392] [main/DEBUG] [mixin/]: Selecting config nuclearcraft.mixins.json
[04Mar2026 16:19:21.392] [main/DEBUG] [mixin/]: Selecting config ae2.mixins.json
[04Mar2026 16:19:21.393] [main/DEBUG] [mixin/]: Selecting config mixinextras.init.mixins.json
[04Mar2026 16:19:21.422] [main/DEBUG] [MixinExtras|Service/]: com.llamalad7.mixinextras.service.MixinExtrasServiceImpl(version=0.5.0) is taking over from null
[04Mar2026 16:19:21.443] [main/DEBUG] [mixin/]: Registering new injector for @Inject with org.spongepowered.asm.mixin.injection.struct.CallbackInjectionInfo
[04Mar2026 16:19:21.444] [main/DEBUG] [mixin/]: Registering new injector for @ModifyArg with org.spongepowered.asm.mixin.injection.struct.ModifyArgInjectionInfo
[04Mar2026 16:19:21.445] [main/DEBUG] [mixin/]: Registering new injector for @ModifyArgs with org.spongepowered.asm.mixin.injection.struct.ModifyArgsInjectionInfo
[04Mar2026 16:19:21.445] [main/DEBUG] [mixin/]: Registering new injector for @Redirect with org.spongepowered.asm.mixin.injection.struct.RedirectInjectionInfo
[04Mar2026 16:19:21.445] [main/DEBUG] [mixin/]: Registering new injector for @ModifyVariable with org.spongepowered.asm.mixin.injection.struct.ModifyVariableInjectionInfo
[04Mar2026 16:19:21.446] [main/DEBUG] [mixin/]: Registering new injector for @ModifyConstant with org.spongepowered.asm.mixin.injection.struct.ModifyConstantInjectionInfo
[04Mar2026 16:19:21.452] [main/DEBUG] [mixin/]: Preparing emi.mixins.json (25)
[04Mar2026 16:19:21.472] [main/DEBUG] [net.neoforged.accesstransformer.AccessTransformer/AXFORM]: Transforming net.minecraft.world.item.AxeItem FIELD STRIPPABLES to access PUBLIC and REMOVEFINAL
[04Mar2026 16:19:21.479] [main/TRACE] [mixin/]: Added class metadata for net/minecraft/world/item/AxeItem to metadata cache
[04Mar2026 16:19:21.481] [main/DEBUG] [net.neoforged.fml.common.asm.RuntimeDistCleaner/DISTXFORM]: Removing Class Annotation: net/minecraft/client/resources/model/ModelManager @Lnet/neoforged/api/distmarker/OnlyIn;
[04Mar2026 16:19:21.484] [main/TRACE] [mixin/]: Added class metadata for net/minecraft/client/resources/model/ModelManager to metadata cache
[04Mar2026 16:19:21.486] [main/DEBUG] [net.neoforged.accesstransformer.AccessTransformer/AXFORM]: Transforming net.minecraft.world.item.alchemy.PotionBrewing INNERCLASS Mix to access PUBLIC and LEAVE
[04Mar2026 16:19:21.487] [main/TRACE] [mixin/]: Added class metadata for net/minecraft/world/item/alchemy/PotionBrewing to metadata cache
[04Mar2026 16:19:21.488] [main/TRACE] [mixin/]: Added class metadata for net/minecraft/world/inventory/ResultSlot to metadata cache
[04Mar2026 16:19:21.489] [main/DEBUG] [net.neoforged.accesstransformer.AccessTransformer/AXFORM]: Transforming net.minecraft.client.gui.GuiGraphics METHOD <init>(Lnet/minecraft/client/Minecraft;Lcom/mojang/blaze3d/vertex/PoseStack;Lnet/minecraft/client/renderer/MultiBufferSource$BufferSource;)V to access PROTECTED and LEAVE
[04Mar2026 16:19:21.489] [main/DEBUG] [net.neoforged.accesstransformer.AccessTransformer/AXFORM]: Transforming net.minecraft.client.gui.GuiGraphics METHOD applyScissor(Lnet/minecraft/client/gui/navigation/ScreenRectangle;)V to access PROTECTED and LEAVE
[04Mar2026 16:19:21.489] [main/DEBUG] [net.neoforged.accesstransformer.AccessTransformer/AXFORM]: Transforming net.minecraft.client.gui.GuiGraphics METHOD renderItem(Lnet/minecraft/world/entity/LivingEntity;Lnet/minecraft/world/level/Level;Lnet/minecraft/world/item/ItemStack;IIII)V to access PUBLIC and LEAVE
[04Mar2026 16:19:21.490] [main/DEBUG] [net.neoforged.fml.common.asm.RuntimeDistCleaner/DISTXFORM]: Removing Class Annotation: net/minecraft/client/gui/GuiGraphics @Lnet/neoforged/api/distmarker/OnlyIn;
[04Mar2026 16:19:21.492] [main/TRACE] [mixin/]: Added class metadata for net/minecraft/client/gui/GuiGraphics to metadata cache
[04Mar2026 16:19:21.493] [main/DEBUG] [net.neoforged.accesstransformer.AccessTransformer/AXFORM]: Transforming net.minecraft.client.gui.screens.inventory.AbstractContainerScreen FIELD clickedSlot to access PROTECTED and LEAVE
[04Mar2026 16:19:21.493] [main/DEBUG] [net.neoforged.accesstransformer.AccessTransformer/AXFORM]: Transforming net.minecraft.client.gui.screens.inventory.AbstractContainerScreen FIELD snapbackEnd to access PROTECTED and LEAVE
[04Mar2026 16:19:21.493] [main/DEBUG] [net.neoforged.accesstransformer.AccessTransformer/AXFORM]: Transforming net.minecraft.client.gui.screens.inventory.AbstractContainerScreen FIELD lastClickSlot to access PROTECTED and LEAVE
[04Mar2026 16:19:21.493] [main/DEBUG] [net.neoforged.accesstransformer.AccessTransformer/AXFORM]: Transforming net.minecraft.client.gui.screens.inventory.AbstractContainerScreen FIELD isSplittingStack to access PROTECTED and LEAVE
[04Mar2026 16:19:21.493] [main/DEBUG] [net.neoforged.accesstransformer.AccessTransformer/AXFORM]: Transforming net.minecraft.client.gui.screens.inventory.AbstractContainerScreen FIELD draggingItem to access PROTECTED and LEAVE
[04Mar2026 16:19:21.494] [main/DEBUG] [net.neoforged.accesstransformer.AccessTransformer/AXFORM]: Transforming net.minecraft.client.gui.screens.inventory.AbstractContainerScreen FIELD snapbackStartX to access PROTECTED and LEAVE
[04Mar2026 16:19:21.494] [main/DEBUG] [net.neoforged.accesstransformer.AccessTransformer/AXFORM]: Transforming net.minecraft.client.gui.screens.inventory.AbstractContainerScreen FIELD snapbackStartY to access PROTECTED and LEAVE
[04Mar2026 16:19:21.494] [main/DEBUG] [net.neoforged.accesstransformer.AccessTransformer/AXFORM]: Transforming net.minecraft.client.gui.screens.inventory.AbstractContainerScreen FIELD snapbackTime to access PROTECTED and LEAVE
[04Mar2026 16:19:21.494] [main/DEBUG] [net.neoforged.accesstransformer.AccessTransformer/AXFORM]: Transforming net.minecraft.client.gui.screens.inventory.AbstractContainerScreen FIELD snapbackItem to access PROTECTED and LEAVE
[04Mar2026 16:19:21.494] [main/DEBUG] [net.neoforged.accesstransformer.AccessTransformer/AXFORM]: Transforming net.minecraft.client.gui.screens.inventory.AbstractContainerScreen FIELD quickCraftingType to access PROTECTED and LEAVE
[04Mar2026 16:19:21.494] [main/DEBUG] [net.neoforged.accesstransformer.AccessTransformer/AXFORM]: Transforming net.minecraft.client.gui.screens.inventory.AbstractContainerScreen FIELD quickCraftingButton to access PROTECTED and LEAVE
[04Mar2026 16:19:21.494] [main/DEBUG] [net.neoforged.accesstransformer.AccessTransformer/AXFORM]: Transforming net.minecraft.client.gui.screens.inventory.AbstractContainerScreen FIELD skipNextRelease to access PROTECTED and LEAVE
[04Mar2026 16:19:21.494] [main/DEBUG] [net.neoforged.accesstransformer.AccessTransformer/AXFORM]: Transforming net.minecraft.client.gui.screens.inventory.AbstractContainerScreen FIELD lastClickTime to access PROTECTED and LEAVE
[04Mar2026 16:19:21.494] [main/DEBUG] [net.neoforged.accesstransformer.AccessTransformer/AXFORM]: Transforming net.minecraft.client.gui.screens.inventory.AbstractContainerScreen FIELD lastClickButton to access PROTECTED and LEAVE
[04Mar2026 16:19:21.494] [main/DEBUG] [net.neoforged.accesstransformer.AccessTransformer/AXFORM]: Transforming net.minecraft.client.gui.screens.inventory.AbstractContainerScreen FIELD doubleclick to access PROTECTED and LEAVE
[04Mar2026 16:19:21.494] [main/DEBUG] [net.neoforged.accesstransformer.AccessTransformer/AXFORM]: Transforming net.minecraft.client.gui.screens.inventory.AbstractContainerScreen FIELD lastQuickMoved to access PROTECTED and LEAVE
[04Mar2026 16:19:21.494] [main/DEBUG] [net.neoforged.accesstransformer.AccessTransformer/AXFORM]: Transforming net.minecraft.client.gui.screens.inventory.AbstractContainerScreen METHOD renderFloatingItem(Lnet/minecraft/client/gui/GuiGraphics;Lnet/minecraft/world/item/ItemStack;IILjava/lang/String;)V to access PROTECTED and LEAVE
[04Mar2026 16:19:21.494] [main/DEBUG] [net.neoforged.accesstransformer.AccessTransformer/AXFORM]: Transforming net.minecraft.client.gui.screens.inventory.AbstractContainerScreen METHOD renderSlot(Lnet/minecraft/client/gui/GuiGraphics;Lnet/minecraft/world/inventory/Slot;)V to access PROTECTED and LEAVE
[04Mar2026 16:19:21.494] [main/DEBUG] [net.neoforged.accesstransformer.AccessTransformer/AXFORM]: Transforming net.minecraft.client.gui.screens.inventory.AbstractContainerScreen METHOD recalculateQuickCraftRemaining()V to access PROTECTED and LEAVE
[04Mar2026 16:19:21.494] [main/DEBUG] [net.neoforged.accesstransformer.AccessTransformer/AXFORM]: Transforming net.minecraft.client.gui.screens.inventory.AbstractContainerScreen METHOD findSlot(DD)Lnet/minecraft/world/inventory/Slot; to access PROTECTED and LEAVE
[04Mar2026 16:19:21.494] [main/DEBUG] [net.neoforged.accesstransformer.AccessTransformer/AXFORM]: Transforming net.minecraft.client.gui.screens.inventory.AbstractContainerScreen METHOD checkHotbarMouseClicked(I)V to access PROTECTED and LEAVE
[04Mar2026 16:19:21.494] [main/DEBUG] [net.neoforged.accesstransformer.AccessTransformer/AXFORM]: Transforming net.minecraft.client.gui.screens.inventory.AbstractContainerScreen METHOD isHovering(Lnet/minecraft/world/inventory/Slot;DD)Z to access PROTECTED and LEAVE
[04Mar2026 16:19:21.494] [main/DEBUG] [net.neoforged.fml.common.asm.RuntimeDistCleaner/DISTXFORM]: Removing Class Annotation: net/minecraft/client/gui/screens/inventory/AbstractContainerScreen @Lnet/neoforged/api/distmarker/OnlyIn;
[04Mar2026 16:19:21.496] [main/TRACE] [mixin/]: Added class metadata for net/minecraft/client/gui/screens/inventory/AbstractContainerScreen to metadata cache
[04Mar2026 16:19:21.497] [main/DEBUG] [net.neoforged.accesstransformer.AccessTransformer/AXFORM]: Transforming net.minecraft.world.item.HoeItem FIELD TILLABLES to access PUBLIC and REMOVEFINAL
[04Mar2026 16:19:21.497] [main/TRACE] [mixin/]: Added class metadata for net/minecraft/world/item/HoeItem to metadata cache
[04Mar2026 16:19:21.504] [main/DEBUG] [net.neoforged.accesstransformer.AccessTransformer/AXFORM]: Transforming net.minecraft.client.renderer.entity.ItemRenderer METHOD renderModelLists(Lnet/minecraft/client/resources/model/BakedModel;Lnet/minecraft/world/item/ItemStack;IILcom/mojang/blaze3d/vertex/PoseStack;Lcom/mojang/blaze3d/vertex/VertexConsumer;)V to access PUBLIC and LEAVE
[04Mar2026 16:19:21.504] [main/DEBUG] [net.neoforged.accesstransformer.AccessTransformer/AXFORM]: Transforming net.minecraft.client.renderer.entity.ItemRenderer METHOD renderQuadList(Lcom/mojang/blaze3d/vertex/PoseStack;Lcom/mojang/blaze3d/vertex/VertexConsumer;Ljava/util/List;Lnet/minecraft/world/item/ItemStack;II)V to access PUBLIC and LEAVE
[04Mar2026 16:19:21.504] [main/DEBUG] [net.neoforged.fml.common.asm.RuntimeDistCleaner/DISTXFORM]: Removing Class Annotation: net/minecraft/client/renderer/entity/ItemRenderer @Lnet/neoforged/api/distmarker/OnlyIn;
[04Mar2026 16:19:21.507] [main/TRACE] [mixin/]: Added class metadata for net/minecraft/client/renderer/entity/ItemRenderer to metadata cache
[04Mar2026 16:19:21.508] [main/DEBUG] [net.neoforged.fml.common.asm.RuntimeDistCleaner/DISTXFORM]: Removing Class Annotation: net/minecraft/client/gui/screens/inventory/tooltip/ClientTextTooltip @Lnet/neoforged/api/distmarker/OnlyIn;
[04Mar2026 16:19:21.508] [main/TRACE] [mixin/]: Added class metadata for net/minecraft/client/gui/screens/inventory/tooltip/ClientTextTooltip to metadata cache
[04Mar2026 16:19:21.508] [main/DEBUG] [net.neoforged.accesstransformer.AccessTransformer/AXFORM]: Transforming net.minecraft.world.item.ShovelItem FIELD FLATTENABLES to access PUBLIC and REMOVEFINAL
[04Mar2026 16:19:21.509] [main/TRACE] [mixin/]: Added class metadata for net/minecraft/world/item/ShovelItem to metadata cache
[04Mar2026 16:19:21.509] [main/DEBUG] [net.neoforged.accesstransformer.AccessTransformer/AXFORM]: Transforming net.minecraft.world.item.crafting.SmithingTransformRecipe FIELD template to access PUBLIC and LEAVE
[04Mar2026 16:19:21.510] [main/DEBUG] [net.neoforged.accesstransformer.AccessTransformer/AXFORM]: Transforming net.minecraft.world.item.crafting.SmithingTransformRecipe FIELD base to access PUBLIC and LEAVE
[04Mar2026 16:19:21.510] [main/DEBUG] [net.neoforged.accesstransformer.AccessTransformer/AXFORM]: Transforming net.minecraft.world.item.crafting.SmithingTransformRecipe FIELD addition to access PUBLIC and LEAVE
[04Mar2026 16:19:21.510] [main/TRACE] [mixin/]: Added class metadata for net/minecraft/world/item/crafting/SmithingTransformRecipe to metadata cache
[04Mar2026 16:19:21.510] [main/DEBUG] [net.neoforged.accesstransformer.AccessTransformer/AXFORM]: Transforming net.minecraft.world.item.crafting.SmithingTrimRecipe FIELD template to access PUBLIC and LEAVE
[04Mar2026 16:19:21.510] [main/DEBUG] [net.neoforged.accesstransformer.AccessTransformer/AXFORM]: Transforming net.minecraft.world.item.crafting.SmithingTrimRecipe FIELD base to access PUBLIC and LEAVE
[04Mar2026 16:19:21.511] [main/DEBUG] [net.neoforged.accesstransformer.AccessTransformer/AXFORM]: Transforming net.minecraft.world.item.crafting.SmithingTrimRecipe FIELD addition to access PUBLIC and LEAVE
[04Mar2026 16:19:21.511] [main/TRACE] [mixin/]: Added class metadata for net/minecraft/world/item/crafting/SmithingTrimRecipe to metadata cache
[04Mar2026 16:19:21.511] [main/TRACE] [mixin/CATCHING]: Catching
java.lang.ClassNotFoundException: mezz.jei.library.load.PluginCaller
	at cpw.mods.securejarhandler/cpw.mods.cl.ModuleClassLoader.getMaybeTransformedClassBytes(ModuleClassLoader.java:334) ~[securejarhandler-3.0.8.jar:?]
	at MC-BOOTSTRAP/cpw.mods.modlauncher@11.0.5/cpw.mods.modlauncher.TransformingClassLoader.buildTransformedClassNodeFor(TransformingClassLoader.java:65) ~[modlauncher-11.0.5.jar:?]
	at MC-BOOTSTRAP/cpw.mods.modlauncher@11.0.5/cpw.mods.modlauncher.LaunchPluginHandler.lambda$announceLaunch$10(LaunchPluginHandler.java:106) ~[modlauncher-11.0.5.jar:?]
	at MC-BOOTSTRAP/org.spongepowered.mixin/org.spongepowered.asm.launch.MixinLaunchPluginLegacy.getClassNode(MixinLaunchPluginLegacy.java:227) ~[sponge-mixin-0.15.2+mixin.0.8.7.jar:0.15.2+mixin.0.8.7]
	at MC-BOOTSTRAP/org.spongepowered.mixin/org.spongepowered.asm.mixin.transformer.ClassInfo.forName(ClassInfo.java:2029) ~[sponge-mixin-0.15.2+mixin.0.8.7.jar:0.15.2+mixin.0.8.7]
	at MC-BOOTSTRAP/org.spongepowered.mixin/org.spongepowered.asm.mixin.transformer.MixinInfo.getTargetClass(MixinInfo.java:1017) ~[sponge-mixin-0.15.2+mixin.0.8.7.jar:0.15.2+mixin.0.8.7]
	at MC-BOOTSTRAP/org.spongepowered.mixin/org.spongepowered.asm.mixin.transformer.MixinInfo.readTargetClasses(MixinInfo.java:1007) ~[sponge-mixin-0.15.2+mixin.0.8.7.jar:0.15.2+mixin.0.8.7]
	at MC-BOOTSTRAP/org.spongepowered.mixin/org.spongepowered.asm.mixin.transformer.MixinInfo.parseTargets(MixinInfo.java:895) ~[sponge-mixin-0.15.2+mixin.0.8.7.jar:0.15.2+mixin.0.8.7]
	at MC-BOOTSTRAP/org.spongepowered.mixin/org.spongepowered.asm.mixin.transformer.MixinConfig.prepareMixins(MixinConfig.java:950) ~[sponge-mixin-0.15.2+mixin.0.8.7.jar:0.15.2+mixin.0.8.7]
	at MC-BOOTSTRAP/org.spongepowered.mixin/org.spongepowered.asm.mixin.transformer.MixinConfig.prepare(MixinConfig.java:862) ~[sponge-mixin-0.15.2+mixin.0.8.7.jar:0.15.2+mixin.0.8.7]
	at MC-BOOTSTRAP/org.spongepowered.mixin/org.spongepowered.asm.mixin.transformer.MixinProcessor.prepareConfigs(MixinProcessor.java:540) ~[sponge-mixin-0.15.2+mixin.0.8.7.jar:0.15.2+mixin.0.8.7]
	at MC-BOOTSTRAP/org.spongepowered.mixin/org.spongepowered.asm.mixin.transformer.MixinProcessor.select(MixinProcessor.java:462) ~[sponge-mixin-0.15.2+mixin.0.8.7.jar:0.15.2+mixin.0.8.7]
	at MC-BOOTSTRAP/org.spongepowered.mixin/org.spongepowered.asm.mixin.transformer.MixinProcessor.checkSelect(MixinProcessor.java:438) ~[sponge-mixin-0.15.2+mixin.0.8.7.jar:0.15.2+mixin.0.8.7]
	at MC-BOOTSTRAP/org.spongepowered.mixin/org.spongepowered.asm.mixin.transformer.MixinProcessor.applyMixins(MixinProcessor.java:290) ~[sponge-mixin-0.15.2+mixin.0.8.7.jar:0.15.2+mixin.0.8.7]
	at MC-BOOTSTRAP/org.spongepowered.mixin/org.spongepowered.asm.mixin.transformer.MixinTransformer.transformClass(MixinTransformer.java:250) ~[sponge-mixin-0.15.2+mixin.0.8.7.jar:0.15.2+mixin.0.8.7]
	at MC-BOOTSTRAP/org.spongepowered.mixin/org.spongepowered.asm.service.modlauncher.MixinTransformationHandler.processClass(MixinTransformationHandler.java:131) ~[sponge-mixin-0.15.2+mixin.0.8.7.jar:0.15.2+mixin.0.8.7]
	at MC-BOOTSTRAP/org.spongepowered.mixin/org.spongepowered.asm.launch.MixinLaunchPluginLegacy.processClass(MixinLaunchPluginLegacy.java:131) ~[sponge-mixin-0.15.2+mixin.0.8.7.jar:0.15.2+mixin.0.8.7]
	at MC-BOOTSTRAP/cpw.mods.modlauncher@11.0.5/cpw.mods.modlauncher.serviceapi.ILaunchPluginService.processClassWithFlags(ILaunchPluginService.java:156) ~[modlauncher-11.0.5.jar:11.0.5+main.901c6ea8]
	at MC-BOOTSTRAP/cpw.mods.modlauncher@11.0.5/cpw.mods.modlauncher.LaunchPluginHandler.offerClassNodeToPlugins(LaunchPluginHandler.java:94) ~[modlauncher-11.0.5.jar:?]
	at MC-BOOTSTRAP/cpw.mods.modlauncher@11.0.5/cpw.mods.modlauncher.ClassTransformer.transform(ClassTransformer.java:120) ~[modlauncher-11.0.5.jar:?]
	at MC-BOOTSTRAP/cpw.mods.modlauncher@11.0.5/cpw.mods.modlauncher.TransformingClassLoader.maybeTransformClassBytes(TransformingClassLoader.java:57) ~[modlauncher-11.0.5.jar:?]
	at cpw.mods.securejarhandler/cpw.mods.cl.ModuleClassLoader.readerToClass(ModuleClassLoader.java:190) ~[securejarhandler-3.0.8.jar:?]
	at cpw.mods.securejarhandler/cpw.mods.cl.ModuleClassLoader.lambda$findClass$20(ModuleClassLoader.java:298) ~[securejarhandler-3.0.8.jar:?]
	at cpw.mods.securejarhandler/cpw.mods.cl.ModuleClassLoader.loadFromModule(ModuleClassLoader.java:311) [securejarhandler-3.0.8.jar:?]
	at cpw.mods.securejarhandler/cpw.mods.cl.ModuleClassLoader.findClass(ModuleClassLoader.java:298) [securejarhandler-3.0.8.jar:?]
	at java.base/java.lang.ClassLoader.loadClass(ClassLoader.java:638) [?:?]
	at java.base/java.lang.Class.forName(Class.java:627) [?:?]
	at java.base/java.lang.Class.forName(Class.java:602) [?:?]
	at MC-BOOTSTRAP/fml_earlydisplay@4.0.42/net.neoforged.fml.earlydisplay.DisplayWindow.updateModuleReads(DisplayWindow.java:605) [earlydisplay-4.0.42.jar%23141!/:4.0]
	at MC-BOOTSTRAP/fml_loader@4.0.42/net.neoforged.fml.loading.ImmediateWindowHandler.acceptGameLayer(ImmediateWindowHandler.java:94) [loader-4.0.42.jar%23142!/:4.0]
	at MC-BOOTSTRAP/fml_loader@4.0.42/net.neoforged.fml.loading.FMLLoader.beforeStart(FMLLoader.java:166) [loader-4.0.42.jar%23142!/:4.0]
	at MC-BOOTSTRAP/fml_loader@4.0.42/net.neoforged.fml.loading.targets.CommonLaunchHandler.launchService(CommonLaunchHandler.java:115) [loader-4.0.42.jar%23142!/:4.0]
	at MC-BOOTSTRAP/cpw.mods.modlauncher@11.0.5/cpw.mods.modlauncher.LaunchServiceHandlerDecorator.launch(LaunchServiceHandlerDecorator.java:30) [modlauncher-11.0.5.jar%23124!/:?]
	at MC-BOOTSTRAP/cpw.mods.modlauncher@11.0.5/cpw.mods.modlauncher.LaunchServiceHandler.launch(LaunchServiceHandler.java:53) [modlauncher-11.0.5.jar%23124!/:?]
	at MC-BOOTSTRAP/cpw.mods.modlauncher@11.0.5/cpw.mods.modlauncher.LaunchServiceHandler.launch(LaunchServiceHandler.java:71) [modlauncher-11.0.5.jar%23124!/:?]
	at MC-BOOTSTRAP/cpw.mods.modlauncher@11.0.5/cpw.mods.modlauncher.Launcher.run(Launcher.java:103) [modlauncher-11.0.5.jar%23124!/:?]
	at MC-BOOTSTRAP/cpw.mods.modlauncher@11.0.5/cpw.mods.modlauncher.Launcher.main(Launcher.java:74) [modlauncher-11.0.5.jar%23124!/:?]
	at MC-BOOTSTRAP/cpw.mods.modlauncher@11.0.5/cpw.mods.modlauncher.BootstrapLaunchConsumer.accept(BootstrapLaunchConsumer.java:26) [modlauncher-11.0.5.jar%23124!/:?]
	at MC-BOOTSTRAP/cpw.mods.modlauncher@11.0.5/cpw.mods.modlauncher.BootstrapLaunchConsumer.accept(BootstrapLaunchConsumer.java:23) [modlauncher-11.0.5.jar%23124!/:?]
	at cpw.mods.bootstraplauncher@2.0.2/cpw.mods.bootstraplauncher.BootstrapLauncher.run(BootstrapLauncher.java:210) [bootstraplauncher-2.0.2.jar:?]
	at cpw.mods.bootstraplauncher@2.0.2/cpw.mods.bootstraplauncher.BootstrapLauncher.main(BootstrapLauncher.java:69) [bootstraplauncher-2.0.2.jar:?]
[04Mar2026 16:19:21.521] [main/WARN] [mixin/]: Error loading class: mezz/jei/library/load/PluginCaller (java.lang.ClassNotFoundException: mezz.jei.library.load.PluginCaller)
[04Mar2026 16:19:21.521] [main/TRACE] [mixin/]: Added class metadata for mezz/jei/library/load/PluginCaller to metadata cache
[04Mar2026 16:19:21.521] [main/DEBUG] [mixin/]: Skipping virtual target mezz.jei.library.load.PluginCaller for emi.mixins.json:jei.PluginCallerMixin from mod emi
[04Mar2026 16:19:21.521] [main/DEBUG] [net.neoforged.fml.common.asm.RuntimeDistCleaner/DISTXFORM]: Removing Class Annotation: net/minecraft/client/gui/screens/inventory/EffectRenderingInventoryScreen @Lnet/neoforged/api/distmarker/OnlyIn;
[04Mar2026 16:19:21.522] [main/TRACE] [mixin/]: Added class metadata for net/minecraft/client/gui/screens/inventory/EffectRenderingInventoryScreen to metadata cache
[04Mar2026 16:19:21.523] [main/DEBUG] [net.neoforged.accesstransformer.AccessTransformer/AXFORM]: Transforming net.minecraft.world.item.ItemStack METHOD addToTooltip(Lnet/minecraft/core/component/DataComponentType;Lnet/minecraft/world/item/Item$TooltipContext;Ljava/util/function/Consumer;Lnet/minecraft/world/item/TooltipFlag;)V to access PUBLIC and LEAVE
[04Mar2026 16:19:21.527] [main/TRACE] [mixin/]: Added class metadata for net/minecraft/world/item/ItemStack to metadata cache
[04Mar2026 16:19:21.527] [main/DEBUG] [net.neoforged.fml.common.asm.RuntimeDistCleaner/DISTXFORM]: Removing Class Annotation: net/minecraft/client/KeyboardHandler @Lnet/neoforged/api/distmarker/OnlyIn;
[04Mar2026 16:19:21.530] [main/TRACE] [mixin/]: Added class metadata for net/minecraft/client/KeyboardHandler to metadata cache
[04Mar2026 16:19:21.532] [main/DEBUG] [net.neoforged.fml.common.asm.RuntimeDistCleaner/DISTXFORM]: Removing Class Annotation: net/minecraft/client/Minecraft @Lnet/neoforged/api/distmarker/OnlyIn;
[04Mar2026 16:19:21.539] [main/TRACE] [mixin/]: Added class metadata for net/minecraft/client/Minecraft to metadata cache
[04Mar2026 16:19:21.540] [main/DEBUG] [net.neoforged.fml.common.asm.RuntimeDistCleaner/DISTXFORM]: Removing Class Annotation: net/minecraft/client/MouseHandler @Lnet/neoforged/api/distmarker/OnlyIn;
[04Mar2026 16:19:21.541] [main/TRACE] [mixin/]: Added class metadata for net/minecraft/client/MouseHandler to metadata cache
[04Mar2026 16:19:21.542] [main/DEBUG] [net.neoforged.fml.common.asm.RuntimeDistCleaner/DISTXFORM]: Removing Class Annotation: net/minecraft/client/gui/screens/recipebook/RecipeBookComponent @Lnet/neoforged/api/distmarker/OnlyIn;
[04Mar2026 16:19:21.544] [main/TRACE] [mixin/]: Added class metadata for net/minecraft/client/gui/screens/recipebook/RecipeBookComponent to metadata cache
[04Mar2026 16:19:21.545] [main/DEBUG] [net.neoforged.accesstransformer.AccessTransformer/AXFORM]: Transforming net.minecraft.client.gui.screens.Screen INNERCLASS DeferredTooltipRendering to access PUBLIC and LEAVE
[04Mar2026 16:19:21.545] [main/DEBUG] [net.neoforged.accesstransformer.AccessTransformer/AXFORM]: Transforming net.minecraft.client.gui.screens.Screen FIELD narratables to access PUBLIC and LEAVE
[04Mar2026 16:19:21.545] [main/DEBUG] [net.neoforged.accesstransformer.AccessTransformer/AXFORM]: Transforming net.minecraft.client.gui.screens.Screen FIELD renderables to access PUBLIC and LEAVE
[04Mar2026 16:19:21.545] [main/DEBUG] [net.neoforged.accesstransformer.AccessTransformer/AXFORM]: Transforming net.minecraft.client.gui.screens.Screen FIELD deferredTooltipRendering to access PUBLIC and LEAVE
[04Mar2026 16:19:21.545] [main/DEBUG] [net.neoforged.accesstransformer.AccessTransformer/AXFORM]: Transforming net.minecraft.client.gui.screens.Screen METHOD renderWithTooltip(Lnet/minecraft/client/gui/GuiGraphics;IIF)V to access PUBLIC and REMOVEFINAL
[04Mar2026 16:19:21.545] [main/DEBUG] [net.neoforged.accesstransformer.AccessTransformer/AXFORM]: Transforming net.minecraft.client.gui.screens.Screen METHOD setInitialFocus(Lnet/minecraft/client/gui/components/events/GuiEventListener;)V to access PUBLIC and LEAVE
[04Mar2026 16:19:21.545] [main/DEBUG] [net.neoforged.accesstransformer.AccessTransformer/AXFORM]: Transforming net.minecraft.client.gui.screens.Screen METHOD addRenderableWidget(Lnet/minecraft/client/gui/components/events/GuiEventListener;)Lnet/minecraft/client/gui/components/events/GuiEventListener; to access PUBLIC and LEAVE
[04Mar2026 16:19:21.545] [main/DEBUG] [net.neoforged.accesstransformer.AccessTransformer/AXFORM]: Transforming net.minecraft.client.gui.screens.Screen METHOD addRenderableOnly(Lnet/minecraft/client/gui/components/Renderable;)Lnet/minecraft/client/gui/components/Renderable; to access PUBLIC and LEAVE
[04Mar2026 16:19:21.545] [main/DEBUG] [net.neoforged.accesstransformer.AccessTransformer/AXFORM]: Transforming net.minecraft.client.gui.screens.Screen METHOD addWidget(Lnet/minecraft/client/gui/components/events/GuiEventListener;)Lnet/minecraft/client/gui/components/events/GuiEventListener; to access PUBLIC and LEAVE
[04Mar2026 16:19:21.545] [main/DEBUG] [net.neoforged.accesstransformer.AccessTransformer/AXFORM]: Transforming net.minecraft.client.gui.screens.Screen METHOD init(Lnet/minecraft/client/Minecraft;II)V to access PUBLIC and REMOVEFINAL
[04Mar2026 16:19:21.545] [main/DEBUG] [net.neoforged.fml.common.asm.RuntimeDistCleaner/DISTXFORM]: Removing Class Annotation: net/minecraft/client/gui/screens/Screen @Lnet/neoforged/api/distmarker/OnlyIn;
[04Mar2026 16:19:21.546] [main/TRACE] [mixin/]: Added class metadata for net/minecraft/client/gui/screens/Screen to metadata cache
[04Mar2026 16:19:21.546] [main/DEBUG] [net.neoforged.fml.common.asm.RuntimeDistCleaner/DISTXFORM]: Removing Class Annotation: net/minecraft/client/gui/components/toasts/ToastComponent @Lnet/neoforged/api/distmarker/OnlyIn;
[04Mar2026 16:19:21.547] [main/TRACE] [mixin/]: Added class metadata for net/minecraft/client/gui/components/toasts/ToastComponent to metadata cache
[04Mar2026 16:19:21.547] [main/DEBUG] [mixin/]: Preparing emi-neoforge.mixins.json (0)
[04Mar2026 16:19:21.547] [main/DEBUG] [mixin/]: Preparing patchouli_xplat.mixins.json (10)
[04Mar2026 16:19:21.549] [main/DEBUG] [net.neoforged.fml.common.asm.RuntimeDistCleaner/DISTXFORM]: Removing Class Annotation: net/minecraft/client/multiplayer/ClientAdvancements @Lnet/neoforged/api/distmarker/OnlyIn;
[04Mar2026 16:19:21.550] [main/TRACE] [mixin/]: Added class metadata for net/minecraft/client/multiplayer/ClientAdvancements to metadata cache
[04Mar2026 16:19:21.550] [main/DEBUG] [net.neoforged.accesstransformer.AccessTransformer/AXFORM]: Transforming net.minecraft.client.KeyMapping FIELD isDown to access PUBLIC and LEAVE
[04Mar2026 16:19:21.550] [main/DEBUG] [net.neoforged.fml.common.asm.RuntimeDistCleaner/DISTXFORM]: Removing Class Annotation: net/minecraft/client/KeyMapping @Lnet/neoforged/api/distmarker/OnlyIn;
[04Mar2026 16:19:21.551] [main/TRACE] [mixin/]: Added class metadata for net/minecraft/client/KeyMapping to metadata cache
[04Mar2026 16:19:21.551] [main/DEBUG] [net.neoforged.fml.common.asm.RuntimeDistCleaner/DISTXFORM]: Removing Class Annotation: net/minecraft/client/renderer/MultiBufferSource$BufferSource @Lnet/neoforged/api/distmarker/OnlyIn;
[04Mar2026 16:19:21.551] [main/TRACE] [mixin/]: Added class metadata for net/minecraft/client/renderer/MultiBufferSource$BufferSource to metadata cache
[04Mar2026 16:19:21.552] [main/DEBUG] [net.neoforged.fml.common.asm.RuntimeDistCleaner/DISTXFORM]: Removing Class Annotation: net/minecraft/client/gui/screens/inventory/InventoryScreen @Lnet/neoforged/api/distmarker/OnlyIn;
[04Mar2026 16:19:21.552] [main/TRACE] [mixin/]: Added class metadata for net/minecraft/client/gui/screens/inventory/InventoryScreen to metadata cache
[04Mar2026 16:19:21.555] [main/DEBUG] [net.neoforged.accesstransformer.AccessTransformer/AXFORM]: Transforming net.minecraft.client.renderer.LevelRenderer FIELD ticks to access PUBLIC and LEAVE
[04Mar2026 16:19:21.555] [main/DEBUG] [net.neoforged.accesstransformer.AccessTransformer/AXFORM]: Transforming net.minecraft.client.renderer.LevelRenderer METHOD shouldShowEntityOutlines()Z to access PUBLIC and LEAVE
[04Mar2026 16:19:21.555] [main/DEBUG] [net.neoforged.accesstransformer.AccessTransformer/AXFORM]: Transforming net.minecraft.client.renderer.LevelRenderer METHOD renderHitOutline(Lcom/mojang/blaze3d/vertex/PoseStack;Lcom/mojang/blaze3d/vertex/VertexConsumer;Lnet/minecraft/world/entity/Entity;DDDLnet/minecraft/core/BlockPos;Lnet/minecraft/world/level/block/state/BlockState;)V to access PUBLIC and LEAVE
[04Mar2026 16:19:21.555] [main/DEBUG] [net.neoforged.accesstransformer.AccessTransformer/AXFORM]: Transforming net.minecraft.client.renderer.LevelRenderer METHOD renderShape(Lcom/mojang/blaze3d/vertex/PoseStack;Lcom/mojang/blaze3d/vertex/VertexConsumer;Lnet/minecraft/world/phys/shapes/VoxelShape;DDDFFFF)V to access PUBLIC and LEAVE
[04Mar2026 16:19:21.556] [main/DEBUG] [net.neoforged.fml.common.asm.RuntimeDistCleaner/DISTXFORM]: Removing Class Annotation: net/minecraft/client/renderer/LevelRenderer @Lnet/neoforged/api/distmarker/OnlyIn;
[04Mar2026 16:19:21.564] [main/TRACE] [mixin/]: Added class metadata for net/minecraft/client/renderer/LevelRenderer to metadata cache
[04Mar2026 16:19:21.565] [main/TRACE] [mixin/]: Added class metadata for net/minecraft/SystemReport to metadata cache
[04Mar2026 16:19:21.565] [main/DEBUG] [mixin/]: Preparing architectury.mixins.json (11)
[04Mar2026 16:19:21.567] [main/DEBUG] [net.neoforged.accesstransformer.AccessTransformer/AXFORM]: Transforming net.minecraft.world.item.BucketItem FIELD content to access PUBLIC and LEAVE
[04Mar2026 16:19:21.567] [main/TRACE] [mixin/]: Added class metadata for net/minecraft/world/item/BucketItem to metadata cache
[04Mar2026 16:19:21.568] [main/DEBUG] [net.neoforged.accesstransformer.AccessTransformer/AXFORM]: Transforming net.minecraft.world.level.block.LiquidBlock FIELD fluid to access PUBLIC and LEAVE
[04Mar2026 16:19:21.568] [main/DEBUG] [net.neoforged.accesstransformer.AccessTransformer/AXFORM]: Transforming net.minecraft.world.level.block.LiquidBlock METHOD <init>(Lnet/minecraft/world/level/material/FlowingFluid;Lnet/minecraft/world/level/block/state/BlockBehaviour$Properties;)V to access PUBLIC and LEAVE
[04Mar2026 16:19:21.568] [main/TRACE] [mixin/]: Added class metadata for net/minecraft/world/level/block/LiquidBlock to metadata cache
[04Mar2026 16:19:21.569] [main/TRACE] [mixin/]: Added class metadata for net/minecraft/world/level/chunk/storage/ChunkSerializer to metadata cache
[04Mar2026 16:19:21.570] [main/TRACE] [mixin/]: Added class metadata for net/minecraft/world/entity/item/FallingBlockEntity to metadata cache
[04Mar2026 16:19:21.571] [main/TRACE] [mixin/]: Added class metadata for net/minecraft/world/entity/player/Inventory to metadata cache
[04Mar2026 16:19:21.572] [main/TRACE] [mixin/]: Added class metadata for dev/architectury/extensions/ItemExtension to metadata cache
[04Mar2026 16:19:21.572] [main/TRACE] [mixin/]: Added class metadata for net/neoforged/neoforge/event/level/LevelEvent to metadata cache
[04Mar2026 16:19:21.573] [main/DEBUG] [net.neoforged.accesstransformer.AccessTransformer/AXFORM]: Transforming net.minecraft.commands.CommandSourceStack FIELD source to access PUBLIC and LEAVE
[04Mar2026 16:19:21.574] [main/TRACE] [mixin/]: Added class metadata for net/minecraft/commands/CommandSourceStack to metadata cache
[04Mar2026 16:19:21.575] [main/DEBUG] [net.neoforged.accesstransformer.AccessTransformer/AXFORM]: Transforming net.minecraft.client.multiplayer.ClientLevel FIELD connection to access PUBLIC and LEAVE
[04Mar2026 16:19:21.575] [main/DEBUG] [net.neoforged.accesstransformer.AccessTransformer/AXFORM]: Transforming net.minecraft.client.multiplayer.ClientLevel FIELD levelRenderer to access PUBLIC and LEAVE
[04Mar2026 16:19:21.575] [main/DEBUG] [net.neoforged.fml.common.asm.RuntimeDistCleaner/DISTXFORM]: Removing Class Annotation: net/minecraft/client/multiplayer/ClientLevel @Lnet/neoforged/api/distmarker/OnlyIn;
[04Mar2026 16:19:21.576] [main/TRACE] [mixin/]: Added class metadata for net/minecraft/client/multiplayer/ClientLevel to metadata cache
[04Mar2026 16:19:21.576] [main/DEBUG] [mixin/]: Preparing architectury-common.mixins.json (9)
[04Mar2026 16:19:21.578] [main/DEBUG] [net.neoforged.accesstransformer.AccessTransformer/AXFORM]: Transforming net.minecraft.world.level.block.Block METHOD popExperience(Lnet/minecraft/server/level/ServerLevel;Lnet/minecraft/core/BlockPos;I)V to access PUBLIC and LEAVE
[04Mar2026 16:19:21.579] [main/TRACE] [mixin/]: Added class metadata for net/minecraft/world/level/block/Block to metadata cache
[04Mar2026 16:19:21.586] [main/TRACE] [mixin/]: Added class metadata for net/minecraft/world/entity/EntityType to metadata cache
[04Mar2026 16:19:21.586] [main/TRACE] [mixin/]: Added class metadata for net/minecraft/world/level/material/Fluid to metadata cache
[04Mar2026 16:19:21.586] [main/TRACE] [mixin/]: Added class metadata for net/minecraft/world/food/FoodProperties$Builder to metadata cache
[04Mar2026 16:19:21.587] [main/DEBUG] [net.neoforged.accesstransformer.AccessTransformer/AXFORM]: Transforming net.minecraft.world.item.Item FIELD components to access PRIVATE and REMOVEFINAL
[04Mar2026 16:19:21.587] [main/DEBUG] [net.neoforged.accesstransformer.AccessTransformer/AXFORM]: Transforming net.minecraft.world.item.Item METHOD getPlayerPOVHitResult(Lnet/minecraft/world/level/Level;Lnet/minecraft/world/entity/player/Player;Lnet/minecraft/world/level/ClipContext$Fluid;)Lnet/minecraft/world/phys/BlockHitResult; to access PUBLIC and LEAVE
[04Mar2026 16:19:21.588] [main/TRACE] [mixin/]: Added class metadata for net/minecraft/world/item/Item to metadata cache
[04Mar2026 16:19:21.588] [main/TRACE] [mixin/]: Added class metadata for net/minecraft/world/item/Item$Properties to metadata cache
[04Mar2026 16:19:21.589] [main/TRACE] [mixin/]: Added class metadata for net/minecraft/world/entity/LightningBolt to metadata cache
[04Mar2026 16:19:21.589] [main/DEBUG] [mixin/]: Preparing computercraft.mixins.json (3)
[04Mar2026 16:19:21.591] [main/TRACE] [mixin/]: Added class metadata for net/minecraft/util/datafix/DataFixers to metadata cache
[04Mar2026 16:19:21.592] [main/DEBUG] [net.neoforged.accesstransformer.AccessTransformer/AXFORM]: Transforming net.minecraft.util.datafix.fixes.ItemStackComponentizationFix INNERCLASS ItemStackData to access PUBLIC and LEAVE
[04Mar2026 16:19:21.593] [main/TRACE] [mixin/]: Added class metadata for net/minecraft/util/datafix/fixes/ItemStackComponentizationFix to metadata cache
[04Mar2026 16:19:21.594] [main/TRACE] [mixin/]: Added class metadata for net/minecraft/util/datafix/schemas/V1460 to metadata cache
[04Mar2026 16:19:21.594] [main/DEBUG] [mixin/]: Preparing computercraft.forge.mixins.json (1)
[04Mar2026 16:19:21.594] [main/TRACE] [mixin/]: Added class metadata for net/minecraft/util/datafix/schemas/V3818_3 to metadata cache
[04Mar2026 16:19:21.594] [main/DEBUG] [mixin/]: Preparing computercraft-client.forge.mixins.json (2)
[04Mar2026 16:19:21.595] [main/DEBUG] [net.neoforged.fml.common.asm.RuntimeDistCleaner/DISTXFORM]: Removing Class Annotation: net/minecraft/client/renderer/block/BlockRenderDispatcher @Lnet/neoforged/api/distmarker/OnlyIn;
[04Mar2026 16:19:21.595] [main/TRACE] [mixin/]: Added class metadata for net/minecraft/client/renderer/block/BlockRenderDispatcher to metadata cache
[04Mar2026 16:19:21.597] [main/DEBUG] [net.neoforged.accesstransformer.AccessTransformer/AXFORM]: Transforming net.minecraft.client.multiplayer.ClientPacketListener FIELD commands to access PUBLIC and LEAVE
[04Mar2026 16:19:21.597] [main/DEBUG] [net.neoforged.fml.common.asm.RuntimeDistCleaner/DISTXFORM]: Removing Class Annotation: net/minecraft/client/multiplayer/ClientPacketListener @Lnet/neoforged/api/distmarker/OnlyIn;
[04Mar2026 16:19:21.601] [main/TRACE] [mixin/]: Added class metadata for net/minecraft/client/multiplayer/ClientPacketListener to metadata cache
[04Mar2026 16:19:21.601] [main/DEBUG] [mixin/]: Preparing neoforge.mixins.json (2)
[04Mar2026 16:19:21.602] [main/DEBUG] [net.neoforged.accesstransformer.AccessTransformer/AXFORM]: Transforming net.minecraft.world.level.block.entity.BlockEntityType INNERCLASS BlockEntitySupplier to access PUBLIC and LEAVE
[04Mar2026 16:19:21.602] [main/TRACE] [mixin/]: Added class metadata for net/minecraft/world/level/block/entity/BlockEntityType to metadata cache
[04Mar2026 16:19:21.603] [main/TRACE] [mixin/]: Added class metadata for net/minecraft/core/MappedRegistry to metadata cache
[04Mar2026 16:19:21.603] [main/DEBUG] [mixin/]: Preparing nuclearcraft.mixins.json (6)
[04Mar2026 16:19:21.605] [main/TRACE] [mixin/]: Added class metadata for net/minecraft/world/level/block/LightningRodBlock to metadata cache
[04Mar2026 16:19:21.605] [main/TRACE] [mixin/]: Added class metadata for net/minecraft/world/level/levelgen/structure/pools/StructureTemplatePool to metadata cache
[04Mar2026 16:19:21.607] [main/TRACE] [mixin/]: Added class metadata for net/minecraft/world/level/biome/OverworldBiomeBuilder to metadata cache
[04Mar2026 16:19:21.607] [main/TRACE] [mixin/]: Added class metadata for mekanism/common/lib/radiation/RadiationManager to metadata cache
[04Mar2026 16:19:21.607] [main/TRACE] [mixin/]: Added class metadata for mekanism/common/lib/radiation/RadiationUtil to metadata cache
[04Mar2026 16:19:21.607] [main/DEBUG] [mixin/]: Preparing ae2.mixins.json (16)
[04Mar2026 16:19:21.609] [main/DEBUG] [net.neoforged.accesstransformer.AccessTransformer/AXFORM]: Transforming net.minecraft.server.level.ChunkMap FIELD playerMap to access PUBLIC and LEAVE
[04Mar2026 16:19:21.609] [main/DEBUG] [net.neoforged.accesstransformer.AccessTransformer/AXFORM]: Transforming net.minecraft.server.level.ChunkMap METHOD isChunkTracked(Lnet/minecraft/server/level/ServerPlayer;II)Z to access PUBLIC and LEAVE
[04Mar2026 16:19:21.609] [main/DEBUG] [net.neoforged.accesstransformer.AccessTransformer/AXFORM]: Transforming net.minecraft.server.level.ChunkMap METHOD getVisibleChunkIfPresent(J)Lnet/minecraft/server/level/ChunkHolder; to access PUBLIC and LEAVE
[04Mar2026 16:19:21.612] [main/TRACE] [mixin/]: Added class metadata for net/minecraft/server/level/ChunkMap to metadata cache
[04Mar2026 16:19:21.614] [main/DEBUG] [net.neoforged.accesstransformer.AccessTransformer/AXFORM]: Transforming net.minecraft.server.MinecraftServer INNERCLASS ReloadableResources to access PUBLIC and LEAVE
[04Mar2026 16:19:21.614] [main/DEBUG] [net.neoforged.accesstransformer.AccessTransformer/AXFORM]: Transforming net.minecraft.server.MinecraftServer FIELD nextTickTimeNanos to access PROTECTED and LEAVE
[04Mar2026 16:19:21.617] [main/TRACE] [mixin/]: Added class metadata for net/minecraft/server/MinecraftServer to metadata cache
[04Mar2026 16:19:21.618] [main/DEBUG] [net.neoforged.accesstransformer.AccessTransformer/AXFORM]: Transforming net.minecraft.world.inventory.AnvilMenu FIELD repairItemCountCost to access PUBLIC and LEAVE
[04Mar2026 16:19:21.619] [main/TRACE] [mixin/]: Added class metadata for net/minecraft/world/inventory/AnvilMenu to metadata cache
[04Mar2026 16:19:21.620] [main/DEBUG] [net.neoforged.accesstransformer.AccessTransformer/AXFORM]: Transforming net.minecraft.world.item.enchantment.EnchantmentHelper INNERCLASS EnchantmentInSlotVisitor to access PUBLIC and LEAVE
[04Mar2026 16:19:21.620] [main/DEBUG] [net.neoforged.accesstransformer.AccessTransformer/AXFORM]: Transforming net.minecraft.world.item.enchantment.EnchantmentHelper INNERCLASS EnchantmentVisitor to access PUBLIC and LEAVE
[04Mar2026 16:19:21.620] [main/DEBUG] [net.neoforged.accesstransformer.AccessTransformer/AXFORM]: Transforming net.minecraft.world.item.enchantment.EnchantmentHelper METHOD getComponentType(Lnet/minecraft/world/item/ItemStack;)Lnet/minecraft/core/component/DataComponentType; to access PUBLIC and LEAVE
[04Mar2026 16:19:21.620] [main/DEBUG] [net.neoforged.accesstransformer.AccessTransformer/AXFORM]: Transforming net.minecraft.world.item.enchantment.EnchantmentHelper METHOD runIterationOnItem(Lnet/minecraft/world/item/ItemStack;Lnet/minecraft/world/item/enchantment/EnchantmentHelper$EnchantmentVisitor;)V to access PUBLIC and LEAVE
[04Mar2026 16:19:21.620] [main/DEBUG] [net.neoforged.accesstransformer.AccessTransformer/AXFORM]: Transforming net.minecraft.world.item.enchantment.EnchantmentHelper METHOD runIterationOnItem(Lnet/minecraft/world/item/ItemStack;Lnet/minecraft/world/entity/EquipmentSlot;Lnet/minecraft/world/entity/LivingEntity;Lnet/minecraft/world/item/enchantment/EnchantmentHelper$EnchantmentInSlotVisitor;)V to access PUBLIC and LEAVE
[04Mar2026 16:19:21.620] [main/DEBUG] [net.neoforged.accesstransformer.AccessTransformer/AXFORM]: Transforming net.minecraft.world.item.enchantment.EnchantmentHelper METHOD runIterationOnEquipment(Lnet/minecraft/world/entity/LivingEntity;Lnet/minecraft/world/item/enchantment/EnchantmentHelper$EnchantmentInSlotVisitor;)V to access PUBLIC and LEAVE
[04Mar2026 16:19:21.621] [main/TRACE] [mixin/]: Added class metadata for net/minecraft/world/item/enchantment/EnchantmentHelper to metadata cache
[04Mar2026 16:19:21.622] [main/DEBUG] [net.neoforged.accesstransformer.AccessTransformer/AXFORM]: Transforming net.minecraft.world.entity.item.ItemEntity FIELD age to access PUBLIC and LEAVE
[04Mar2026 16:19:21.622] [main/DEBUG] [net.neoforged.accesstransformer.AccessTransformer/AXFORM]: Transforming net.minecraft.world.entity.item.ItemEntity METHOD setUnderwaterMovement()V to access PROTECTED and LEAVE
[04Mar2026 16:19:21.623] [main/TRACE] [mixin/]: Added class metadata for net/minecraft/world/entity/item/ItemEntity to metadata cache
[04Mar2026 16:19:21.624] [main/TRACE] [mixin/]: Added class metadata for net/minecraft/gametest/framework/StructureUtils to metadata cache
[04Mar2026 16:19:21.624] [main/TRACE] [mixin/]: Added class metadata for net/minecraft/gametest/framework/TestCommand to metadata cache
[04Mar2026 16:19:21.630] [main/TRACE] [mixin/]: Added class metadata for net/minecraft/world/level/levelgen/structure/templatesystem/StructureTemplate to metadata cache
[04Mar2026 16:19:21.632] [main/DEBUG] [net.neoforged.accesstransformer.AccessTransformer/AXFORM]: Transforming net.minecraft.client.renderer.texture.TextureAtlas FIELD sprites to access PUBLIC and LEAVE
[04Mar2026 16:19:21.632] [main/DEBUG] [net.neoforged.accesstransformer.AccessTransformer/AXFORM]: Transforming net.minecraft.client.renderer.texture.TextureAtlas METHOD getWidth()I to access PUBLIC and LEAVE
[04Mar2026 16:19:21.633] [main/DEBUG] [net.neoforged.accesstransformer.AccessTransformer/AXFORM]: Transforming net.minecraft.client.renderer.texture.TextureAtlas METHOD getHeight()I to access PUBLIC and LEAVE
[04Mar2026 16:19:21.633] [main/DEBUG] [net.neoforged.fml.common.asm.RuntimeDistCleaner/DISTXFORM]: Removing Class Annotation: net/minecraft/client/renderer/texture/TextureAtlas @Lnet/neoforged/api/distmarker/OnlyIn;
[04Mar2026 16:19:21.633] [main/TRACE] [mixin/]: Added class metadata for net/minecraft/client/renderer/texture/TextureAtlas to metadata cache
[04Mar2026 16:19:21.634] [main/DEBUG] [net.neoforged.accesstransformer.AccessTransformer/AXFORM]: Transforming net.minecraft.client.resources.model.ModelBakery INNERCLASS ModelBakerImpl to access PUBLIC and LEAVE
[04Mar2026 16:19:21.634] [main/DEBUG] [net.neoforged.accesstransformer.AccessTransformer/AXFORM]: Transforming net.minecraft.client.resources.model.ModelBakery METHOD getModel(Lnet/minecraft/resources/ResourceLocation;)Lnet/minecraft/client/resources/model/UnbakedModel; to access PUBLIC and LEAVE
[04Mar2026 16:19:21.634] [main/DEBUG] [net.neoforged.fml.common.asm.RuntimeDistCleaner/DISTXFORM]: Removing Class Annotation: net/minecraft/client/resources/model/ModelBakery @Lnet/neoforged/api/distmarker/OnlyIn;
[04Mar2026 16:19:21.635] [main/TRACE] [mixin/]: Added class metadata for net/minecraft/client/resources/model/ModelBakery to metadata cache
[04Mar2026 16:19:21.635] [main/DEBUG] [net.neoforged.fml.common.asm.RuntimeDistCleaner/DISTXFORM]: Removing Class Annotation: net/minecraft/client/renderer/block/model/Variant$Deserializer @Lnet/neoforged/api/distmarker/OnlyIn;
[04Mar2026 16:19:21.635] [main/TRACE] [mixin/]: Added class metadata for net/minecraft/client/renderer/block/model/Variant$Deserializer to metadata cache
[04Mar2026 16:19:21.635] [main/DEBUG] [mixin/]: Preparing mixinextras.init.mixins.json (0)
[04Mar2026 16:19:21.638] [main/DEBUG] [net.neoforged.accesstransformer.AccessTransformer/AXFORM]: Transforming net.minecraft.world.item.alchemy.PotionBrewing$Mix CLASS to access PUBLIC and LEAVE
[04Mar2026 16:19:21.639] [main/TRACE] [mixin/]: Added class metadata for net/minecraft/world/item/alchemy/PotionBrewing$Mix to metadata cache
[04Mar2026 16:19:21.641] [main/TRACE] [mixin/]: Added class metadata for dev/emi/emi/mixin/AbstractInventoryScreenMixin$1 to metadata cache
[04Mar2026 16:19:21.641] [main/TRACE] [mixin/]: Added class metadata for net/minecraft/world/item/crafting/CraftingInput$Positioned to metadata cache
[04Mar2026 16:19:21.643] [main/TRACE] [mixin/]: Added class metadata for java/lang/invoke/MethodHandles$Lookup to metadata cache
[04Mar2026 16:19:21.644] [main/TRACE] [mixin/]: Added class metadata for org/spongepowered/asm/mixin/injection/At$Shift to metadata cache
[04Mar2026 16:19:21.644] [main/TRACE] [mixin/]: Added class metadata for net/minecraft/world/item/Item$TooltipContext to metadata cache
[04Mar2026 16:19:21.646] [main/TRACE] [mixin/]: Added class metadata for dev/architectury/event/events/common/PlayerEvent$FillBucket to metadata cache
[04Mar2026 16:19:21.646] [main/TRACE] [mixin/]: Added class metadata for net/neoforged/neoforge/event/level/ChunkDataEvent$Load to metadata cache
[04Mar2026 16:19:21.646] [main/TRACE] [mixin/]: Added class metadata for dev/architectury/event/forge/EventHandlerImplCommon$LevelEventAttachment to metadata cache
[04Mar2026 16:19:21.646] [main/TRACE] [mixin/]: Added class metadata for dev/architectury/event/events/common/BlockEvent$FallingLand to metadata cache
[04Mar2026 16:19:21.649] [main/DEBUG] [net.neoforged.accesstransformer.AccessTransformer/AXFORM]: Transforming net.minecraft.world.entity.Entity FIELD ENTITY_COUNTER to access PROTECTED and LEAVE
[04Mar2026 16:19:21.649] [main/DEBUG] [net.neoforged.accesstransformer.AccessTransformer/AXFORM]: Transforming net.minecraft.world.entity.Entity METHOD isInRain()Z to access PUBLIC and LEAVE
[04Mar2026 16:19:21.649] [main/DEBUG] [net.neoforged.accesstransformer.AccessTransformer/AXFORM]: Transforming net.minecraft.world.entity.Entity METHOD getEncodeId()Ljava/lang/String; to access PUBLIC and LEAVE
[04Mar2026 16:19:21.649] [main/DEBUG] [net.neoforged.accesstransformer.AccessTransformer/AXFORM]: Transforming net.minecraft.world.entity.Entity METHOD setLevel(Lnet/minecraft/world/level/Level;)V to access PUBLIC and LEAVE
[04Mar2026 16:19:21.654] [main/TRACE] [mixin/]: Added class metadata for net/minecraft/world/entity/Entity to metadata cache
[04Mar2026 16:19:21.654] [main/TRACE] [mixin/]: Added class metadata for dev/architectury/event/events/client/ClientCommandRegistrationEvent$ClientCommandSourceStack to metadata cache
[04Mar2026 16:19:21.655] [main/DEBUG] [net.neoforged.fml.common.asm.RuntimeDistCleaner/DISTXFORM]: Removing Class Annotation: dev/architectury/event/events/client/ClientTickEvent$ClientLevel @Lnet/neoforged/api/distmarker/OnlyIn;
[04Mar2026 16:19:21.655] [main/TRACE] [mixin/]: Added class metadata for dev/architectury/event/events/client/ClientTickEvent$ClientLevel to metadata cache
[04Mar2026 16:19:21.656] [main/DEBUG] [net.neoforged.accesstransformer.AccessTransformer/AXFORM]: Transforming net.minecraft.world.level.Level FIELD oRainLevel to access PUBLIC and LEAVE
[04Mar2026 16:19:21.656] [main/DEBUG] [net.neoforged.accesstransformer.AccessTransformer/AXFORM]: Transforming net.minecraft.world.level.Level FIELD rainLevel to access PUBLIC and LEAVE
[04Mar2026 16:19:21.656] [main/DEBUG] [net.neoforged.accesstransformer.AccessTransformer/AXFORM]: Transforming net.minecraft.world.level.Level FIELD oThunderLevel to access PUBLIC and LEAVE
[04Mar2026 16:19:21.656] [main/DEBUG] [net.neoforged.accesstransformer.AccessTransformer/AXFORM]: Transforming net.minecraft.world.level.Level FIELD thunderLevel to access PUBLIC and LEAVE
[04Mar2026 16:19:21.658] [main/TRACE] [mixin/]: Added class metadata for net/minecraft/world/level/Level to metadata cache
[04Mar2026 16:19:21.658] [main/DEBUG] [net.neoforged.fml.common.asm.RuntimeDistCleaner/DISTXFORM]: Removing Class Annotation: dev/architectury/event/events/client/ClientLifecycleEvent$ClientState @Lnet/neoforged/api/distmarker/OnlyIn;
[04Mar2026 16:19:21.658] [main/TRACE] [mixin/]: Added class metadata for dev/architectury/event/events/client/ClientLifecycleEvent$ClientState to metadata cache
[04Mar2026 16:19:21.659] [main/TRACE] [mixin/]: Added class metadata for dev/architectury/event/events/common/LightningEvent$Strike to metadata cache
[04Mar2026 16:19:21.659] [main/DEBUG] [net.neoforged.accesstransformer.AccessTransformer/AXFORM]: Transforming net.minecraft.util.datafix.fixes.ItemStackComponentizationFix$ItemStackData CLASS to access PUBLIC and LEAVE
[04Mar2026 16:19:21.659] [main/TRACE] [mixin/]: Added class metadata for net/minecraft/util/datafix/fixes/ItemStackComponentizationFix$ItemStackData to metadata cache
[04Mar2026 16:19:21.660] [main/TRACE] [mixin/]: Added class metadata for com/mojang/datafixers/DataFix to metadata cache
[04Mar2026 16:19:21.660] [main/TRACE] [mixin/]: Added class metadata for com/mojang/datafixers/DSL$TypeReference to metadata cache
[04Mar2026 16:19:21.661] [main/TRACE] [mixin/]: Added class metadata for net/minecraft/world/level/biome/Climate$Parameter to metadata cache
[04Mar2026 16:19:21.661] [main/TRACE] [mixin/]: Added class metadata for net/minecraft/world/level/biome/Climate$ParameterPoint to metadata cache
[04Mar2026 16:19:21.662] [main/TRACE] [mixin/]: Added class metadata for igentuman/nc/handler/config/WorldConfig$BiomeConfig to metadata cache
[04Mar2026 16:19:21.662] [main/TRACE] [mixin/]: Added class metadata for net/neoforged/neoforge/common/ModConfigSpec$ConfigValue to metadata cache
[04Mar2026 16:19:21.662] [main/TRACE] [mixin/]: Added class metadata for igentuman/nc/handler/config/RadiationConfig$RadiationConf to metadata cache
[04Mar2026 16:19:21.663] [main/TRACE] [mixin/]: Added class metadata for net/minecraft/core/RegistryAccess$Frozen to metadata cache
[04Mar2026 16:19:21.663] [main/TRACE] [mixin/]: Added class metadata for net/minecraft/core/Holder$Reference to metadata cache
[04Mar2026 16:19:21.663] [main/TRACE] [mixin/]: Added class metadata for net/minecraft/core/HolderLookup$RegistryLookup to metadata cache
[04Mar2026 16:19:21.664] [main/TRACE] [mixin/]: Added class metadata for net/minecraft/world/level/storage/LevelStorageSource$LevelStorageAccess to metadata cache
[04Mar2026 16:19:21.664] [main/TRACE] [mixin/]: Added class metadata for net/neoforged/neoforge/event/level/LevelEvent$Load to metadata cache
[04Mar2026 16:19:21.664] [main/TRACE] [mixin/]: Added class metadata for net/minecraft/world/inventory/ItemCombinerMenu to metadata cache
[04Mar2026 16:19:21.666] [main/TRACE] [mixin/]: Added class metadata for net/minecraft/world/phys/HitResult$Type to metadata cache
[04Mar2026 16:19:21.666] [main/TRACE] [mixin/]: Added class metadata for appeng/thirdparty/fabric/SpriteFinderImpl$SpriteFinderAccess to metadata cache
[04Mar2026 16:19:21.666] [main/DEBUG] [net.neoforged.fml.common.asm.RuntimeDistCleaner/DISTXFORM]: Removing Class Annotation: net/minecraft/client/renderer/texture/SpriteLoader$Preparations @Lnet/neoforged/api/distmarker/OnlyIn;
[04Mar2026 16:19:21.666] [main/TRACE] [mixin/]: Added class metadata for net/minecraft/client/renderer/texture/SpriteLoader$Preparations to metadata cache
[04Mar2026 16:19:21.670] [main/DEBUG] [mixin/]: Prepared 83 mixins in 0.282 sec (3.4ms avg) (0ms load, 0ms transform, 0ms plugin)
[04Mar2026 16:19:21.671] [main/DEBUG] [net.neoforged.accesstransformer.AccessTransformer/AXFORM]: Transforming net.minecraft.client.gui.screens.LoadingOverlay FIELD reload to access PUBLIC and LEAVE
[04Mar2026 16:19:21.671] [main/DEBUG] [net.neoforged.fml.common.asm.RuntimeDistCleaner/DISTXFORM]: Removing Class Annotation: net/minecraft/client/gui/screens/LoadingOverlay @Lnet/neoforged/api/distmarker/OnlyIn;
[04Mar2026 16:19:21.672] [main/DEBUG] [net.neoforged.fml.common.asm.RuntimeDistCleaner/DISTXFORM]: Removing Class Annotation: net/minecraft/client/gui/screens/Overlay @Lnet/neoforged/api/distmarker/OnlyIn;
[04Mar2026 16:19:21.672] [main/DEBUG] [net.neoforged.fml.common.asm.RuntimeDistCleaner/DISTXFORM]: Removing Class Annotation: net/minecraft/client/gui/components/Renderable @Lnet/neoforged/api/distmarker/OnlyIn;
[04Mar2026 16:19:21.672] [main/DEBUG] [net.neoforged.fml.common.asm.RuntimeDistCleaner/DISTXFORM]: Removing Class Annotation: net/minecraft/client/renderer/texture/AbstractTexture @Lnet/neoforged/api/distmarker/OnlyIn;
[04Mar2026 16:19:21.672] [main/DEBUG] [net.neoforged.fml.common.asm.RuntimeDistCleaner/DISTXFORM]: Removing Class Annotation: net/minecraft/client/gui/screens/LoadingOverlay$LogoTexture @Lnet/neoforged/api/distmarker/OnlyIn;
[04Mar2026 16:19:21.672] [main/DEBUG] [net.neoforged.fml.common.asm.RuntimeDistCleaner/DISTXFORM]: Removing Class Annotation: net/minecraft/client/renderer/texture/SimpleTexture @Lnet/neoforged/api/distmarker/OnlyIn;
[04Mar2026 16:19:21.673] [main/DEBUG] [net.neoforged.fml.common.asm.RuntimeDistCleaner/DISTXFORM]: Removing Class Annotation: com/mojang/blaze3d/vertex/VertexConsumer @Lnet/neoforged/api/distmarker/OnlyIn;
[04Mar2026 16:19:21.674] [main/DEBUG] [net.neoforged.accesstransformer.AccessTransformer/AXFORM]: Transforming net.minecraft.client.gui.GuiGraphics METHOD <init>(Lnet/minecraft/client/Minecraft;Lcom/mojang/blaze3d/vertex/PoseStack;Lnet/minecraft/client/renderer/MultiBufferSource$BufferSource;)V to access PROTECTED and LEAVE
[04Mar2026 16:19:21.674] [main/DEBUG] [net.neoforged.accesstransformer.AccessTransformer/AXFORM]: Transforming net.minecraft.client.gui.GuiGraphics METHOD applyScissor(Lnet/minecraft/client/gui/navigation/ScreenRectangle;)V to access PROTECTED and LEAVE
[04Mar2026 16:19:21.674] [main/DEBUG] [net.neoforged.accesstransformer.AccessTransformer/AXFORM]: Transforming net.minecraft.client.gui.GuiGraphics METHOD renderItem(Lnet/minecraft/world/entity/LivingEntity;Lnet/minecraft/world/level/Level;Lnet/minecraft/world/item/ItemStack;IIII)V to access PUBLIC and LEAVE
[04Mar2026 16:19:21.676] [main/INFO] [MixinExtras|Service/]: Initializing MixinExtras via com.llamalad7.mixinextras.service.MixinExtrasServiceImpl(version=0.5.0).
[04Mar2026 16:19:21.676] [main/DEBUG] [mixin/]: Registering new injector for @SugarWrapper with com.llamalad7.mixinextras.sugar.impl.SugarWrapperInjectionInfo
[04Mar2026 16:19:21.676] [main/DEBUG] [mixin/]: Registering new injector for @FactoryRedirectWrapper with com.llamalad7.mixinextras.wrapper.factory.FactoryRedirectWrapperInjectionInfo
[04Mar2026 16:19:21.677] [main/DEBUG] [mixin/]: Registering new injector for @ExpressionInjectorWrapper with com.llamalad7.mixinextras.expression.impl.wrapper.ExpressionInjectorWrapperInjectionInfo
[04Mar2026 16:19:21.687] [main/DEBUG] [mixin/]: Mixing accessor.DrawContextAccessor from emi.mixins.json into net.minecraft.client.gui.GuiGraphics
[04Mar2026 16:19:21.688] [main/DEBUG] [mixin/]: emi.mixins.json:accessor.DrawContextAccessor from mod emi: Class version 65 required is higher than the class version supported by the current version of Mixin (JAVA_17 supports class version 61)
[04Mar2026 16:19:21.696] [main/DEBUG] [mixin/]: Mixing DrawContextMixin from emi.mixins.json into net.minecraft.client.gui.GuiGraphics
[04Mar2026 16:19:21.696] [main/DEBUG] [mixin/]: emi.mixins.json:DrawContextMixin from mod emi: Class version 65 required is higher than the class version supported by the current version of Mixin (JAVA_17 supports class version 61)
[04Mar2026 16:19:21.706] [main/TRACE] [mixin/]: Added class metadata for dev/emi/emi/screen/EmiScreenManager to metadata cache
[04Mar2026 16:19:21.706] [main/DEBUG] [mixin/]: Mixing GuiGraphicsMixin from ae2.mixins.json into net.minecraft.client.gui.GuiGraphics
[04Mar2026 16:19:21.707] [main/DEBUG] [mixin/]: ae2.mixins.json:GuiGraphicsMixin from mod ae2: Class version 65 required is higher than the class version supported by the current version of Mixin (JAVA_11 supports class version 55)
[04Mar2026 16:19:21.707] [main/TRACE] [mixin/]: Added class metadata for appeng/hooks/GuiGraphicsHooks to metadata cache
[04Mar2026 16:19:21.708] [main/TRACE] [mixin/]: Added class metadata for org/spongepowered/asm/mixin/injection/callback/CallbackInfo to metadata cache
[04Mar2026 16:19:21.709] [main/TRACE] [mixin/]: Added class metadata for net/neoforged/neoforge/client/extensions/IGuiGraphicsExtension to metadata cache
[04Mar2026 16:19:21.710] [main/DEBUG] [net.neoforged.accesstransformer.AccessTransformer/AXFORM]: Transforming net.minecraft.client.gui.Font METHOD getFontSet(Lnet/minecraft/resources/ResourceLocation;)Lnet/minecraft/client/gui/font/FontSet; to access PUBLIC and LEAVE
[04Mar2026 16:19:21.710] [main/DEBUG] [net.neoforged.fml.common.asm.RuntimeDistCleaner/DISTXFORM]: Removing Class Annotation: net/minecraft/client/gui/Font @Lnet/neoforged/api/distmarker/OnlyIn;
[04Mar2026 16:19:21.712] [main/TRACE] [mixin/]: Added class metadata for net/minecraft/client/gui/Font to metadata cache
[04Mar2026 16:19:21.716] [main/DEBUG] [net.neoforged.accesstransformer.AccessTransformer/AXFORM]: Transforming net.minecraft.world.entity.LivingEntity FIELD effectsDirty to access PUBLIC and LEAVE
[04Mar2026 16:19:21.716] [main/DEBUG] [net.neoforged.accesstransformer.AccessTransformer/AXFORM]: Transforming net.minecraft.world.entity.LivingEntity METHOD refreshDirtyAttributes()V to access PUBLIC and LEAVE
[04Mar2026 16:19:21.716] [main/DEBUG] [net.neoforged.accesstransformer.AccessTransformer/AXFORM]: Transforming net.minecraft.world.entity.LivingEntity METHOD getHitbox()Lnet/minecraft/world/phys/AABB; to access PUBLIC and LEAVE
[04Mar2026 16:19:21.716] [main/DEBUG] [net.neoforged.accesstransformer.AccessTransformer/AXFORM]: Transforming net.minecraft.world.entity.LivingEntity METHOD hurtCurrentlyUsedShield(F)V to access PUBLIC and LEAVE
[04Mar2026 16:19:21.716] [main/DEBUG] [net.neoforged.accesstransformer.AccessTransformer/AXFORM]: Transforming net.minecraft.world.entity.LivingEntity METHOD getCurrentSwingDuration()I to access PUBLIC and LEAVE
[04Mar2026 16:19:21.722] [main/TRACE] [mixin/]: Added class metadata for net/minecraft/world/entity/LivingEntity to metadata cache
[04Mar2026 16:19:21.737] [main/DEBUG] [mixin/]: emi.mixins.json:DrawContextMixin from mod emi->@Inject::drawItemTooltip(Lnet/minecraft/client/gui/Font;Lnet/minecraft/world/item/ItemStack;IILorg/spongepowered/asm/mixin/injection/callback/CallbackInfo;)V doesn't use it's CallbackInfo
[04Mar2026 16:19:21.737] [main/DEBUG] [mixin/]: emi.mixins.json:DrawContextMixin from mod emi->@Inject::drawItemTooltip(Lnet/minecraft/client/gui/Font;Lnet/minecraft/world/item/ItemStack;IILorg/spongepowered/asm/mixin/injection/callback/CallbackInfo;)V has 0 override(s) in child classes
[04Mar2026 16:19:21.737] [main/DEBUG] [mixin/]: emi.mixins.json:DrawContextMixin from mod emi->@Inject::drawItemTooltip(Lnet/minecraft/client/gui/Font;Lnet/minecraft/world/item/ItemStack;IILorg/spongepowered/asm/mixin/injection/callback/CallbackInfo;)V won't be passed a CallbackInfo as a result
[04Mar2026 16:19:21.737] [main/DEBUG] [mixin/]: ae2.mixins.json:GuiGraphicsMixin from mod ae2->@Inject::renderGuiItem(Lnet/minecraft/world/entity/LivingEntity;Lnet/minecraft/world/level/Level;Lnet/minecraft/world/item/ItemStack;IIIILorg/spongepowered/asm/mixin/injection/callback/CallbackInfo;)V does use it's CallbackInfo
[04Mar2026 16:19:21.742] [main/DEBUG] [net.neoforged.fml.common.asm.RuntimeDistCleaner/DISTXFORM]: Removing Class Annotation: net/minecraft/client/gui/GuiGraphics @Lnet/neoforged/api/distmarker/OnlyIn;
[04Mar2026 16:19:21.752] [main/DEBUG] [mixin/]: Mixing MinecraftClientMixin from emi.mixins.json into net.minecraft.client.Minecraft
[04Mar2026 16:19:21.753] [main/TRACE] [mixin/]: Added class metadata for net/minecraft/util/thread/ReentrantBlockableEventLoop to metadata cache
[04Mar2026 16:19:21.753] [main/DEBUG] [net.neoforged.accesstransformer.AccessTransformer/AXFORM]: Transforming net.minecraft.util.thread.BlockableEventLoop METHOD submitAsync(Ljava/lang/Runnable;)Ljava/util/concurrent/CompletableFuture; to access PUBLIC and LEAVE
[04Mar2026 16:19:21.753] [main/TRACE] [mixin/]: Added class metadata for net/minecraft/util/thread/BlockableEventLoop to metadata cache
[04Mar2026 16:19:21.753] [main/DEBUG] [mixin/]: emi.mixins.json:MinecraftClientMixin from mod emi: Class version 65 required is higher than the class version supported by the current version of Mixin (JAVA_17 supports class version 61)
[04Mar2026 16:19:21.754] [main/DEBUG] [mixin/]: Renaming synthetic method lambda$reloadResources$0()V to md3f8e02$emi$lambda$reloadResources$0$0 in emi.mixins.json:MinecraftClientMixin from mod emi
[04Mar2026 16:19:21.754] [main/TRACE] [mixin/]: Added class metadata for org/spongepowered/asm/mixin/injection/callback/CallbackInfoReturnable to metadata cache
[04Mar2026 16:19:21.755] [main/TRACE] [mixin/]: Added class metadata for java/lang/invoke/LambdaMetafactory to metadata cache
[04Mar2026 16:19:21.756] [main/TRACE] [mixin/]: Added class metadata for java/util/concurrent/Executors to metadata cache
[04Mar2026 16:19:21.758] [main/TRACE] [mixin/]: Added class metadata for java/util/concurrent/CompletableFuture to metadata cache
[04Mar2026 16:19:21.758] [main/TRACE] [mixin/]: Added class metadata for dev/emi/emi/runtime/EmiLog to metadata cache
[04Mar2026 16:19:21.758] [main/TRACE] [mixin/]: Added class metadata for dev/emi/emi/runtime/EmiReloadManager to metadata cache
[04Mar2026 16:19:21.759] [main/TRACE] [mixin/]: Added class metadata for dev/emi/emi/platform/EmiClient to metadata cache
[04Mar2026 16:19:21.759] [main/DEBUG] [mixin/]: Mixing MixinMinecraft from architectury.mixins.json into net.minecraft.client.Minecraft
[04Mar2026 16:19:21.760] [main/DEBUG] [mixin/]: architectury.mixins.json:MixinMinecraft from mod architectury: Class version 65 required is higher than the class version supported by the current version of Mixin (JAVA_16 supports class version 60)
[04Mar2026 16:19:21.760] [main/DEBUG] [net.neoforged.fml.common.asm.RuntimeDistCleaner/DISTXFORM]: Removing Class Annotation: dev/architectury/event/events/client/ClientLifecycleEvent @Lnet/neoforged/api/distmarker/OnlyIn;
[04Mar2026 16:19:21.760] [main/TRACE] [mixin/]: Added class metadata for dev/architectury/event/events/client/ClientLifecycleEvent to metadata cache
[04Mar2026 16:19:21.760] [main/TRACE] [mixin/]: Added class metadata for dev/architectury/event/Event to metadata cache
[04Mar2026 16:19:21.761] [main/TRACE] [mixin/]: Added class metadata for dev/architectury/event/events/common/LifecycleEvent$InstanceState to metadata cache
[04Mar2026 16:19:21.761] [main/DEBUG] [mixin/]: Mixing PickColorMixin from ae2.mixins.json into net.minecraft.client.Minecraft
[04Mar2026 16:19:21.761] [main/DEBUG] [mixin/]: ae2.mixins.json:PickColorMixin from mod ae2: Class version 65 required is higher than the class version supported by the current version of Mixin (JAVA_11 supports class version 55)
[04Mar2026 16:19:21.762] [main/TRACE] [mixin/]: Added class metadata for net/minecraft/world/phys/HitResult to metadata cache
[04Mar2026 16:19:21.762] [main/TRACE] [mixin/]: Added class metadata for appeng/hooks/ColorApplicatorPickColorHook to metadata cache
[04Mar2026 16:19:21.763] [main/TRACE] [mixin/]: Added class metadata for net/minecraft/util/profiling/metrics/ProfilerMeasured to metadata cache
[04Mar2026 16:19:21.763] [main/TRACE] [mixin/]: Added class metadata for java/util/concurrent/Executor to metadata cache
[04Mar2026 16:19:21.763] [main/TRACE] [mixin/]: Added class metadata for net/minecraft/util/thread/ProcessorHandle to metadata cache
[04Mar2026 16:19:21.763] [main/TRACE] [mixin/]: Added class metadata for java/lang/AutoCloseable to metadata cache
[04Mar2026 16:19:21.763] [main/TRACE] [mixin/]: Added class metadata for net/neoforged/neoforge/client/extensions/IMinecraftExtension to metadata cache
[04Mar2026 16:19:21.763] [main/DEBUG] [net.neoforged.fml.common.asm.RuntimeDistCleaner/DISTXFORM]: Removing Class Annotation: com/mojang/blaze3d/platform/WindowEventHandler @Lnet/neoforged/api/distmarker/OnlyIn;
[04Mar2026 16:19:21.763] [main/TRACE] [mixin/]: Added class metadata for com/mojang/blaze3d/platform/WindowEventHandler to metadata cache
[04Mar2026 16:19:21.765] [main/TRACE] [mixin/]: Added class metadata for java/lang/Runnable to metadata cache
[04Mar2026 16:19:21.774] [main/DEBUG] [mixin/]: emi.mixins.json:MinecraftClientMixin from mod emi->@Inject::reloadResources(ZLjava/lang/Object;Lorg/spongepowered/asm/mixin/injection/callback/CallbackInfoReturnable;)V does use it's CallbackInfoReturnable
[04Mar2026 16:19:21.774] [main/DEBUG] [net.neoforged.fml.common.asm.RuntimeDistCleaner/DISTXFORM]: Removing Class Annotation: net/minecraft/client/Minecraft$GameLoadCookie @Lnet/neoforged/api/distmarker/OnlyIn;
[04Mar2026 16:19:21.774] [main/TRACE] [mixin/]: Added class metadata for net/minecraft/client/Minecraft$GameLoadCookie to metadata cache
[04Mar2026 16:19:21.774] [main/DEBUG] [mixin/]: emi.mixins.json:MinecraftClientMixin from mod emi->@Inject::reloadResources(ZLjava/lang/Object;Lorg/spongepowered/asm/mixin/injection/callback/CallbackInfoReturnable;)V does use it's CallbackInfoReturnable
[04Mar2026 16:19:21.774] [main/DEBUG] [mixin/]: emi.mixins.json:MinecraftClientMixin from mod emi->@Inject::reloadResources(ZLjava/lang/Object;Lorg/spongepowered/asm/mixin/injection/callback/CallbackInfoReturnable;)V does use it's CallbackInfoReturnable
[04Mar2026 16:19:21.775] [main/DEBUG] [mixin/]: emi.mixins.json:MinecraftClientMixin from mod emi->@Inject::disconnect(Lorg/spongepowered/asm/mixin/injection/callback/CallbackInfo;)V doesn't use it's CallbackInfo
[04Mar2026 16:19:21.775] [main/DEBUG] [mixin/]: emi.mixins.json:MinecraftClientMixin from mod emi->@Inject::disconnect(Lorg/spongepowered/asm/mixin/injection/callback/CallbackInfo;)V has 0 override(s) in child classes
[04Mar2026 16:19:21.775] [main/DEBUG] [mixin/]: emi.mixins.json:MinecraftClientMixin from mod emi->@Inject::disconnect(Lorg/spongepowered/asm/mixin/injection/callback/CallbackInfo;)V won't be passed a CallbackInfo as a result
[04Mar2026 16:19:21.775] [main/DEBUG] [mixin/]: architectury.mixins.json:MixinMinecraft from mod architectury->@Inject::onStart(Lorg/spongepowered/asm/mixin/injection/callback/CallbackInfo;)V doesn't use it's CallbackInfo
[04Mar2026 16:19:21.775] [main/DEBUG] [mixin/]: architectury.mixins.json:MixinMinecraft from mod architectury->@Inject::onStart(Lorg/spongepowered/asm/mixin/injection/callback/CallbackInfo;)V has 0 override(s) in child classes
[04Mar2026 16:19:21.775] [main/DEBUG] [mixin/]: architectury.mixins.json:MixinMinecraft from mod architectury->@Inject::onStart(Lorg/spongepowered/asm/mixin/injection/callback/CallbackInfo;)V won't be passed a CallbackInfo as a result
[04Mar2026 16:19:21.775] [main/DEBUG] [mixin/]: architectury.mixins.json:MixinMinecraft from mod architectury->@Inject::onStopping(Lorg/spongepowered/asm/mixin/injection/callback/CallbackInfo;)V doesn't use it's CallbackInfo
[04Mar2026 16:19:21.775] [main/DEBUG] [mixin/]: architectury.mixins.json:MixinMinecraft from mod architectury->@Inject::onStopping(Lorg/spongepowered/asm/mixin/injection/callback/CallbackInfo;)V has 0 override(s) in child classes
[04Mar2026 16:19:21.775] [main/DEBUG] [mixin/]: architectury.mixins.json:MixinMinecraft from mod architectury->@Inject::onStopping(Lorg/spongepowered/asm/mixin/injection/callback/CallbackInfo;)V won't be passed a CallbackInfo as a result
[04Mar2026 16:19:21.775] [main/DEBUG] [mixin/]: ae2.mixins.json:PickColorMixin from mod ae2->@Inject::pickColor(Lorg/spongepowered/asm/mixin/injection/callback/CallbackInfo;)V does use it's CallbackInfo
[04Mar2026 16:19:21.778] [main/DEBUG] [net.neoforged.fml.common.asm.RuntimeDistCleaner/DISTXFORM]: Removing Class Annotation: net/minecraft/client/Minecraft @Lnet/neoforged/api/distmarker/OnlyIn;
[04Mar2026 16:19:21.779] [main/DEBUG] [net.neoforged.accesstransformer.AccessTransformer/AXFORM]: Transforming net.minecraft.util.thread.BlockableEventLoop METHOD submitAsync(Ljava/lang/Runnable;)Ljava/util/concurrent/CompletableFuture; to access PUBLIC and LEAVE
[04Mar2026 16:19:21.780] [main/DEBUG] [net.neoforged.fml.common.asm.RuntimeDistCleaner/DISTXFORM]: Removing Class Annotation: com/mojang/blaze3d/platform/WindowEventHandler @Lnet/neoforged/api/distmarker/OnlyIn;
[04Mar2026 16:19:21.780] [main/DEBUG] [net.neoforged.accesstransformer.AccessTransformer/AXFORM]: Transforming net.minecraft.client.gui.screens.Screen INNERCLASS DeferredTooltipRendering to access PUBLIC and LEAVE
[04Mar2026 16:19:21.780] [main/DEBUG] [net.neoforged.accesstransformer.AccessTransformer/AXFORM]: Transforming net.minecraft.client.gui.screens.Screen FIELD narratables to access PUBLIC and LEAVE
[04Mar2026 16:19:21.780] [main/DEBUG] [net.neoforged.accesstransformer.AccessTransformer/AXFORM]: Transforming net.minecraft.client.gui.screens.Screen FIELD renderables to access PUBLIC and LEAVE
[04Mar2026 16:19:21.780] [main/DEBUG] [net.neoforged.accesstransformer.AccessTransformer/AXFORM]: Transforming net.minecraft.client.gui.screens.Screen FIELD deferredTooltipRendering to access PUBLIC and LEAVE
[04Mar2026 16:19:21.780] [main/DEBUG] [net.neoforged.accesstransformer.AccessTransformer/AXFORM]: Transforming net.minecraft.client.gui.screens.Screen METHOD renderWithTooltip(Lnet/minecraft/client/gui/GuiGraphics;IIF)V to access PUBLIC and REMOVEFINAL
[04Mar2026 16:19:21.780] [main/DEBUG] [net.neoforged.accesstransformer.AccessTransformer/AXFORM]: Transforming net.minecraft.client.gui.screens.Screen METHOD setInitialFocus(Lnet/minecraft/client/gui/components/events/GuiEventListener;)V to access PUBLIC and LEAVE
[04Mar2026 16:19:21.780] [main/DEBUG] [net.neoforged.accesstransformer.AccessTransformer/AXFORM]: Transforming net.minecraft.client.gui.screens.Screen METHOD addRenderableWidget(Lnet/minecraft/client/gui/components/events/GuiEventListener;)Lnet/minecraft/client/gui/components/events/GuiEventListener; to access PUBLIC and LEAVE
[04Mar2026 16:19:21.780] [main/DEBUG] [net.neoforged.accesstransformer.AccessTransformer/AXFORM]: Transforming net.minecraft.client.gui.screens.Screen METHOD addRenderableOnly(Lnet/minecraft/client/gui/components/Renderable;)Lnet/minecraft/client/gui/components/Renderable; to access PUBLIC and LEAVE
[04Mar2026 16:19:21.780] [main/DEBUG] [net.neoforged.accesstransformer.AccessTransformer/AXFORM]: Transforming net.minecraft.client.gui.screens.Screen METHOD addWidget(Lnet/minecraft/client/gui/components/events/GuiEventListener;)Lnet/minecraft/client/gui/components/events/GuiEventListener; to access PUBLIC and LEAVE
[04Mar2026 16:19:21.780] [main/DEBUG] [net.neoforged.accesstransformer.AccessTransformer/AXFORM]: Transforming net.minecraft.client.gui.screens.Screen METHOD init(Lnet/minecraft/client/Minecraft;II)V to access PUBLIC and REMOVEFINAL
[04Mar2026 16:19:21.780] [main/DEBUG] [net.neoforged.fml.common.asm.RuntimeDistCleaner/DISTXFORM]: Removing Class Annotation: net/minecraft/client/gui/screens/Screen @Lnet/neoforged/api/distmarker/OnlyIn;
[04Mar2026 16:19:21.781] [main/DEBUG] [net.neoforged.fml.common.asm.RuntimeDistCleaner/DISTXFORM]: Removing Class Annotation: net/minecraft/client/gui/components/events/AbstractContainerEventHandler @Lnet/neoforged/api/distmarker/OnlyIn;
[04Mar2026 16:19:21.781] [main/DEBUG] [net.neoforged.accesstransformer.AccessTransformer/AXFORM]: Transforming net.minecraft.client.gui.components.events.ContainerEventHandler METHOD handleTabNavigation(Lnet/minecraft/client/gui/navigation/FocusNavigationEvent$TabNavigation;)Lnet/minecraft/client/gui/ComponentPath; to access PUBLIC and LEAVE
[04Mar2026 16:19:21.781] [main/DEBUG] [net.neoforged.accesstransformer.AccessTransformer/AXFORM]: Transforming net.minecraft.client.gui.components.events.ContainerEventHandler METHOD handleArrowNavigation(Lnet/minecraft/client/gui/navigation/FocusNavigationEvent$ArrowNavigation;)Lnet/minecraft/client/gui/ComponentPath; to access PUBLIC and LEAVE
[04Mar2026 16:19:21.781] [main/DEBUG] [net.neoforged.fml.common.asm.RuntimeDistCleaner/DISTXFORM]: Removing Class Annotation: net/minecraft/client/gui/components/events/ContainerEventHandler @Lnet/neoforged/api/distmarker/OnlyIn;
[04Mar2026 16:19:21.782] [main/DEBUG] [net.neoforged.fml.common.asm.RuntimeDistCleaner/DISTXFORM]: Removing Class Annotation: net/minecraft/client/gui/components/events/GuiEventListener @Lnet/neoforged/api/distmarker/OnlyIn;
[04Mar2026 16:19:21.782] [main/DEBUG] [net.neoforged.fml.common.asm.RuntimeDistCleaner/DISTXFORM]: Removing Class Annotation: net/minecraft/client/gui/components/TabOrderedElement @Lnet/neoforged/api/distmarker/OnlyIn;
[04Mar2026 16:19:21.782] [main/DEBUG] [net.neoforged.fml.common.asm.RuntimeDistCleaner/DISTXFORM]: Removing Class Annotation: net/minecraft/client/gui/screens/DeathScreen @Lnet/neoforged/api/distmarker/OnlyIn;
[04Mar2026 16:19:21.782] [main/DEBUG] [net.neoforged.fml.common.asm.RuntimeDistCleaner/DISTXFORM]: Removing Class Annotation: net/minecraft/client/gui/screens/TitleScreen @Lnet/neoforged/api/distmarker/OnlyIn;
[04Mar2026 16:19:21.784] [main/DEBUG] [net.neoforged.fml.common.asm.RuntimeDistCleaner/DISTXFORM]: Removing Class Annotation: net/minecraft/client/multiplayer/ServerData @Lnet/neoforged/api/distmarker/OnlyIn;
[04Mar2026 16:19:21.794] [main/DEBUG] [net.neoforged.accesstransformer.AccessTransformer/AXFORM]: Transforming net.minecraft.world.entity.Entity FIELD ENTITY_COUNTER to access PROTECTED and LEAVE
[04Mar2026 16:19:21.794] [main/DEBUG] [net.neoforged.accesstransformer.AccessTransformer/AXFORM]: Transforming net.minecraft.world.entity.Entity METHOD isInRain()Z to access PUBLIC and LEAVE
[04Mar2026 16:19:21.794] [main/DEBUG] [net.neoforged.accesstransformer.AccessTransformer/AXFORM]: Transforming net.minecraft.world.entity.Entity METHOD getEncodeId()Ljava/lang/String; to access PUBLIC and LEAVE
[04Mar2026 16:19:21.794] [main/DEBUG] [net.neoforged.accesstransformer.AccessTransformer/AXFORM]: Transforming net.minecraft.world.entity.Entity METHOD setLevel(Lnet/minecraft/world/level/Level;)V to access PUBLIC and LEAVE
[04Mar2026 16:19:21.800] [main/DEBUG] [net.neoforged.fml.common.asm.RuntimeDistCleaner/DISTXFORM]: Removing Class Annotation: com/mojang/blaze3d/platform/WindowEventHandler @Lnet/neoforged/api/distmarker/OnlyIn;
[04Mar2026 16:19:21.801] [main/DEBUG] [net.neoforged.accesstransformer.AccessTransformer/AXFORM]: Transforming net.minecraft.util.thread.BlockableEventLoop METHOD submitAsync(Ljava/lang/Runnable;)Ljava/util/concurrent/CompletableFuture; to access PUBLIC and LEAVE
[04Mar2026 16:19:21.937] [main/DEBUG] [io.netty.util.internal.logging.InternalLoggerFactory/]: Using SLF4J as the default logging framework
[04Mar2026 16:19:21.938] [main/DEBUG] [io.netty.util.ResourceLeakDetector/]: -Dio.netty.leakDetection.level: simple
[04Mar2026 16:19:21.938] [main/DEBUG] [io.netty.util.ResourceLeakDetector/]: -Dio.netty.leakDetection.targetRecords: 4
[04Mar2026 16:19:21.961] [main/DEBUG] [mixin/]: Mixing DataFixersMixin from computercraft.mixins.json into net.minecraft.util.datafix.DataFixers
[04Mar2026 16:19:22.027] [main/DEBUG] [mixin/]: Mixing ItemStackComponentizationFixMixin from computercraft.mixins.json into net.minecraft.util.datafix.fixes.ItemStackComponentizationFix
[04Mar2026 16:19:22.030] [main/DEBUG] [mixin/]: computercraft.mixins.json:ItemStackComponentizationFixMixin from mod computercraft->@Inject::fixItemStack(Lnet/minecraft/util/datafix/fixes/ItemStackComponentizationFix$ItemStackData;Lcom/mojang/serialization/Dynamic;Lorg/spongepowered/asm/mixin/injection/callback/CallbackInfo;)V doesn't use it's CallbackInfo
[04Mar2026 16:19:22.233] [main/DEBUG] [mixin/]: Mixing V1460Mixin from computercraft.mixins.json into net.minecraft.util.datafix.schemas.V1460
[04Mar2026 16:19:22.234] [main/DEBUG] [mixin/]: Renaming synthetic method lambda$registerTurtle$1(Lcom/mojang/datafixers/schemas/Schema;)Lcom/mojang/datafixers/types/templates/TypeTemplate; to md3f8e02$computercraft$lambda$registerTurtle$1$0 in computercraft.mixins.json:V1460Mixin from mod computercraft
[04Mar2026 16:19:22.234] [main/DEBUG] [mixin/]: Renaming synthetic method lambda$registerBlockEntities$0(Lcom/mojang/datafixers/schemas/Schema;)Lcom/mojang/datafixers/types/templates/TypeTemplate; to md3f8e02$computercraft$lambda$registerBlockEntities$0$1 in computercraft.mixins.json:V1460Mixin from mod computercraft
[04Mar2026 16:19:22.242] [main/DEBUG] [mixin/]: computercraft.mixins.json:V1460Mixin from mod computercraft->@Inject::registerBlockEntities(Lcom/mojang/datafixers/schemas/Schema;Lorg/spongepowered/asm/mixin/injection/callback/CallbackInfoReturnable;)V does use it's CallbackInfoReturnable
[04Mar2026 16:19:22.383] [main/DEBUG] [mixin/]: Mixing V3818_3Mixin from computercraft.forge.mixins.json into net.minecraft.util.datafix.schemas.V3818_3
[04Mar2026 16:19:22.417] [main/DEBUG] [mixin/]: Mixing client.MixinSystemReport from patchouli_xplat.mixins.json into net.minecraft.SystemReport
[04Mar2026 16:19:22.419] [main/DEBUG] [mixin/]: patchouli_xplat.mixins.json:client.MixinSystemReport from mod patchouli->@Inject::patchouli_addContext(Lorg/spongepowered/asm/mixin/injection/callback/CallbackInfo;)V doesn't use it's CallbackInfo
[04Mar2026 16:19:22.419] [main/DEBUG] [mixin/]: patchouli_xplat.mixins.json:client.MixinSystemReport from mod patchouli->@Inject::patchouli_addContext(Lorg/spongepowered/asm/mixin/injection/callback/CallbackInfo;)V has 0 override(s) in child classes
[04Mar2026 16:19:22.419] [main/DEBUG] [mixin/]: patchouli_xplat.mixins.json:client.MixinSystemReport from mod patchouli->@Inject::patchouli_addContext(Lorg/spongepowered/asm/mixin/injection/callback/CallbackInfo;)V won't be passed a CallbackInfo as a result
[04Mar2026 16:19:22.436] [main/DEBUG] [oshi.util.FileUtil/]: No oshi.properties file found from ClassLoader cpw.mods.modlauncher.TransformingClassLoader@6eaa21d8
[04Mar2026 16:19:22.584] [Datafixer Bootstrap/INFO] [com.mojang.datafixers.DataFixerBuilder/]: 229 Datafixer optimizations took 184 milliseconds
[04Mar2026 16:19:22.699] [main/DEBUG] [oshi.util.FileUtil/]: No oshi.architecture.properties file found from ClassLoader cpw.mods.modlauncher.TransformingClassLoader@6eaa21d8
[04Mar2026 16:19:24.060] [main/DEBUG] [mixin/]: Mixing ScreenMixin from emi.mixins.json into net.minecraft.client.gui.screens.Screen
[04Mar2026 16:19:24.061] [main/DEBUG] [mixin/]: emi.mixins.json:ScreenMixin from mod emi: Class version 65 required is higher than the class version supported by the current version of Mixin (JAVA_17 supports class version 61)
[04Mar2026 16:19:24.062] [main/DEBUG] [mixin/]: Mixing client.AccessorScreen from patchouli_xplat.mixins.json into net.minecraft.client.gui.screens.Screen
[04Mar2026 16:19:24.062] [main/DEBUG] [mixin/]: Mixing WrappedGenericStackTooltipModIdMixin from ae2.mixins.json into net.minecraft.client.gui.screens.Screen
[04Mar2026 16:19:24.063] [main/DEBUG] [mixin/]: ae2.mixins.json:WrappedGenericStackTooltipModIdMixin from mod ae2: Class version 65 required is higher than the class version supported by the current version of Mixin (JAVA_11 supports class version 55)
[04Mar2026 16:19:24.067] [main/DEBUG] [mixin/]: emi.mixins.json:ScreenMixin from mod emi->@Inject::init(Lnet/minecraft/client/Minecraft;IILorg/spongepowered/asm/mixin/injection/callback/CallbackInfo;)V doesn't use it's CallbackInfo
[04Mar2026 16:19:24.067] [main/DEBUG] [mixin/]: emi.mixins.json:ScreenMixin from mod emi->@Inject::init(Lnet/minecraft/client/Minecraft;IILorg/spongepowered/asm/mixin/injection/callback/CallbackInfo;)V has 0 override(s) in child classes
[04Mar2026 16:19:24.067] [main/DEBUG] [mixin/]: emi.mixins.json:ScreenMixin from mod emi->@Inject::init(Lnet/minecraft/client/Minecraft;IILorg/spongepowered/asm/mixin/injection/callback/CallbackInfo;)V won't be passed a CallbackInfo as a result
[04Mar2026 16:19:24.067] [main/DEBUG] [mixin/]: emi.mixins.json:ScreenMixin from mod emi->@Inject::resize(Lnet/minecraft/client/Minecraft;IILorg/spongepowered/asm/mixin/injection/callback/CallbackInfo;)V doesn't use it's CallbackInfo
[04Mar2026 16:19:24.067] [main/DEBUG] [mixin/]: emi.mixins.json:ScreenMixin from mod emi->@Inject::resize(Lnet/minecraft/client/Minecraft;IILorg/spongepowered/asm/mixin/injection/callback/CallbackInfo;)V has 0 override(s) in child classes
[04Mar2026 16:19:24.067] [main/DEBUG] [mixin/]: emi.mixins.json:ScreenMixin from mod emi->@Inject::resize(Lnet/minecraft/client/Minecraft;IILorg/spongepowered/asm/mixin/injection/callback/CallbackInfo;)V won't be passed a CallbackInfo as a result
[04Mar2026 16:19:24.067] [main/DEBUG] [mixin/]: ae2.mixins.json:WrappedGenericStackTooltipModIdMixin from mod ae2->@Inject::getTooltipFromItem(Lnet/minecraft/client/Minecraft;Lnet/minecraft/world/item/ItemStack;Lorg/spongepowered/asm/mixin/injection/callback/CallbackInfoReturnable;)V does use it's CallbackInfoReturnable
[04Mar2026 16:19:24.079] [main/DEBUG] [mixin/]: Mixing MixinClientLevel from architectury.mixins.json into net.minecraft.client.multiplayer.ClientLevel
[04Mar2026 16:19:24.079] [main/DEBUG] [mixin/]: architectury.mixins.json:MixinClientLevel from mod architectury: Class version 65 required is higher than the class version supported by the current version of Mixin (JAVA_16 supports class version 60)
[04Mar2026 16:19:24.086] [main/DEBUG] [mixin/]: architectury.mixins.json:MixinClientLevel from mod architectury->@Inject::tickEntities(Lorg/spongepowered/asm/mixin/injection/callback/CallbackInfo;)V doesn't use it's CallbackInfo
[04Mar2026 16:19:24.086] [main/DEBUG] [mixin/]: architectury.mixins.json:MixinClientLevel from mod architectury->@Inject::tickEntities(Lorg/spongepowered/asm/mixin/injection/callback/CallbackInfo;)V has 0 override(s) in child classes
[04Mar2026 16:19:24.086] [main/DEBUG] [mixin/]: architectury.mixins.json:MixinClientLevel from mod architectury->@Inject::tickEntities(Lorg/spongepowered/asm/mixin/injection/callback/CallbackInfo;)V won't be passed a CallbackInfo as a result
[04Mar2026 16:19:24.086] [main/DEBUG] [mixin/]: architectury.mixins.json:MixinClientLevel from mod architectury->@Inject::tickEntitiesPost(Lorg/spongepowered/asm/mixin/injection/callback/CallbackInfo;)V doesn't use it's CallbackInfo
[04Mar2026 16:19:24.086] [main/DEBUG] [mixin/]: architectury.mixins.json:MixinClientLevel from mod architectury->@Inject::tickEntitiesPost(Lorg/spongepowered/asm/mixin/injection/callback/CallbackInfo;)V has 0 override(s) in child classes
[04Mar2026 16:19:24.086] [main/DEBUG] [mixin/]: architectury.mixins.json:MixinClientLevel from mod architectury->@Inject::tickEntitiesPost(Lorg/spongepowered/asm/mixin/injection/callback/CallbackInfo;)V won't be passed a CallbackInfo as a result
[04Mar2026 16:19:24.088] [main/DEBUG] [mixin/]: Mixing MixinLevelEvent from architectury.mixins.json into net.neoforged.neoforge.event.level.LevelEvent
[04Mar2026 16:19:24.089] [main/DEBUG] [mixin/]: architectury.mixins.json:MixinLevelEvent from mod architectury: Class version 65 required is higher than the class version supported by the current version of Mixin (JAVA_16 supports class version 60)
[04Mar2026 16:19:24.109] [main/DEBUG] [mixin/]: Mixing client.MixinInventoryScreen from patchouli_xplat.mixins.json into net.minecraft.client.gui.screens.inventory.InventoryScreen
[04Mar2026 16:19:24.123] [main/DEBUG] [mixin/]: patchouli_xplat.mixins.json:client.MixinInventoryScreen from mod patchouli->@Inject::onGuiInitPost(Lorg/spongepowered/asm/mixin/injection/callback/CallbackInfo;)V doesn't use it's CallbackInfo
[04Mar2026 16:19:24.123] [main/DEBUG] [mixin/]: patchouli_xplat.mixins.json:client.MixinInventoryScreen from mod patchouli->@Inject::onGuiInitPost(Lorg/spongepowered/asm/mixin/injection/callback/CallbackInfo;)V has 0 override(s) in child classes
[04Mar2026 16:19:24.123] [main/DEBUG] [mixin/]: patchouli_xplat.mixins.json:client.MixinInventoryScreen from mod patchouli->@Inject::onGuiInitPost(Lorg/spongepowered/asm/mixin/injection/callback/CallbackInfo;)V won't be passed a CallbackInfo as a result
[04Mar2026 16:19:24.125] [main/DEBUG] [mixin/]: Mixing AbstractInventoryScreenMixin from emi.mixins.json into net.minecraft.client.gui.screens.inventory.EffectRenderingInventoryScreen
[04Mar2026 16:19:24.125] [main/DEBUG] [mixin/]: emi.mixins.json:AbstractInventoryScreenMixin from mod emi: Class version 65 required is higher than the class version supported by the current version of Mixin (JAVA_17 supports class version 61)
[04Mar2026 16:19:24.143] [main/DEBUG] [mixin/]: emi.mixins.json:AbstractInventoryScreenMixin from mod emi->@Inject::drawStatusEffects(Lnet/minecraft/client/gui/GuiGraphics;IILorg/spongepowered/asm/mixin/injection/callback/CallbackInfo;)V doesn't use it's CallbackInfo
[04Mar2026 16:19:24.143] [main/DEBUG] [mixin/]: emi.mixins.json:AbstractInventoryScreenMixin from mod emi->@Inject::drawStatusEffects(Lnet/minecraft/client/gui/GuiGraphics;IILorg/spongepowered/asm/mixin/injection/callback/CallbackInfo;)V has 0 override(s) in child classes
[04Mar2026 16:19:24.143] [main/DEBUG] [mixin/]: emi.mixins.json:AbstractInventoryScreenMixin from mod emi->@Inject::drawStatusEffects(Lnet/minecraft/client/gui/GuiGraphics;IILorg/spongepowered/asm/mixin/injection/callback/CallbackInfo;)V won't be passed a CallbackInfo as a result
[04Mar2026 16:19:24.146] [main/DEBUG] [mixin/]: Mixing accessor.HandledScreenAccessor from emi.mixins.json into net.minecraft.client.gui.screens.inventory.AbstractContainerScreen
[04Mar2026 16:19:24.146] [main/DEBUG] [mixin/]: emi.mixins.json:accessor.HandledScreenAccessor from mod emi: Class version 65 required is higher than the class version supported by the current version of Mixin (JAVA_17 supports class version 61)
[04Mar2026 16:19:24.146] [main/DEBUG] [mixin/]: Mixing HandledScreenMixin from emi.mixins.json into net.minecraft.client.gui.screens.inventory.AbstractContainerScreen
[04Mar2026 16:19:24.146] [main/DEBUG] [mixin/]: emi.mixins.json:HandledScreenMixin from mod emi: Class version 65 required is higher than the class version supported by the current version of Mixin (JAVA_17 supports class version 61)
[04Mar2026 16:19:24.147] [main/DEBUG] [mixin/]: Mixing AbstractContainerScreenMixin from ae2.mixins.json into net.minecraft.client.gui.screens.inventory.AbstractContainerScreen
[04Mar2026 16:19:24.148] [main/DEBUG] [mixin/]: ae2.mixins.json:AbstractContainerScreenMixin from mod ae2: Class version 65 required is higher than the class version supported by the current version of Mixin (JAVA_11 supports class version 55)
[04Mar2026 16:19:24.150] [main/DEBUG] [mixin/]: emi.mixins.json:HandledScreenMixin from mod emi->@Inject::renderBackground(Lnet/minecraft/client/gui/GuiGraphics;IIFLorg/spongepowered/asm/mixin/injection/callback/CallbackInfo;)V doesn't use it's CallbackInfo
[04Mar2026 16:19:24.150] [main/DEBUG] [mixin/]: emi.mixins.json:HandledScreenMixin from mod emi->@Inject::renderBackground(Lnet/minecraft/client/gui/GuiGraphics;IIFLorg/spongepowered/asm/mixin/injection/callback/CallbackInfo;)V has 0 override(s) in child classes
[04Mar2026 16:19:24.150] [main/DEBUG] [mixin/]: emi.mixins.json:HandledScreenMixin from mod emi->@Inject::renderBackground(Lnet/minecraft/client/gui/GuiGraphics;IIFLorg/spongepowered/asm/mixin/injection/callback/CallbackInfo;)V won't be passed a CallbackInfo as a result
[04Mar2026 16:19:24.150] [main/DEBUG] [mixin/]: emi.mixins.json:HandledScreenMixin from mod emi->@Inject::renderForeground(Lnet/minecraft/client/gui/GuiGraphics;IIFLorg/spongepowered/asm/mixin/injection/callback/CallbackInfo;)V doesn't use it's CallbackInfo
[04Mar2026 16:19:24.150] [main/DEBUG] [mixin/]: emi.mixins.json:HandledScreenMixin from mod emi->@Inject::renderForeground(Lnet/minecraft/client/gui/GuiGraphics;IIFLorg/spongepowered/asm/mixin/injection/callback/CallbackInfo;)V has 0 override(s) in child classes
[04Mar2026 16:19:24.150] [main/DEBUG] [mixin/]: emi.mixins.json:HandledScreenMixin from mod emi->@Inject::renderForeground(Lnet/minecraft/client/gui/GuiGraphics;IIFLorg/spongepowered/asm/mixin/injection/callback/CallbackInfo;)V won't be passed a CallbackInfo as a result
[04Mar2026 16:19:24.168] [pool-16-thread-1/DEBUG] [mixin/]: Mixing MappedRegistryAccessor from neoforge.mixins.json into net.minecraft.core.MappedRegistry
[04Mar2026 16:19:24.201] [pool-16-thread-1/DEBUG] [mixin/]: Mixing inject.MixinBlock from architectury-common.mixins.json into net.minecraft.world.level.block.Block
[04Mar2026 16:19:24.202] [pool-16-thread-1/DEBUG] [mixin/]: architectury-common.mixins.json:inject.MixinBlock from mod architectury: Class version 65 required is higher than the class version supported by the current version of Mixin (JAVA_16 supports class version 60)
[04Mar2026 16:19:24.213] [pool-16-thread-1/DEBUG] [mixin/]: Mixing ItemEntityMixin from ae2.mixins.json into net.minecraft.world.entity.item.ItemEntity
[04Mar2026 16:19:24.213] [pool-16-thread-1/DEBUG] [mixin/]: ae2.mixins.json:ItemEntityMixin from mod ae2: Class version 65 required is higher than the class version supported by the current version of Mixin (JAVA_11 supports class version 55)
[04Mar2026 16:19:24.213] [pool-16-thread-1/DEBUG] [mixin/]: Renaming synthetic method lambda$handleEntityTransform$0(Lnet/minecraft/world/level/material/FluidState;Lappeng/recipes/transform/TransformCircumstance;)Z to md3f8e02$ae2$lambda$handleEntityTransform$0$0 in ae2.mixins.json:ItemEntityMixin from mod ae2
[04Mar2026 16:19:24.221] [pool-16-thread-1/DEBUG] [mixin/]: ae2.mixins.json:ItemEntityMixin from mod ae2->@Inject::handleExplosion(Lnet/minecraft/world/damagesource/DamageSource;FLorg/spongepowered/asm/mixin/injection/callback/CallbackInfoReturnable;)V does use it's CallbackInfoReturnable
[04Mar2026 16:19:24.221] [pool-16-thread-1/DEBUG] [mixin/]: ae2.mixins.json:ItemEntityMixin from mod ae2->@Inject::handleEntityTransform(Lorg/spongepowered/asm/mixin/injection/callback/CallbackInfo;)V doesn't use it's CallbackInfo
[04Mar2026 16:19:24.221] [pool-16-thread-1/DEBUG] [mixin/]: ae2.mixins.json:ItemEntityMixin from mod ae2->@Inject::handleEntityTransform(Lorg/spongepowered/asm/mixin/injection/callback/CallbackInfo;)V has 0 override(s) in child classes
[04Mar2026 16:19:24.221] [pool-16-thread-1/DEBUG] [mixin/]: ae2.mixins.json:ItemEntityMixin from mod ae2->@Inject::handleEntityTransform(Lorg/spongepowered/asm/mixin/injection/callback/CallbackInfo;)V won't be passed a CallbackInfo as a result
[04Mar2026 16:19:24.221] [pool-16-thread-1/DEBUG] [mixin/]: ae2.mixins.json:ItemEntityMixin from mod ae2->@Inject::handleEntityTransform(Lorg/spongepowered/asm/mixin/injection/callback/CallbackInfo;)V doesn't use it's CallbackInfo
[04Mar2026 16:19:24.222] [pool-16-thread-1/DEBUG] [mixin/]: ae2.mixins.json:ItemEntityMixin from mod ae2->@Inject::handleEntityTransform(Lorg/spongepowered/asm/mixin/injection/callback/CallbackInfo;)V has 0 override(s) in child classes
[04Mar2026 16:19:24.222] [pool-16-thread-1/DEBUG] [mixin/]: ae2.mixins.json:ItemEntityMixin from mod ae2->@Inject::handleEntityTransform(Lorg/spongepowered/asm/mixin/injection/callback/CallbackInfo;)V won't be passed a CallbackInfo as a result
[04Mar2026 16:19:24.314] [pool-16-thread-1/DEBUG] [mixin/]: Mixing neoforge.LiquidBlockAccessor from architectury.mixins.json into net.minecraft.world.level.block.LiquidBlock
[04Mar2026 16:19:24.315] [pool-16-thread-1/DEBUG] [mixin/]: architectury.mixins.json:neoforge.LiquidBlockAccessor from mod architectury: Class version 65 required is higher than the class version supported by the current version of Mixin (JAVA_16 supports class version 60)
[04Mar2026 16:19:24.315] [pool-16-thread-1/DEBUG] [mixin/]: Mixing inject.MixinLiquidBlock from architectury-common.mixins.json into net.minecraft.world.level.block.LiquidBlock
[04Mar2026 16:19:24.315] [pool-16-thread-1/DEBUG] [mixin/]: architectury-common.mixins.json:inject.MixinLiquidBlock from mod architectury: Class version 65 required is higher than the class version supported by the current version of Mixin (JAVA_16 supports class version 60)
[04Mar2026 16:19:24.367] [pool-16-thread-1/DEBUG] [mixin/]: Mixing LightningRodBlockMixin from nuclearcraft.mixins.json into net.minecraft.world.level.block.LightningRodBlock
[04Mar2026 16:19:24.369] [pool-16-thread-1/DEBUG] [mixin/]: nuclearcraft.mixins.json:LightningRodBlockMixin from mod nuclearcraft->@Inject::onLightningStrike(Lnet/minecraft/world/level/block/state/BlockState;Lnet/minecraft/world/level/Level;Lnet/minecraft/core/BlockPos;Lorg/spongepowered/asm/mixin/injection/callback/CallbackInfo;)V doesn't use it's CallbackInfo
[04Mar2026 16:19:24.369] [pool-16-thread-1/DEBUG] [mixin/]: nuclearcraft.mixins.json:LightningRodBlockMixin from mod nuclearcraft->@Inject::onLightningStrike(Lnet/minecraft/world/level/block/state/BlockState;Lnet/minecraft/world/level/Level;Lnet/minecraft/core/BlockPos;Lorg/spongepowered/asm/mixin/injection/callback/CallbackInfo;)V has 0 override(s) in child classes
[04Mar2026 16:19:24.369] [pool-16-thread-1/DEBUG] [mixin/]: nuclearcraft.mixins.json:LightningRodBlockMixin from mod nuclearcraft->@Inject::onLightningStrike(Lnet/minecraft/world/level/block/state/BlockState;Lnet/minecraft/world/level/Level;Lnet/minecraft/core/BlockPos;Lorg/spongepowered/asm/mixin/injection/callback/CallbackInfo;)V won't be passed a CallbackInfo as a result
[04Mar2026 16:19:24.405] [pool-16-thread-1/DEBUG] [mixin/]: Mixing inject.MixinEntityType from architectury-common.mixins.json into net.minecraft.world.entity.EntityType
[04Mar2026 16:19:24.405] [pool-16-thread-1/DEBUG] [mixin/]: architectury-common.mixins.json:inject.MixinEntityType from mod architectury: Class version 65 required is higher than the class version supported by the current version of Mixin (JAVA_16 supports class version 60)
[04Mar2026 16:19:24.424] [pool-16-thread-1/DEBUG] [mixin/]: Mixing inject.MixinFluid from architectury-common.mixins.json into net.minecraft.world.level.material.Fluid
[04Mar2026 16:19:24.424] [pool-16-thread-1/DEBUG] [mixin/]: architectury-common.mixins.json:inject.MixinFluid from mod architectury: Class version 65 required is higher than the class version supported by the current version of Mixin (JAVA_16 supports class version 60)
[04Mar2026 16:19:24.465] [pool-16-thread-1/DEBUG] [mixin/]: Mixing MixinFallingBlockEntity from architectury.mixins.json into net.minecraft.world.entity.item.FallingBlockEntity
[04Mar2026 16:19:24.466] [pool-16-thread-1/DEBUG] [mixin/]: architectury.mixins.json:MixinFallingBlockEntity from mod architectury: Class version 65 required is higher than the class version supported by the current version of Mixin (JAVA_16 supports class version 60)
[04Mar2026 16:19:24.477] [pool-16-thread-1/DEBUG] [mixin/]: architectury.mixins.json:MixinFallingBlockEntity from mod architectury->@Inject::handleLand(Lorg/spongepowered/asm/mixin/injection/callback/CallbackInfo;Lnet/minecraft/world/level/block/Block;Lnet/minecraft/core/BlockPos;ZZDLnet/minecraft/world/level/block/state/BlockState;)V doesn't use it's CallbackInfo
[04Mar2026 16:19:24.477] [pool-16-thread-1/DEBUG] [mixin/]: architectury.mixins.json:MixinFallingBlockEntity from mod architectury->@Inject::handleLand(Lorg/spongepowered/asm/mixin/injection/callback/CallbackInfo;Lnet/minecraft/world/level/block/Block;Lnet/minecraft/core/BlockPos;ZZDLnet/minecraft/world/level/block/state/BlockState;)V has 0 override(s) in child classes
[04Mar2026 16:19:24.477] [pool-16-thread-1/DEBUG] [mixin/]: architectury.mixins.json:MixinFallingBlockEntity from mod architectury->@Inject::handleLand(Lorg/spongepowered/asm/mixin/injection/callback/CallbackInfo;Lnet/minecraft/world/level/block/Block;Lnet/minecraft/core/BlockPos;ZZDLnet/minecraft/world/level/block/state/BlockState;)V won't be passed a CallbackInfo as a result
[04Mar2026 16:19:24.625] [pool-16-thread-1/DEBUG] [mixin/]: Mixing BlockEntityTypeAccessor from neoforge.mixins.json into net.minecraft.world.level.block.entity.BlockEntityType
[04Mar2026 16:19:24.732] [pool-16-thread-1/DEBUG] [mixin/]: Mixing ItemStackMixin from emi.mixins.json into net.minecraft.world.item.ItemStack
[04Mar2026 16:19:24.732] [pool-16-thread-1/DEBUG] [mixin/]: emi.mixins.json:ItemStackMixin from mod emi: Class version 65 required is higher than the class version supported by the current version of Mixin (JAVA_17 supports class version 61)
[04Mar2026 16:19:24.736] [pool-16-thread-1/DEBUG] [mixin/]: emi.mixins.json:ItemStackMixin from mod emi->@Inject::getTooltip(Lnet/minecraft/world/item/Item$TooltipContext;Lnet/minecraft/world/entity/player/Player;Lnet/minecraft/world/item/TooltipFlag;Lorg/spongepowered/asm/mixin/injection/callback/CallbackInfoReturnable;)V does use it's CallbackInfoReturnable
[04Mar2026 16:19:24.736] [pool-16-thread-1/DEBUG] [mixin/]: emi.mixins.json:ItemStackMixin from mod emi->@Inject::getTooltip(Lnet/minecraft/world/item/Item$TooltipContext;Lnet/minecraft/world/entity/player/Player;Lnet/minecraft/world/item/TooltipFlag;Lorg/spongepowered/asm/mixin/injection/callback/CallbackInfoReturnable;)V does use it's CallbackInfoReturnable
[04Mar2026 16:19:24.775] [pool-16-thread-1/DEBUG] [mixin/]: Mixing AnvilMenuMixin from ae2.mixins.json into net.minecraft.world.inventory.AnvilMenu
[04Mar2026 16:19:24.775] [pool-16-thread-1/DEBUG] [mixin/]: ae2.mixins.json:AnvilMenuMixin from mod ae2: Class version 65 required is higher than the class version supported by the current version of Mixin (JAVA_11 supports class version 55)
[04Mar2026 16:19:25.267] [pool-16-thread-1/DEBUG] [mixin/]: Mixing inject.MixinItem from architectury-common.mixins.json into net.minecraft.world.item.Item
[04Mar2026 16:19:25.267] [pool-16-thread-1/DEBUG] [mixin/]: architectury-common.mixins.json:inject.MixinItem from mod architectury: Class version 65 required is higher than the class version supported by the current version of Mixin (JAVA_16 supports class version 60)
[04Mar2026 16:19:25.270] [pool-16-thread-1/DEBUG] [mixin/]: architectury-common.mixins.json:inject.MixinItem from mod architectury->@Inject::init(Lnet/minecraft/world/item/Item$Properties;Lorg/spongepowered/asm/mixin/injection/callback/CallbackInfo;)V doesn't use it's CallbackInfo
[04Mar2026 16:19:25.270] [pool-16-thread-1/DEBUG] [mixin/]: architectury-common.mixins.json:inject.MixinItem from mod architectury->@Inject::init(Lnet/minecraft/world/item/Item$Properties;Lorg/spongepowered/asm/mixin/injection/callback/CallbackInfo;)V has 0 override(s) in child classes
[04Mar2026 16:19:25.270] [pool-16-thread-1/DEBUG] [mixin/]: architectury-common.mixins.json:inject.MixinItem from mod architectury->@Inject::init(Lnet/minecraft/world/item/Item$Properties;Lorg/spongepowered/asm/mixin/injection/callback/CallbackInfo;)V won't be passed a CallbackInfo as a result
[04Mar2026 16:19:25.274] [pool-16-thread-1/DEBUG] [mixin/]: Mixing accessor.ShovelItemAccessor from emi.mixins.json into net.minecraft.world.item.ShovelItem
[04Mar2026 16:19:25.275] [pool-16-thread-1/DEBUG] [mixin/]: emi.mixins.json:accessor.ShovelItemAccessor from mod emi: Class version 65 required is higher than the class version supported by the current version of Mixin (JAVA_17 supports class version 61)
[04Mar2026 16:19:25.275] [pool-16-thread-1/DEBUG] [mixin/]: Renaming @Accessor method getPathStates()Ljava/util/Map; to getPathStates$emi_$md$3f8e02$0 in emi.mixins.json:accessor.ShovelItemAccessor from mod emi
[04Mar2026 16:19:25.276] [pool-16-thread-1/DEBUG] [mixin/]: Mixing accessor.AxeItemAccessor from emi.mixins.json into net.minecraft.world.item.AxeItem
[04Mar2026 16:19:25.276] [pool-16-thread-1/DEBUG] [mixin/]: emi.mixins.json:accessor.AxeItemAccessor from mod emi: Class version 65 required is higher than the class version supported by the current version of Mixin (JAVA_17 supports class version 61)
[04Mar2026 16:19:25.276] [pool-16-thread-1/DEBUG] [mixin/]: Renaming @Accessor method getStrippedBlocks()Ljava/util/Map; to getStrippedBlocks$emi_$md$3f8e02$0 in emi.mixins.json:accessor.AxeItemAccessor from mod emi
[04Mar2026 16:19:25.277] [pool-16-thread-1/DEBUG] [mixin/]: Mixing accessor.HoeItemAccessor from emi.mixins.json into net.minecraft.world.item.HoeItem
[04Mar2026 16:19:25.278] [pool-16-thread-1/DEBUG] [mixin/]: emi.mixins.json:accessor.HoeItemAccessor from mod emi: Class version 65 required is higher than the class version supported by the current version of Mixin (JAVA_17 supports class version 61)
[04Mar2026 16:19:25.278] [pool-16-thread-1/DEBUG] [mixin/]: Renaming @Accessor method getTillingActions()Ljava/util/Map; to getTillingActions$emi_$md$3f8e02$0 in emi.mixins.json:accessor.HoeItemAccessor from mod emi
[04Mar2026 16:19:25.278] [pool-16-thread-1/DEBUG] [mixin/]: Mixing HoeItemMixin from emi.mixins.json into net.minecraft.world.item.HoeItem
[04Mar2026 16:19:25.278] [pool-16-thread-1/DEBUG] [mixin/]: emi.mixins.json:HoeItemMixin from mod emi: Class version 65 required is higher than the class version supported by the current version of Mixin (JAVA_17 supports class version 61)
[04Mar2026 16:19:25.281] [pool-16-thread-1/DEBUG] [mixin/]: emi.mixins.json:HoeItemMixin from mod emi->@Inject::createTillAction(Lnet/minecraft/world/level/block/state/BlockState;Lorg/spongepowered/asm/mixin/injection/callback/CallbackInfoReturnable;)V does use it's CallbackInfoReturnable
[04Mar2026 16:19:25.281] [pool-16-thread-1/DEBUG] [mixin/]: emi.mixins.json:HoeItemMixin from mod emi->@Inject::createTillAndDropAction(Lnet/minecraft/world/level/block/state/BlockState;Lnet/minecraft/world/level/ItemLike;Lorg/spongepowered/asm/mixin/injection/callback/CallbackInfoReturnable;)V does use it's CallbackInfoReturnable
[04Mar2026 16:19:25.282] [pool-16-thread-1/DEBUG] [mixin/]: Mixing neoforge.MixinBucketItem from architectury.mixins.json into net.minecraft.world.item.BucketItem
[04Mar2026 16:19:25.282] [pool-16-thread-1/DEBUG] [mixin/]: architectury.mixins.json:neoforge.MixinBucketItem from mod architectury: Class version 65 required is higher than the class version supported by the current version of Mixin (JAVA_16 supports class version 60)
[04Mar2026 16:19:25.283] [pool-16-thread-1/DEBUG] [mixin/]: Mixing neoforge.BucketItemAccessor from architectury.mixins.json into net.minecraft.world.item.BucketItem
[04Mar2026 16:19:25.283] [pool-16-thread-1/DEBUG] [mixin/]: architectury.mixins.json:neoforge.BucketItemAccessor from mod architectury: Class version 65 required is higher than the class version supported by the current version of Mixin (JAVA_16 supports class version 60)
[04Mar2026 16:19:25.283] [pool-16-thread-1/DEBUG] [mixin/]: Mixing inject.MixinBucketItem from architectury-common.mixins.json into net.minecraft.world.item.BucketItem
[04Mar2026 16:19:25.283] [pool-16-thread-1/DEBUG] [mixin/]: architectury-common.mixins.json:inject.MixinBucketItem from mod architectury: Class version 65 required is higher than the class version supported by the current version of Mixin (JAVA_16 supports class version 60)
[04Mar2026 16:19:25.285] [pool-16-thread-1/DEBUG] [mixin/]: architectury.mixins.json:neoforge.MixinBucketItem from mod architectury->@Inject::fillBucket(Lnet/minecraft/world/level/Level;Lnet/minecraft/world/entity/player/Player;Lnet/minecraft/world/InteractionHand;Lorg/spongepowered/asm/mixin/injection/callback/CallbackInfoReturnable;Lnet/minecraft/world/item/ItemStack;Lnet/minecraft/world/phys/BlockHitResult;)V does use it's CallbackInfoReturnable
[04Mar2026 16:19:25.308] [pool-16-thread-1/DEBUG] [mixin/]: Mixing inject.MixinItemProperties from architectury-common.mixins.json into net.minecraft.world.item.Item$Properties
[04Mar2026 16:19:25.308] [pool-16-thread-1/DEBUG] [mixin/]: architectury-common.mixins.json:inject.MixinItemProperties from mod architectury: Class version 65 required is higher than the class version supported by the current version of Mixin (JAVA_16 supports class version 60)
[04Mar2026 16:19:25.330] [pool-16-thread-1/DEBUG] [io.netty.util.internal.PlatformDependent0/]: -Dio.netty.noUnsafe: false
[04Mar2026 16:19:25.331] [pool-16-thread-1/DEBUG] [io.netty.util.internal.PlatformDependent0/]: Java version: 21
[04Mar2026 16:19:25.331] [pool-16-thread-1/DEBUG] [io.netty.util.internal.PlatformDependent0/]: sun.misc.Unsafe.theUnsafe: available
[04Mar2026 16:19:25.332] [pool-16-thread-1/DEBUG] [io.netty.util.internal.PlatformDependent0/]: sun.misc.Unsafe.copyMemory: available
[04Mar2026 16:19:25.333] [pool-16-thread-1/DEBUG] [io.netty.util.internal.PlatformDependent0/]: sun.misc.Unsafe.storeFence: available
[04Mar2026 16:19:25.333] [pool-16-thread-1/DEBUG] [io.netty.util.internal.PlatformDependent0/]: java.nio.Buffer.address: available
[04Mar2026 16:19:25.333] [pool-16-thread-1/DEBUG] [io.netty.util.internal.PlatformDependent0/]: java.nio.Bits.unaligned: available, true
[04Mar2026 16:19:25.334] [pool-16-thread-1/DEBUG] [io.netty.util.internal.PlatformDependent0/]: java.nio.DirectByteBuffer.<init>(long, {int,long}): unavailable
[04Mar2026 16:19:25.334] [pool-16-thread-1/DEBUG] [io.netty.util.internal.PlatformDependent/]: sun.misc.Unsafe: available
[04Mar2026 16:19:25.334] [pool-16-thread-1/DEBUG] [io.netty.util.internal.PlatformDependent/]: maxDirectMemory: 31675383808 bytes (maybe)
[04Mar2026 16:19:25.334] [pool-16-thread-1/DEBUG] [io.netty.util.internal.PlatformDependent/]: -Dio.netty.tmpdir: /var/folders/63/6v88q5nn1vq4hhzms1q75t680000gn/T (java.io.tmpdir)
[04Mar2026 16:19:25.334] [pool-16-thread-1/DEBUG] [io.netty.util.internal.PlatformDependent/]: -Dio.netty.bitMode: 64 (sun.arch.data.model)
[04Mar2026 16:19:25.334] [pool-16-thread-1/DEBUG] [io.netty.util.internal.PlatformDependent/]: Platform: MacOS
[04Mar2026 16:19:25.334] [pool-16-thread-1/DEBUG] [io.netty.util.internal.PlatformDependent/]: -Dio.netty.maxDirectMemory: -1 bytes
[04Mar2026 16:19:25.335] [pool-16-thread-1/DEBUG] [io.netty.util.internal.PlatformDependent/]: -Dio.netty.uninitializedArrayAllocationThreshold: -1
[04Mar2026 16:19:25.336] [pool-16-thread-1/DEBUG] [io.netty.util.internal.CleanerJava9/]: java.nio.ByteBuffer.cleaner(): available
[04Mar2026 16:19:25.336] [pool-16-thread-1/DEBUG] [io.netty.util.internal.PlatformDependent/]: -Dio.netty.noPreferDirect: false
[04Mar2026 16:19:25.563] [pool-16-thread-1/DEBUG] [mixin/]: Mixing MixinLightningBolt from architectury-common.mixins.json into net.minecraft.world.entity.LightningBolt
[04Mar2026 16:19:25.563] [pool-16-thread-1/DEBUG] [mixin/]: architectury-common.mixins.json:MixinLightningBolt from mod architectury: Class version 65 required is higher than the class version supported by the current version of Mixin (JAVA_16 supports class version 60)
[04Mar2026 16:19:25.568] [pool-16-thread-1/DEBUG] [mixin/]: architectury-common.mixins.json:MixinLightningBolt from mod architectury->@Inject::handleLightning(Lorg/spongepowered/asm/mixin/injection/callback/CallbackInfo;Ljava/util/List;)V doesn't use it's CallbackInfo
[04Mar2026 16:19:25.568] [pool-16-thread-1/DEBUG] [mixin/]: architectury-common.mixins.json:MixinLightningBolt from mod architectury->@Inject::handleLightning(Lorg/spongepowered/asm/mixin/injection/callback/CallbackInfo;Ljava/util/List;)V has 0 override(s) in child classes
[04Mar2026 16:19:25.568] [pool-16-thread-1/DEBUG] [mixin/]: architectury-common.mixins.json:MixinLightningBolt from mod architectury->@Inject::handleLightning(Lorg/spongepowered/asm/mixin/injection/callback/CallbackInfo;Ljava/util/List;)V won't be passed a CallbackInfo as a result
[04Mar2026 16:19:25.671] [pool-16-thread-1/DEBUG] [mixin/]: Mixing inject.MixinFoodPropertiesBuilder from architectury-common.mixins.json into net.minecraft.world.food.FoodProperties$Builder
[04Mar2026 16:19:25.671] [pool-16-thread-1/DEBUG] [mixin/]: architectury-common.mixins.json:inject.MixinFoodPropertiesBuilder from mod architectury: Class version 65 required is higher than the class version supported by the current version of Mixin (JAVA_16 supports class version 60)
[04Mar2026 16:19:25.936] [pool-16-thread-1/DEBUG] [mixin/]: Mixing MixinInventory from architectury.mixins.json into net.minecraft.world.entity.player.Inventory
[04Mar2026 16:19:25.936] [pool-16-thread-1/DEBUG] [mixin/]: architectury.mixins.json:MixinInventory from mod architectury: Class version 65 required is higher than the class version supported by the current version of Mixin (JAVA_16 supports class version 60)
[04Mar2026 16:19:25.938] [pool-16-thread-1/DEBUG] [mixin/]: architectury.mixins.json:MixinInventory from mod architectury->@Inject::updateItems(Lorg/spongepowered/asm/mixin/injection/callback/CallbackInfo;)V doesn't use it's CallbackInfo
[04Mar2026 16:19:25.939] [pool-16-thread-1/DEBUG] [mixin/]: architectury.mixins.json:MixinInventory from mod architectury->@Inject::updateItems(Lorg/spongepowered/asm/mixin/injection/callback/CallbackInfo;)V has 0 override(s) in child classes
[04Mar2026 16:19:25.939] [pool-16-thread-1/DEBUG] [mixin/]: architectury.mixins.json:MixinInventory from mod architectury->@Inject::updateItems(Lorg/spongepowered/asm/mixin/injection/callback/CallbackInfo;)V won't be passed a CallbackInfo as a result
[04Mar2026 16:19:25.941] [pool-16-thread-1/DEBUG] [mixin/]: Mixing accessor.CraftingResultSlotAccessor from emi.mixins.json into net.minecraft.world.inventory.ResultSlot
[04Mar2026 16:19:25.942] [pool-16-thread-1/DEBUG] [mixin/]: emi.mixins.json:accessor.CraftingResultSlotAccessor from mod emi: Class version 65 required is higher than the class version supported by the current version of Mixin (JAVA_17 supports class version 61)
[04Mar2026 16:19:25.942] [pool-16-thread-1/DEBUG] [mixin/]: Mixing CraftingResultSlotMixin from emi.mixins.json into net.minecraft.world.inventory.ResultSlot
[04Mar2026 16:19:25.942] [pool-16-thread-1/DEBUG] [mixin/]: emi.mixins.json:CraftingResultSlotMixin from mod emi: Class version 65 required is higher than the class version supported by the current version of Mixin (JAVA_17 supports class version 61)
[04Mar2026 16:19:25.945] [pool-16-thread-1/DEBUG] [mixin/]: emi.mixins.json:CraftingResultSlotMixin from mod emi->@Inject::onCrafted(Lnet/minecraft/world/item/ItemStack;Lorg/spongepowered/asm/mixin/injection/callback/CallbackInfo;)V doesn't use it's CallbackInfo
[04Mar2026 16:19:25.945] [pool-16-thread-1/DEBUG] [mixin/]: emi.mixins.json:CraftingResultSlotMixin from mod emi->@Inject::onCrafted(Lnet/minecraft/world/item/ItemStack;Lorg/spongepowered/asm/mixin/injection/callback/CallbackInfo;)V has 0 override(s) in child classes
[04Mar2026 16:19:25.945] [pool-16-thread-1/DEBUG] [mixin/]: emi.mixins.json:CraftingResultSlotMixin from mod emi->@Inject::onCrafted(Lnet/minecraft/world/item/ItemStack;Lorg/spongepowered/asm/mixin/injection/callback/CallbackInfo;)V won't be passed a CallbackInfo as a result
[04Mar2026 16:19:25.960] [pool-16-thread-1/DEBUG] [mixin/]: Mixing accessor.SmithingTransformRecipeAccessor from emi.mixins.json into net.minecraft.world.item.crafting.SmithingTransformRecipe
[04Mar2026 16:19:25.960] [pool-16-thread-1/DEBUG] [mixin/]: emi.mixins.json:accessor.SmithingTransformRecipeAccessor from mod emi: Class version 65 required is higher than the class version supported by the current version of Mixin (JAVA_17 supports class version 61)
[04Mar2026 16:19:25.960] [pool-16-thread-1/DEBUG] [mixin/]: Mixing AccessorSmithingTransformRecipe from patchouli_xplat.mixins.json into net.minecraft.world.item.crafting.SmithingTransformRecipe
[04Mar2026 16:19:25.962] [pool-16-thread-1/DEBUG] [mixin/]: Unexpected: Registered method getTemplate()Lnet/minecraft/world/item/crafting/Ingredient; in net.minecraft.world.item.crafting.SmithingTransformRecipe was not merged
[04Mar2026 16:19:25.962] [pool-16-thread-1/DEBUG] [mixin/]: Unexpected: Registered method getBase()Lnet/minecraft/world/item/crafting/Ingredient; in net.minecraft.world.item.crafting.SmithingTransformRecipe was not merged
[04Mar2026 16:19:25.962] [pool-16-thread-1/DEBUG] [mixin/]: Unexpected: Registered method getAddition()Lnet/minecraft/world/item/crafting/Ingredient; in net.minecraft.world.item.crafting.SmithingTransformRecipe was not merged
[04Mar2026 16:19:25.963] [pool-16-thread-1/DEBUG] [mixin/]: Mixing accessor.SmithingTrimRecipeAccessor from emi.mixins.json into net.minecraft.world.item.crafting.SmithingTrimRecipe
[04Mar2026 16:19:25.963] [pool-16-thread-1/DEBUG] [mixin/]: emi.mixins.json:accessor.SmithingTrimRecipeAccessor from mod emi: Class version 65 required is higher than the class version supported by the current version of Mixin (JAVA_17 supports class version 61)
[04Mar2026 16:19:25.964] [pool-16-thread-1/DEBUG] [mixin/]: Mixing AccessorSmithingTrimRecipe from patchouli_xplat.mixins.json into net.minecraft.world.item.crafting.SmithingTrimRecipe
[04Mar2026 16:19:25.964] [pool-16-thread-1/DEBUG] [mixin/]: Unexpected: Registered method getTemplate()Lnet/minecraft/world/item/crafting/Ingredient; in net.minecraft.world.item.crafting.SmithingTrimRecipe was not merged
[04Mar2026 16:19:25.964] [pool-16-thread-1/DEBUG] [mixin/]: Unexpected: Registered method getBase()Lnet/minecraft/world/item/crafting/Ingredient; in net.minecraft.world.item.crafting.SmithingTrimRecipe was not merged
[04Mar2026 16:19:25.964] [pool-16-thread-1/DEBUG] [mixin/]: Unexpected: Registered method getAddition()Lnet/minecraft/world/item/crafting/Ingredient; in net.minecraft.world.item.crafting.SmithingTrimRecipe was not merged
[04Mar2026 16:19:26.176] [pool-16-thread-1/DEBUG] [mixin/]: Mixing TemplatePoolAccess from nuclearcraft.mixins.json into net.minecraft.world.level.levelgen.structure.pools.StructureTemplatePool
[04Mar2026 16:19:26.354] [pool-16-thread-1/DEBUG] [net.neoforged.neoforge.registries.GameData/REGISTRIES]: Creating vanilla freeze snapshot
[04Mar2026 16:19:26.377] [pool-16-thread-1/DEBUG] [net.neoforged.neoforge.registries.GameData/REGISTRIES]: Vanilla freeze snapshot created
[04Mar2026 16:19:26.396] [main/DEBUG] [mixin/]: Mixing spatial.MinecraftServerMixin from ae2.mixins.json into net.minecraft.server.MinecraftServer
[04Mar2026 16:19:26.396] [main/DEBUG] [mixin/]: ae2.mixins.json:spatial.MinecraftServerMixin from mod ae2: Class version 65 required is higher than the class version supported by the current version of Mixin (JAVA_11 supports class version 55)
[04Mar2026 16:19:26.403] [main/DEBUG] [mixin/]: ae2.mixins.json:spatial.MinecraftServerMixin from mod ae2->@Inject::injectSpatialLevel(Lnet/minecraft/server/level/progress/ChunkProgressListener;Lorg/spongepowered/asm/mixin/injection/callback/CallbackInfo;)V doesn't use it's CallbackInfo
[04Mar2026 16:19:26.403] [main/DEBUG] [mixin/]: ae2.mixins.json:spatial.MinecraftServerMixin from mod ae2->@Inject::injectSpatialLevel(Lnet/minecraft/server/level/progress/ChunkProgressListener;Lorg/spongepowered/asm/mixin/injection/callback/CallbackInfo;)V has 0 override(s) in child classes
[04Mar2026 16:19:26.403] [main/DEBUG] [mixin/]: ae2.mixins.json:spatial.MinecraftServerMixin from mod ae2->@Inject::injectSpatialLevel(Lnet/minecraft/server/level/progress/ChunkProgressListener;Lorg/spongepowered/asm/mixin/injection/callback/CallbackInfo;)V won't be passed a CallbackInfo as a result
[04Mar2026 16:19:26.462] [main/DEBUG] [mixin/]: Mixing OverworldBiomeBuilderInvoker from nuclearcraft.mixins.json into net.minecraft.world.level.biome.OverworldBiomeBuilder
[04Mar2026 16:19:26.463] [main/DEBUG] [mixin/]: Mixing OverworldBiomeBuilderMixin from nuclearcraft.mixins.json into net.minecraft.world.level.biome.OverworldBiomeBuilder
[04Mar2026 16:19:26.467] [main/DEBUG] [mixin/]: nuclearcraft.mixins.json:OverworldBiomeBuilderMixin from mod nuclearcraft->@Inject::GE$writeLowBiomes(Ljava/util/function/Consumer;Lnet/minecraft/world/level/biome/Climate$Parameter;Lorg/spongepowered/asm/mixin/injection/callback/CallbackInfo;)V doesn't use it's CallbackInfo
[04Mar2026 16:19:26.467] [main/DEBUG] [mixin/]: nuclearcraft.mixins.json:OverworldBiomeBuilderMixin from mod nuclearcraft->@Inject::GE$writeMidBiomes(Ljava/util/function/Consumer;Lnet/minecraft/world/level/biome/Climate$Parameter;Lorg/spongepowered/asm/mixin/injection/callback/CallbackInfo;)V doesn't use it's CallbackInfo
[04Mar2026 16:19:26.467] [main/DEBUG] [mixin/]: nuclearcraft.mixins.json:OverworldBiomeBuilderMixin from mod nuclearcraft->@Inject::GE$writeHighBiomes(Ljava/util/function/Consumer;Lnet/minecraft/world/level/biome/Climate$Parameter;Lorg/spongepowered/asm/mixin/injection/callback/CallbackInfo;)V doesn't use it's CallbackInfo
[04Mar2026 16:19:26.605] [main/DEBUG] [mixin/]: Mixing client.MixinCommandSourceStack from architectury.mixins.json into net.minecraft.commands.CommandSourceStack
[04Mar2026 16:19:26.605] [main/DEBUG] [mixin/]: architectury.mixins.json:client.MixinCommandSourceStack from mod architectury: Class version 65 required is higher than the class version supported by the current version of Mixin (JAVA_16 supports class version 60)
[04Mar2026 16:19:26.704] [main/DEBUG] [mixin/]: Mixing tests.TestCommandMixin from ae2.mixins.json into net.minecraft.gametest.framework.TestCommand
[04Mar2026 16:19:26.704] [main/DEBUG] [mixin/]: ae2.mixins.json:tests.TestCommandMixin from mod ae2: Class version 65 required is higher than the class version supported by the current version of Mixin (JAVA_11 supports class version 55)
[04Mar2026 16:19:26.706] [main/DEBUG] [mixin/]: ae2.mixins.json:tests.TestCommandMixin from mod ae2->@Inject::verifyStructureExists(Lnet/minecraft/server/level/ServerLevel;Ljava/lang/String;Lorg/spongepowered/asm/mixin/injection/callback/CallbackInfoReturnable;)V does use it's CallbackInfoReturnable
[04Mar2026 16:19:26.730] [main/WARN] [net.minecraft.commands.Commands/]: Ambiguity between arguments [teleport, location] and [teleport, destination] with inputs: [0.1 -0.5 .9, 0 0 0]
[04Mar2026 16:19:26.731] [main/WARN] [net.minecraft.commands.Commands/]: Ambiguity between arguments [teleport, location] and [teleport, targets] with inputs: [0.1 -0.5 .9, 0 0 0]
[04Mar2026 16:19:26.733] [main/WARN] [net.minecraft.commands.Commands/]: Ambiguity between arguments [teleport, destination] and [teleport, targets] with inputs: [Player, 0123, @e, dd12be42-52a9-4a91-a8a1-11c01849e498]
[04Mar2026 16:19:26.733] [main/WARN] [net.minecraft.commands.Commands/]: Ambiguity between arguments [teleport, targets] and [teleport, destination] with inputs: [Player, 0123, dd12be42-52a9-4a91-a8a1-11c01849e498]
[04Mar2026 16:19:26.734] [main/WARN] [net.minecraft.commands.Commands/]: Ambiguity between arguments [teleport, targets, location] and [teleport, targets, destination] with inputs: [0.1 -0.5 .9, 0 0 0]
[04Mar2026 16:19:26.776] [Render thread/WARN] [net.minecraft.server.packs.VanillaPackResourcesBuilder/]: Assets URL 'union:/Users/caliane/Sources/nuclearcraft/.gradle/repositories/ng_dummy_ng/net/neoforged/neoforge/21.1.219/neoforge-21.1.219.jar%23188!/assets/.mcassetsroot' uses unexpected schema
[04Mar2026 16:19:26.776] [Render thread/WARN] [net.minecraft.server.packs.VanillaPackResourcesBuilder/]: Assets URL 'union:/Users/caliane/Sources/nuclearcraft/.gradle/repositories/ng_dummy_ng/net/neoforged/neoforge/21.1.219/neoforge-21.1.219.jar%23188!/data/.mcassetsroot' uses unexpected schema
[04Mar2026 16:19:26.803] [Render thread/INFO] [com.mojang.authlib.yggdrasil.YggdrasilAuthenticationService/]: Environment: Environment[sessionHost=https://sessionserver.mojang.com, servicesHost=https://api.minecraftservices.com, name=PROD]
[04Mar2026 16:19:26.808] [Render thread/INFO] [net.minecraft.client.Minecraft/]: Setting user: Dev
[04Mar2026 16:19:26.808] [Render thread/DEBUG] [mixin/]: Mixing client.AccessorKeyMapping from patchouli_xplat.mixins.json into net.minecraft.client.KeyMapping
[04Mar2026 16:19:26.809] [Render thread/DEBUG] [mixin/]: Renaming @Accessor method getAllKeyMappings()Ljava/util/Map; to getAllKeyMappings$patchouli_$md$3f8e02$0 in patchouli_xplat.mixins.json:client.AccessorKeyMapping from mod patchouli
[04Mar2026 16:19:26.810] [Render thread/DEBUG] [mixin/]: Mixing ToastManagerMixin from emi.mixins.json into net.minecraft.client.gui.components.toasts.ToastComponent
[04Mar2026 16:19:26.810] [Render thread/DEBUG] [mixin/]: emi.mixins.json:ToastManagerMixin from mod emi: Class version 65 required is higher than the class version supported by the current version of Mixin (JAVA_17 supports class version 61)
[04Mar2026 16:19:26.811] [Render thread/DEBUG] [mixin/]: emi.mixins.json:ToastManagerMixin from mod emi->@Inject::drawHead(Lnet/minecraft/client/gui/GuiGraphics;Lorg/spongepowered/asm/mixin/injection/callback/CallbackInfo;)V does use it's CallbackInfo
[04Mar2026 16:19:26.858] [Render thread/INFO] [net.minecraft.client.Minecraft/]: Backend library: LWJGL version 3.3.3+5
[04Mar2026 16:19:27.056] [Render thread/DEBUG] [mixin/]: Mixing MouseMixin from emi.mixins.json into net.minecraft.client.MouseHandler
[04Mar2026 16:19:27.056] [Render thread/DEBUG] [mixin/]: emi.mixins.json:MouseMixin from mod emi: Class version 65 required is higher than the class version supported by the current version of Mixin (JAVA_17 supports class version 61)
[04Mar2026 16:19:27.064] [Render thread/DEBUG] [mixin/]: emi.mixins.json:MouseMixin from mod emi->@Inject::onMouseDown(JIIILorg/spongepowered/asm/mixin/injection/callback/CallbackInfo;)V does use it's CallbackInfo
[04Mar2026 16:19:27.064] [Render thread/DEBUG] [mixin/]: emi.mixins.json:MouseMixin from mod emi->@Inject::onMouseUp(JIIILorg/spongepowered/asm/mixin/injection/callback/CallbackInfo;)V does use it's CallbackInfo
[04Mar2026 16:19:27.064] [Render thread/DEBUG] [mixin/]: emi.mixins.json:MouseMixin from mod emi->@Inject::onMouseDragged(Lorg/spongepowered/asm/mixin/injection/callback/CallbackInfo;)V doesn't use it's CallbackInfo
[04Mar2026 16:19:27.064] [Render thread/DEBUG] [mixin/]: emi.mixins.json:MouseMixin from mod emi->@Inject::onMouseDragged(Lorg/spongepowered/asm/mixin/injection/callback/CallbackInfo;)V has 0 override(s) in child classes
[04Mar2026 16:19:27.064] [Render thread/DEBUG] [mixin/]: emi.mixins.json:MouseMixin from mod emi->@Inject::onMouseDragged(Lorg/spongepowered/asm/mixin/injection/callback/CallbackInfo;)V won't be passed a CallbackInfo as a result
[04Mar2026 16:19:27.064] [Render thread/DEBUG] [mixin/]: emi.mixins.json:MouseMixin from mod emi->@Inject::onMouseScrolled(JDDLorg/spongepowered/asm/mixin/injection/callback/CallbackInfo;)V does use it's CallbackInfo
[04Mar2026 16:19:27.066] [Render thread/DEBUG] [mixin/]: Mixing KeyboardMixin from emi.mixins.json into net.minecraft.client.KeyboardHandler
[04Mar2026 16:19:27.066] [Render thread/DEBUG] [mixin/]: emi.mixins.json:KeyboardMixin from mod emi: Class version 65 required is higher than the class version supported by the current version of Mixin (JAVA_17 supports class version 61)
[04Mar2026 16:19:27.069] [Render thread/DEBUG] [mixin/]: emi.mixins.json:KeyboardMixin from mod emi->@Inject::onKey(JIIIILorg/spongepowered/asm/mixin/injection/callback/CallbackInfo;)V does use it's CallbackInfo
[04Mar2026 16:19:27.070] [Render thread/DEBUG] [mixin/]: emi.mixins.json:KeyboardMixin from mod emi->@Inject::onChar(JIILorg/spongepowered/asm/mixin/injection/callback/CallbackInfo;)V does use it's CallbackInfo
[04Mar2026 16:19:27.098] [Render thread/DEBUG] [net.neoforged.fml.ModWorkManager/LOADING]: Using 32 threads for parallel mod-loading
[04Mar2026 16:19:27.108] [Render thread/DEBUG] [net.neoforged.fml.javafmlmod.FMLModContainer/LOADING]: Creating FMLModContainer instance for [dev.emi.emi.platform.neoforge.EmiNeoForge]
[04Mar2026 16:19:27.110] [Render thread/DEBUG] [net.neoforged.fml.javafmlmod.FMLModContainer/LOADING]: Creating FMLModContainer instance for [mcjty.theoneprobe.TheOneProbe]
[04Mar2026 16:19:27.112] [Render thread/DEBUG] [net.neoforged.fml.javafmlmod.FMLModContainer/LOADING]: Creating FMLModContainer instance for [mekanism.common.Mekanism, mekanism.client.MekanismClient]
[04Mar2026 16:19:27.115] [Render thread/DEBUG] [net.neoforged.fml.javafmlmod.FMLModContainer/LOADING]: Creating FMLModContainer instance for [vazkii.patchouli.neoforge.common.NeoForgeModInitializer]
[04Mar2026 16:19:27.120] [Render thread/DEBUG] [net.neoforged.fml.javafmlmod.FMLModContainer/LOADING]: Creating FMLModContainer instance for [guideme.internal.GuideME, guideme.internal.GuideMEClient]
[04Mar2026 16:19:27.121] [Render thread/DEBUG] [net.neoforged.fml.javafmlmod.FMLModContainer/LOADING]: Creating FMLModContainer instance for [dev.architectury.neoforge.ArchitecturyNeoForge]
[04Mar2026 16:19:27.122] [Render thread/DEBUG] [net.neoforged.fml.javafmlmod.FMLModContainer/LOADING]: Creating FMLModContainer instance for [dan200.computercraft.ComputerCraft]
[04Mar2026 16:19:27.123] [Render thread/DEBUG] [net.neoforged.fml.javafmlmod.FMLModContainer/LOADING]: Creating FMLModContainer instance for [net.neoforged.neoforge.common.NeoForgeMod, net.neoforged.neoforge.client.ClientNeoForgeMod]
[04Mar2026 16:19:27.124] [Render thread/DEBUG] [net.neoforged.fml.javafmlmod.FMLModContainer/LOADING]: Creating FMLModContainer instance for [igentuman.nc.NuclearCraft]
[04Mar2026 16:19:27.125] [Render thread/DEBUG] [net.neoforged.fml.javafmlmod.FMLModContainer/LOADING]: Creating FMLModContainer instance for [mekanism.generators.common.MekanismGenerators, mekanism.generators.client.GeneratorsClient]
[04Mar2026 16:19:27.125] [Render thread/DEBUG] [net.neoforged.fml.javafmlmod.FMLModContainer/LOADING]: Creating FMLModContainer instance for [appeng.core.AppEngClient]
[04Mar2026 16:19:27.146] [modloading-worker-0/INFO] [igentuman.nc.NuclearCraft/]: JAR file path: /Users/caliane/Sources/nuclearcraft/build/resources/main
[04Mar2026 16:19:27.147] [modloading-worker-0/DEBUG] [net.neoforged.fml.config.ConfigTracker/CONFIG]: Config file patchouli-client.toml for patchouli tracking
[04Mar2026 16:19:27.148] [modloading-worker-0/INFO] [igentuman.nc.NuclearCraft/]: JAR file path: /Users/caliane/Sources/nuclearcraft/build/resources/main
[04Mar2026 16:19:27.149] [modloading-worker-0/INFO] [igentuman.nc.NuclearCraft/]: JAR file path: /Users/caliane/Sources/nuclearcraft/build/resources/main
[04Mar2026 16:19:27.153] [modloading-worker-0/DEBUG] [net.neoforged.fml.config.ConfigTracker/CONFIG]: Config file NuclearCraft/client.toml for nuclearcraft tracking
[04Mar2026 16:19:27.153] [modloading-worker-0/DEBUG] [net.neoforged.fml.javafmlmod.AutomaticEventSubscriber/LOADING]: Attempting to inject @EventBusSubscriber classes into the eventbus for patchouli
[04Mar2026 16:19:27.153] [modloading-worker-0/DEBUG] [net.neoforged.fml.javafmlmod.AutomaticEventSubscriber/LOADING]: Attempting to inject @EventBusSubscriber classes into the eventbus for emi
[04Mar2026 16:19:27.154] [modloading-worker-0/DEBUG] [net.neoforged.fml.javafmlmod.AutomaticEventSubscriber/LOADING]: Scanning class vazkii.patchouli.neoforge.client.NeoForgeClientInitializer for @SubscribeEvent-annotated methods
[04Mar2026 16:19:27.154] [modloading-worker-0/DEBUG] [net.neoforged.fml.javafmlmod.AutomaticEventSubscriber/LOADING]: Scanning class dev.emi.emi.platform.neoforge.EmiClientNeoForge for @SubscribeEvent-annotated methods
[04Mar2026 16:19:27.157] [modloading-worker-0/DEBUG] [net.neoforged.fml.config.ConfigTracker/CONFIG]: Config file theoneprobe-client.toml for theoneprobe tracking
[04Mar2026 16:19:27.158] [modloading-worker-0/DEBUG] [net.neoforged.fml.config.ConfigTracker/CONFIG]: Config file theoneprobe-common.toml for theoneprobe tracking
[04Mar2026 16:19:27.162] [modloading-worker-0/DEBUG] [net.neoforged.fml.javafmlmod.AutomaticEventSubscriber/]: Subscribing @EventBusSubscriber class Lvazkii/patchouli/neoforge/client/NeoForgeClientInitializer; to the mod event bus of mod patchouli
[04Mar2026 16:19:27.163] [modloading-worker-0/DEBUG] [net.neoforged.fml.javafmlmod.AutomaticEventSubscriber/]: Subscribing @EventBusSubscriber class Ldev/emi/emi/platform/neoforge/EmiClientNeoForge; to the mod event bus of mod emi
[04Mar2026 16:19:27.163] [modloading-worker-0/DEBUG] [net.neoforged.neoforge.internal.versions.neoforge.NeoForgeVersion/CORE]: Found NeoForge version 21.1.219
[04Mar2026 16:19:27.164] [modloading-worker-0/DEBUG] [net.neoforged.neoforge.internal.versions.neoforge.NeoForgeVersion/CORE]: Found FML version 4.0.42
[04Mar2026 16:19:27.164] [modloading-worker-0/INFO] [net.neoforged.neoforge.common.NeoForgeMod/NEOFORGE-MOD]: NeoForge mod loading, version 21.1.219, for MC 1.21.1
[04Mar2026 16:19:27.165] [modloading-worker-0/DEBUG] [net.neoforged.fml.javafmlmod.AutomaticEventSubscriber/LOADING]: Scanning class vazkii.patchouli.neoforge.common.NeoForgeModInitializer for @SubscribeEvent-annotated methods
[04Mar2026 16:19:27.166] [modloading-worker-0/DEBUG] [net.neoforged.fml.javafmlmod.AutomaticEventSubscriber/]: Subscribing @EventBusSubscriber class Lvazkii/patchouli/neoforge/common/NeoForgeModInitializer; to the mod event bus of mod patchouli
[04Mar2026 16:19:27.166] [modloading-worker-0/DEBUG] [net.neoforged.fml.config.ConfigTracker/CONFIG]: Config file NuclearCraft/materials.toml for nuclearcraft tracking
[04Mar2026 16:19:27.167] [modloading-worker-0/DEBUG] [net.neoforged.fml.javafmlmod.AutomaticEventSubscriber/LOADING]: Attempting to inject @EventBusSubscriber classes into the eventbus for theoneprobe
[04Mar2026 16:19:27.167] [modloading-worker-0/DEBUG] [net.neoforged.fml.javafmlmod.AutomaticEventSubscriber/LOADING]: Scanning class mcjty.theoneprobe.config.ConfigReload for @SubscribeEvent-annotated methods
[04Mar2026 16:19:27.167] [modloading-worker-0/DEBUG] [net.neoforged.fml.javafmlmod.AutomaticEventSubscriber/]: Subscribing @EventBusSubscriber class Lmcjty/theoneprobe/config/ConfigReload; to the mod event bus of mod theoneprobe
[04Mar2026 16:19:27.171] [modloading-worker-0/DEBUG] [net.neoforged.fml.config.ConfigTracker/CONFIG]: Config file NuclearCraft/ore_generation.toml for nuclearcraft tracking
[04Mar2026 16:19:27.172] [modloading-worker-0/DEBUG] [net.neoforged.fml.config.ConfigTracker/CONFIG]: Config file neoforge-client.toml for neoforge tracking
[04Mar2026 16:19:27.172] [modloading-worker-0/DEBUG] [net.neoforged.fml.config.ConfigTracker/CONFIG]: Config file neoforge-server.toml for neoforge tracking
[04Mar2026 16:19:27.173] [modloading-worker-0/DEBUG] [net.neoforged.fml.config.ConfigTracker/CONFIG]: Config file neoforge-common.toml for neoforge tracking
[04Mar2026 16:19:27.182] [modloading-worker-0/WARN] [AE2:C/]: Unable to find class com.simibubi.create.foundation.ponder.PonderWorld. Integration with PonderJS disabled.
[04Mar2026 16:19:27.186] [modloading-worker-0/DEBUG] [net.neoforged.fml.config.ConfigTracker/CONFIG]: Config file ae2-client.toml for ae2 tracking
[04Mar2026 16:19:27.186] [modloading-worker-0/DEBUG] [net.neoforged.fml.config.ConfigTracker/CONFIG]: Config file ae2-common.toml for ae2 tracking
[04Mar2026 16:19:27.211] [modloading-worker-0/DEBUG] [net.neoforged.fml.config.ConfigTracker/CONFIG]: Config file NuclearCraft/common.toml for nuclearcraft tracking
[04Mar2026 16:19:27.213] [modloading-worker-0/DEBUG] [net.neoforged.fml.config.ConfigTracker/CONFIG]: Config file NuclearCraft/kugelblitz.toml for nuclearcraft tracking
[04Mar2026 16:19:27.214] [modloading-worker-0/DEBUG] [net.neoforged.fml.config.ConfigTracker/CONFIG]: Config file NuclearCraft/accelerator.toml for nuclearcraft tracking
[04Mar2026 16:19:27.228] [modloading-worker-0/DEBUG] [net.neoforged.fml.javafmlmod.AutomaticEventSubscriber/LOADING]: Attempting to inject @EventBusSubscriber classes into the eventbus for architectury
[04Mar2026 16:19:27.232] [modloading-worker-0/DEBUG] [net.neoforged.fml.javafmlmod.AutomaticEventSubscriber/LOADING]: Attempting to inject @EventBusSubscriber classes into the eventbus for neoforge
[04Mar2026 16:19:27.232] [modloading-worker-0/DEBUG] [net.neoforged.fml.javafmlmod.AutomaticEventSubscriber/LOADING]: Scanning class net.neoforged.neoforge.client.BlockEntityRenderBoundsDebugRenderer for @SubscribeEvent-annotated methods
[04Mar2026 16:19:27.234] [modloading-worker-0/DEBUG] [net.neoforged.fml.javafmlmod.AutomaticEventSubscriber/]: Subscribing @EventBusSubscriber class Lnet/neoforged/neoforge/client/BlockEntityRenderBoundsDebugRenderer; to the game event bus
[04Mar2026 16:19:27.235] [modloading-worker-0/DEBUG] [net.neoforged.fml.javafmlmod.AutomaticEventSubscriber/LOADING]: Scanning class net.neoforged.neoforge.client.model.data.ModelDataManager for @SubscribeEvent-annotated methods
[04Mar2026 16:19:27.236] [modloading-worker-0/DEBUG] [net.neoforged.fml.javafmlmod.AutomaticEventSubscriber/]: Subscribing @EventBusSubscriber class Lnet/neoforged/neoforge/client/model/data/ModelDataManager; to the game event bus
[04Mar2026 16:19:27.236] [modloading-worker-0/DEBUG] [net.neoforged.fml.javafmlmod.AutomaticEventSubscriber/LOADING]: Scanning class net.neoforged.neoforge.client.ClientHooks$ClientEvents for @SubscribeEvent-annotated methods
[04Mar2026 16:19:27.239] [modloading-worker-0/DEBUG] [net.neoforged.fml.javafmlmod.AutomaticEventSubscriber/]: Subscribing @EventBusSubscriber class Lnet/neoforged/neoforge/client/ClientHooks$ClientEvents; to the mod event bus of mod neoforge
[04Mar2026 16:19:27.239] [modloading-worker-0/DEBUG] [net.neoforged.fml.javafmlmod.AutomaticEventSubscriber/LOADING]: Scanning class net.neoforged.neoforge.client.ParticleBoundsDebugRenderer for @SubscribeEvent-annotated methods
[04Mar2026 16:19:27.241] [modloading-worker-0/DEBUG] [net.neoforged.fml.javafmlmod.AutomaticEventSubscriber/]: Subscribing @EventBusSubscriber class Lnet/neoforged/neoforge/client/ParticleBoundsDebugRenderer; to the game event bus
[04Mar2026 16:19:27.242] [modloading-worker-0/DEBUG] [net.neoforged.fml.javafmlmod.AutomaticEventSubscriber/LOADING]: Scanning class net.neoforged.neoforge.common.DeferredSpawnEggItem$ColorRegisterHandler for @SubscribeEvent-annotated methods
[04Mar2026 16:19:27.243] [modloading-worker-0/DEBUG] [net.neoforged.fml.javafmlmod.AutomaticEventSubscriber/]: Subscribing @EventBusSubscriber class Lnet/neoforged/neoforge/common/DeferredSpawnEggItem$ColorRegisterHandler; to the mod event bus of mod neoforge
[04Mar2026 16:19:27.243] [modloading-worker-0/DEBUG] [net.neoforged.fml.javafmlmod.AutomaticEventSubscriber/LOADING]: Scanning class net.neoforged.neoforge.common.DeferredSpawnEggItem$CommonHandler for @SubscribeEvent-annotated methods
[04Mar2026 16:19:27.243] [modloading-worker-0/DEBUG] [net.neoforged.fml.javafmlmod.AutomaticEventSubscriber/]: Subscribing @EventBusSubscriber class Lnet/neoforged/neoforge/common/DeferredSpawnEggItem$CommonHandler; to the mod event bus of mod neoforge
[04Mar2026 16:19:27.243] [modloading-worker-0/DEBUG] [net.neoforged.fml.javafmlmod.AutomaticEventSubscriber/LOADING]: Scanning class net.neoforged.neoforge.common.MonsterRoomHooks for @SubscribeEvent-annotated methods
[04Mar2026 16:19:27.244] [modloading-worker-0/DEBUG] [net.neoforged.fml.javafmlmod.AutomaticEventSubscriber/]: Subscribing @EventBusSubscriber class Lnet/neoforged/neoforge/common/MonsterRoomHooks; to the game event bus
[04Mar2026 16:19:27.245] [modloading-worker-0/DEBUG] [net.neoforged.fml.javafmlmod.AutomaticEventSubscriber/LOADING]: Scanning class net.neoforged.neoforge.server.command.ConfigCommand for @SubscribeEvent-annotated methods
[04Mar2026 16:19:27.246] [modloading-worker-0/DEBUG] [net.neoforged.fml.javafmlmod.AutomaticEventSubscriber/]: Subscribing @EventBusSubscriber class Lnet/neoforged/neoforge/server/command/ConfigCommand; to the game event bus
[04Mar2026 16:19:27.246] [modloading-worker-0/DEBUG] [net.neoforged.fml.javafmlmod.AutomaticEventSubscriber/LOADING]: Scanning class net.neoforged.neoforge.network.ConfigurationInitialization for @SubscribeEvent-annotated methods
[04Mar2026 16:19:27.251] [modloading-worker-0/DEBUG] [net.neoforged.fml.javafmlmod.AutomaticEventSubscriber/]: Subscribing @EventBusSubscriber class Lnet/neoforged/neoforge/network/ConfigurationInitialization; to the mod event bus of mod neoforge
[04Mar2026 16:19:27.252] [modloading-worker-0/DEBUG] [net.neoforged.fml.javafmlmod.AutomaticEventSubscriber/LOADING]: Scanning class net.neoforged.neoforge.network.NetworkInitialization for @SubscribeEvent-annotated methods
[04Mar2026 16:19:27.253] [modloading-worker-0/DEBUG] [net.neoforged.fml.javafmlmod.AutomaticEventSubscriber/]: Subscribing @EventBusSubscriber class Lnet/neoforged/neoforge/network/NetworkInitialization; to the mod event bus of mod neoforge
[04Mar2026 16:19:27.253] [modloading-worker-0/DEBUG] [net.neoforged.fml.javafmlmod.AutomaticEventSubscriber/LOADING]: Scanning class net.neoforged.neoforge.network.filters.GenericPacketSplitter for @SubscribeEvent-annotated methods
[04Mar2026 16:19:27.286] [modloading-worker-0/DEBUG] [io.netty.buffer.AbstractByteBuf/]: -Dio.netty.buffer.checkAccessible: true
[04Mar2026 16:19:27.286] [modloading-worker-0/DEBUG] [net.neoforged.fml.config.ConfigTracker/CONFIG]: Config file NuclearCraft/processors.toml for nuclearcraft tracking
[04Mar2026 16:19:27.286] [modloading-worker-0/DEBUG] [io.netty.buffer.AbstractByteBuf/]: -Dio.netty.buffer.checkBounds: true
[04Mar2026 16:19:27.287] [modloading-worker-0/DEBUG] [io.netty.util.ResourceLeakDetectorFactory/]: Loaded default ResourceLeakDetector: io.netty.util.ResourceLeakDetector@26b06ed8
[04Mar2026 16:19:27.288] [modloading-worker-0/DEBUG] [net.neoforged.fml.config.ConfigTracker/CONFIG]: Config file NuclearCraft/fission.toml for nuclearcraft tracking
[04Mar2026 16:19:27.294] [modloading-worker-0/DEBUG] [io.netty.util.internal.InternalThreadLocalMap/]: -Dio.netty.threadLocalMap.stringBuilder.initialSize: 1024
[04Mar2026 16:19:27.294] [modloading-worker-0/DEBUG] [io.netty.util.internal.InternalThreadLocalMap/]: -Dio.netty.threadLocalMap.stringBuilder.maxSize: 4096
[04Mar2026 16:19:27.297] [modloading-worker-0/DEBUG] [net.neoforged.fml.config.ConfigTracker/CONFIG]: Config file NuclearCraft/fusion.toml for nuclearcraft tracking
[04Mar2026 16:19:27.297] [modloading-worker-0/DEBUG] [io.netty.buffer.PooledByteBufAllocator/]: -Dio.netty.allocator.numHeapArenas: 64
[04Mar2026 16:19:27.297] [modloading-worker-0/DEBUG] [io.netty.buffer.PooledByteBufAllocator/]: -Dio.netty.allocator.numDirectArenas: 64
[04Mar2026 16:19:27.297] [modloading-worker-0/DEBUG] [io.netty.buffer.PooledByteBufAllocator/]: -Dio.netty.allocator.pageSize: 8192
[04Mar2026 16:19:27.297] [modloading-worker-0/DEBUG] [io.netty.buffer.PooledByteBufAllocator/]: -Dio.netty.allocator.maxOrder: 9
[04Mar2026 16:19:27.297] [modloading-worker-0/DEBUG] [io.netty.buffer.PooledByteBufAllocator/]: -Dio.netty.allocator.chunkSize: 4194304
[04Mar2026 16:19:27.297] [modloading-worker-0/DEBUG] [io.netty.buffer.PooledByteBufAllocator/]: -Dio.netty.allocator.smallCacheSize: 256
[04Mar2026 16:19:27.297] [modloading-worker-0/DEBUG] [io.netty.buffer.PooledByteBufAllocator/]: -Dio.netty.allocator.normalCacheSize: 64
[04Mar2026 16:19:27.297] [modloading-worker-0/DEBUG] [io.netty.buffer.PooledByteBufAllocator/]: -Dio.netty.allocator.maxCachedBufferCapacity: 32768
[04Mar2026 16:19:27.297] [modloading-worker-0/DEBUG] [io.netty.buffer.PooledByteBufAllocator/]: -Dio.netty.allocator.cacheTrimInterval: 8192
[04Mar2026 16:19:27.297] [modloading-worker-0/DEBUG] [io.netty.buffer.PooledByteBufAllocator/]: -Dio.netty.allocator.cacheTrimIntervalMillis: 0
[04Mar2026 16:19:27.297] [modloading-worker-0/DEBUG] [io.netty.buffer.PooledByteBufAllocator/]: -Dio.netty.allocator.useCacheForAllThreads: false
[04Mar2026 16:19:27.297] [modloading-worker-0/DEBUG] [io.netty.buffer.PooledByteBufAllocator/]: -Dio.netty.allocator.maxCachedByteBuffersPerChunk: 1023
[04Mar2026 16:19:27.303] [modloading-worker-0/DEBUG] [net.neoforged.fml.config.ConfigTracker/CONFIG]: Config file computercraft-server.toml for computercraft tracking
[04Mar2026 16:19:27.303] [modloading-worker-0/DEBUG] [net.neoforged.fml.config.ConfigTracker/CONFIG]: Config file computercraft-client.toml for computercraft tracking
[04Mar2026 16:19:27.303] [modloading-worker-0/DEBUG] [net.neoforged.fml.javafmlmod.AutomaticEventSubscriber/LOADING]: Attempting to inject @EventBusSubscriber classes into the eventbus for computercraft
[04Mar2026 16:19:27.303] [modloading-worker-0/DEBUG] [net.neoforged.fml.javafmlmod.AutomaticEventSubscriber/LOADING]: Scanning class dan200.computercraft.client.ForgeClientRegistry for @SubscribeEvent-annotated methods
[04Mar2026 16:19:27.305] [modloading-worker-0/DEBUG] [net.neoforged.fml.javafmlmod.AutomaticEventSubscriber/]: Subscribing @EventBusSubscriber class Ldan200/computercraft/client/ForgeClientRegistry; to the mod event bus of mod computercraft
[04Mar2026 16:19:27.307] [modloading-worker-0/DEBUG] [net.neoforged.fml.javafmlmod.AutomaticEventSubscriber/LOADING]: Scanning class dan200.computercraft.client.ForgeClientHooks for @SubscribeEvent-annotated methods
[04Mar2026 16:19:27.309] [modloading-worker-0/DEBUG] [net.neoforged.fml.javafmlmod.AutomaticEventSubscriber/]: Subscribing @EventBusSubscriber class Ldan200/computercraft/client/ForgeClientHooks; to the game event bus
[04Mar2026 16:19:27.309] [modloading-worker-0/DEBUG] [io.netty.buffer.ByteBufUtil/]: -Dio.netty.allocator.type: pooled
[04Mar2026 16:19:27.310] [modloading-worker-0/DEBUG] [io.netty.buffer.ByteBufUtil/]: -Dio.netty.threadLocalDirectBufferSize: 0
[04Mar2026 16:19:27.310] [modloading-worker-0/DEBUG] [io.netty.buffer.ByteBufUtil/]: -Dio.netty.maxThreadLocalCharBufferSize: 16384
[04Mar2026 16:19:27.312] [modloading-worker-0/DEBUG] [net.neoforged.fml.javafmlmod.AutomaticEventSubscriber/LOADING]: Scanning class dan200.computercraft.shared.ForgeCommonHooks for @SubscribeEvent-annotated methods
[04Mar2026 16:19:27.313] [modloading-worker-0/DEBUG] [net.neoforged.fml.javafmlmod.AutomaticEventSubscriber/]: Subscribing @EventBusSubscriber class Ldan200/computercraft/shared/ForgeCommonHooks; to the game event bus
[04Mar2026 16:19:27.314] [modloading-worker-0/DEBUG] [net.neoforged.fml.config.ConfigTracker/CONFIG]: Config file NuclearCraft/turbine.toml for nuclearcraft tracking
[04Mar2026 16:19:27.316] [modloading-worker-0/DEBUG] [net.neoforged.fml.javafmlmod.AutomaticEventSubscriber/LOADING]: Scanning class dan200.computercraft.ComputerCraft for @SubscribeEvent-annotated methods
[04Mar2026 16:19:27.316] [modloading-worker-0/DEBUG] [net.neoforged.fml.config.ConfigTracker/CONFIG]: Config file NuclearCraft/radiation.toml for nuclearcraft tracking
[04Mar2026 16:19:27.317] [modloading-worker-0/DEBUG] [net.neoforged.fml.config.ConfigTracker/CONFIG]: Config file NuclearCraft/world.toml for nuclearcraft tracking
[04Mar2026 16:19:27.317] [modloading-worker-0/DEBUG] [net.neoforged.fml.javafmlmod.AutomaticEventSubscriber/]: Subscribing @EventBusSubscriber class Lnet/neoforged/neoforge/network/filters/GenericPacketSplitter; to the mod event bus of mod neoforge
[04Mar2026 16:19:27.317] [modloading-worker-0/DEBUG] [net.neoforged.fml.javafmlmod.AutomaticEventSubscriber/]: Subscribing @EventBusSubscriber class Ldan200/computercraft/ComputerCraft; to the mod event bus of mod computercraft
[04Mar2026 16:19:27.321] [modloading-worker-0/DEBUG] [net.neoforged.fml.javafmlmod.AutomaticEventSubscriber/LOADING]: Scanning class net.neoforged.neoforge.attachment.AttachmentInternals for @SubscribeEvent-annotated methods
[04Mar2026 16:19:27.322] [modloading-worker-0/DEBUG] [net.neoforged.fml.javafmlmod.AutomaticEventSubscriber/]: Subscribing @EventBusSubscriber class Lnet/neoforged/neoforge/attachment/AttachmentInternals; to the game event bus
[04Mar2026 16:19:27.323] [modloading-worker-0/DEBUG] [net.neoforged.fml.javafmlmod.AutomaticEventSubscriber/LOADING]: Scanning class net.neoforged.neoforge.attachment.AttachmentSync for @SubscribeEvent-annotated methods
[04Mar2026 16:19:27.324] [modloading-worker-0/DEBUG] [net.neoforged.fml.config.ConfigTracker/CONFIG]: Config file Mekanism/client.toml for mekanism tracking
[04Mar2026 16:19:27.324] [modloading-worker-0/DEBUG] [net.neoforged.fml.config.ConfigTracker/CONFIG]: Config file Mekanism/common.toml for mekanism tracking
[04Mar2026 16:19:27.324] [modloading-worker-0/DEBUG] [net.neoforged.fml.config.ConfigTracker/CONFIG]: Config file Mekanism/general.toml for mekanism tracking
[04Mar2026 16:19:27.324] [modloading-worker-0/DEBUG] [net.neoforged.fml.config.ConfigTracker/CONFIG]: Config file Mekanism/gear.toml for mekanism tracking
[04Mar2026 16:19:27.324] [modloading-worker-0/DEBUG] [net.neoforged.fml.config.ConfigTracker/CONFIG]: Config file Mekanism/startup.toml for mekanism tracking
[04Mar2026 16:19:27.325] [modloading-worker-0/DEBUG] [net.neoforged.fml.javafmlmod.AutomaticEventSubscriber/]: Subscribing @EventBusSubscriber class Lnet/neoforged/neoforge/attachment/AttachmentSync; to the game event bus
[04Mar2026 16:19:27.361] [modloading-worker-0/DEBUG] [net.neoforged.fml.config.ConfigTracker/CONFIG]: Loaded TOML config file /Users/caliane/Sources/nuclearcraft/runs/client/config/Mekanism/startup.toml
[04Mar2026 16:19:27.373] [modloading-worker-0/DEBUG] [net.neoforged.fml.config.ConfigTracker/CONFIG]: Watching TOML config file /Users/caliane/Sources/nuclearcraft/runs/client/config/Mekanism/startup.toml for changes
[04Mar2026 16:19:27.373] [modloading-worker-0/DEBUG] [net.neoforged.fml.config.ConfigTracker/CONFIG]: Config file Mekanism/machine-storage.toml for mekanism tracking
[04Mar2026 16:19:27.373] [modloading-worker-0/DEBUG] [net.neoforged.fml.config.ConfigTracker/CONFIG]: Config file Mekanism/tiers.toml for mekanism tracking
[04Mar2026 16:19:27.373] [modloading-worker-0/DEBUG] [net.neoforged.fml.config.ConfigTracker/CONFIG]: Config file Mekanism/machine-usage.toml for mekanism tracking
[04Mar2026 16:19:27.373] [modloading-worker-0/DEBUG] [net.neoforged.fml.config.ConfigTracker/CONFIG]: Config file Mekanism/world.toml for mekanism tracking
[04Mar2026 16:19:27.404] [modloading-worker-0/DEBUG] [net.neoforged.fml.config.ConfigTracker/CONFIG]: Config file guideme.toml for guideme tracking
[04Mar2026 16:19:27.421] [modloading-worker-0/DEBUG] [net.neoforged.fml.javafmlmod.AutomaticEventSubscriber/LOADING]: Attempting to inject @EventBusSubscriber classes into the eventbus for guideme
[04Mar2026 16:19:27.602] [modloading-worker-0/DEBUG] [mixin/]: Mixing TextureAtlasMixin from ae2.mixins.json into net.minecraft.client.renderer.texture.TextureAtlas
[04Mar2026 16:19:27.602] [modloading-worker-0/DEBUG] [mixin/]: ae2.mixins.json:TextureAtlasMixin from mod ae2: Class version 65 required is higher than the class version supported by the current version of Mixin (JAVA_11 supports class version 55)
[04Mar2026 16:19:27.604] [modloading-worker-0/DEBUG] [mixin/]: ae2.mixins.json:TextureAtlasMixin from mod ae2->@Inject::uploadHook(Lnet/minecraft/client/renderer/texture/SpriteLoader$Preparations;Lorg/spongepowered/asm/mixin/injection/callback/CallbackInfo;)V doesn't use it's CallbackInfo
[04Mar2026 16:19:27.604] [modloading-worker-0/DEBUG] [mixin/]: ae2.mixins.json:TextureAtlasMixin from mod ae2->@Inject::uploadHook(Lnet/minecraft/client/renderer/texture/SpriteLoader$Preparations;Lorg/spongepowered/asm/mixin/injection/callback/CallbackInfo;)V has 0 override(s) in child classes
[04Mar2026 16:19:27.604] [modloading-worker-0/DEBUG] [mixin/]: ae2.mixins.json:TextureAtlasMixin from mod ae2->@Inject::uploadHook(Lnet/minecraft/client/renderer/texture/SpriteLoader$Preparations;Lorg/spongepowered/asm/mixin/injection/callback/CallbackInfo;)V won't be passed a CallbackInfo as a result
[04Mar2026 16:19:27.610] [modloading-worker-0/DEBUG] [net.neoforged.fml.javafmlmod.AutomaticEventSubscriber/LOADING]: Attempting to inject @EventBusSubscriber classes into the eventbus for nuclearcraft
[04Mar2026 16:19:27.610] [modloading-worker-0/DEBUG] [net.neoforged.fml.javafmlmod.AutomaticEventSubscriber/LOADING]: Scanning class igentuman.nc.handler.ModHandler for @SubscribeEvent-annotated methods
[04Mar2026 16:19:27.610] [modloading-worker-0/DEBUG] [net.neoforged.fml.javafmlmod.AutomaticEventSubscriber/]: Subscribing @EventBusSubscriber class Ligentuman/nc/handler/ModHandler; to the game event bus
[04Mar2026 16:19:27.611] [modloading-worker-0/DEBUG] [net.neoforged.fml.javafmlmod.AutomaticEventSubscriber/LOADING]: Scanning class igentuman.nc.handler.event.server.WorldEvents for @SubscribeEvent-annotated methods
[04Mar2026 16:19:27.612] [modloading-worker-0/DEBUG] [net.neoforged.fml.javafmlmod.AutomaticEventSubscriber/]: Subscribing @EventBusSubscriber class Ligentuman/nc/handler/event/server/WorldEvents; to the game event bus
[04Mar2026 16:19:27.614] [modloading-worker-0/DEBUG] [net.neoforged.fml.javafmlmod.AutomaticEventSubscriber/LOADING]: Scanning class igentuman.nc.handler.event.server.PlayerEvents for @SubscribeEvent-annotated methods
[04Mar2026 16:19:27.615] [modloading-worker-0/DEBUG] [net.neoforged.fml.javafmlmod.AutomaticEventSubscriber/]: Subscribing @EventBusSubscriber class Ligentuman/nc/handler/event/server/PlayerEvents; to the game event bus
[04Mar2026 16:19:27.615] [modloading-worker-0/DEBUG] [net.neoforged.fml.javafmlmod.AutomaticEventSubscriber/LOADING]: Scanning class igentuman.nc.handler.event.client.TooltipHandler for @SubscribeEvent-annotated methods
[04Mar2026 16:19:27.616] [modloading-worker-0/DEBUG] [net.neoforged.fml.javafmlmod.AutomaticEventSubscriber/]: Subscribing @EventBusSubscriber class Ligentuman/nc/handler/event/client/TooltipHandler; to the game event bus
[04Mar2026 16:19:27.616] [modloading-worker-0/DEBUG] [net.neoforged.fml.javafmlmod.AutomaticEventSubscriber/LOADING]: Scanning class igentuman.nc.handler.event.client.ColorHandler for @SubscribeEvent-annotated methods
[04Mar2026 16:19:27.617] [modloading-worker-0/DEBUG] [net.neoforged.fml.javafmlmod.AutomaticEventSubscriber/]: Subscribing @EventBusSubscriber class Ligentuman/nc/handler/event/client/ColorHandler; to the mod event bus of mod nuclearcraft
[04Mar2026 16:19:27.618] [modloading-worker-0/DEBUG] [net.neoforged.fml.javafmlmod.AutomaticEventSubscriber/LOADING]: Scanning class igentuman.nc.handler.event.client.BlockOverlayHandler for @SubscribeEvent-annotated methods
[04Mar2026 16:19:27.622] [modloading-worker-0/DEBUG] [net.neoforged.fml.javafmlmod.AutomaticEventSubscriber/]: Subscribing @EventBusSubscriber class Ligentuman/nc/handler/event/client/BlockOverlayHandler; to the game event bus
[04Mar2026 16:19:27.623] [modloading-worker-0/DEBUG] [net.neoforged.fml.javafmlmod.AutomaticEventSubscriber/LOADING]: Scanning class igentuman.nc.network.PacketHandler for @SubscribeEvent-annotated methods
[04Mar2026 16:19:27.623] [modloading-worker-0/DEBUG] [net.neoforged.fml.javafmlmod.AutomaticEventSubscriber/]: Subscribing @EventBusSubscriber class Ligentuman/nc/network/PacketHandler; to the mod event bus of mod nuclearcraft
[04Mar2026 16:19:27.623] [modloading-worker-0/DEBUG] [net.neoforged.fml.javafmlmod.AutomaticEventSubscriber/LOADING]: Scanning class igentuman.nc.setup.registration.Entities for @SubscribeEvent-annotated methods
[04Mar2026 16:19:27.626] [modloading-worker-0/DEBUG] [net.neoforged.fml.javafmlmod.AutomaticEventSubscriber/]: Subscribing @EventBusSubscriber class Ligentuman/nc/setup/registration/Entities; to the mod event bus of mod nuclearcraft
[04Mar2026 16:19:27.626] [modloading-worker-0/DEBUG] [net.neoforged.fml.javafmlmod.AutomaticEventSubscriber/LOADING]: Scanning class igentuman.nc.setup.registration.NCCapabilities for @SubscribeEvent-annotated methods
[04Mar2026 16:19:27.628] [modloading-worker-0/DEBUG] [net.neoforged.fml.javafmlmod.AutomaticEventSubscriber/]: Subscribing @EventBusSubscriber class Ligentuman/nc/setup/registration/NCCapabilities; to the mod event bus of mod nuclearcraft
[04Mar2026 16:19:27.628] [modloading-worker-0/DEBUG] [net.neoforged.fml.javafmlmod.AutomaticEventSubscriber/LOADING]: Scanning class igentuman.nc.setup.ClientSetup for @SubscribeEvent-annotated methods
[04Mar2026 16:19:27.628] [modloading-worker-0/DEBUG] [net.neoforged.fml.javafmlmod.AutomaticEventSubscriber/]: Subscribing @EventBusSubscriber class Ligentuman/nc/setup/ClientSetup; to the mod event bus of mod nuclearcraft
[04Mar2026 16:19:27.630] [modloading-worker-0/DEBUG] [net.neoforged.fml.javafmlmod.AutomaticEventSubscriber/LOADING]: Scanning class igentuman.nc.world.structure.ScientistHouseStructure for @SubscribeEvent-annotated methods
[04Mar2026 16:19:27.630] [modloading-worker-0/DEBUG] [net.neoforged.fml.javafmlmod.AutomaticEventSubscriber/]: Subscribing @EventBusSubscriber class Ligentuman/nc/world/structure/ScientistHouseStructure; to the game event bus
[04Mar2026 16:19:27.631] [modloading-worker-0/DEBUG] [net.neoforged.fml.javafmlmod.AutomaticEventSubscriber/LOADING]: Scanning class igentuman.nc.client.renderer.NCShaders for @SubscribeEvent-annotated methods
[04Mar2026 16:19:27.631] [modloading-worker-0/DEBUG] [net.neoforged.fml.javafmlmod.AutomaticEventSubscriber/]: Subscribing @EventBusSubscriber class Ligentuman/nc/client/renderer/NCShaders; to the mod event bus of mod nuclearcraft
[04Mar2026 16:19:27.631] [modloading-worker-0/DEBUG] [net.neoforged.fml.javafmlmod.AutomaticEventSubscriber/LOADING]: Scanning class igentuman.nc.client.renderer.DistortShader for @SubscribeEvent-annotated methods
[04Mar2026 16:19:27.633] [modloading-worker-0/DEBUG] [net.neoforged.fml.javafmlmod.AutomaticEventSubscriber/]: Subscribing @EventBusSubscriber class Ligentuman/nc/client/renderer/DistortShader; to the game event bus
[04Mar2026 16:19:27.633] [modloading-worker-0/DEBUG] [net.neoforged.fml.javafmlmod.AutomaticEventSubscriber/LOADING]: Scanning class igentuman.nc.client.setup.EntityRenderHandler for @SubscribeEvent-annotated methods
[04Mar2026 16:19:27.634] [modloading-worker-0/DEBUG] [net.neoforged.fml.javafmlmod.AutomaticEventSubscriber/]: Subscribing @EventBusSubscriber class Ligentuman/nc/client/setup/EntityRenderHandler; to the mod event bus of mod nuclearcraft
[04Mar2026 16:19:27.634] [modloading-worker-0/DEBUG] [net.neoforged.fml.javafmlmod.AutomaticEventSubscriber/LOADING]: Scanning class igentuman.nc.client.sound.SoundHandler for @SubscribeEvent-annotated methods
[04Mar2026 16:19:27.635] [modloading-worker-0/DEBUG] [net.neoforged.fml.javafmlmod.AutomaticEventSubscriber/]: Subscribing @EventBusSubscriber class Ligentuman/nc/client/sound/SoundHandler; to the mod event bus of mod nuclearcraft
[04Mar2026 16:19:27.635] [modloading-worker-0/DEBUG] [net.neoforged.fml.javafmlmod.AutomaticEventSubscriber/LOADING]: Scanning class igentuman.nc.datagen.DataGenerators for @SubscribeEvent-annotated methods
[04Mar2026 16:19:27.637] [modloading-worker-0/DEBUG] [net.neoforged.fml.javafmlmod.AutomaticEventSubscriber/]: Subscribing @EventBusSubscriber class Ligentuman/nc/datagen/DataGenerators; to the mod event bus of mod nuclearcraft
[04Mar2026 16:19:27.645] [modloading-worker-0/DEBUG] [mixin/]: Mixing accessor.ItemRendererAccessor from emi.mixins.json into net.minecraft.client.renderer.entity.ItemRenderer
[04Mar2026 16:19:27.645] [modloading-worker-0/DEBUG] [mixin/]: emi.mixins.json:accessor.ItemRendererAccessor from mod emi: Class version 65 required is higher than the class version supported by the current version of Mixin (JAVA_17 supports class version 61)
[04Mar2026 16:19:27.651] [modloading-worker-0/DEBUG] [mixin/]: Mixing client.MixinLevelRenderer from patchouli_xplat.mixins.json into net.minecraft.client.renderer.LevelRenderer
[04Mar2026 16:19:27.659] [modloading-worker-0/DEBUG] [mixin/]: patchouli_xplat.mixins.json:client.MixinLevelRenderer from mod patchouli->@Inject::onRender(Lnet/minecraft/client/DeltaTracker;ZLnet/minecraft/client/Camera;Lnet/minecraft/client/renderer/GameRenderer;Lnet/minecraft/client/renderer/LightTexture;Lorg/joml/Matrix4f;Lorg/joml/Matrix4f;Lorg/spongepowered/asm/mixin/injection/callback/CallbackInfo;)V doesn't use it's CallbackInfo
[04Mar2026 16:19:27.659] [modloading-worker-0/DEBUG] [mixin/]: patchouli_xplat.mixins.json:client.MixinLevelRenderer from mod patchouli->@Inject::onRender(Lnet/minecraft/client/DeltaTracker;ZLnet/minecraft/client/Camera;Lnet/minecraft/client/renderer/GameRenderer;Lnet/minecraft/client/renderer/LightTexture;Lorg/joml/Matrix4f;Lorg/joml/Matrix4f;Lorg/spongepowered/asm/mixin/injection/callback/CallbackInfo;)V has 0 override(s) in child classes
[04Mar2026 16:19:27.659] [modloading-worker-0/DEBUG] [mixin/]: patchouli_xplat.mixins.json:client.MixinLevelRenderer from mod patchouli->@Inject::onRender(Lnet/minecraft/client/DeltaTracker;ZLnet/minecraft/client/Camera;Lnet/minecraft/client/renderer/GameRenderer;Lnet/minecraft/client/renderer/LightTexture;Lorg/joml/Matrix4f;Lorg/joml/Matrix4f;Lorg/spongepowered/asm/mixin/injection/callback/CallbackInfo;)V won't be passed a CallbackInfo as a result
[04Mar2026 16:19:27.681] [modloading-worker-0/DEBUG] [net.neoforged.fml.javafmlmod.AutomaticEventSubscriber/LOADING]: Attempting to inject @EventBusSubscriber classes into the eventbus for ae2
[04Mar2026 16:19:27.681] [modloading-worker-0/DEBUG] [net.neoforged.fml.javafmlmod.AutomaticEventSubscriber/LOADING]: Scanning class appeng.server.testplots.SpawnTestTools for @SubscribeEvent-annotated methods
[04Mar2026 16:19:27.682] [modloading-worker-0/DEBUG] [net.neoforged.fml.javafmlmod.AutomaticEventSubscriber/]: Subscribing @EventBusSubscriber class Lappeng/server/testplots/SpawnTestTools; to the game event bus
[04Mar2026 16:19:27.682] [modloading-worker-0/DEBUG] [net.neoforged.fml.javafmlmod.AutomaticEventSubscriber/LOADING]: Scanning class appeng.datagen.AE2DataGenerators for @SubscribeEvent-annotated methods
[04Mar2026 16:19:27.688] [modloading-worker-0/DEBUG] [net.neoforged.fml.javafmlmod.AutomaticEventSubscriber/]: Subscribing @EventBusSubscriber class Lappeng/datagen/AE2DataGenerators; to the mod event bus of mod ae2
[04Mar2026 16:19:27.924] [modloading-worker-0/DEBUG] [mixin/]: Mixing MekRadiationManager from nuclearcraft.mixins.json into mekanism.common.lib.radiation.RadiationManager
[04Mar2026 16:19:27.926] [modloading-worker-0/DEBUG] [mixin/]: nuclearcraft.mixins.json:MekRadiationManager from mod nuclearcraft->@Inject::isRadiationEnabled(Lorg/spongepowered/asm/mixin/injection/callback/CallbackInfoReturnable;)V does use it's CallbackInfoReturnable
[04Mar2026 16:19:27.926] [modloading-worker-0/DEBUG] [mixin/]: nuclearcraft.mixins.json:MekRadiationManager from mod nuclearcraft->@Inject::radiate(Lnet/minecraft/world/level/Level;Lnet/minecraft/core/BlockPos;DLorg/spongepowered/asm/mixin/injection/callback/CallbackInfo;)V does use it's CallbackInfo
[04Mar2026 16:19:27.929] [modloading-worker-0/DEBUG] [net.neoforged.fml.javafmlmod.AutomaticEventSubscriber/LOADING]: Attempting to inject @EventBusSubscriber classes into the eventbus for mekanism
[04Mar2026 16:19:27.930] [modloading-worker-0/DEBUG] [net.neoforged.fml.javafmlmod.AutomaticEventSubscriber/LOADING]: Scanning class mekanism.common.lib.transmitter.TransmitterNetworkRegistry for @SubscribeEvent-annotated methods
[04Mar2026 16:19:27.931] [modloading-worker-0/DEBUG] [net.neoforged.fml.javafmlmod.AutomaticEventSubscriber/]: Subscribing @EventBusSubscriber class Lmekanism/common/lib/transmitter/TransmitterNetworkRegistry; to the game event bus
[04Mar2026 16:19:27.932] [modloading-worker-0/DEBUG] [net.neoforged.fml.javafmlmod.AutomaticEventSubscriber/LOADING]: Scanning class mekanism.common.lib.radiation.PlayerExposure for @SubscribeEvent-annotated methods
[04Mar2026 16:19:27.932] [modloading-worker-0/DEBUG] [net.neoforged.fml.javafmlmod.AutomaticEventSubscriber/]: Subscribing @EventBusSubscriber class Lmekanism/common/lib/radiation/PlayerExposure; to the game event bus
[04Mar2026 16:19:27.932] [modloading-worker-0/DEBUG] [net.neoforged.fml.javafmlmod.AutomaticEventSubscriber/LOADING]: Scanning class mekanism.common.lib.radiation.MeltdownLevelData for @SubscribeEvent-annotated methods
[04Mar2026 16:19:27.933] [modloading-worker-0/DEBUG] [net.neoforged.fml.javafmlmod.AutomaticEventSubscriber/]: Subscribing @EventBusSubscriber class Lmekanism/common/lib/radiation/MeltdownLevelData; to the game event bus
[04Mar2026 16:19:27.933] [modloading-worker-0/DEBUG] [net.neoforged.fml.javafmlmod.AutomaticEventSubscriber/LOADING]: Scanning class mekanism.common.lib.multiblock.MultiblockManager for @SubscribeEvent-annotated methods
[04Mar2026 16:19:27.933] [modloading-worker-0/DEBUG] [net.neoforged.fml.javafmlmod.AutomaticEventSubscriber/]: Subscribing @EventBusSubscriber class Lmekanism/common/lib/multiblock/MultiblockManager; to the game event bus
[04Mar2026 16:19:27.933] [modloading-worker-0/DEBUG] [net.neoforged.fml.javafmlmod.AutomaticEventSubscriber/LOADING]: Scanning class mekanism.common.base.holiday.ClientHolidayInfo for @SubscribeEvent-annotated methods
[04Mar2026 16:19:27.934] [modloading-worker-0/DEBUG] [net.neoforged.fml.javafmlmod.AutomaticEventSubscriber/]: Subscribing @EventBusSubscriber class Lmekanism/common/base/holiday/ClientHolidayInfo; to the mod event bus of mod mekanism
[04Mar2026 16:19:27.934] [modloading-worker-0/DEBUG] [net.neoforged.fml.javafmlmod.AutomaticEventSubscriber/LOADING]: Scanning class mekanism.client.sound.SoundHandler for @SubscribeEvent-annotated methods
[04Mar2026 16:19:27.935] [modloading-worker-0/DEBUG] [net.neoforged.fml.javafmlmod.AutomaticEventSubscriber/]: Subscribing @EventBusSubscriber class Lmekanism/client/sound/SoundHandler; to the mod event bus of mod mekanism
[04Mar2026 16:19:27.935] [modloading-worker-0/DEBUG] [net.neoforged.fml.javafmlmod.AutomaticEventSubscriber/LOADING]: Scanning class mekanism.client.render.MekanismShaders for @SubscribeEvent-annotated methods
[04Mar2026 16:19:27.936] [modloading-worker-0/DEBUG] [net.neoforged.fml.javafmlmod.AutomaticEventSubscriber/]: Subscribing @EventBusSubscriber class Lmekanism/client/render/MekanismShaders; to the mod event bus of mod mekanism
[04Mar2026 16:19:27.936] [modloading-worker-0/DEBUG] [net.neoforged.fml.javafmlmod.AutomaticEventSubscriber/LOADING]: Scanning class mekanism.client.render.MekanismRenderer for @SubscribeEvent-annotated methods
[04Mar2026 16:19:27.937] [modloading-worker-0/DEBUG] [net.neoforged.fml.javafmlmod.AutomaticEventSubscriber/]: Subscribing @EventBusSubscriber class Lmekanism/client/render/MekanismRenderer; to the mod event bus of mod mekanism
[04Mar2026 16:19:27.937] [modloading-worker-0/DEBUG] [net.neoforged.fml.javafmlmod.AutomaticEventSubscriber/LOADING]: Scanning class mekanism.client.ClientRegistration for @SubscribeEvent-annotated methods
[04Mar2026 16:19:27.943] [modloading-worker-0/DEBUG] [net.neoforged.fml.javafmlmod.AutomaticEventSubscriber/]: Subscribing @EventBusSubscriber class Lmekanism/client/ClientRegistration; to the mod event bus of mod mekanism
[04Mar2026 16:19:27.955] [modloading-worker-0/DEBUG] [net.neoforged.fml.config.ConfigTracker/CONFIG]: Config file Mekanism/generators.toml for mekanismgenerators tracking
[04Mar2026 16:19:27.955] [modloading-worker-0/DEBUG] [net.neoforged.fml.config.ConfigTracker/CONFIG]: Config file Mekanism/generators-gear.toml for mekanismgenerators tracking
[04Mar2026 16:19:27.956] [modloading-worker-0/DEBUG] [net.neoforged.fml.config.ConfigTracker/CONFIG]: Config file Mekanism/generator-storage.toml for mekanismgenerators tracking
[04Mar2026 16:19:27.985] [modloading-worker-0/DEBUG] [net.neoforged.fml.javafmlmod.AutomaticEventSubscriber/LOADING]: Attempting to inject @EventBusSubscriber classes into the eventbus for mekanismgenerators
[04Mar2026 16:19:27.985] [modloading-worker-0/DEBUG] [net.neoforged.fml.javafmlmod.AutomaticEventSubscriber/LOADING]: Scanning class mekanism.generators.client.GeneratorsClientRegistration for @SubscribeEvent-annotated methods
[04Mar2026 16:19:27.987] [modloading-worker-0/DEBUG] [net.neoforged.fml.javafmlmod.AutomaticEventSubscriber/]: Subscribing @EventBusSubscriber class Lmekanism/generators/client/GeneratorsClientRegistration; to the mod event bus of mod mekanismgenerators
[04Mar2026 16:19:28.002] [modloading-sync-worker/DEBUG] [net.neoforged.neoforge.registries.GameData/REGISTRIES]: Unfreezing registries
[04Mar2026 16:19:28.777] [modloading-sync-worker/DEBUG] [net.neoforged.neoforge.registries.GameData/REGISTRIES]: Freezing registries
[04Mar2026 16:19:28.991] [modloading-sync-worker/DEBUG] [net.neoforged.neoforge.registries.GameData/REGISTRIES]: All registries frozen
[04Mar2026 16:19:28.992] [modloading-sync-worker/DEBUG] [net.neoforged.fml.config.ConfigTracker/CONFIG]: Loading configs type CLIENT
[04Mar2026 16:19:28.993] [modloading-sync-worker/DEBUG] [net.neoforged.fml.config.ConfigTracker/CONFIG]: Loaded TOML config file /Users/caliane/Sources/nuclearcraft/runs/client/config/patchouli-client.toml
[04Mar2026 16:19:28.993] [modloading-sync-worker/DEBUG] [net.neoforged.fml.config.ConfigTracker/CONFIG]: Watching TOML config file /Users/caliane/Sources/nuclearcraft/runs/client/config/patchouli-client.toml for changes
[04Mar2026 16:19:28.993] [modloading-sync-worker/DEBUG] [net.neoforged.fml.config.ConfigTracker/CONFIG]: Loaded TOML config file /Users/caliane/Sources/nuclearcraft/runs/client/config/NuclearCraft/client.toml
[04Mar2026 16:19:28.993] [modloading-sync-worker/DEBUG] [net.neoforged.fml.config.ConfigTracker/CONFIG]: Watching TOML config file /Users/caliane/Sources/nuclearcraft/runs/client/config/NuclearCraft/client.toml for changes
[04Mar2026 16:19:28.994] [modloading-sync-worker/DEBUG] [mcjty.theoneprobe.TheOneProbe/]: Loaded theoneprobe config file theoneprobe-client.toml
[04Mar2026 16:19:28.994] [modloading-sync-worker/DEBUG] [net.neoforged.fml.config.ConfigTracker/CONFIG]: Loaded TOML config file /Users/caliane/Sources/nuclearcraft/runs/client/config/theoneprobe-client.toml
[04Mar2026 16:19:28.994] [modloading-sync-worker/DEBUG] [net.neoforged.fml.config.ConfigTracker/CONFIG]: Watching TOML config file /Users/caliane/Sources/nuclearcraft/runs/client/config/theoneprobe-client.toml for changes
[04Mar2026 16:19:28.994] [modloading-sync-worker/DEBUG] [net.neoforged.neoforge.common.NeoForgeConfig/FORGEMOD]: Loaded NeoForge config file neoforge-client.toml
[04Mar2026 16:19:28.994] [modloading-sync-worker/DEBUG] [net.neoforged.fml.config.ConfigTracker/CONFIG]: Loaded TOML config file /Users/caliane/Sources/nuclearcraft/runs/client/config/neoforge-client.toml
[04Mar2026 16:19:28.994] [modloading-sync-worker/DEBUG] [net.neoforged.fml.config.ConfigTracker/CONFIG]: Watching TOML config file /Users/caliane/Sources/nuclearcraft/runs/client/config/neoforge-client.toml for changes
[04Mar2026 16:19:28.995] [modloading-sync-worker/DEBUG] [net.neoforged.fml.config.ConfigTracker/CONFIG]: Loaded TOML config file /Users/caliane/Sources/nuclearcraft/runs/client/config/ae2-client.toml
[04Mar2026 16:19:28.995] [modloading-sync-worker/DEBUG] [net.neoforged.fml.config.ConfigTracker/CONFIG]: Watching TOML config file /Users/caliane/Sources/nuclearcraft/runs/client/config/ae2-client.toml for changes
[04Mar2026 16:19:28.995] [modloading-sync-worker/DEBUG] [net.neoforged.fml.config.ConfigTracker/CONFIG]: Loaded TOML config file /Users/caliane/Sources/nuclearcraft/runs/client/config/computercraft-client.toml
[04Mar2026 16:19:28.995] [modloading-sync-worker/DEBUG] [net.neoforged.fml.config.ConfigTracker/CONFIG]: Watching TOML config file /Users/caliane/Sources/nuclearcraft/runs/client/config/computercraft-client.toml for changes
[04Mar2026 16:19:29.001] [modloading-sync-worker/DEBUG] [net.neoforged.fml.config.ConfigTracker/CONFIG]: Loaded TOML config file /Users/caliane/Sources/nuclearcraft/runs/client/config/Mekanism/client.toml
[04Mar2026 16:19:29.001] [modloading-sync-worker/DEBUG] [net.neoforged.fml.config.ConfigTracker/CONFIG]: Watching TOML config file /Users/caliane/Sources/nuclearcraft/runs/client/config/Mekanism/client.toml for changes
[04Mar2026 16:19:29.001] [modloading-sync-worker/DEBUG] [net.neoforged.fml.config.ConfigTracker/CONFIG]: Loaded TOML config file /Users/caliane/Sources/nuclearcraft/runs/client/config/guideme.toml
[04Mar2026 16:19:29.001] [modloading-sync-worker/DEBUG] [net.neoforged.fml.config.ConfigTracker/CONFIG]: Watching TOML config file /Users/caliane/Sources/nuclearcraft/runs/client/config/guideme.toml for changes
[04Mar2026 16:19:29.001] [modloading-sync-worker/DEBUG] [net.neoforged.fml.config.ConfigTracker/CONFIG]: Loading configs type COMMON
[04Mar2026 16:19:29.002] [modloading-sync-worker/DEBUG] [mcjty.theoneprobe.TheOneProbe/]: Loaded theoneprobe config file theoneprobe-common.toml
[04Mar2026 16:19:29.002] [modloading-sync-worker/DEBUG] [net.neoforged.fml.config.ConfigTracker/CONFIG]: Loaded TOML config file /Users/caliane/Sources/nuclearcraft/runs/client/config/theoneprobe-common.toml
[04Mar2026 16:19:29.002] [modloading-sync-worker/DEBUG] [net.neoforged.fml.config.ConfigTracker/CONFIG]: Watching TOML config file /Users/caliane/Sources/nuclearcraft/runs/client/config/theoneprobe-common.toml for changes
[04Mar2026 16:19:29.004] [modloading-sync-worker/DEBUG] [net.neoforged.fml.config.ConfigTracker/CONFIG]: Loaded TOML config file /Users/caliane/Sources/nuclearcraft/runs/client/config/NuclearCraft/materials.toml
[04Mar2026 16:19:29.004] [modloading-sync-worker/DEBUG] [net.neoforged.fml.config.ConfigTracker/CONFIG]: Watching TOML config file /Users/caliane/Sources/nuclearcraft/runs/client/config/NuclearCraft/materials.toml for changes
[04Mar2026 16:19:29.006] [modloading-sync-worker/DEBUG] [net.neoforged.fml.config.ConfigTracker/CONFIG]: Loaded TOML config file /Users/caliane/Sources/nuclearcraft/runs/client/config/NuclearCraft/ore_generation.toml
[04Mar2026 16:19:29.006] [modloading-sync-worker/DEBUG] [net.neoforged.fml.config.ConfigTracker/CONFIG]: Watching TOML config file /Users/caliane/Sources/nuclearcraft/runs/client/config/NuclearCraft/ore_generation.toml for changes
[04Mar2026 16:19:29.007] [modloading-sync-worker/DEBUG] [net.neoforged.neoforge.common.NeoForgeConfig/FORGEMOD]: Loaded NeoForge config file neoforge-common.toml
[04Mar2026 16:19:29.007] [modloading-sync-worker/DEBUG] [net.neoforged.fml.config.ConfigTracker/CONFIG]: Loaded TOML config file /Users/caliane/Sources/nuclearcraft/runs/client/config/neoforge-common.toml
[04Mar2026 16:19:29.007] [modloading-sync-worker/DEBUG] [net.neoforged.fml.config.ConfigTracker/CONFIG]: Watching TOML config file /Users/caliane/Sources/nuclearcraft/runs/client/config/neoforge-common.toml for changes
[04Mar2026 16:19:29.008] [modloading-sync-worker/DEBUG] [net.neoforged.fml.config.ConfigTracker/CONFIG]: Loaded TOML config file /Users/caliane/Sources/nuclearcraft/runs/client/config/ae2-common.toml
[04Mar2026 16:19:29.009] [modloading-sync-worker/DEBUG] [net.neoforged.fml.config.ConfigTracker/CONFIG]: Watching TOML config file /Users/caliane/Sources/nuclearcraft/runs/client/config/ae2-common.toml for changes
[04Mar2026 16:19:29.009] [modloading-sync-worker/WARN] [net.neoforged.fml.config.ConfigTracker/CONFIG]: Configuration file /Users/caliane/Sources/nuclearcraft/runs/client/config/NuclearCraft/common.toml is not correct. Correcting
[04Mar2026 16:19:29.017] [modloading-sync-worker/DEBUG] [net.neoforged.fml.config.ConfigTracker/CONFIG]: Loaded TOML config file /Users/caliane/Sources/nuclearcraft/runs/client/config/NuclearCraft/common.toml
[04Mar2026 16:19:29.018] [modloading-sync-worker/DEBUG] [net.neoforged.fml.config.ConfigTracker/CONFIG]: Watching TOML config file /Users/caliane/Sources/nuclearcraft/runs/client/config/NuclearCraft/common.toml for changes
[04Mar2026 16:19:29.018] [modloading-sync-worker/DEBUG] [net.neoforged.fml.config.ConfigTracker/CONFIG]: Loaded TOML config file /Users/caliane/Sources/nuclearcraft/runs/client/config/NuclearCraft/kugelblitz.toml
[04Mar2026 16:19:29.018] [modloading-sync-worker/DEBUG] [net.neoforged.fml.config.ConfigTracker/CONFIG]: Watching TOML config file /Users/caliane/Sources/nuclearcraft/runs/client/config/NuclearCraft/kugelblitz.toml for changes
[04Mar2026 16:19:29.018] [modloading-sync-worker/DEBUG] [net.neoforged.fml.config.ConfigTracker/CONFIG]: Loaded TOML config file /Users/caliane/Sources/nuclearcraft/runs/client/config/NuclearCraft/accelerator.toml
[04Mar2026 16:19:29.018] [modloading-sync-worker/DEBUG] [net.neoforged.fml.config.ConfigTracker/CONFIG]: Watching TOML config file /Users/caliane/Sources/nuclearcraft/runs/client/config/NuclearCraft/accelerator.toml for changes
[04Mar2026 16:19:29.020] [modloading-sync-worker/DEBUG] [net.neoforged.fml.config.ConfigTracker/CONFIG]: Loaded TOML config file /Users/caliane/Sources/nuclearcraft/runs/client/config/NuclearCraft/processors.toml
[04Mar2026 16:19:29.020] [modloading-sync-worker/DEBUG] [net.neoforged.fml.config.ConfigTracker/CONFIG]: Watching TOML config file /Users/caliane/Sources/nuclearcraft/runs/client/config/NuclearCraft/processors.toml for changes
[04Mar2026 16:19:29.021] [modloading-sync-worker/DEBUG] [net.neoforged.fml.config.ConfigTracker/CONFIG]: Loaded TOML config file /Users/caliane/Sources/nuclearcraft/runs/client/config/NuclearCraft/fission.toml
[04Mar2026 16:19:29.021] [modloading-sync-worker/DEBUG] [net.neoforged.fml.config.ConfigTracker/CONFIG]: Watching TOML config file /Users/caliane/Sources/nuclearcraft/runs/client/config/NuclearCraft/fission.toml for changes
[04Mar2026 16:19:29.021] [modloading-sync-worker/DEBUG] [net.neoforged.fml.config.ConfigTracker/CONFIG]: Loaded TOML config file /Users/caliane/Sources/nuclearcraft/runs/client/config/NuclearCraft/fusion.toml
[04Mar2026 16:19:29.022] [modloading-sync-worker/DEBUG] [net.neoforged.fml.config.ConfigTracker/CONFIG]: Watching TOML config file /Users/caliane/Sources/nuclearcraft/runs/client/config/NuclearCraft/fusion.toml for changes
[04Mar2026 16:19:29.022] [modloading-sync-worker/DEBUG] [net.neoforged.fml.config.ConfigTracker/CONFIG]: Loaded TOML config file /Users/caliane/Sources/nuclearcraft/runs/client/config/NuclearCraft/turbine.toml
[04Mar2026 16:19:29.022] [modloading-sync-worker/DEBUG] [net.neoforged.fml.config.ConfigTracker/CONFIG]: Watching TOML config file /Users/caliane/Sources/nuclearcraft/runs/client/config/NuclearCraft/turbine.toml for changes
[04Mar2026 16:19:29.023] [modloading-sync-worker/DEBUG] [net.neoforged.fml.config.ConfigTracker/CONFIG]: Loaded TOML config file /Users/caliane/Sources/nuclearcraft/runs/client/config/NuclearCraft/radiation.toml
[04Mar2026 16:19:29.023] [modloading-sync-worker/DEBUG] [net.neoforged.fml.config.ConfigTracker/CONFIG]: Watching TOML config file /Users/caliane/Sources/nuclearcraft/runs/client/config/NuclearCraft/radiation.toml for changes
[04Mar2026 16:19:29.023] [modloading-sync-worker/DEBUG] [net.neoforged.fml.config.ConfigTracker/CONFIG]: Loaded TOML config file /Users/caliane/Sources/nuclearcraft/runs/client/config/NuclearCraft/world.toml
[04Mar2026 16:19:29.023] [modloading-sync-worker/DEBUG] [net.neoforged.fml.config.ConfigTracker/CONFIG]: Watching TOML config file /Users/caliane/Sources/nuclearcraft/runs/client/config/NuclearCraft/world.toml for changes
[04Mar2026 16:19:29.024] [modloading-sync-worker/DEBUG] [net.neoforged.fml.config.ConfigTracker/CONFIG]: Loaded TOML config file /Users/caliane/Sources/nuclearcraft/runs/client/config/Mekanism/common.toml
[04Mar2026 16:19:29.024] [modloading-sync-worker/DEBUG] [net.neoforged.fml.config.ConfigTracker/CONFIG]: Watching TOML config file /Users/caliane/Sources/nuclearcraft/runs/client/config/Mekanism/common.toml for changes
[04Mar2026 16:19:29.165] [Render thread/DEBUG] [mixin/]: Mixing accessor.BakedModelManagerAccessor from emi.mixins.json into net.minecraft.client.resources.model.ModelManager
[04Mar2026 16:19:29.165] [Render thread/DEBUG] [mixin/]: emi.mixins.json:accessor.BakedModelManagerAccessor from mod emi: Class version 65 required is higher than the class version supported by the current version of Mixin (JAVA_17 supports class version 61)
[04Mar2026 16:19:29.173] [Render thread/DEBUG] [mixin/]: Mixing BlockRenderDispatcherMixin from computercraft-client.forge.mixins.json into net.minecraft.client.renderer.block.BlockRenderDispatcher
[04Mar2026 16:19:29.176] [Render thread/DEBUG] [mixin/]: computercraft-client.forge.mixins.json:BlockRenderDispatcherMixin from mod computercraft->@Inject::renderBlockDamage(Lnet/minecraft/world/level/block/state/BlockState;Lnet/minecraft/core/BlockPos;Lnet/minecraft/world/level/BlockAndTintGetter;Lcom/mojang/blaze3d/vertex/PoseStack;Lcom/mojang/blaze3d/vertex/VertexConsumer;Lnet/neoforged/neoforge/client/model/data/ModelData;Lorg/spongepowered/asm/mixin/injection/callback/CallbackInfo;)V does use it's CallbackInfo
[04Mar2026 16:19:29.184] [Render thread/DEBUG] [mixin/]: Mixing ModelBakeryMixin from ae2.mixins.json into net.minecraft.client.resources.model.ModelBakery
[04Mar2026 16:19:29.184] [Render thread/DEBUG] [mixin/]: ae2.mixins.json:ModelBakeryMixin from mod ae2: Class version 65 required is higher than the class version supported by the current version of Mixin (JAVA_11 supports class version 55)
[04Mar2026 16:19:29.185] [Render thread/DEBUG] [mixin/]: ae2.mixins.json:ModelBakeryMixin from mod ae2->@Inject::getModelHook(Lnet/minecraft/resources/ResourceLocation;Lorg/spongepowered/asm/mixin/injection/callback/CallbackInfoReturnable;)V does use it's CallbackInfoReturnable
[04Mar2026 16:19:29.195] [Render thread/DEBUG] [mixin/]: Mixing client.AccessorMultiBufferSource from patchouli_xplat.mixins.json into net.minecraft.client.renderer.MultiBufferSource$BufferSource
[04Mar2026 16:19:29.278] [Render thread/INFO] [net.neoforged.neoforge.gametest.GameTestHooks/]: Enabled Gametest Namespaces: [nuclearcraft]
[04Mar2026 16:19:29.288] [Render thread/DEBUG] [mixin/]: Mixing RecipeBookWidgetMixin from emi.mixins.json into net.minecraft.client.gui.screens.recipebook.RecipeBookComponent
[04Mar2026 16:19:29.288] [Render thread/DEBUG] [mixin/]: emi.mixins.json:RecipeBookWidgetMixin from mod emi: Class version 65 required is higher than the class version supported by the current version of Mixin (JAVA_17 supports class version 61)
[04Mar2026 16:19:29.289] [Render thread/DEBUG] [mixin/]: emi.mixins.json:RecipeBookWidgetMixin from mod emi->@Inject::toggleOpen(Lorg/spongepowered/asm/mixin/injection/callback/CallbackInfo;)V does use it's CallbackInfo
[04Mar2026 16:19:29.972] [Render thread/INFO] [net.minecraft.server.packs.resources.ReloadableResourceManager/]: Reloading ResourceManager: vanilla, mod_resources, mod/emi, mod/theoneprobe, mod/mekanism, mod/patchouli, mod/guideme, mod/architectury, mod/computercraft, mod/neoforge, mod/nuclearcraft, mod/mekanismgenerators, mod/ae2
[04Mar2026 16:19:29.981] [Worker-Main-2/INFO] [mekanism.common.Mekanism/]: Version 10.7.18 initializing...
[04Mar2026 16:19:29.984] [Worker-Main-3/DEBUG] [patchouli/]: Instantiating xplat impl: vazkii.patchouli.neoforge.xplat.NeoForgeXplatImpl
[04Mar2026 16:19:30.011] [NeoForge Version Check/INFO] [net.neoforged.fml.VersionChecker/]: [computercraft] Starting version check at https://api.modrinth.com/updates/cc-tweaked/forge_updates.json
[04Mar2026 16:19:30.055] [Worker-Main-9/INFO] [net.minecraft.client.gui.font.providers.UnihexProvider/]: Found unifont_all_no_pua-15.1.05.hex, loading
[04Mar2026 16:19:30.055] [Worker-Main-11/INFO] [net.minecraft.client.gui.font.providers.UnihexProvider/]: Found unifont_jp_patch-15.1.05.hex, loading
[04Mar2026 16:19:30.153] [Worker-Main-2/INFO] [mekanism.common.Mekanism/]: Initialized HolidayManager.
[04Mar2026 16:19:30.179] [Worker-Main-2/INFO] [mekanism.common.Mekanism/]: Fake player readout: UUID = 46e82cd0-d480-3d48-800a-77431ede078e, name = [Mekanism]
[04Mar2026 16:19:30.179] [Worker-Main-2/INFO] [mekanism.common.Mekanism/]: Mod loaded.
[04Mar2026 16:19:30.179] [Worker-Main-2/INFO] [mekanism.common.Mekanism/]: Loaded 'Mekanism: Generators' module.
[04Mar2026 16:19:30.182] [Render thread/DEBUG] [net.neoforged.fml.DeferredWorkQueue/LOADING]: Dispatching synchronous work for work queue Common setup: 6 jobs
[04Mar2026 16:19:30.241] [Render thread/DEBUG] [net.neoforged.fml.DeferredWorkQueue/LOADING]: Synchronous work queue completed in 58.10 ms
[04Mar2026 16:19:30.372] [Worker-Main-29/DEBUG] [mixin/]: Mixing VariantDeserializerMixin from ae2.mixins.json into net.minecraft.client.renderer.block.model.Variant$Deserializer
[04Mar2026 16:19:30.373] [Worker-Main-29/DEBUG] [mixin/]: ae2.mixins.json:VariantDeserializerMixin from mod ae2: Class version 65 required is higher than the class version supported by the current version of Mixin (JAVA_11 supports class version 55)
[04Mar2026 16:19:30.375] [Worker-Main-29/DEBUG] [mixin/]: ae2.mixins.json:VariantDeserializerMixin from mod ae2->@Inject::addAdditionalRotationOptions(Lcom/google/gson/JsonElement;Ljava/lang/reflect/Type;Lcom/google/gson/JsonDeserializationContext;Lorg/spongepowered/asm/mixin/injection/callback/CallbackInfoReturnable;)V does use it's CallbackInfoReturnable
[04Mar2026 16:19:30.434] [Render thread/DEBUG] [net.neoforged.fml.DeferredWorkQueue/LOADING]: Dispatching synchronous work for work queue Sided setup: 5 jobs
[04Mar2026 16:19:30.440] [Render thread/INFO] [igentuman.nc.client.RuntimeFuelModelGenerator/]: ============================================================
[04Mar2026 16:19:30.440] [Render thread/INFO] [igentuman.nc.client.RuntimeFuelModelGenerator/]: Starting runtime fuel model generation...
[04Mar2026 16:19:30.440] [Render thread/INFO] [igentuman.nc.client.RuntimeFuelModelGenerator/]: ============================================================
[04Mar2026 16:19:30.441] [Render thread/INFO] [igentuman.nc.client.RuntimeFuelModelGenerator/]: ✓ Created directory structure
[04Mar2026 16:19:30.442] [Render thread/INFO] [igentuman.nc.client.RuntimeFuelModelGenerator/]: No custom fuels registered - skipping texture generation
[04Mar2026 16:19:30.443] [Render thread/INFO] [igentuman.nc.client.RuntimeFuelModelGenerator/]: No custom fuels registered - skipping model generation
[04Mar2026 16:19:30.445] [Render thread/INFO] [igentuman.nc.client.RuntimeFuelModelGenerator/]: ✓ Created texture README at: /Users/caliane/Sources/nuclearcraft/runs/client/kubejs/assets/nuclearcraft/textures/item/fuel/readme.txt
[04Mar2026 16:19:30.445] [Render thread/INFO] [igentuman.nc.client.RuntimeFuelModelGenerator/]: No custom fuels to add to language file
[04Mar2026 16:19:30.445] [Render thread/INFO] [igentuman.nc.client.RuntimeFuelModelGenerator/]: ============================================================
[04Mar2026 16:19:30.445] [Render thread/INFO] [igentuman.nc.client.RuntimeFuelModelGenerator/]: ✓ Generated 0 model files
[04Mar2026 16:19:30.445] [Render thread/INFO] [igentuman.nc.client.RuntimeFuelModelGenerator/]: ✓ Generated 0 texture files
[04Mar2026 16:19:30.445] [Render thread/INFO] [igentuman.nc.client.RuntimeFuelModelGenerator/]: ============================================================
[04Mar2026 16:19:30.445] [Render thread/INFO] [igentuman.nc.client.RuntimeFuelModelGenerator/]: Next steps:
[04Mar2026 16:19:30.446] [Render thread/INFO] [igentuman.nc.client.RuntimeFuelModelGenerator/]:   1. Press F3+T in-game to reload resources
[04Mar2026 16:19:30.446] [Render thread/INFO] [igentuman.nc.client.RuntimeFuelModelGenerator/]: ============================================================
[04Mar2026 16:19:30.454] [Render thread/DEBUG] [net.neoforged.fml.DeferredWorkQueue/LOADING]: Synchronous work queue completed in 19.98 ms
[04Mar2026 16:19:30.565] [NeoForge Version Check/DEBUG] [net.neoforged.fml.VersionChecker/]: [computercraft] Received version check data:
{"homepage":"https://modrinth.com/mod/cc-tweaked","promos":{"1.16.4-recommended":"1.96.0","1.16.4-latest":"1.96.0","1.4.7-recommended":"1.115.1","1.20.1-latest":"1.117.1","1.19.3-latest":"1.19.3-1.103.1","1.20.1-recommended":"1.117.1","1.20-latest":"1.105.0","1.18.2-latest":"1.18.2-1.101.3","1.17.1-latest":"1.17.1-1.100.4","1.4.7-latest":"1.115.1","1.15.2-latest":"1.15.2-1.97.1","1.18-latest":"1.18-1.99.0","1.19.4-latest":"1.108.0","1.18.1-latest":"1.18.1-1.100.2","1.19.4-recommended":"1.108.0","1.15.2-recommended":"1.15.2-1.97.1","1.20-recommended":"1.105.0","1.19.2-recommended":"1.19.2-1.101.4","1.18.2-recommended":"1.18.2-1.101.3","1.19.2-latest":"1.19.2-1.101.4","1.16.5-latest":"1.16.5-1.101.3","1.19-latest":"1.19-1.100.8","1.18.1-recommended":"1.18.1-1.100.2","1.19.1-latest":"1.19.1-1.100.9","1.19.3-recommended":"1.19.3-1.103.1","1.17.1-recommended":"1.17.1-1.100.4","1.16.5-recommended":"1.16.5-1.101.3"}}
[04Mar2026 16:19:30.567] [NeoForge Version Check/INFO] [net.neoforged.fml.VersionChecker/]: [computercraft] Found status: BETA Current: 1.117.0 Target: null
[04Mar2026 16:19:31.501] [FileWatcher-1-thread-1/DEBUG] [net.neoforged.fml.config.ConfigWatcher/CONFIG]: Config file NuclearCraft/common.toml changed, re-loading
[04Mar2026 16:19:31.508] [FileWatcher-1-thread-1/WARN] [net.neoforged.fml.config.ConfigTracker/CONFIG]: Configuration file /Users/caliane/Sources/nuclearcraft/runs/client/config/NuclearCraft/common.toml is not correct. Correcting
[04Mar2026 16:19:31.895] [Worker-Main-19/DEBUG] [mekanism.common.Mekanism/]: Received IMC message 'add_module_container' from 'mekanism' for new module container 'mekanism:meka_tool' with an imcMethod 'add_meka_tool_modules'.
[04Mar2026 16:19:31.895] [Worker-Main-19/DEBUG] [mekanism.common.Mekanism/]: Received IMC message 'add_module_container' from 'mekanism' for new module container 'mekanism:mekasuit_helmet' with an imcMethod 'add_meka_suit_helmet_modules'.
[04Mar2026 16:19:31.895] [Worker-Main-19/DEBUG] [mekanism.common.Mekanism/]: Received IMC message 'add_module_container' from 'mekanism' for new module container 'mekanism:mekasuit_bodyarmor' with an imcMethod 'add_meka_suit_bodyarmor_modules'.
[04Mar2026 16:19:31.895] [Worker-Main-19/DEBUG] [mekanism.common.Mekanism/]: Received IMC message 'add_module_container' from 'mekanism' for new module container 'mekanism:mekasuit_pants' with an imcMethod 'add_meka_suit_pants_modules'.
[04Mar2026 16:19:31.895] [Worker-Main-19/DEBUG] [mekanism.common.Mekanism/]: Received IMC message 'add_module_container' from 'mekanism' for new module container 'mekanism:mekasuit_boots' with an imcMethod 'add_meka_suit_boots_modules'.
[04Mar2026 16:19:31.896] [Worker-Main-19/DEBUG] [mekanism.common.Mekanism/]: Received IMC message 'add_meka_tool_modules' from 'mekanism' for module 'mekanism:energy_unit'.
[04Mar2026 16:19:31.896] [Worker-Main-19/DEBUG] [mekanism.common.Mekanism/]: Received IMC message 'add_meka_tool_modules' from 'mekanism' for module 'mekanism:attack_amplification_unit'.
[04Mar2026 16:19:31.896] [Worker-Main-19/DEBUG] [mekanism.common.Mekanism/]: Received IMC message 'add_meka_tool_modules' from 'mekanism' for module 'mekanism:silk_touch_unit'.
[04Mar2026 16:19:31.896] [Worker-Main-19/DEBUG] [mekanism.common.Mekanism/]: Received IMC message 'add_meka_tool_modules' from 'mekanism' for module 'mekanism:fortune_unit'.
[04Mar2026 16:19:31.896] [Worker-Main-19/DEBUG] [mekanism.common.Mekanism/]: Received IMC message 'add_meka_tool_modules' from 'mekanism' for module 'mekanism:blasting_unit'.
[04Mar2026 16:19:31.896] [Worker-Main-19/DEBUG] [mekanism.common.Mekanism/]: Received IMC message 'add_meka_tool_modules' from 'mekanism' for module 'mekanism:vein_mining_unit'.
[04Mar2026 16:19:31.896] [Worker-Main-19/DEBUG] [mekanism.common.Mekanism/]: Received IMC message 'add_meka_tool_modules' from 'mekanism' for module 'mekanism:farming_unit'.
[04Mar2026 16:19:31.896] [Worker-Main-19/DEBUG] [mekanism.common.Mekanism/]: Received IMC message 'add_meka_tool_modules' from 'mekanism' for module 'mekanism:shearing_unit'.
[04Mar2026 16:19:31.896] [Worker-Main-19/DEBUG] [mekanism.common.Mekanism/]: Received IMC message 'add_meka_tool_modules' from 'mekanism' for module 'mekanism:teleportation_unit'.
[04Mar2026 16:19:31.896] [Worker-Main-19/DEBUG] [mekanism.common.Mekanism/]: Received IMC message 'add_meka_tool_modules' from 'mekanism' for module 'mekanism:excavation_escalation_unit'.
[04Mar2026 16:19:31.896] [Worker-Main-19/DEBUG] [mekanism.common.Mekanism/]: Received IMC message 'add_meka_suit_helmet_modules' from 'mekanism' for module 'mekanism:energy_unit'.
[04Mar2026 16:19:31.896] [Worker-Main-19/DEBUG] [mekanism.common.Mekanism/]: Received IMC message 'add_meka_suit_helmet_modules' from 'mekanism' for module 'mekanism:color_modulation_unit'.
[04Mar2026 16:19:31.896] [Worker-Main-19/DEBUG] [mekanism.common.Mekanism/]: Received IMC message 'add_meka_suit_helmet_modules' from 'mekanism' for module 'mekanism:laser_dissipation_unit'.
[04Mar2026 16:19:31.896] [Worker-Main-19/DEBUG] [mekanism.common.Mekanism/]: Received IMC message 'add_meka_suit_helmet_modules' from 'mekanism' for module 'mekanism:radiation_shielding_unit'.
[04Mar2026 16:19:31.896] [Worker-Main-19/DEBUG] [mekanism.common.Mekanism/]: Received IMC message 'add_meka_suit_helmet_modules' from 'mekanism' for module 'mekanism:electrolytic_breathing_unit'.
[04Mar2026 16:19:31.896] [Worker-Main-19/DEBUG] [mekanism.common.Mekanism/]: Received IMC message 'add_meka_suit_helmet_modules' from 'mekanism' for module 'mekanism:inhalation_purification_unit'.
[04Mar2026 16:19:31.896] [Worker-Main-19/DEBUG] [mekanism.common.Mekanism/]: Received IMC message 'add_meka_suit_helmet_modules' from 'mekanism' for module 'mekanism:vision_enhancement_unit'.
[04Mar2026 16:19:31.896] [Worker-Main-19/DEBUG] [mekanism.common.Mekanism/]: Received IMC message 'add_meka_suit_helmet_modules' from 'mekanism' for module 'mekanism:nutritional_injection_unit'.
[04Mar2026 16:19:31.896] [Worker-Main-19/DEBUG] [mekanism.common.Mekanism/]: Received IMC message 'add_meka_suit_helmet_modules' from 'mekanismgenerators' for module 'mekanismgenerators:solar_recharging_unit'.
[04Mar2026 16:19:31.896] [Worker-Main-19/DEBUG] [mekanism.common.Mekanism/]: Received IMC message 'add_meka_suit_bodyarmor_modules' from 'mekanism' for module 'mekanism:energy_unit'.
[04Mar2026 16:19:31.896] [Worker-Main-19/DEBUG] [mekanism.common.Mekanism/]: Received IMC message 'add_meka_suit_bodyarmor_modules' from 'mekanism' for module 'mekanism:color_modulation_unit'.
[04Mar2026 16:19:31.896] [Worker-Main-19/DEBUG] [mekanism.common.Mekanism/]: Received IMC message 'add_meka_suit_bodyarmor_modules' from 'mekanism' for module 'mekanism:laser_dissipation_unit'.
[04Mar2026 16:19:31.896] [Worker-Main-19/DEBUG] [mekanism.common.Mekanism/]: Received IMC message 'add_meka_suit_bodyarmor_modules' from 'mekanism' for module 'mekanism:radiation_shielding_unit'.
[04Mar2026 16:19:31.896] [Worker-Main-19/DEBUG] [mekanism.common.Mekanism/]: Received IMC message 'add_meka_suit_bodyarmor_modules' from 'mekanism' for module 'mekanism:jetpack_unit'.
[04Mar2026 16:19:31.896] [Worker-Main-19/DEBUG] [mekanism.common.Mekanism/]: Received IMC message 'add_meka_suit_bodyarmor_modules' from 'mekanism' for module 'mekanism:gravitational_modulating_unit'.
[04Mar2026 16:19:31.896] [Worker-Main-19/DEBUG] [mekanism.common.Mekanism/]: Received IMC message 'add_meka_suit_bodyarmor_modules' from 'mekanism' for module 'mekanism:charge_distribution_unit'.
[04Mar2026 16:19:31.896] [Worker-Main-19/DEBUG] [mekanism.common.Mekanism/]: Received IMC message 'add_meka_suit_bodyarmor_modules' from 'mekanism' for module 'mekanism:dosimeter_unit'.
[04Mar2026 16:19:31.896] [Worker-Main-19/DEBUG] [mekanism.common.Mekanism/]: Received IMC message 'add_meka_suit_bodyarmor_modules' from 'mekanism' for module 'mekanism:geiger_unit'.
[04Mar2026 16:19:31.896] [Worker-Main-19/DEBUG] [mekanism.common.Mekanism/]: Received IMC message 'add_meka_suit_bodyarmor_modules' from 'mekanism' for module 'mekanism:elytra_unit'.
[04Mar2026 16:19:31.896] [Worker-Main-19/DEBUG] [mekanism.common.Mekanism/]: Received IMC message 'add_meka_suit_pants_modules' from 'mekanism' for module 'mekanism:energy_unit'.
[04Mar2026 16:19:31.896] [Worker-Main-19/DEBUG] [mekanism.common.Mekanism/]: Received IMC message 'add_meka_suit_pants_modules' from 'mekanism' for module 'mekanism:color_modulation_unit'.
[04Mar2026 16:19:31.896] [Worker-Main-19/DEBUG] [mekanism.common.Mekanism/]: Received IMC message 'add_meka_suit_pants_modules' from 'mekanism' for module 'mekanism:laser_dissipation_unit'.
[04Mar2026 16:19:31.896] [Worker-Main-19/DEBUG] [mekanism.common.Mekanism/]: Received IMC message 'add_meka_suit_pants_modules' from 'mekanism' for module 'mekanism:radiation_shielding_unit'.
[04Mar2026 16:19:31.897] [Worker-Main-19/DEBUG] [mekanism.common.Mekanism/]: Received IMC message 'add_meka_suit_pants_modules' from 'mekanism' for module 'mekanism:locomotive_boosting_unit'.
[04Mar2026 16:19:31.897] [Worker-Main-19/DEBUG] [mekanism.common.Mekanism/]: Received IMC message 'add_meka_suit_pants_modules' from 'mekanism' for module 'mekanism:gyroscopic_stabilization_unit'.
[04Mar2026 16:19:31.897] [Worker-Main-19/DEBUG] [mekanism.common.Mekanism/]: Received IMC message 'add_meka_suit_pants_modules' from 'mekanism' for module 'mekanism:hydrostatic_repulsor_unit'.
[04Mar2026 16:19:31.897] [Worker-Main-19/DEBUG] [mekanism.common.Mekanism/]: Received IMC message 'add_meka_suit_pants_modules' from 'mekanism' for module 'mekanism:motorized_servo_unit'.
[04Mar2026 16:19:31.897] [Worker-Main-19/DEBUG] [mekanism.common.Mekanism/]: Received IMC message 'add_meka_suit_pants_modules' from 'mekanismgenerators' for module 'mekanismgenerators:geothermal_generator_unit'.
[04Mar2026 16:19:31.897] [Worker-Main-19/DEBUG] [mekanism.common.Mekanism/]: Received IMC message 'add_meka_suit_boots_modules' from 'mekanism' for module 'mekanism:energy_unit'.
[04Mar2026 16:19:31.897] [Worker-Main-19/DEBUG] [mekanism.common.Mekanism/]: Received IMC message 'add_meka_suit_boots_modules' from 'mekanism' for module 'mekanism:color_modulation_unit'.
[04Mar2026 16:19:31.897] [Worker-Main-19/DEBUG] [mekanism.common.Mekanism/]: Received IMC message 'add_meka_suit_boots_modules' from 'mekanism' for module 'mekanism:laser_dissipation_unit'.
[04Mar2026 16:19:31.897] [Worker-Main-19/DEBUG] [mekanism.common.Mekanism/]: Received IMC message 'add_meka_suit_boots_modules' from 'mekanism' for module 'mekanism:radiation_shielding_unit'.
[04Mar2026 16:19:31.897] [Worker-Main-19/DEBUG] [mekanism.common.Mekanism/]: Received IMC message 'add_meka_suit_boots_modules' from 'mekanism' for module 'mekanism:hydraulic_propulsion_unit'.
[04Mar2026 16:19:31.897] [Worker-Main-19/DEBUG] [mekanism.common.Mekanism/]: Received IMC message 'add_meka_suit_boots_modules' from 'mekanism' for module 'mekanism:magnetic_attraction_unit'.
[04Mar2026 16:19:31.897] [Worker-Main-19/DEBUG] [mekanism.common.Mekanism/]: Received IMC message 'add_meka_suit_boots_modules' from 'mekanism' for module 'mekanism:frost_walker_unit'.
[04Mar2026 16:19:31.897] [Worker-Main-19/DEBUG] [mekanism.common.Mekanism/]: Received IMC message 'add_meka_suit_boots_modules' from 'mekanism' for module 'mekanism:soul_surfer_unit'.
[04Mar2026 16:19:31.902] [Worker-Main-10/DEBUG] [appeng.integration.modules.igtooltip.TooltipProviders/]: Registering default-data for BE BaseClass[blockEntity=class appeng.blockentity.AEBaseBlockEntity, block=class appeng.block.AEBaseEntityBlock] and sub-classes
[04Mar2026 16:19:31.902] [Worker-Main-10/DEBUG] [appeng.integration.modules.igtooltip.TooltipProviders/]: Registering part host provider for BaseClass[blockEntity=class appeng.blockentity.networking.CableBusBlockEntity, block=class appeng.block.networking.CableBusBlock] and sub-classes
[04Mar2026 16:19:31.903] [Worker-Main-10/DEBUG] [appeng.integration.modules.igtooltip.TooltipProviders/]: Registering default client providers for BE BaseClass[blockEntity=class appeng.blockentity.AEBaseBlockEntity, block=class appeng.block.AEBaseEntityBlock] and sub-classes
[04Mar2026 16:19:31.903] [Worker-Main-10/DEBUG] [appeng.integration.modules.igtooltip.TooltipProviders/]: Registering part host provider for BaseClass[blockEntity=class appeng.blockentity.networking.CableBusBlockEntity, block=class appeng.block.networking.CableBusBlock] and sub-classes
[04Mar2026 16:19:32.039] [Render thread/WARN] [net.minecraft.client.sounds.SoundEngine/]: Missing sound for event: minecraft:item.goat_horn.play
[04Mar2026 16:19:32.039] [Render thread/WARN] [net.minecraft.client.sounds.SoundEngine/]: Missing sound for event: minecraft:entity.goat.screaming.horn_break
[04Mar2026 16:19:32.945] [Render thread/INFO] [com.mojang.blaze3d.audio.Library/]: OpenAL initialized on device Sonos Ace
[04Mar2026 16:19:32.946] [Render thread/INFO] [net.minecraft.client.sounds.SoundEngine/SOUNDS]: Sound engine started
[04Mar2026 16:19:32.997] [Render thread/INFO] [net.minecraft.client.renderer.texture.TextureAtlas/]: Created: 2048x2048x4 minecraft:textures/atlas/blocks.png-atlas
[04Mar2026 16:19:33.025] [Render thread/INFO] [net.minecraft.client.renderer.texture.TextureAtlas/]: Created: 256x256x4 minecraft:textures/atlas/signs.png-atlas
[04Mar2026 16:19:33.025] [Render thread/INFO] [net.minecraft.client.renderer.texture.TextureAtlas/]: Created: 512x512x4 minecraft:textures/atlas/shield_patterns.png-atlas
[04Mar2026 16:19:33.026] [Render thread/INFO] [net.minecraft.client.renderer.texture.TextureAtlas/]: Created: 512x512x4 minecraft:textures/atlas/banner_patterns.png-atlas
[04Mar2026 16:19:33.026] [Render thread/INFO] [net.minecraft.client.renderer.texture.TextureAtlas/]: Created: 1024x1024x4 minecraft:textures/atlas/armor_trims.png-atlas
[04Mar2026 16:19:33.030] [Render thread/INFO] [net.minecraft.client.renderer.texture.TextureAtlas/]: Created: 256x256x4 minecraft:textures/atlas/chest.png-atlas
[04Mar2026 16:19:33.030] [Render thread/INFO] [net.minecraft.client.renderer.texture.TextureAtlas/]: Created: 128x64x4 minecraft:textures/atlas/decorated_pot.png-atlas
[04Mar2026 16:19:33.031] [Render thread/INFO] [net.minecraft.client.renderer.texture.TextureAtlas/]: Created: 512x256x4 minecraft:textures/atlas/beds.png-atlas
[04Mar2026 16:19:33.031] [Render thread/INFO] [net.minecraft.client.renderer.texture.TextureAtlas/]: Created: 512x256x4 minecraft:textures/atlas/shulker_boxes.png-atlas
[04Mar2026 16:19:33.109] [Render thread/DEBUG] [mekanism.common.Mekanism/]: Added Mekanism Elytra Layer to entity of type: minecraft:player
[04Mar2026 16:19:33.109] [Render thread/DEBUG] [mekanism.common.Mekanism/]: Added Mekanism Armor Layer to entity of type: minecraft:player
[04Mar2026 16:19:33.109] [Render thread/DEBUG] [mekanism.common.Mekanism/]: Added Mekanism Elytra Layer to entity of type: minecraft:player
[04Mar2026 16:19:33.109] [Render thread/DEBUG] [mekanism.common.Mekanism/]: Added Mekanism Armor Layer to entity of type: minecraft:player
[04Mar2026 16:19:33.109] [Render thread/DEBUG] [mekanism.common.Mekanism/]: Added Mekanism Elytra Layer to entity of type: minecraft:stray
[04Mar2026 16:19:33.109] [Render thread/DEBUG] [mekanism.common.Mekanism/]: Added Mekanism Armor Layer to entity of type: minecraft:stray
[04Mar2026 16:19:33.109] [Render thread/DEBUG] [mekanism.common.Mekanism/]: Added Mekanism Elytra Layer to entity of type: minecraft:zombified_piglin
[04Mar2026 16:19:33.109] [Render thread/DEBUG] [mekanism.common.Mekanism/]: Added Mekanism Armor Layer to entity of type: minecraft:zombified_piglin
[04Mar2026 16:19:33.109] [Render thread/DEBUG] [mekanism.common.Mekanism/]: Added Mekanism Elytra Layer to entity of type: nuclearcraft:feral_ghoul
[04Mar2026 16:19:33.109] [Render thread/DEBUG] [mekanism.common.Mekanism/]: Added Mekanism Armor Layer to entity of type: nuclearcraft:feral_ghoul
[04Mar2026 16:19:33.109] [Render thread/DEBUG] [mekanism.common.Mekanism/]: Added Mekanism Elytra Layer to entity of type: minecraft:piglin
[04Mar2026 16:19:33.109] [Render thread/DEBUG] [mekanism.common.Mekanism/]: Added Mekanism Armor Layer to entity of type: minecraft:piglin
[04Mar2026 16:19:33.109] [Render thread/DEBUG] [mekanism.common.Mekanism/]: Added Mekanism Elytra Layer to entity of type: minecraft:wither_skeleton
[04Mar2026 16:19:33.109] [Render thread/DEBUG] [mekanism.common.Mekanism/]: Added Mekanism Armor Layer to entity of type: minecraft:wither_skeleton
[04Mar2026 16:19:33.109] [Render thread/DEBUG] [mekanism.common.Mekanism/]: Added Mekanism Elytra Layer to entity of type: minecraft:husk
[04Mar2026 16:19:33.109] [Render thread/DEBUG] [mekanism.common.Mekanism/]: Added Mekanism Armor Layer to entity of type: minecraft:husk
[04Mar2026 16:19:33.109] [Render thread/DEBUG] [mekanism.common.Mekanism/]: Added Mekanism Elytra Layer to entity of type: minecraft:zombie
[04Mar2026 16:19:33.109] [Render thread/DEBUG] [mekanism.common.Mekanism/]: Added Mekanism Armor Layer to entity of type: minecraft:zombie
[04Mar2026 16:19:33.109] [Render thread/DEBUG] [mekanism.common.Mekanism/]: Added Mekanism Elytra Layer to entity of type: minecraft:bogged
[04Mar2026 16:19:33.110] [Render thread/DEBUG] [mekanism.common.Mekanism/]: Added Mekanism Armor Layer to entity of type: minecraft:bogged
[04Mar2026 16:19:33.110] [Render thread/DEBUG] [mekanism.common.Mekanism/]: Added Mekanism Elytra Layer to entity of type: minecraft:piglin_brute
[04Mar2026 16:19:33.110] [Render thread/DEBUG] [mekanism.common.Mekanism/]: Added Mekanism Armor Layer to entity of type: minecraft:piglin_brute
[04Mar2026 16:19:33.110] [Render thread/DEBUG] [mekanism.common.Mekanism/]: Added Mekanism Elytra Layer to entity of type: minecraft:skeleton
[04Mar2026 16:19:33.110] [Render thread/DEBUG] [mekanism.common.Mekanism/]: Added Mekanism Armor Layer to entity of type: minecraft:skeleton
[04Mar2026 16:19:33.110] [Render thread/DEBUG] [mekanism.common.Mekanism/]: Added Mekanism Armor Layer to entity of type: minecraft:giant
[04Mar2026 16:19:33.110] [Render thread/DEBUG] [mekanism.common.Mekanism/]: Added Mekanism Elytra Layer to entity of type: minecraft:zombie_villager
[04Mar2026 16:19:33.110] [Render thread/DEBUG] [mekanism.common.Mekanism/]: Added Mekanism Armor Layer to entity of type: minecraft:zombie_villager
[04Mar2026 16:19:33.110] [Render thread/DEBUG] [mekanism.common.Mekanism/]: Added Mekanism Elytra Layer to entity of type: minecraft:armor_stand
[04Mar2026 16:19:33.110] [Render thread/DEBUG] [mekanism.common.Mekanism/]: Added Mekanism Armor Layer to entity of type: minecraft:armor_stand
[04Mar2026 16:19:33.110] [Render thread/DEBUG] [mekanism.common.Mekanism/]: Added Mekanism Elytra Layer to entity of type: minecraft:drowned
[04Mar2026 16:19:33.111] [Render thread/DEBUG] [mekanism.common.Mekanism/]: Added Mekanism Armor Layer to entity of type: minecraft:drowned
[04Mar2026 16:19:33.111] [Render thread/INFO] [net.minecraft.client.renderer.texture.TextureAtlas/]: Created: 2048x1024x0 minecraft:textures/atlas/particles.png-atlas
[04Mar2026 16:19:33.113] [Render thread/INFO] [net.minecraft.client.renderer.texture.TextureAtlas/]: Created: 512x256x0 minecraft:textures/atlas/paintings.png-atlas
[04Mar2026 16:19:33.113] [Render thread/INFO] [net.minecraft.client.renderer.texture.TextureAtlas/]: Created: 256x128x0 minecraft:textures/atlas/mob_effects.png-atlas
[04Mar2026 16:19:33.113] [Render thread/INFO] [net.minecraft.client.renderer.texture.TextureAtlas/]: Created: 64x64x0 minecraft:textures/atlas/map_decorations.png-atlas
[04Mar2026 16:19:33.113] [Render thread/INFO] [net.minecraft.client.renderer.texture.TextureAtlas/]: Created: 1024x512x0 minecraft:textures/atlas/gui.png-atlas
[04Mar2026 16:19:33.114] [Render thread/DEBUG] [guideme.render.GuiAssets/]: Resetting 8 GUI sprites.
[04Mar2026 16:19:33.146] [Render thread/WARN] [net.minecraft.client.renderer.ShaderInstance/]: Shader rendertype_entity_translucent_emissive could not find sampler named Sampler2 in the specified shader program.
[04Mar2026 16:19:33.217] [Render thread/INFO] [net.minecraft.client.renderer.texture.TextureAtlas/]: Created: 512x256x0 mekanism:textures/atlas/robit.png-atlas
[04Mar2026 16:19:33.219] [Render thread/INFO] [patchouli/]: BookContentResourceListenerLoader preloaded 75 jsons
[04Mar2026 16:19:33.219] [Render thread/DEBUG] [patchouli/]: Not reloading resource pack-based books as client world is missing
[04Mar2026 16:19:33.219] [Render thread/INFO] [guideme.internal.GuideReloadListener/]: Data driven guides: []
[04Mar2026 16:19:33.228] [Render thread/INFO] [net.neoforged.neoforge.client.entity.animation.json.AnimationLoader/]: Loaded 0 entity animations
[04Mar2026 16:19:33.500] [FileWatcher-1-thread-1/DEBUG] [net.neoforged.fml.config.ConfigWatcher/CONFIG]: Config file NuclearCraft/common.toml changed, re-loading
[04Mar2026 16:19:33.501] [FileWatcher-1-thread-1/WARN] [net.neoforged.fml.config.ConfigTracker/CONFIG]: Configuration file /Users/caliane/Sources/nuclearcraft/runs/client/config/NuclearCraft/common.toml is not correct. Correcting
[04Mar2026 16:19:35.501] [FileWatcher-1-thread-1/DEBUG] [net.neoforged.fml.config.ConfigWatcher/CONFIG]: Config file NuclearCraft/common.toml changed, re-loading
[04Mar2026 16:19:35.502] [FileWatcher-1-thread-1/WARN] [net.neoforged.fml.config.ConfigTracker/CONFIG]: Configuration file /Users/caliane/Sources/nuclearcraft/runs/client/config/NuclearCraft/common.toml is not correct. Correcting
[04Mar2026 16:19:36.661] [Worker-Main-1/INFO] [AE2:C/]: Scanning class appeng.server.testplots.AutoCraftingTestPlots for plots
[04Mar2026 16:19:36.662] [Worker-Main-1/INFO] [AE2:C/]: Scanning class appeng.server.testplots.SpawnExtraGridTestTools for plots
[04Mar2026 16:19:36.662] [Worker-Main-1/INFO] [AE2:C/]: Scanning class appeng.server.testplots.PatternProviderPlots for plots
[04Mar2026 16:19:36.662] [Worker-Main-1/INFO] [AE2:C/]: Scanning class appeng.server.testplots.CrystalResonanceGeneratorTestPlots for plots
[04Mar2026 16:19:36.662] [Worker-Main-1/INFO] [AE2:C/]: Scanning class appeng.server.testplots.InterfaceTestPlots for plots
[04Mar2026 16:19:36.662] [Worker-Main-1/INFO] [AE2:C/]: Scanning class appeng.server.testplots.PatternProviderLockModePlots for plots
[04Mar2026 16:19:36.663] [Worker-Main-1/INFO] [AE2:C/]: Scanning class appeng.server.testplots.ItemP2PTestPlots for plots
[04Mar2026 16:19:36.663] [Worker-Main-1/INFO] [AE2:C/]: Scanning class appeng.server.testplots.InvalidPatternTestPlot for plots
[04Mar2026 16:19:36.663] [Worker-Main-1/INFO] [AE2:C/]: Scanning class appeng.server.testplots.MemoryCardTestPlots for plots
[04Mar2026 16:19:36.663] [Worker-Main-1/INFO] [AE2:C/]: Scanning class appeng.server.testplots.AnnihilationPlaneTests for plots
[04Mar2026 16:19:36.663] [Worker-Main-1/INFO] [AE2:C/]: Scanning class appeng.server.testplots.InscriberTestPlots for plots
[04Mar2026 16:19:36.665] [Worker-Main-1/INFO] [AE2:C/]: Scanning class appeng.server.testplots.GuidebookPlot for plots
[04Mar2026 16:19:36.665] [Worker-Main-1/INFO] [AE2:C/]: Scanning class appeng.server.testplots.SubnetPlots for plots
[04Mar2026 16:19:36.665] [Worker-Main-1/INFO] [AE2:C/]: Scanning class appeng.server.testplots.P2PTestPlots for plots
[04Mar2026 16:19:36.665] [Worker-Main-1/INFO] [AE2:C/]: Scanning class appeng.server.testplots.QnbTestPlots for plots
[04Mar2026 16:19:36.666] [Worker-Main-1/INFO] [AE2:C/]: Scanning class appeng.server.testplots.ExternalEnergyTestPlots for plots
[04Mar2026 16:19:36.666] [Worker-Main-1/INFO] [AE2:C/]: Scanning class appeng.server.testplots.ChannelTests for plots
[04Mar2026 16:19:36.666] [Worker-Main-1/INFO] [AE2:C/]: Scanning class appeng.server.testplots.TestPlots for plots
[04Mar2026 16:19:36.666] [Worker-Main-1/INFO] [AE2:C/]: Scanning class appeng.server.testplots.SpatialTestPlots for plots
[04Mar2026 16:19:37.021] [Render thread/INFO] [net.minecraft.world.item.crafting.RecipeManager/]: Loaded 6562 recipes
[04Mar2026 16:19:37.136] [Render thread/INFO] [net.minecraft.advancements.AdvancementTree/]: Loaded 2838 advancements
[04Mar2026 16:19:37.500] [FileWatcher-1-thread-1/DEBUG] [net.neoforged.fml.config.ConfigWatcher/CONFIG]: Config file NuclearCraft/common.toml changed, re-loading
[04Mar2026 16:19:37.501] [FileWatcher-1-thread-1/WARN] [net.neoforged.fml.config.ConfigTracker/CONFIG]: Configuration file /Users/caliane/Sources/nuclearcraft/runs/client/config/NuclearCraft/common.toml is not correct. Correcting
[04Mar2026 16:19:37.546] [Render thread/INFO] [EMI/]: [EMI] Recipes synchronized, waiting for tags to reload EMI...
[04Mar2026 16:19:37.600] [Render thread/DEBUG] [mixin/]: Mixing accessor.OrderedTextTooltipComponentAccessor from emi.mixins.json into net.minecraft.client.gui.screens.inventory.tooltip.ClientTextTooltip
[04Mar2026 16:19:37.600] [Render thread/DEBUG] [mixin/]: emi.mixins.json:accessor.OrderedTextTooltipComponentAccessor from mod emi: Class version 65 required is higher than the class version supported by the current version of Mixin (JAVA_17 supports class version 61)
[04Mar2026 16:19:38.078] [Render thread/DEBUG] [net.neoforged.neoforge.network.DualStackUtils/]: Detected IPv6 address: "0:0:0:0:0:0:0:0"
[04Mar2026 16:19:38.433] [Server Pinger #0/DEBUG] [io.netty.channel.MultithreadEventLoopGroup/]: -Dio.netty.eventLoopThreads: 64
[04Mar2026 16:19:38.437] [Server Pinger #0/DEBUG] [io.netty.util.concurrent.GlobalEventExecutor/]: -Dio.netty.globalEventExecutor.quietPeriodSeconds: 1
[04Mar2026 16:19:38.441] [Server Pinger #0/DEBUG] [io.netty.channel.nio.NioEventLoop/]: -Dio.netty.noKeySetOptimization: false
[04Mar2026 16:19:38.441] [Server Pinger #0/DEBUG] [io.netty.channel.nio.NioEventLoop/]: -Dio.netty.selectorAutoRebuildThreshold: 512
[04Mar2026 16:19:38.443] [Server Pinger #0/DEBUG] [io.netty.util.internal.PlatformDependent/]: org.jctools-core.MpscChunkedArrayQueue: available
[04Mar2026 16:19:38.452] [Server Pinger #0/DEBUG] [io.netty.channel.DefaultChannelId/]: -Dio.netty.processId: 83512 (auto-detected)
[04Mar2026 16:19:38.453] [Server Pinger #0/DEBUG] [io.netty.util.NetUtil/]: -Djava.net.preferIPv4Stack: true
[04Mar2026 16:19:38.453] [Server Pinger #0/DEBUG] [io.netty.util.NetUtil/]: -Djava.net.preferIPv6Addresses: false
[04Mar2026 16:19:38.455] [Server Pinger #0/DEBUG] [io.netty.util.NetUtilInitializations/]: Loopback interface: lo0 (lo0, 0:0:0:0:0:0:0:1%lo0)
[04Mar2026 16:19:38.455] [Server Pinger #0/DEBUG] [io.netty.util.NetUtil/]: Failed to get SOMAXCONN from sysctl and file /proc/sys/net/core/somaxconn. Default: 128
[04Mar2026 16:19:38.456] [Server Pinger #0/DEBUG] [io.netty.channel.DefaultChannelId/]: -Dio.netty.machineId: 1c:1d:d3:ff:fe:db:e2:93 (auto-detected)
[04Mar2026 16:19:38.472] [Server Pinger #0/DEBUG] [io.netty.util.Recycler/]: -Dio.netty.recycler.maxCapacityPerThread: 4096
[04Mar2026 16:19:38.473] [Server Pinger #0/DEBUG] [io.netty.util.Recycler/]: -Dio.netty.recycler.ratio: 8
[04Mar2026 16:19:38.473] [Server Pinger #0/DEBUG] [io.netty.util.Recycler/]: -Dio.netty.recycler.chunkSize: 32
[04Mar2026 16:19:38.473] [Server Pinger #0/DEBUG] [io.netty.util.Recycler/]: -Dio.netty.recycler.blocking: false
[04Mar2026 16:19:38.473] [Server Pinger #0/DEBUG] [io.netty.util.Recycler/]: -Dio.netty.recycler.batchFastThreadLocalOnly: true
[04Mar2026 16:19:38.734] [Render thread/INFO] [net.minecraft.client.gui.screens.ConnectScreen/]: Connecting to 127.0.0.1, 25565
[04Mar2026 16:19:38.747] [Server Connector #1/DEBUG] [net.neoforged.neoforge.network.DualStackUtils/]: Detected IPv4 address: "127.0.0.1"
[04Mar2026 16:19:38.825] [Netty Client IO #1/DEBUG] [net.neoforged.neoforge.network.filters.NetworkFilters/]: Injected net.neoforged.neoforge.network.filters.GenericPacketSplitter@2a352848 into net.minecraft.network.Connection@7470f6de
[04Mar2026 16:19:38.910] [Render thread/DEBUG] [net.neoforged.neoforge.common.NeoForgeConfig/FORGEMOD]: NeoForge config just got changed on the file system!
[04Mar2026 16:19:39.338] [Render thread/INFO] [EMI/]: [EMI] Recipes synchronized, waiting for tags to reload EMI...
[04Mar2026 16:19:39.369] [Render thread/DEBUG] [mixin/]: Mixing ClientPacketListenerMixin from computercraft-client.forge.mixins.json into net.minecraft.client.multiplayer.ClientPacketListener
[04Mar2026 16:19:39.371] [Render thread/DEBUG] [mixin/]: computercraft-client.forge.mixins.json:ClientPacketListenerMixin from mod computercraft->@Inject::commandUnsigned(Ljava/lang/String;Lorg/spongepowered/asm/mixin/injection/callback/CallbackInfoReturnable;)V does use it's CallbackInfoReturnable
[04Mar2026 16:19:39.380] [Render thread/DEBUG] [mixin/]: Mixing client.AccessorClientAdvancements from patchouli_xplat.mixins.json into net.minecraft.client.multiplayer.ClientAdvancements
[04Mar2026 16:19:39.381] [Render thread/DEBUG] [mixin/]: Mixing client.MixinClientAdvancements from patchouli_xplat.mixins.json into net.minecraft.client.multiplayer.ClientAdvancements
[04Mar2026 16:19:39.382] [Render thread/DEBUG] [mixin/]: patchouli_xplat.mixins.json:client.MixinClientAdvancements from mod patchouli->@Inject::patchouli_onSync(Lnet/minecraft/network/protocol/game/ClientboundUpdateAdvancementsPacket;Lorg/spongepowered/asm/mixin/injection/callback/CallbackInfo;)V doesn't use it's CallbackInfo
[04Mar2026 16:19:39.382] [Render thread/DEBUG] [mixin/]: patchouli_xplat.mixins.json:client.MixinClientAdvancements from mod patchouli->@Inject::patchouli_onSync(Lnet/minecraft/network/protocol/game/ClientboundUpdateAdvancementsPacket;Lorg/spongepowered/asm/mixin/injection/callback/CallbackInfo;)V has 0 override(s) in child classes
[04Mar2026 16:19:39.382] [Render thread/DEBUG] [mixin/]: patchouli_xplat.mixins.json:client.MixinClientAdvancements from mod patchouli->@Inject::patchouli_onSync(Lnet/minecraft/network/protocol/game/ClientboundUpdateAdvancementsPacket;Lorg/spongepowered/asm/mixin/injection/callback/CallbackInfo;)V won't be passed a CallbackInfo as a result
[04Mar2026 16:19:39.383] [Render thread/DEBUG] [mixin/]: Mixing accessor.BrewingRecipeRegistryAccessor from emi.mixins.json into net.minecraft.world.item.alchemy.PotionBrewing
[04Mar2026 16:19:39.383] [Render thread/DEBUG] [mixin/]: emi.mixins.json:accessor.BrewingRecipeRegistryAccessor from mod emi: Class version 65 required is higher than the class version supported by the current version of Mixin (JAVA_17 supports class version 61)
[04Mar2026 16:19:39.502] [FileWatcher-1-thread-1/DEBUG] [net.neoforged.fml.config.ConfigWatcher/CONFIG]: Config file NuclearCraft/common.toml changed, re-loading
[04Mar2026 16:19:39.503] [FileWatcher-1-thread-1/WARN] [net.neoforged.fml.config.ConfigTracker/CONFIG]: Configuration file /Users/caliane/Sources/nuclearcraft/runs/client/config/NuclearCraft/common.toml is not correct. Correcting
[04Mar2026 16:19:39.539] [Render thread/INFO] [EMI/]: [EMI] Tags synchronized, reloading EMI
[04Mar2026 16:19:39.539] [Render thread/INFO] [EMI/]: [EMI] Starting Reload
[04Mar2026 16:19:39.540] [Thread-9/INFO] [EMI/]: [EMI] Starting EMI reload...
[04Mar2026 16:19:39.540] [Thread-9/INFO] [EMI/]: [EMI] Clearing data
[04Mar2026 16:19:39.572] [Thread-9/INFO] [EMI/]: [EMI] Initializing plugin from emi
[04Mar2026 16:19:39.575] [Thread-9/INFO] [EMI/]: [EMI] Initialized plugin from emi in 2ms
[04Mar2026 16:19:39.575] [Thread-9/INFO] [EMI/]: [EMI] Initializing plugin from mekanism
[04Mar2026 16:19:39.575] [Thread-9/INFO] [EMI/]: [EMI] Initialized plugin from mekanism in 0ms
[04Mar2026 16:19:39.575] [Thread-9/INFO] [EMI/]: [EMI] Initializing plugin from computercraft
[04Mar2026 16:19:39.575] [Thread-9/INFO] [EMI/]: [EMI] Initialized plugin from computercraft in 0ms
[04Mar2026 16:19:39.575] [Thread-9/INFO] [EMI/]: [EMI] Initializing plugin from nuclearcraft
[04Mar2026 16:19:39.575] [Thread-9/INFO] [EMI/]: [EMI] Initialized plugin from nuclearcraft in 0ms
[04Mar2026 16:19:39.575] [Thread-9/INFO] [EMI/]: [EMI] Initializing plugin from mekanismgenerators
[04Mar2026 16:19:39.576] [Thread-9/INFO] [EMI/]: [EMI] Initialized plugin from mekanismgenerators in 0ms
[04Mar2026 16:19:39.576] [Thread-9/INFO] [EMI/]: [EMI] Initializing plugin from ae2
[04Mar2026 16:19:39.576] [Thread-9/INFO] [EMI/]: [EMI] Initialized plugin from ae2 in 0ms
[04Mar2026 16:19:39.577] [Thread-9/INFO] [EMI/]: [EMI] Processing tags
[04Mar2026 16:19:39.583] [Render thread/INFO] [net.minecraft.advancements.AdvancementTree/]: Loaded 43 advancements
[04Mar2026 16:19:39.585] [Thread-9/ERROR] [EMI/]: [EMI] Untranslated tag #ae2:all_certus_quartz
[04Mar2026 16:19:39.585] [Thread-9/ERROR] [EMI/]: [EMI] Untranslated tag #ae2:all_fluix
[04Mar2026 16:19:39.585] [Thread-9/ERROR] [EMI/]: [EMI] Untranslated tag #ae2:all_nether_quartz
[04Mar2026 16:19:39.585] [Thread-9/ERROR] [EMI/]: [EMI] Untranslated tag #ae2:all_quartz
[04Mar2026 16:19:39.585] [Thread-9/ERROR] [EMI/]: [EMI] Untranslated tag #ae2:all_quartz_dust
[04Mar2026 16:19:39.586] [Thread-9/ERROR] [EMI/]: [EMI] Untranslated tag #ae2:can_remove_color
[04Mar2026 16:19:39.586] [Thread-9/ERROR] [EMI/]: [EMI] Untranslated tag #ae2:covered_cable
[04Mar2026 16:19:39.586] [Thread-9/ERROR] [EMI/]: [EMI] Untranslated tag #ae2:covered_dense_cable
[04Mar2026 16:19:39.586] [Thread-9/ERROR] [EMI/]: [EMI] Untranslated tag #ae2:glass_cable
[04Mar2026 16:19:39.586] [Thread-9/ERROR] [EMI/]: [EMI] Untranslated tag #ae2:illuminated_panel
[04Mar2026 16:19:39.586] [Thread-9/ERROR] [EMI/]: [EMI] Untranslated tag #ae2:inscriber_presses
[04Mar2026 16:19:39.586] [Thread-9/ERROR] [EMI/]: [EMI] Untranslated tag #ae2:interface
[04Mar2026 16:19:39.586] [Thread-9/ERROR] [EMI/]: [EMI] Untranslated tag #ae2:knife
[04Mar2026 16:19:39.586] [Thread-9/ERROR] [EMI/]: [EMI] Untranslated tag #ae2:lumen_paint_balls
[04Mar2026 16:19:39.586] [Thread-9/ERROR] [EMI/]: [EMI] Untranslated tag #ae2:metal_ingots
[04Mar2026 16:19:39.586] [Thread-9/ERROR] [EMI/]: [EMI] Untranslated tag #ae2:p2p_attunements/fe_p2p_tunnel
[04Mar2026 16:19:39.586] [Thread-9/ERROR] [EMI/]: [EMI] Untranslated tag #ae2:p2p_attunements/fluid_p2p_tunnel
[04Mar2026 16:19:39.586] [Thread-9/ERROR] [EMI/]: [EMI] Untranslated tag #ae2:p2p_attunements/item_p2p_tunnel
[04Mar2026 16:19:39.586] [Thread-9/ERROR] [EMI/]: [EMI] Untranslated tag #ae2:p2p_attunements/light_p2p_tunnel
[04Mar2026 16:19:39.586] [Thread-9/ERROR] [EMI/]: [EMI] Untranslated tag #ae2:p2p_attunements/me_p2p_tunnel
[04Mar2026 16:19:39.586] [Thread-9/ERROR] [EMI/]: [EMI] Untranslated tag #ae2:p2p_attunements/redstone_p2p_tunnel
[04Mar2026 16:19:39.586] [Thread-9/ERROR] [EMI/]: [EMI] Untranslated tag #ae2:paint_balls
[04Mar2026 16:19:39.586] [Thread-9/ERROR] [EMI/]: [EMI] Untranslated tag #ae2:pattern_provider
[04Mar2026 16:19:39.586] [Thread-9/ERROR] [EMI/]: [EMI] Untranslated tag #ae2:quartz_axe
[04Mar2026 16:19:39.586] [Thread-9/ERROR] [EMI/]: [EMI] Untranslated tag #ae2:quartz_hoe
[04Mar2026 16:19:39.586] [Thread-9/ERROR] [EMI/]: [EMI] Untranslated tag #ae2:quartz_pickaxe
[04Mar2026 16:19:39.586] [Thread-9/ERROR] [EMI/]: [EMI] Untranslated tag #ae2:quartz_shovel
[04Mar2026 16:19:39.586] [Render thread/INFO] [patchouli/]: BookContentResourceListenerLoader: Files found in 196.6 μs
[04Mar2026 16:19:39.586] [Thread-9/ERROR] [EMI/]: [EMI] Untranslated tag #ae2:quartz_sword
[04Mar2026 16:19:39.587] [Thread-9/ERROR] [EMI/]: [EMI] Untranslated tag #ae2:quartz_wrench
[04Mar2026 16:19:39.587] [Thread-9/ERROR] [EMI/]: [EMI] Untranslated tag #ae2:smart_cable
[04Mar2026 16:19:39.587] [Thread-9/ERROR] [EMI/]: [EMI] Untranslated tag #ae2:smart_dense_cable
[04Mar2026 16:19:39.587] [Thread-9/ERROR] [EMI/]: [EMI] Untranslated tag #c:dusts/certus_quartz
[04Mar2026 16:19:39.587] [Thread-9/ERROR] [EMI/]: [EMI] Untranslated tag #c:dusts/ender_pearl
[04Mar2026 16:19:39.587] [Thread-9/ERROR] [EMI/]: [EMI] Untranslated tag #c:dusts/fluix
[04Mar2026 16:19:39.587] [Thread-9/ERROR] [EMI/]: [EMI] Untranslated tag #c:dusts/sky_stone
[04Mar2026 16:19:39.587] [Thread-9/ERROR] [EMI/]: [EMI] Untranslated tag #c:gems/certus_quartz
[04Mar2026 16:19:39.587] [Thread-9/ERROR] [EMI/]: [EMI] Untranslated tag #c:gems/fluix
[04Mar2026 16:19:39.587] [Thread-9/ERROR] [EMI/]: [EMI] Untranslated tag #c:silicon
[04Mar2026 16:19:39.587] [Thread-9/ERROR] [EMI/]: [EMI] Untranslated tag #c:storage_blocks/certus_quartz
[04Mar2026 16:19:39.587] [Thread-9/ERROR] [EMI/]: [EMI] Untranslated tag #curios:curio
[04Mar2026 16:19:39.587] [Thread-9/INFO] [EMI/]: [EMI]  Tag warning can be disabled in the config, EMI docs describe how to add a translation or exclude tags.
[04Mar2026 16:19:39.589] [Render thread/INFO] [patchouli/]: BookContentResourceListenerLoader: Files found in 189.3 μs
[04Mar2026 16:19:39.596] [Render thread/DEBUG] [io.netty.util.internal.ThreadLocalRandom/]: -Dio.netty.initialSeedUniquifier: 0x417f0106b626d898
[04Mar2026 16:19:39.601] [Worker-Main-7/DEBUG] [mixin/]: Mixing EnchantmentHelperMixin from ae2.mixins.json into net.minecraft.world.item.enchantment.EnchantmentHelper
[04Mar2026 16:19:39.601] [Worker-Main-7/DEBUG] [mixin/]: ae2.mixins.json:EnchantmentHelperMixin from mod ae2: Class version 65 required is higher than the class version supported by the current version of Mixin (JAVA_11 supports class version 55)
[04Mar2026 16:19:39.603] [Worker-Main-7/DEBUG] [mixin/]: ae2.mixins.json:EnchantmentHelperMixin from mod ae2->@Inject::hookGetItemEnchantmentLevel(Lnet/minecraft/core/Holder;Lnet/minecraft/world/item/ItemStack;Lorg/spongepowered/asm/mixin/injection/callback/CallbackInfoReturnable;)V does use it's CallbackInfoReturnable
[04Mar2026 16:19:39.604] [Render thread/INFO] [patchouli/]: BookContentResourceListenerLoader: Files found in 152.5 μs
[04Mar2026 16:19:39.643] [Thread-9/INFO] [EMI/]: [EMI] Constructing index
[04Mar2026 16:19:39.653] [Thread-9/INFO] [EMI/]: [EMI] Reloading item groups on client thread...
[04Mar2026 16:19:39.929] [Thread-9/INFO] [EMI/]: [EMI] Reloading item groups on client thread took 276ms
[04Mar2026 16:19:39.959] [Thread-9/INFO] [EMI/]: [EMI] Loading plugin from emi
[04Mar2026 16:19:39.998] [Render thread/DEBUG] [mixin/]: Mixing MixinItemExtension from architectury.mixins.json into dev.architectury.extensions.ItemExtension
[04Mar2026 16:19:39.998] [Render thread/DEBUG] [mixin/]: architectury.mixins.json:MixinItemExtension from mod architectury: Class version 65 required is higher than the class version supported by the current version of Mixin (JAVA_16 supports class version 60)
[04Mar2026 16:19:40.142] [Thread-9/INFO] [EMI/]: [EMI] Reloaded plugin from emi in 183ms
[04Mar2026 16:19:40.142] [Thread-9/INFO] [EMI/]: [EMI] Loading plugin from mekanism
[04Mar2026 16:19:40.209] [Thread-9/INFO] [EMI/]: [EMI] Reloaded plugin from mekanism in 67ms
[04Mar2026 16:19:40.209] [Thread-9/INFO] [EMI/]: [EMI] Loading plugin from computercraft
[04Mar2026 16:19:40.210] [Thread-9/INFO] [EMI/]: [EMI] Reloaded plugin from computercraft in 1ms
[04Mar2026 16:19:40.210] [Thread-9/INFO] [EMI/]: [EMI] Loading plugin from nuclearcraft
[04Mar2026 16:19:40.251] [Thread-9/INFO] [EMI/]: [EMI] Reloaded plugin from nuclearcraft in 41ms
[04Mar2026 16:19:40.252] [Thread-9/INFO] [EMI/]: [EMI] Loading plugin from mekanismgenerators
[04Mar2026 16:19:40.254] [Thread-9/INFO] [EMI/]: [EMI] Reloaded plugin from mekanismgenerators in 2ms
[04Mar2026 16:19:40.254] [Thread-9/INFO] [EMI/]: [EMI] Loading plugin from ae2
[04Mar2026 16:19:40.270] [Thread-9/INFO] [EMI/]: [EMI] Reloaded plugin from ae2 in 16ms
[04Mar2026 16:19:40.270] [Thread-9/INFO] [EMI/]: [EMI] Baking index
[04Mar2026 16:19:40.326] [Thread-9/INFO] [EMI/]: [EMI] Registering late recipes
[04Mar2026 16:19:40.335] [Thread-9/INFO] [EMI/]: [EMI] Baking recipes
[04Mar2026 16:19:40.417] [Thread-9/ERROR] [EMI/]: [EMI] Recipe mekanism:info/heavy_water not present in recipe manager. Consider prefixing its path with '/' if it is synthetic.
[04Mar2026 16:19:40.417] [Thread-9/ERROR] [EMI/]: [EMI] Recipe mekanism:info/module_installation not present in recipe manager. Consider prefixing its path with '/' if it is synthetic.
[04Mar2026 16:19:40.538] [Thread-9/INFO] [EMI/]: [EMI] Baked 10806 recipes in 200ms
[04Mar2026 16:19:40.543] [Thread-9/INFO] [EMI/]: [EMI] Baking search
[04Mar2026 16:19:40.568] [Thread-11/ERROR] [EMI/]: [EMI] Recipe mekanism:info/heavy_water not present in recipe manager. Consider prefixing its path with '/' if it is synthetic.
[04Mar2026 16:19:40.568] [Thread-11/ERROR] [EMI/]: [EMI] Recipe mekanism:info/module_installation not present in recipe manager. Consider prefixing its path with '/' if it is synthetic.
[04Mar2026 16:19:40.646] [Thread-11/INFO] [EMI/]: [EMI] Baked recipes after reload in 110ms
[04Mar2026 16:19:40.856] [Thread-9/INFO] [EMI/]: [EMI] Finishing up
[04Mar2026 16:19:40.869] [Thread-9/INFO] [EMI/]: [EMI] Reloaded EMI in 1328ms
[04Mar2026 16:19:41.501] [FileWatcher-1-thread-1/DEBUG] [net.neoforged.fml.config.ConfigWatcher/CONFIG]: Config file NuclearCraft/common.toml changed, re-loading
[04Mar2026 16:19:41.502] [FileWatcher-1-thread-1/WARN] [net.neoforged.fml.config.ConfigTracker/CONFIG]: Configuration file /Users/caliane/Sources/nuclearcraft/runs/client/config/NuclearCraft/common.toml is not correct. Correcting
[04Mar2026 16:19:43.501] [FileWatcher-1-thread-1/DEBUG] [net.neoforged.fml.config.ConfigWatcher/CONFIG]: Config file NuclearCraft/common.toml changed, re-loading
[04Mar2026 16:19:43.502] [FileWatcher-1-thread-1/WARN] [net.neoforged.fml.config.ConfigTracker/CONFIG]: Configuration file /Users/caliane/Sources/nuclearcraft/runs/client/config/NuclearCraft/common.toml is not correct. Correcting
[04Mar2026 16:19:45.501] [FileWatcher-1-thread-1/DEBUG] [net.neoforged.fml.config.ConfigWatcher/CONFIG]: Config file NuclearCraft/common.toml changed, re-loading
[04Mar2026 16:19:45.502] [FileWatcher-1-thread-1/WARN] [net.neoforged.fml.config.ConfigTracker/CONFIG]: Configuration file /Users/caliane/Sources/nuclearcraft/runs/client/config/NuclearCraft/common.toml is not correct. Correcting
[04Mar2026 16:19:47.501] [FileWatcher-1-thread-1/DEBUG] [net.neoforged.fml.config.ConfigWatcher/CONFIG]: Config file NuclearCraft/common.toml changed, re-loading
[04Mar2026 16:19:47.501] [FileWatcher-1-thread-1/WARN] [net.neoforged.fml.config.ConfigTracker/CONFIG]: Configuration file /Users/caliane/Sources/nuclearcraft/runs/client/config/NuclearCraft/common.toml is not correct. Correcting
[04Mar2026 16:19:49.501] [FileWatcher-1-thread-1/DEBUG] [net.neoforged.fml.config.ConfigWatcher/CONFIG]: Config file NuclearCraft/common.toml changed, re-loading
[04Mar2026 16:19:49.501] [FileWatcher-1-thread-1/WARN] [net.neoforged.fml.config.ConfigTracker/CONFIG]: Configuration file /Users/caliane/Sources/nuclearcraft/runs/client/config/NuclearCraft/common.toml is not correct. Correcting
[04Mar2026 16:19:51.500] [FileWatcher-1-thread-1/DEBUG] [net.neoforged.fml.config.ConfigWatcher/CONFIG]: Config file NuclearCraft/common.toml changed, re-loading
[04Mar2026 16:19:51.501] [FileWatcher-1-thread-1/WARN] [net.neoforged.fml.config.ConfigTracker/CONFIG]: Configuration file /Users/caliane/Sources/nuclearcraft/runs/client/config/NuclearCraft/common.toml is not correct. Correcting
[04Mar2026 16:19:53.501] [FileWatcher-1-thread-1/DEBUG] [net.neoforged.fml.config.ConfigWatcher/CONFIG]: Config file NuclearCraft/common.toml changed, re-loading
[04Mar2026 16:19:53.501] [FileWatcher-1-thread-1/WARN] [net.neoforged.fml.config.ConfigTracker/CONFIG]: Configuration file /Users/caliane/Sources/nuclearcraft/runs/client/config/NuclearCraft/common.toml is not correct. Correcting
[04Mar2026 16:19:55.500] [FileWatcher-1-thread-1/DEBUG] [net.neoforged.fml.config.ConfigWatcher/CONFIG]: Config file NuclearCraft/common.toml changed, re-loading
[04Mar2026 16:19:55.501] [FileWatcher-1-thread-1/WARN] [net.neoforged.fml.config.ConfigTracker/CONFIG]: Configuration file /Users/caliane/Sources/nuclearcraft/runs/client/config/NuclearCraft/common.toml is not correct. Correcting
[04Mar2026 16:19:57.501] [FileWatcher-1-thread-1/DEBUG] [net.neoforged.fml.config.ConfigWatcher/CONFIG]: Config file NuclearCraft/common.toml changed, re-loading
[04Mar2026 16:19:57.501] [FileWatcher-1-thread-1/WARN] [net.neoforged.fml.config.ConfigTracker/CONFIG]: Configuration file /Users/caliane/Sources/nuclearcraft/runs/client/config/NuclearCraft/common.toml is not correct. Correcting
[04Mar2026 16:19:59.501] [FileWatcher-1-thread-1/DEBUG] [net.neoforged.fml.config.ConfigWatcher/CONFIG]: Config file NuclearCraft/common.toml changed, re-loading
[04Mar2026 16:19:59.502] [FileWatcher-1-thread-1/WARN] [net.neoforged.fml.config.ConfigTracker/CONFIG]: Configuration file /Users/caliane/Sources/nuclearcraft/runs/client/config/NuclearCraft/common.toml is not correct. Correcting
[04Mar2026 16:20:01.502] [FileWatcher-1-thread-1/DEBUG] [net.neoforged.fml.config.ConfigWatcher/CONFIG]: Config file NuclearCraft/common.toml changed, re-loading
[04Mar2026 16:20:01.503] [FileWatcher-1-thread-1/WARN] [net.neoforged.fml.config.ConfigTracker/CONFIG]: Configuration file /Users/caliane/Sources/nuclearcraft/runs/client/config/NuclearCraft/common.toml is not correct. Correcting
[04Mar2026 16:20:03.501] [FileWatcher-1-thread-1/DEBUG] [net.neoforged.fml.config.ConfigWatcher/CONFIG]: Config file NuclearCraft/common.toml changed, re-loading
[04Mar2026 16:20:03.501] [FileWatcher-1-thread-1/WARN] [net.neoforged.fml.config.ConfigTracker/CONFIG]: Configuration file /Users/caliane/Sources/nuclearcraft/runs/client/config/NuclearCraft/common.toml is not correct. Correcting
[04Mar2026 16:20:05.501] [FileWatcher-1-thread-1/DEBUG] [net.neoforged.fml.config.ConfigWatcher/CONFIG]: Config file NuclearCraft/common.toml changed, re-loading
[04Mar2026 16:20:05.502] [FileWatcher-1-thread-1/WARN] [net.neoforged.fml.config.ConfigTracker/CONFIG]: Configuration file /Users/caliane/Sources/nuclearcraft/runs/client/config/NuclearCraft/common.toml is not correct. Correcting
[04Mar2026 16:20:07.505] [FileWatcher-1-thread-1/DEBUG] [net.neoforged.fml.config.ConfigWatcher/CONFIG]: Config file NuclearCraft/common.toml changed, re-loading
[04Mar2026 16:20:07.505] [FileWatcher-1-thread-1/WARN] [net.neoforged.fml.config.ConfigTracker/CONFIG]: Configuration file /Users/caliane/Sources/nuclearcraft/runs/client/config/NuclearCraft/common.toml is not correct. Correcting
[04Mar2026 16:20:09.505] [FileWatcher-1-thread-1/DEBUG] [net.neoforged.fml.config.ConfigWatcher/CONFIG]: Config file NuclearCraft/common.toml changed, re-loading
[04Mar2026 16:20:09.506] [FileWatcher-1-thread-1/WARN] [net.neoforged.fml.config.ConfigTracker/CONFIG]: Configuration file /Users/caliane/Sources/nuclearcraft/runs/client/config/NuclearCraft/common.toml is not correct. Correcting
[04Mar2026 16:20:11.500] [FileWatcher-1-thread-1/DEBUG] [net.neoforged.fml.config.ConfigWatcher/CONFIG]: Config file NuclearCraft/common.toml changed, re-loading
[04Mar2026 16:20:11.501] [FileWatcher-1-thread-1/WARN] [net.neoforged.fml.config.ConfigTracker/CONFIG]: Configuration file /Users/caliane/Sources/nuclearcraft/runs/client/config/NuclearCraft/common.toml is not correct. Correcting
[04Mar2026 16:20:13.501] [FileWatcher-1-thread-1/DEBUG] [net.neoforged.fml.config.ConfigWatcher/CONFIG]: Config file NuclearCraft/common.toml changed, re-loading
[04Mar2026 16:20:13.502] [FileWatcher-1-thread-1/WARN] [net.neoforged.fml.config.ConfigTracker/CONFIG]: Configuration file /Users/caliane/Sources/nuclearcraft/runs/client/config/NuclearCraft/common.toml is not correct. Correcting
[04Mar2026 16:20:15.501] [FileWatcher-1-thread-1/DEBUG] [net.neoforged.fml.config.ConfigWatcher/CONFIG]: Config file NuclearCraft/common.toml changed, re-loading
[04Mar2026 16:20:15.501] [FileWatcher-1-thread-1/WARN] [net.neoforged.fml.config.ConfigTracker/CONFIG]: Configuration file /Users/caliane/Sources/nuclearcraft/runs/client/config/NuclearCraft/common.toml is not correct. Correcting
[04Mar2026 16:20:17.503] [FileWatcher-1-thread-1/DEBUG] [net.neoforged.fml.config.ConfigWatcher/CONFIG]: Config file NuclearCraft/common.toml changed, re-loading
[04Mar2026 16:20:17.503] [FileWatcher-1-thread-1/WARN] [net.neoforged.fml.config.ConfigTracker/CONFIG]: Configuration file /Users/caliane/Sources/nuclearcraft/runs/client/config/NuclearCraft/common.toml is not correct. Correcting
[04Mar2026 16:20:19.501] [FileWatcher-1-thread-1/DEBUG] [net.neoforged.fml.config.ConfigWatcher/CONFIG]: Config file NuclearCraft/common.toml changed, re-loading
[04Mar2026 16:20:19.502] [FileWatcher-1-thread-1/WARN] [net.neoforged.fml.config.ConfigTracker/CONFIG]: Configuration file /Users/caliane/Sources/nuclearcraft/runs/client/config/NuclearCraft/common.toml is not correct. Correcting
[04Mar2026 16:20:21.505] [FileWatcher-1-thread-1/DEBUG] [net.neoforged.fml.config.ConfigWatcher/CONFIG]: Config file NuclearCraft/common.toml changed, re-loading
[04Mar2026 16:20:21.505] [FileWatcher-1-thread-1/WARN] [net.neoforged.fml.config.ConfigTracker/CONFIG]: Configuration file /Users/caliane/Sources/nuclearcraft/runs/client/config/NuclearCraft/common.toml is not correct. Correcting
[04Mar2026 16:20:23.501] [FileWatcher-1-thread-1/DEBUG] [net.neoforged.fml.config.ConfigWatcher/CONFIG]: Config file NuclearCraft/common.toml changed, re-loading
[04Mar2026 16:20:23.502] [FileWatcher-1-thread-1/WARN] [net.neoforged.fml.config.ConfigTracker/CONFIG]: Configuration file /Users/caliane/Sources/nuclearcraft/runs/client/config/NuclearCraft/common.toml is not correct. Correcting
[04Mar2026 16:20:25.503] [FileWatcher-1-thread-1/DEBUG] [net.neoforged.fml.config.ConfigWatcher/CONFIG]: Config file NuclearCraft/common.toml changed, re-loading
[04Mar2026 16:20:25.504] [FileWatcher-1-thread-1/WARN] [net.neoforged.fml.config.ConfigTracker/CONFIG]: Configuration file /Users/caliane/Sources/nuclearcraft/runs/client/config/NuclearCraft/common.toml is not correct. Correcting
[04Mar2026 16:20:27.505] [FileWatcher-1-thread-1/DEBUG] [net.neoforged.fml.config.ConfigWatcher/CONFIG]: Config file NuclearCraft/common.toml changed, re-loading
[04Mar2026 16:20:27.506] [FileWatcher-1-thread-1/WARN] [net.neoforged.fml.config.ConfigTracker/CONFIG]: Configuration file /Users/caliane/Sources/nuclearcraft/runs/client/config/NuclearCraft/common.toml is not correct. Correcting
[04Mar2026 16:20:29.501] [FileWatcher-1-thread-1/DEBUG] [net.neoforged.fml.config.ConfigWatcher/CONFIG]: Config file NuclearCraft/common.toml changed, re-loading
[04Mar2026 16:20:29.501] [FileWatcher-1-thread-1/WARN] [net.neoforged.fml.config.ConfigTracker/CONFIG]: Configuration file /Users/caliane/Sources/nuclearcraft/runs/client/config/NuclearCraft/common.toml is not correct. Correcting
[04Mar2026 16:20:31.501] [FileWatcher-1-thread-1/DEBUG] [net.neoforged.fml.config.ConfigWatcher/CONFIG]: Config file NuclearCraft/common.toml changed, re-loading
[04Mar2026 16:20:31.501] [FileWatcher-1-thread-1/WARN] [net.neoforged.fml.config.ConfigTracker/CONFIG]: Configuration file /Users/caliane/Sources/nuclearcraft/runs/client/config/NuclearCraft/common.toml is not correct. Correcting
[04Mar2026 16:20:33.501] [FileWatcher-1-thread-1/DEBUG] [net.neoforged.fml.config.ConfigWatcher/CONFIG]: Config file NuclearCraft/common.toml changed, re-loading
[04Mar2026 16:20:33.501] [FileWatcher-1-thread-1/WARN] [net.neoforged.fml.config.ConfigTracker/CONFIG]: Configuration file /Users/caliane/Sources/nuclearcraft/runs/client/config/NuclearCraft/common.toml is not correct. Correcting
[04Mar2026 16:20:35.501] [FileWatcher-1-thread-1/DEBUG] [net.neoforged.fml.config.ConfigWatcher/CONFIG]: Config file NuclearCraft/common.toml changed, re-loading
[04Mar2026 16:20:35.501] [FileWatcher-1-thread-1/WARN] [net.neoforged.fml.config.ConfigTracker/CONFIG]: Configuration file /Users/caliane/Sources/nuclearcraft/runs/client/config/NuclearCraft/common.toml is not correct. Correcting
[04Mar2026 16:20:37.501] [FileWatcher-1-thread-1/DEBUG] [net.neoforged.fml.config.ConfigWatcher/CONFIG]: Config file NuclearCraft/common.toml changed, re-loading
[04Mar2026 16:20:37.502] [FileWatcher-1-thread-1/WARN] [net.neoforged.fml.config.ConfigTracker/CONFIG]: Configuration file /Users/caliane/Sources/nuclearcraft/runs/client/config/NuclearCraft/common.toml is not correct. Correcting
[04Mar2026 16:20:39.501] [FileWatcher-1-thread-1/DEBUG] [net.neoforged.fml.config.ConfigWatcher/CONFIG]: Config file NuclearCraft/common.toml changed, re-loading
[04Mar2026 16:20:39.501] [FileWatcher-1-thread-1/WARN] [net.neoforged.fml.config.ConfigTracker/CONFIG]: Configuration file /Users/caliane/Sources/nuclearcraft/runs/client/config/NuclearCraft/common.toml is not correct. Correcting
[04Mar2026 16:20:41.501] [FileWatcher-1-thread-1/DEBUG] [net.neoforged.fml.config.ConfigWatcher/CONFIG]: Config file NuclearCraft/common.toml changed, re-loading
[04Mar2026 16:20:41.502] [FileWatcher-1-thread-1/WARN] [net.neoforged.fml.config.ConfigTracker/CONFIG]: Configuration file /Users/caliane/Sources/nuclearcraft/runs/client/config/NuclearCraft/common.toml is not correct. Correcting
[04Mar2026 16:20:43.501] [FileWatcher-1-thread-1/DEBUG] [net.neoforged.fml.config.ConfigWatcher/CONFIG]: Config file NuclearCraft/common.toml changed, re-loading
[04Mar2026 16:20:43.502] [FileWatcher-1-thread-1/WARN] [net.neoforged.fml.config.ConfigTracker/CONFIG]: Configuration file /Users/caliane/Sources/nuclearcraft/runs/client/config/NuclearCraft/common.toml is not correct. Correcting
[04Mar2026 16:20:45.503] [FileWatcher-1-thread-1/DEBUG] [net.neoforged.fml.config.ConfigWatcher/CONFIG]: Config file NuclearCraft/common.toml changed, re-loading
[04Mar2026 16:20:45.503] [FileWatcher-1-thread-1/WARN] [net.neoforged.fml.config.ConfigTracker/CONFIG]: Configuration file /Users/caliane/Sources/nuclearcraft/runs/client/config/NuclearCraft/common.toml is not correct. Correcting
[04Mar2026 16:20:47.505] [FileWatcher-1-thread-1/DEBUG] [net.neoforged.fml.config.ConfigWatcher/CONFIG]: Config file NuclearCraft/common.toml changed, re-loading
[04Mar2026 16:20:47.506] [FileWatcher-1-thread-1/WARN] [net.neoforged.fml.config.ConfigTracker/CONFIG]: Configuration file /Users/caliane/Sources/nuclearcraft/runs/client/config/NuclearCraft/common.toml is not correct. Correcting
[04Mar2026 16:20:49.502] [FileWatcher-1-thread-1/DEBUG] [net.neoforged.fml.config.ConfigWatcher/CONFIG]: Config file NuclearCraft/common.toml changed, re-loading
[04Mar2026 16:20:49.503] [FileWatcher-1-thread-1/WARN] [net.neoforged.fml.config.ConfigTracker/CONFIG]: Configuration file /Users/caliane/Sources/nuclearcraft/runs/client/config/NuclearCraft/common.toml is not correct. Correcting
[04Mar2026 16:20:51.501] [FileWatcher-1-thread-1/DEBUG] [net.neoforged.fml.config.ConfigWatcher/CONFIG]: Config file NuclearCraft/common.toml changed, re-loading
[04Mar2026 16:20:51.501] [FileWatcher-1-thread-1/WARN] [net.neoforged.fml.config.ConfigTracker/CONFIG]: Configuration file /Users/caliane/Sources/nuclearcraft/runs/client/config/NuclearCraft/common.toml is not correct. Correcting
[04Mar2026 16:20:53.501] [FileWatcher-1-thread-1/DEBUG] [net.neoforged.fml.config.ConfigWatcher/CONFIG]: Config file NuclearCraft/common.toml changed, re-loading
[04Mar2026 16:20:53.501] [FileWatcher-1-thread-1/WARN] [net.neoforged.fml.config.ConfigTracker/CONFIG]: Configuration file /Users/caliane/Sources/nuclearcraft/runs/client/config/NuclearCraft/common.toml is not correct. Correcting
[04Mar2026 16:20:55.504] [FileWatcher-1-thread-1/DEBUG] [net.neoforged.fml.config.ConfigWatcher/CONFIG]: Config file NuclearCraft/common.toml changed, re-loading
[04Mar2026 16:20:55.504] [FileWatcher-1-thread-1/WARN] [net.neoforged.fml.config.ConfigTracker/CONFIG]: Configuration file /Users/caliane/Sources/nuclearcraft/runs/client/config/NuclearCraft/common.toml is not correct. Correcting
[04Mar2026 16:20:57.501] [FileWatcher-1-thread-1/DEBUG] [net.neoforged.fml.config.ConfigWatcher/CONFIG]: Config file NuclearCraft/common.toml changed, re-loading
[04Mar2026 16:20:57.501] [FileWatcher-1-thread-1/WARN] [net.neoforged.fml.config.ConfigTracker/CONFIG]: Configuration file /Users/caliane/Sources/nuclearcraft/runs/client/config/NuclearCraft/common.toml is not correct. Correcting
[04Mar2026 16:20:59.501] [FileWatcher-1-thread-1/DEBUG] [net.neoforged.fml.config.ConfigWatcher/CONFIG]: Config file NuclearCraft/common.toml changed, re-loading
[04Mar2026 16:20:59.502] [FileWatcher-1-thread-1/WARN] [net.neoforged.fml.config.ConfigTracker/CONFIG]: Configuration file /Users/caliane/Sources/nuclearcraft/runs/client/config/NuclearCraft/common.toml is not correct. Correcting
[04Mar2026 16:21:01.501] [FileWatcher-1-thread-1/DEBUG] [net.neoforged.fml.config.ConfigWatcher/CONFIG]: Config file NuclearCraft/common.toml changed, re-loading
[04Mar2026 16:21:01.502] [FileWatcher-1-thread-1/WARN] [net.neoforged.fml.config.ConfigTracker/CONFIG]: Configuration file /Users/caliane/Sources/nuclearcraft/runs/client/config/NuclearCraft/common.toml is not correct. Correcting
[04Mar2026 16:21:03.501] [FileWatcher-1-thread-1/DEBUG] [net.neoforged.fml.config.ConfigWatcher/CONFIG]: Config file NuclearCraft/common.toml changed, re-loading
[04Mar2026 16:21:03.502] [FileWatcher-1-thread-1/WARN] [net.neoforged.fml.config.ConfigTracker/CONFIG]: Configuration file /Users/caliane/Sources/nuclearcraft/runs/client/config/NuclearCraft/common.toml is not correct. Correcting
[04Mar2026 16:21:05.501] [FileWatcher-1-thread-1/DEBUG] [net.neoforged.fml.config.ConfigWatcher/CONFIG]: Config file NuclearCraft/common.toml changed, re-loading
[04Mar2026 16:21:05.502] [FileWatcher-1-thread-1/WARN] [net.neoforged.fml.config.ConfigTracker/CONFIG]: Configuration file /Users/caliane/Sources/nuclearcraft/runs/client/config/NuclearCraft/common.toml is not correct. Correcting
[04Mar2026 16:21:07.503] [FileWatcher-1-thread-1/DEBUG] [net.neoforged.fml.config.ConfigWatcher/CONFIG]: Config file NuclearCraft/common.toml changed, re-loading
[04Mar2026 16:21:07.503] [FileWatcher-1-thread-1/WARN] [net.neoforged.fml.config.ConfigTracker/CONFIG]: Configuration file /Users/caliane/Sources/nuclearcraft/runs/client/config/NuclearCraft/common.toml is not correct. Correcting
[04Mar2026 16:21:09.502] [FileWatcher-1-thread-1/DEBUG] [net.neoforged.fml.config.ConfigWatcher/CONFIG]: Config file NuclearCraft/common.toml changed, re-loading
[04Mar2026 16:21:09.503] [FileWatcher-1-thread-1/WARN] [net.neoforged.fml.config.ConfigTracker/CONFIG]: Configuration file /Users/caliane/Sources/nuclearcraft/runs/client/config/NuclearCraft/common.toml is not correct. Correcting
[04Mar2026 16:21:11.503] [FileWatcher-1-thread-1/DEBUG] [net.neoforged.fml.config.ConfigWatcher/CONFIG]: Config file NuclearCraft/common.toml changed, re-loading
[04Mar2026 16:21:11.504] [FileWatcher-1-thread-1/WARN] [net.neoforged.fml.config.ConfigTracker/CONFIG]: Configuration file /Users/caliane/Sources/nuclearcraft/runs/client/config/NuclearCraft/common.toml is not correct. Correcting
[04Mar2026 16:21:13.503] [FileWatcher-1-thread-1/DEBUG] [net.neoforged.fml.config.ConfigWatcher/CONFIG]: Config file NuclearCraft/common.toml changed, re-loading
[04Mar2026 16:21:13.503] [FileWatcher-1-thread-1/WARN] [net.neoforged.fml.config.ConfigTracker/CONFIG]: Configuration file /Users/caliane/Sources/nuclearcraft/runs/client/config/NuclearCraft/common.toml is not correct. Correcting
[04Mar2026 16:21:15.501] [FileWatcher-1-thread-1/DEBUG] [net.neoforged.fml.config.ConfigWatcher/CONFIG]: Config file NuclearCraft/common.toml changed, re-loading
[04Mar2026 16:21:15.501] [FileWatcher-1-thread-1/WARN] [net.neoforged.fml.config.ConfigTracker/CONFIG]: Configuration file /Users/caliane/Sources/nuclearcraft/runs/client/config/NuclearCraft/common.toml is not correct. Correcting
[04Mar2026 16:21:17.504] [FileWatcher-1-thread-1/DEBUG] [net.neoforged.fml.config.ConfigWatcher/CONFIG]: Config file NuclearCraft/common.toml changed, re-loading
[04Mar2026 16:21:17.505] [FileWatcher-1-thread-1/WARN] [net.neoforged.fml.config.ConfigTracker/CONFIG]: Configuration file /Users/caliane/Sources/nuclearcraft/runs/client/config/NuclearCraft/common.toml is not correct. Correcting
[04Mar2026 16:21:19.506] [FileWatcher-1-thread-1/DEBUG] [net.neoforged.fml.config.ConfigWatcher/CONFIG]: Config file NuclearCraft/common.toml changed, re-loading
[04Mar2026 16:21:19.507] [FileWatcher-1-thread-1/WARN] [net.neoforged.fml.config.ConfigTracker/CONFIG]: Configuration file /Users/caliane/Sources/nuclearcraft/runs/client/config/NuclearCraft/common.toml is not correct. Correcting
[04Mar2026 16:21:21.505] [FileWatcher-1-thread-1/DEBUG] [net.neoforged.fml.config.ConfigWatcher/CONFIG]: Config file NuclearCraft/common.toml changed, re-loading
[04Mar2026 16:21:21.505] [FileWatcher-1-thread-1/WARN] [net.neoforged.fml.config.ConfigTracker/CONFIG]: Configuration file /Users/caliane/Sources/nuclearcraft/runs/client/config/NuclearCraft/common.toml is not correct. Correcting
[04Mar2026 16:21:23.501] [FileWatcher-1-thread-1/DEBUG] [net.neoforged.fml.config.ConfigWatcher/CONFIG]: Config file NuclearCraft/common.toml changed, re-loading
[04Mar2026 16:21:23.501] [FileWatcher-1-thread-1/WARN] [net.neoforged.fml.config.ConfigTracker/CONFIG]: Configuration file /Users/caliane/Sources/nuclearcraft/runs/client/config/NuclearCraft/common.toml is not correct. Correcting
[04Mar2026 16:21:25.502] [FileWatcher-1-thread-1/DEBUG] [net.neoforged.fml.config.ConfigWatcher/CONFIG]: Config file NuclearCraft/common.toml changed, re-loading
[04Mar2026 16:21:25.503] [FileWatcher-1-thread-1/WARN] [net.neoforged.fml.config.ConfigTracker/CONFIG]: Configuration file /Users/caliane/Sources/nuclearcraft/runs/client/config/NuclearCraft/common.toml is not correct. Correcting
[04Mar2026 16:21:27.501] [FileWatcher-1-thread-1/DEBUG] [net.neoforged.fml.config.ConfigWatcher/CONFIG]: Config file NuclearCraft/common.toml changed, re-loading
[04Mar2026 16:21:27.501] [FileWatcher-1-thread-1/WARN] [net.neoforged.fml.config.ConfigTracker/CONFIG]: Configuration file /Users/caliane/Sources/nuclearcraft/runs/client/config/NuclearCraft/common.toml is not correct. Correcting
[04Mar2026 16:21:29.502] [FileWatcher-1-thread-1/DEBUG] [net.neoforged.fml.config.ConfigWatcher/CONFIG]: Config file NuclearCraft/common.toml changed, re-loading
[04Mar2026 16:21:29.502] [FileWatcher-1-thread-1/WARN] [net.neoforged.fml.config.ConfigTracker/CONFIG]: Configuration file /Users/caliane/Sources/nuclearcraft/runs/client/config/NuclearCraft/common.toml is not correct. Correcting
[04Mar2026 16:21:31.501] [FileWatcher-1-thread-1/DEBUG] [net.neoforged.fml.config.ConfigWatcher/CONFIG]: Config file NuclearCraft/common.toml changed, re-loading
[04Mar2026 16:21:31.501] [FileWatcher-1-thread-1/WARN] [net.neoforged.fml.config.ConfigTracker/CONFIG]: Configuration file /Users/caliane/Sources/nuclearcraft/runs/client/config/NuclearCraft/common.toml is not correct. Correcting
[04Mar2026 16:21:33.502] [FileWatcher-1-thread-1/DEBUG] [net.neoforged.fml.config.ConfigWatcher/CONFIG]: Config file NuclearCraft/common.toml changed, re-loading
[04Mar2026 16:21:33.503] [FileWatcher-1-thread-1/WARN] [net.neoforged.fml.config.ConfigTracker/CONFIG]: Configuration file /Users/caliane/Sources/nuclearcraft/runs/client/config/NuclearCraft/common.toml is not correct. Correcting
[04Mar2026 16:21:35.502] [FileWatcher-1-thread-1/DEBUG] [net.neoforged.fml.config.ConfigWatcher/CONFIG]: Config file NuclearCraft/common.toml changed, re-loading
[04Mar2026 16:21:35.502] [FileWatcher-1-thread-1/WARN] [net.neoforged.fml.config.ConfigTracker/CONFIG]: Configuration file /Users/caliane/Sources/nuclearcraft/runs/client/config/NuclearCraft/common.toml is not correct. Correcting
[04Mar2026 16:21:37.504] [FileWatcher-1-thread-1/DEBUG] [net.neoforged.fml.config.ConfigWatcher/CONFIG]: Config file NuclearCraft/common.toml changed, re-loading
[04Mar2026 16:21:37.505] [FileWatcher-1-thread-1/WARN] [net.neoforged.fml.config.ConfigTracker/CONFIG]: Configuration file /Users/caliane/Sources/nuclearcraft/runs/client/config/NuclearCraft/common.toml is not correct. Correcting
[04Mar2026 16:21:39.501] [FileWatcher-1-thread-1/DEBUG] [net.neoforged.fml.config.ConfigWatcher/CONFIG]: Config file NuclearCraft/common.toml changed, re-loading
[04Mar2026 16:21:39.501] [FileWatcher-1-thread-1/WARN] [net.neoforged.fml.config.ConfigTracker/CONFIG]: Configuration file /Users/caliane/Sources/nuclearcraft/runs/client/config/NuclearCraft/common.toml is not correct. Correcting
[04Mar2026 16:21:41.502] [FileWatcher-1-thread-1/DEBUG] [net.neoforged.fml.config.ConfigWatcher/CONFIG]: Config file NuclearCraft/common.toml changed, re-loading
[04Mar2026 16:21:41.502] [FileWatcher-1-thread-1/WARN] [net.neoforged.fml.config.ConfigTracker/CONFIG]: Configuration file /Users/caliane/Sources/nuclearcraft/runs/client/config/NuclearCraft/common.toml is not correct. Correcting
[04Mar2026 16:21:43.501] [FileWatcher-1-thread-1/DEBUG] [net.neoforged.fml.config.ConfigWatcher/CONFIG]: Config file NuclearCraft/common.toml changed, re-loading
[04Mar2026 16:21:43.501] [FileWatcher-1-thread-1/WARN] [net.neoforged.fml.config.ConfigTracker/CONFIG]: Configuration file /Users/caliane/Sources/nuclearcraft/runs/client/config/NuclearCraft/common.toml is not correct. Correcting
[04Mar2026 16:21:45.501] [FileWatcher-1-thread-1/DEBUG] [net.neoforged.fml.config.ConfigWatcher/CONFIG]: Config file NuclearCraft/common.toml changed, re-loading
[04Mar2026 16:21:45.502] [FileWatcher-1-thread-1/WARN] [net.neoforged.fml.config.ConfigTracker/CONFIG]: Configuration file /Users/caliane/Sources/nuclearcraft/runs/client/config/NuclearCraft/common.toml is not correct. Correcting
[04Mar2026 16:21:47.501] [FileWatcher-1-thread-1/DEBUG] [net.neoforged.fml.config.ConfigWatcher/CONFIG]: Config file NuclearCraft/common.toml changed, re-loading
[04Mar2026 16:21:47.501] [FileWatcher-1-thread-1/WARN] [net.neoforged.fml.config.ConfigTracker/CONFIG]: Configuration file /Users/caliane/Sources/nuclearcraft/runs/client/config/NuclearCraft/common.toml is not correct. Correcting
[04Mar2026 16:21:49.505] [FileWatcher-1-thread-1/DEBUG] [net.neoforged.fml.config.ConfigWatcher/CONFIG]: Config file NuclearCraft/common.toml changed, re-loading
[04Mar2026 16:21:49.506] [FileWatcher-1-thread-1/WARN] [net.neoforged.fml.config.ConfigTracker/CONFIG]: Configuration file /Users/caliane/Sources/nuclearcraft/runs/client/config/NuclearCraft/common.toml is not correct. Correcting
[04Mar2026 16:21:51.501] [FileWatcher-1-thread-1/DEBUG] [net.neoforged.fml.config.ConfigWatcher/CONFIG]: Config file NuclearCraft/common.toml changed, re-loading
[04Mar2026 16:21:51.502] [FileWatcher-1-thread-1/WARN] [net.neoforged.fml.config.ConfigTracker/CONFIG]: Configuration file /Users/caliane/Sources/nuclearcraft/runs/client/config/NuclearCraft/common.toml is not correct. Correcting
[04Mar2026 16:21:53.501] [FileWatcher-1-thread-1/DEBUG] [net.neoforged.fml.config.ConfigWatcher/CONFIG]: Config file NuclearCraft/common.toml changed, re-loading
[04Mar2026 16:21:53.502] [FileWatcher-1-thread-1/WARN] [net.neoforged.fml.config.ConfigTracker/CONFIG]: Configuration file /Users/caliane/Sources/nuclearcraft/runs/client/config/NuclearCraft/common.toml is not correct. Correcting
[04Mar2026 16:21:55.506] [FileWatcher-1-thread-1/DEBUG] [net.neoforged.fml.config.ConfigWatcher/CONFIG]: Config file NuclearCraft/common.toml changed, re-loading
[04Mar2026 16:21:55.507] [FileWatcher-1-thread-1/WARN] [net.neoforged.fml.config.ConfigTracker/CONFIG]: Configuration file /Users/caliane/Sources/nuclearcraft/runs/client/config/NuclearCraft/common.toml is not correct. Correcting
[04Mar2026 16:21:57.504] [FileWatcher-1-thread-1/DEBUG] [net.neoforged.fml.config.ConfigWatcher/CONFIG]: Config file NuclearCraft/common.toml changed, re-loading
[04Mar2026 16:21:57.505] [FileWatcher-1-thread-1/WARN] [net.neoforged.fml.config.ConfigTracker/CONFIG]: Configuration file /Users/caliane/Sources/nuclearcraft/runs/client/config/NuclearCraft/common.toml is not correct. Correcting
[04Mar2026 16:21:59.501] [FileWatcher-1-thread-1/DEBUG] [net.neoforged.fml.config.ConfigWatcher/CONFIG]: Config file NuclearCraft/common.toml changed, re-loading
[04Mar2026 16:21:59.502] [FileWatcher-1-thread-1/WARN] [net.neoforged.fml.config.ConfigTracker/CONFIG]: Configuration file /Users/caliane/Sources/nuclearcraft/runs/client/config/NuclearCraft/common.toml is not correct. Correcting
[04Mar2026 16:22:01.501] [FileWatcher-1-thread-1/DEBUG] [net.neoforged.fml.config.ConfigWatcher/CONFIG]: Config file NuclearCraft/common.toml changed, re-loading
[04Mar2026 16:22:01.502] [FileWatcher-1-thread-1/WARN] [net.neoforged.fml.config.ConfigTracker/CONFIG]: Configuration file /Users/caliane/Sources/nuclearcraft/runs/client/config/NuclearCraft/common.toml is not correct. Correcting
[04Mar2026 16:22:03.501] [FileWatcher-1-thread-1/DEBUG] [net.neoforged.fml.config.ConfigWatcher/CONFIG]: Config file NuclearCraft/common.toml changed, re-loading
[04Mar2026 16:22:03.502] [FileWatcher-1-thread-1/WARN] [net.neoforged.fml.config.ConfigTracker/CONFIG]: Configuration file /Users/caliane/Sources/nuclearcraft/runs/client/config/NuclearCraft/common.toml is not correct. Correcting
[04Mar2026 16:22:05.504] [FileWatcher-1-thread-1/DEBUG] [net.neoforged.fml.config.ConfigWatcher/CONFIG]: Config file NuclearCraft/common.toml changed, re-loading
[04Mar2026 16:22:05.505] [FileWatcher-1-thread-1/WARN] [net.neoforged.fml.config.ConfigTracker/CONFIG]: Configuration file /Users/caliane/Sources/nuclearcraft/runs/client/config/NuclearCraft/common.toml is not correct. Correcting
[04Mar2026 16:22:07.501] [FileWatcher-1-thread-1/DEBUG] [net.neoforged.fml.config.ConfigWatcher/CONFIG]: Config file NuclearCraft/common.toml changed, re-loading
[04Mar2026 16:22:07.502] [FileWatcher-1-thread-1/WARN] [net.neoforged.fml.config.ConfigTracker/CONFIG]: Configuration file /Users/caliane/Sources/nuclearcraft/runs/client/config/NuclearCraft/common.toml is not correct. Correcting
[04Mar2026 16:22:09.501] [FileWatcher-1-thread-1/DEBUG] [net.neoforged.fml.config.ConfigWatcher/CONFIG]: Config file NuclearCraft/common.toml changed, re-loading
[04Mar2026 16:22:09.501] [FileWatcher-1-thread-1/WARN] [net.neoforged.fml.config.ConfigTracker/CONFIG]: Configuration file /Users/caliane/Sources/nuclearcraft/runs/client/config/NuclearCraft/common.toml is not correct. Correcting
[04Mar2026 16:22:11.504] [FileWatcher-1-thread-1/DEBUG] [net.neoforged.fml.config.ConfigWatcher/CONFIG]: Config file NuclearCraft/common.toml changed, re-loading
[04Mar2026 16:22:11.504] [FileWatcher-1-thread-1/WARN] [net.neoforged.fml.config.ConfigTracker/CONFIG]: Configuration file /Users/caliane/Sources/nuclearcraft/runs/client/config/NuclearCraft/common.toml is not correct. Correcting
[04Mar2026 16:22:13.503] [FileWatcher-1-thread-1/DEBUG] [net.neoforged.fml.config.ConfigWatcher/CONFIG]: Config file NuclearCraft/common.toml changed, re-loading
[04Mar2026 16:22:13.503] [FileWatcher-1-thread-1/WARN] [net.neoforged.fml.config.ConfigTracker/CONFIG]: Configuration file /Users/caliane/Sources/nuclearcraft/runs/client/config/NuclearCraft/common.toml is not correct. Correcting
[04Mar2026 16:22:15.502] [FileWatcher-1-thread-1/DEBUG] [net.neoforged.fml.config.ConfigWatcher/CONFIG]: Config file NuclearCraft/common.toml changed, re-loading
[04Mar2026 16:22:15.503] [FileWatcher-1-thread-1/WARN] [net.neoforged.fml.config.ConfigTracker/CONFIG]: Configuration file /Users/caliane/Sources/nuclearcraft/runs/client/config/NuclearCraft/common.toml is not correct. Correcting
[04Mar2026 16:22:17.502] [FileWatcher-1-thread-1/DEBUG] [net.neoforged.fml.config.ConfigWatcher/CONFIG]: Config file NuclearCraft/common.toml changed, re-loading
[04Mar2026 16:22:17.502] [FileWatcher-1-thread-1/WARN] [net.neoforged.fml.config.ConfigTracker/CONFIG]: Configuration file /Users/caliane/Sources/nuclearcraft/runs/client/config/NuclearCraft/common.toml is not correct. Correcting
[04Mar2026 16:22:19.505] [FileWatcher-1-thread-1/DEBUG] [net.neoforged.fml.config.ConfigWatcher/CONFIG]: Config file NuclearCraft/common.toml changed, re-loading
[04Mar2026 16:22:19.506] [FileWatcher-1-thread-1/WARN] [net.neoforged.fml.config.ConfigTracker/CONFIG]: Configuration file /Users/caliane/Sources/nuclearcraft/runs/client/config/NuclearCraft/common.toml is not correct. Correcting
[04Mar2026 16:22:21.501] [FileWatcher-1-thread-1/DEBUG] [net.neoforged.fml.config.ConfigWatcher/CONFIG]: Config file NuclearCraft/common.toml changed, re-loading
[04Mar2026 16:22:21.502] [FileWatcher-1-thread-1/WARN] [net.neoforged.fml.config.ConfigTracker/CONFIG]: Configuration file /Users/caliane/Sources/nuclearcraft/runs/client/config/NuclearCraft/common.toml is not correct. Correcting
[04Mar2026 16:22:23.501] [FileWatcher-1-thread-1/DEBUG] [net.neoforged.fml.config.ConfigWatcher/CONFIG]: Config file NuclearCraft/common.toml changed, re-loading
[04Mar2026 16:22:23.502] [FileWatcher-1-thread-1/WARN] [net.neoforged.fml.config.ConfigTracker/CONFIG]: Configuration file /Users/caliane/Sources/nuclearcraft/runs/client/config/NuclearCraft/common.toml is not correct. Correcting
[04Mar2026 16:22:25.502] [FileWatcher-1-thread-1/DEBUG] [net.neoforged.fml.config.ConfigWatcher/CONFIG]: Config file NuclearCraft/common.toml changed, re-loading
[04Mar2026 16:22:25.502] [FileWatcher-1-thread-1/WARN] [net.neoforged.fml.config.ConfigTracker/CONFIG]: Configuration file /Users/caliane/Sources/nuclearcraft/runs/client/config/NuclearCraft/common.toml is not correct. Correcting
[04Mar2026 16:22:27.501] [FileWatcher-1-thread-1/DEBUG] [net.neoforged.fml.config.ConfigWatcher/CONFIG]: Config file NuclearCraft/common.toml changed, re-loading
[04Mar2026 16:22:27.501] [FileWatcher-1-thread-1/WARN] [net.neoforged.fml.config.ConfigTracker/CONFIG]: Configuration file /Users/caliane/Sources/nuclearcraft/runs/client/config/NuclearCraft/common.toml is not correct. Correcting
[04Mar2026 16:22:29.501] [FileWatcher-1-thread-1/DEBUG] [net.neoforged.fml.config.ConfigWatcher/CONFIG]: Config file NuclearCraft/common.toml changed, re-loading
[04Mar2026 16:22:29.502] [FileWatcher-1-thread-1/WARN] [net.neoforged.fml.config.ConfigTracker/CONFIG]: Configuration file /Users/caliane/Sources/nuclearcraft/runs/client/config/NuclearCraft/common.toml is not correct. Correcting
[04Mar2026 16:22:31.502] [FileWatcher-1-thread-1/DEBUG] [net.neoforged.fml.config.ConfigWatcher/CONFIG]: Config file NuclearCraft/common.toml changed, re-loading
[04Mar2026 16:22:31.502] [FileWatcher-1-thread-1/WARN] [net.neoforged.fml.config.ConfigTracker/CONFIG]: Configuration file /Users/caliane/Sources/nuclearcraft/runs/client/config/NuclearCraft/common.toml is not correct. Correcting
[04Mar2026 16:22:33.501] [FileWatcher-1-thread-1/DEBUG] [net.neoforged.fml.config.ConfigWatcher/CONFIG]: Config file NuclearCraft/common.toml changed, re-loading
[04Mar2026 16:22:33.501] [FileWatcher-1-thread-1/WARN] [net.neoforged.fml.config.ConfigTracker/CONFIG]: Configuration file /Users/caliane/Sources/nuclearcraft/runs/client/config/NuclearCraft/common.toml is not correct. Correcting
[04Mar2026 16:22:35.501] [FileWatcher-1-thread-1/DEBUG] [net.neoforged.fml.config.ConfigWatcher/CONFIG]: Config file NuclearCraft/common.toml changed, re-loading
[04Mar2026 16:22:35.502] [FileWatcher-1-thread-1/WARN] [net.neoforged.fml.config.ConfigTracker/CONFIG]: Configuration file /Users/caliane/Sources/nuclearcraft/runs/client/config/NuclearCraft/common.toml is not correct. Correcting
[04Mar2026 16:22:37.503] [FileWatcher-1-thread-1/DEBUG] [net.neoforged.fml.config.ConfigWatcher/CONFIG]: Config file NuclearCraft/common.toml changed, re-loading
[04Mar2026 16:22:37.503] [FileWatcher-1-thread-1/WARN] [net.neoforged.fml.config.ConfigTracker/CONFIG]: Configuration file /Users/caliane/Sources/nuclearcraft/runs/client/config/NuclearCraft/common.toml is not correct. Correcting
[04Mar2026 16:22:39.502] [FileWatcher-1-thread-1/DEBUG] [net.neoforged.fml.config.ConfigWatcher/CONFIG]: Config file NuclearCraft/common.toml changed, re-loading
[04Mar2026 16:22:39.502] [FileWatcher-1-thread-1/WARN] [net.neoforged.fml.config.ConfigTracker/CONFIG]: Configuration file /Users/caliane/Sources/nuclearcraft/runs/client/config/NuclearCraft/common.toml is not correct. Correcting
[04Mar2026 16:22:41.506] [FileWatcher-1-thread-1/DEBUG] [net.neoforged.fml.config.ConfigWatcher/CONFIG]: Config file NuclearCraft/common.toml changed, re-loading
[04Mar2026 16:22:41.506] [FileWatcher-1-thread-1/WARN] [net.neoforged.fml.config.ConfigTracker/CONFIG]: Configuration file /Users/caliane/Sources/nuclearcraft/runs/client/config/NuclearCraft/common.toml is not correct. Correcting
[04Mar2026 16:22:43.501] [FileWatcher-1-thread-1/DEBUG] [net.neoforged.fml.config.ConfigWatcher/CONFIG]: Config file NuclearCraft/common.toml changed, re-loading
[04Mar2026 16:22:43.502] [FileWatcher-1-thread-1/WARN] [net.neoforged.fml.config.ConfigTracker/CONFIG]: Configuration file /Users/caliane/Sources/nuclearcraft/runs/client/config/NuclearCraft/common.toml is not correct. Correcting
[04Mar2026 16:22:45.503] [FileWatcher-1-thread-1/DEBUG] [net.neoforged.fml.config.ConfigWatcher/CONFIG]: Config file NuclearCraft/common.toml changed, re-loading
[04Mar2026 16:22:45.503] [FileWatcher-1-thread-1/WARN] [net.neoforged.fml.config.ConfigTracker/CONFIG]: Configuration file /Users/caliane/Sources/nuclearcraft/runs/client/config/NuclearCraft/common.toml is not correct. Correcting
[04Mar2026 16:22:47.501] [FileWatcher-1-thread-1/DEBUG] [net.neoforged.fml.config.ConfigWatcher/CONFIG]: Config file NuclearCraft/common.toml changed, re-loading
[04Mar2026 16:22:47.502] [FileWatcher-1-thread-1/WARN] [net.neoforged.fml.config.ConfigTracker/CONFIG]: Configuration file /Users/caliane/Sources/nuclearcraft/runs/client/config/NuclearCraft/common.toml is not correct. Correcting
[04Mar2026 16:22:49.501] [FileWatcher-1-thread-1/DEBUG] [net.neoforged.fml.config.ConfigWatcher/CONFIG]: Config file NuclearCraft/common.toml changed, re-loading
[04Mar2026 16:22:49.502] [FileWatcher-1-thread-1/WARN] [net.neoforged.fml.config.ConfigTracker/CONFIG]: Configuration file /Users/caliane/Sources/nuclearcraft/runs/client/config/NuclearCraft/common.toml is not correct. Correcting
[04Mar2026 16:22:51.501] [FileWatcher-1-thread-1/DEBUG] [net.neoforged.fml.config.ConfigWatcher/CONFIG]: Config file NuclearCraft/common.toml changed, re-loading
[04Mar2026 16:22:51.502] [FileWatcher-1-thread-1/WARN] [net.neoforged.fml.config.ConfigTracker/CONFIG]: Configuration file /Users/caliane/Sources/nuclearcraft/runs/client/config/NuclearCraft/common.toml is not correct. Correcting
[04Mar2026 16:22:53.501] [FileWatcher-1-thread-1/DEBUG] [net.neoforged.fml.config.ConfigWatcher/CONFIG]: Config file NuclearCraft/common.toml changed, re-loading
[04Mar2026 16:22:53.502] [FileWatcher-1-thread-1/WARN] [net.neoforged.fml.config.ConfigTracker/CONFIG]: Configuration file /Users/caliane/Sources/nuclearcraft/runs/client/config/NuclearCraft/common.toml is not correct. Correcting
[04Mar2026 16:22:55.501] [FileWatcher-1-thread-1/DEBUG] [net.neoforged.fml.config.ConfigWatcher/CONFIG]: Config file NuclearCraft/common.toml changed, re-loading
[04Mar2026 16:22:55.502] [FileWatcher-1-thread-1/WARN] [net.neoforged.fml.config.ConfigTracker/CONFIG]: Configuration file /Users/caliane/Sources/nuclearcraft/runs/client/config/NuclearCraft/common.toml is not correct. Correcting
[04Mar2026 16:22:57.504] [FileWatcher-1-thread-1/DEBUG] [net.neoforged.fml.config.ConfigWatcher/CONFIG]: Config file NuclearCraft/common.toml changed, re-loading
[04Mar2026 16:22:57.504] [FileWatcher-1-thread-1/WARN] [net.neoforged.fml.config.ConfigTracker/CONFIG]: Configuration file /Users/caliane/Sources/nuclearcraft/runs/client/config/NuclearCraft/common.toml is not correct. Correcting
[04Mar2026 16:22:59.501] [FileWatcher-1-thread-1/DEBUG] [net.neoforged.fml.config.ConfigWatcher/CONFIG]: Config file NuclearCraft/common.toml changed, re-loading
[04Mar2026 16:22:59.502] [FileWatcher-1-thread-1/WARN] [net.neoforged.fml.config.ConfigTracker/CONFIG]: Configuration file /Users/caliane/Sources/nuclearcraft/runs/client/config/NuclearCraft/common.toml is not correct. Correcting
[04Mar2026 16:23:01.501] [FileWatcher-1-thread-1/DEBUG] [net.neoforged.fml.config.ConfigWatcher/CONFIG]: Config file NuclearCraft/common.toml changed, re-loading
[04Mar2026 16:23:01.502] [FileWatcher-1-thread-1/WARN] [net.neoforged.fml.config.ConfigTracker/CONFIG]: Configuration file /Users/caliane/Sources/nuclearcraft/runs/client/config/NuclearCraft/common.toml is not correct. Correcting
[04Mar2026 16:23:03.505] [FileWatcher-1-thread-1/DEBUG] [net.neoforged.fml.config.ConfigWatcher/CONFIG]: Config file NuclearCraft/common.toml changed, re-loading
[04Mar2026 16:23:03.506] [FileWatcher-1-thread-1/WARN] [net.neoforged.fml.config.ConfigTracker/CONFIG]: Configuration file /Users/caliane/Sources/nuclearcraft/runs/client/config/NuclearCraft/common.toml is not correct. Correcting
[04Mar2026 16:23:05.503] [FileWatcher-1-thread-1/DEBUG] [net.neoforged.fml.config.ConfigWatcher/CONFIG]: Config file NuclearCraft/common.toml changed, re-loading
[04Mar2026 16:23:05.503] [FileWatcher-1-thread-1/WARN] [net.neoforged.fml.config.ConfigTracker/CONFIG]: Configuration file /Users/caliane/Sources/nuclearcraft/runs/client/config/NuclearCraft/common.toml is not correct. Correcting
[04Mar2026 16:23:07.501] [FileWatcher-1-thread-1/DEBUG] [net.neoforged.fml.config.ConfigWatcher/CONFIG]: Config file NuclearCraft/common.toml changed, re-loading
[04Mar2026 16:23:07.502] [FileWatcher-1-thread-1/WARN] [net.neoforged.fml.config.ConfigTracker/CONFIG]: Configuration file /Users/caliane/Sources/nuclearcraft/runs/client/config/NuclearCraft/common.toml is not correct. Correcting
[04Mar2026 16:23:09.503] [FileWatcher-1-thread-1/DEBUG] [net.neoforged.fml.config.ConfigWatcher/CONFIG]: Config file NuclearCraft/common.toml changed, re-loading
[04Mar2026 16:23:09.503] [FileWatcher-1-thread-1/WARN] [net.neoforged.fml.config.ConfigTracker/CONFIG]: Configuration file /Users/caliane/Sources/nuclearcraft/runs/client/config/NuclearCraft/common.toml is not correct. Correcting
[04Mar2026 16:23:11.501] [FileWatcher-1-thread-1/DEBUG] [net.neoforged.fml.config.ConfigWatcher/CONFIG]: Config file NuclearCraft/common.toml changed, re-loading
[04Mar2026 16:23:11.501] [FileWatcher-1-thread-1/WARN] [net.neoforged.fml.config.ConfigTracker/CONFIG]: Configuration file /Users/caliane/Sources/nuclearcraft/runs/client/config/NuclearCraft/common.toml is not correct. Correcting
[04Mar2026 16:23:13.503] [FileWatcher-1-thread-1/DEBUG] [net.neoforged.fml.config.ConfigWatcher/CONFIG]: Config file NuclearCraft/common.toml changed, re-loading
[04Mar2026 16:23:13.504] [FileWatcher-1-thread-1/WARN] [net.neoforged.fml.config.ConfigTracker/CONFIG]: Configuration file /Users/caliane/Sources/nuclearcraft/runs/client/config/NuclearCraft/common.toml is not correct. Correcting
[04Mar2026 16:23:15.501] [FileWatcher-1-thread-1/DEBUG] [net.neoforged.fml.config.ConfigWatcher/CONFIG]: Config file NuclearCraft/common.toml changed, re-loading
[04Mar2026 16:23:15.502] [FileWatcher-1-thread-1/WARN] [net.neoforged.fml.config.ConfigTracker/CONFIG]: Configuration file /Users/caliane/Sources/nuclearcraft/runs/client/config/NuclearCraft/common.toml is not correct. Correcting
[04Mar2026 16:23:17.501] [FileWatcher-1-thread-1/DEBUG] [net.neoforged.fml.config.ConfigWatcher/CONFIG]: Config file NuclearCraft/common.toml changed, re-loading
[04Mar2026 16:23:17.501] [FileWatcher-1-thread-1/WARN] [net.neoforged.fml.config.ConfigTracker/CONFIG]: Configuration file /Users/caliane/Sources/nuclearcraft/runs/client/config/NuclearCraft/common.toml is not correct. Correcting
[04Mar2026 16:23:19.501] [FileWatcher-1-thread-1/DEBUG] [net.neoforged.fml.config.ConfigWatcher/CONFIG]: Config file NuclearCraft/common.toml changed, re-loading
[04Mar2026 16:23:19.502] [FileWatcher-1-thread-1/WARN] [net.neoforged.fml.config.ConfigTracker/CONFIG]: Configuration file /Users/caliane/Sources/nuclearcraft/runs/client/config/NuclearCraft/common.toml is not correct. Correcting
[04Mar2026 16:23:21.505] [FileWatcher-1-thread-1/DEBUG] [net.neoforged.fml.config.ConfigWatcher/CONFIG]: Config file NuclearCraft/common.toml changed, re-loading
[04Mar2026 16:23:21.506] [FileWatcher-1-thread-1/WARN] [net.neoforged.fml.config.ConfigTracker/CONFIG]: Configuration file /Users/caliane/Sources/nuclearcraft/runs/client/config/NuclearCraft/common.toml is not correct. Correcting
[04Mar2026 16:23:23.502] [FileWatcher-1-thread-1/DEBUG] [net.neoforged.fml.config.ConfigWatcher/CONFIG]: Config file NuclearCraft/common.toml changed, re-loading
[04Mar2026 16:23:23.502] [FileWatcher-1-thread-1/WARN] [net.neoforged.fml.config.ConfigTracker/CONFIG]: Configuration file /Users/caliane/Sources/nuclearcraft/runs/client/config/NuclearCraft/common.toml is not correct. Correcting
[04Mar2026 16:23:25.504] [FileWatcher-1-thread-1/DEBUG] [net.neoforged.fml.config.ConfigWatcher/CONFIG]: Config file NuclearCraft/common.toml changed, re-loading
[04Mar2026 16:23:25.505] [FileWatcher-1-thread-1/WARN] [net.neoforged.fml.config.ConfigTracker/CONFIG]: Configuration file /Users/caliane/Sources/nuclearcraft/runs/client/config/NuclearCraft/common.toml is not correct. Correcting
[04Mar2026 16:23:27.506] [FileWatcher-1-thread-1/DEBUG] [net.neoforged.fml.config.ConfigWatcher/CONFIG]: Config file NuclearCraft/common.toml changed, re-loading
[04Mar2026 16:23:27.506] [FileWatcher-1-thread-1/WARN] [net.neoforged.fml.config.ConfigTracker/CONFIG]: Configuration file /Users/caliane/Sources/nuclearcraft/runs/client/config/NuclearCraft/common.toml is not correct. Correcting
[04Mar2026 16:23:29.501] [FileWatcher-1-thread-1/DEBUG] [net.neoforged.fml.config.ConfigWatcher/CONFIG]: Config file NuclearCraft/common.toml changed, re-loading
[04Mar2026 16:23:29.502] [FileWatcher-1-thread-1/WARN] [net.neoforged.fml.config.ConfigTracker/CONFIG]: Configuration file /Users/caliane/Sources/nuclearcraft/runs/client/config/NuclearCraft/common.toml is not correct. Correcting
[04Mar2026 16:23:31.502] [FileWatcher-1-thread-1/DEBUG] [net.neoforged.fml.config.ConfigWatcher/CONFIG]: Config file NuclearCraft/common.toml changed, re-loading
[04Mar2026 16:23:31.502] [FileWatcher-1-thread-1/WARN] [net.neoforged.fml.config.ConfigTracker/CONFIG]: Configuration file /Users/caliane/Sources/nuclearcraft/runs/client/config/NuclearCraft/common.toml is not correct. Correcting
[04Mar2026 16:23:33.504] [FileWatcher-1-thread-1/DEBUG] [net.neoforged.fml.config.ConfigWatcher/CONFIG]: Config file NuclearCraft/common.toml changed, re-loading
[04Mar2026 16:23:33.504] [FileWatcher-1-thread-1/WARN] [net.neoforged.fml.config.ConfigTracker/CONFIG]: Configuration file /Users/caliane/Sources/nuclearcraft/runs/client/config/NuclearCraft/common.toml is not correct. Correcting
[04Mar2026 16:23:35.502] [FileWatcher-1-thread-1/DEBUG] [net.neoforged.fml.config.ConfigWatcher/CONFIG]: Config file NuclearCraft/common.toml changed, re-loading
[04Mar2026 16:23:35.502] [FileWatcher-1-thread-1/WARN] [net.neoforged.fml.config.ConfigTracker/CONFIG]: Configuration file /Users/caliane/Sources/nuclearcraft/runs/client/config/NuclearCraft/common.toml is not correct. Correcting
[04Mar2026 16:23:37.505] [FileWatcher-1-thread-1/DEBUG] [net.neoforged.fml.config.ConfigWatcher/CONFIG]: Config file NuclearCraft/common.toml changed, re-loading
[04Mar2026 16:23:37.505] [FileWatcher-1-thread-1/WARN] [net.neoforged.fml.config.ConfigTracker/CONFIG]: Configuration file /Users/caliane/Sources/nuclearcraft/runs/client/config/NuclearCraft/common.toml is not correct. Correcting
[04Mar2026 16:23:39.505] [FileWatcher-1-thread-1/DEBUG] [net.neoforged.fml.config.ConfigWatcher/CONFIG]: Config file NuclearCraft/common.toml changed, re-loading
[04Mar2026 16:23:39.505] [FileWatcher-1-thread-1/WARN] [net.neoforged.fml.config.ConfigTracker/CONFIG]: Configuration file /Users/caliane/Sources/nuclearcraft/runs/client/config/NuclearCraft/common.toml is not correct. Correcting
[04Mar2026 16:23:41.501] [FileWatcher-1-thread-1/DEBUG] [net.neoforged.fml.config.ConfigWatcher/CONFIG]: Config file NuclearCraft/common.toml changed, re-loading
[04Mar2026 16:23:41.502] [FileWatcher-1-thread-1/WARN] [net.neoforged.fml.config.ConfigTracker/CONFIG]: Configuration file /Users/caliane/Sources/nuclearcraft/runs/client/config/NuclearCraft/common.toml is not correct. Correcting
[04Mar2026 16:23:43.503] [FileWatcher-1-thread-1/DEBUG] [net.neoforged.fml.config.ConfigWatcher/CONFIG]: Config file NuclearCraft/common.toml changed, re-loading
[04Mar2026 16:23:43.504] [FileWatcher-1-thread-1/WARN] [net.neoforged.fml.config.ConfigTracker/CONFIG]: Configuration file /Users/caliane/Sources/nuclearcraft/runs/client/config/NuclearCraft/common.toml is not correct. Correcting
[04Mar2026 16:23:45.503] [FileWatcher-1-thread-1/DEBUG] [net.neoforged.fml.config.ConfigWatcher/CONFIG]: Config file NuclearCraft/common.toml changed, re-loading
[04Mar2026 16:23:45.503] [FileWatcher-1-thread-1/WARN] [net.neoforged.fml.config.ConfigTracker/CONFIG]: Configuration file /Users/caliane/Sources/nuclearcraft/runs/client/config/NuclearCraft/common.toml is not correct. Correcting
[04Mar2026 16:23:47.503] [FileWatcher-1-thread-1/DEBUG] [net.neoforged.fml.config.ConfigWatcher/CONFIG]: Config file NuclearCraft/common.toml changed, re-loading
[04Mar2026 16:23:47.503] [FileWatcher-1-thread-1/WARN] [net.neoforged.fml.config.ConfigTracker/CONFIG]: Configuration file /Users/caliane/Sources/nuclearcraft/runs/client/config/NuclearCraft/common.toml is not correct. Correcting
[04Mar2026 16:23:49.501] [FileWatcher-1-thread-1/DEBUG] [net.neoforged.fml.config.ConfigWatcher/CONFIG]: Config file NuclearCraft/common.toml changed, re-loading
[04Mar2026 16:23:49.502] [FileWatcher-1-thread-1/WARN] [net.neoforged.fml.config.ConfigTracker/CONFIG]: Configuration file /Users/caliane/Sources/nuclearcraft/runs/client/config/NuclearCraft/common.toml is not correct. Correcting
[04Mar2026 16:23:51.502] [FileWatcher-1-thread-1/DEBUG] [net.neoforged.fml.config.ConfigWatcher/CONFIG]: Config file NuclearCraft/common.toml changed, re-loading
[04Mar2026 16:23:51.503] [FileWatcher-1-thread-1/WARN] [net.neoforged.fml.config.ConfigTracker/CONFIG]: Configuration file /Users/caliane/Sources/nuclearcraft/runs/client/config/NuclearCraft/common.toml is not correct. Correcting
[04Mar2026 16:23:53.502] [FileWatcher-1-thread-1/DEBUG] [net.neoforged.fml.config.ConfigWatcher/CONFIG]: Config file NuclearCraft/common.toml changed, re-loading
[04Mar2026 16:23:53.502] [FileWatcher-1-thread-1/WARN] [net.neoforged.fml.config.ConfigTracker/CONFIG]: Configuration file /Users/caliane/Sources/nuclearcraft/runs/client/config/NuclearCraft/common.toml is not correct. Correcting
[04Mar2026 16:23:55.506] [FileWatcher-1-thread-1/DEBUG] [net.neoforged.fml.config.ConfigWatcher/CONFIG]: Config file NuclearCraft/common.toml changed, re-loading
[04Mar2026 16:23:55.506] [FileWatcher-1-thread-1/WARN] [net.neoforged.fml.config.ConfigTracker/CONFIG]: Configuration file /Users/caliane/Sources/nuclearcraft/runs/client/config/NuclearCraft/common.toml is not correct. Correcting
[04Mar2026 16:23:57.502] [FileWatcher-1-thread-1/DEBUG] [net.neoforged.fml.config.ConfigWatcher/CONFIG]: Config file NuclearCraft/common.toml changed, re-loading
[04Mar2026 16:23:57.502] [FileWatcher-1-thread-1/WARN] [net.neoforged.fml.config.ConfigTracker/CONFIG]: Configuration file /Users/caliane/Sources/nuclearcraft/runs/client/config/NuclearCraft/common.toml is not correct. Correcting
[04Mar2026 16:23:59.503] [FileWatcher-1-thread-1/DEBUG] [net.neoforged.fml.config.ConfigWatcher/CONFIG]: Config file NuclearCraft/common.toml changed, re-loading
[04Mar2026 16:23:59.503] [FileWatcher-1-thread-1/WARN] [net.neoforged.fml.config.ConfigTracker/CONFIG]: Configuration file /Users/caliane/Sources/nuclearcraft/runs/client/config/NuclearCraft/common.toml is not correct. Correcting
[04Mar2026 16:24:01.501] [FileWatcher-1-thread-1/DEBUG] [net.neoforged.fml.config.ConfigWatcher/CONFIG]: Config file NuclearCraft/common.toml changed, re-loading
[04Mar2026 16:24:01.502] [FileWatcher-1-thread-1/WARN] [net.neoforged.fml.config.ConfigTracker/CONFIG]: Configuration file /Users/caliane/Sources/nuclearcraft/runs/client/config/NuclearCraft/common.toml is not correct. Correcting
[04Mar2026 16:24:03.501] [FileWatcher-1-thread-1/DEBUG] [net.neoforged.fml.config.ConfigWatcher/CONFIG]: Config file NuclearCraft/common.toml changed, re-loading
[04Mar2026 16:24:03.501] [FileWatcher-1-thread-1/WARN] [net.neoforged.fml.config.ConfigTracker/CONFIG]: Configuration file /Users/caliane/Sources/nuclearcraft/runs/client/config/NuclearCraft/common.toml is not correct. Correcting
[04Mar2026 16:24:05.501] [FileWatcher-1-thread-1/DEBUG] [net.neoforged.fml.config.ConfigWatcher/CONFIG]: Config file NuclearCraft/common.toml changed, re-loading
[04Mar2026 16:24:05.502] [FileWatcher-1-thread-1/WARN] [net.neoforged.fml.config.ConfigTracker/CONFIG]: Configuration file /Users/caliane/Sources/nuclearcraft/runs/client/config/NuclearCraft/common.toml is not correct. Correcting
[04Mar2026 16:24:07.502] [FileWatcher-1-thread-1/DEBUG] [net.neoforged.fml.config.ConfigWatcher/CONFIG]: Config file NuclearCraft/common.toml changed, re-loading
[04Mar2026 16:24:07.502] [FileWatcher-1-thread-1/WARN] [net.neoforged.fml.config.ConfigTracker/CONFIG]: Configuration file /Users/caliane/Sources/nuclearcraft/runs/client/config/NuclearCraft/common.toml is not correct. Correcting
[04Mar2026 16:24:09.505] [FileWatcher-1-thread-1/DEBUG] [net.neoforged.fml.config.ConfigWatcher/CONFIG]: Config file NuclearCraft/common.toml changed, re-loading
[04Mar2026 16:24:09.506] [FileWatcher-1-thread-1/WARN] [net.neoforged.fml.config.ConfigTracker/CONFIG]: Configuration file /Users/caliane/Sources/nuclearcraft/runs/client/config/NuclearCraft/common.toml is not correct. Correcting
[04Mar2026 16:24:11.506] [FileWatcher-1-thread-1/DEBUG] [net.neoforged.fml.config.ConfigWatcher/CONFIG]: Config file NuclearCraft/common.toml changed, re-loading
[04Mar2026 16:24:11.506] [FileWatcher-1-thread-1/WARN] [net.neoforged.fml.config.ConfigTracker/CONFIG]: Configuration file /Users/caliane/Sources/nuclearcraft/runs/client/config/NuclearCraft/common.toml is not correct. Correcting
[04Mar2026 16:24:13.501] [FileWatcher-1-thread-1/DEBUG] [net.neoforged.fml.config.ConfigWatcher/CONFIG]: Config file NuclearCraft/common.toml changed, re-loading
[04Mar2026 16:24:13.502] [FileWatcher-1-thread-1/WARN] [net.neoforged.fml.config.ConfigTracker/CONFIG]: Configuration file /Users/caliane/Sources/nuclearcraft/runs/client/config/NuclearCraft/common.toml is not correct. Correcting
[04Mar2026 16:24:15.505] [FileWatcher-1-thread-1/DEBUG] [net.neoforged.fml.config.ConfigWatcher/CONFIG]: Config file NuclearCraft/common.toml changed, re-loading
[04Mar2026 16:24:15.505] [FileWatcher-1-thread-1/WARN] [net.neoforged.fml.config.ConfigTracker/CONFIG]: Configuration file /Users/caliane/Sources/nuclearcraft/runs/client/config/NuclearCraft/common.toml is not correct. Correcting
[04Mar2026 16:24:17.501] [FileWatcher-1-thread-1/DEBUG] [net.neoforged.fml.config.ConfigWatcher/CONFIG]: Config file NuclearCraft/common.toml changed, re-loading
[04Mar2026 16:24:17.501] [FileWatcher-1-thread-1/WARN] [net.neoforged.fml.config.ConfigTracker/CONFIG]: Configuration file /Users/caliane/Sources/nuclearcraft/runs/client/config/NuclearCraft/common.toml is not correct. Correcting
[04Mar2026 16:24:19.501] [FileWatcher-1-thread-1/DEBUG] [net.neoforged.fml.config.ConfigWatcher/CONFIG]: Config file NuclearCraft/common.toml changed, re-loading
[04Mar2026 16:24:19.502] [FileWatcher-1-thread-1/WARN] [net.neoforged.fml.config.ConfigTracker/CONFIG]: Configuration file /Users/caliane/Sources/nuclearcraft/runs/client/config/NuclearCraft/common.toml is not correct. Correcting
[04Mar2026 16:24:21.502] [FileWatcher-1-thread-1/DEBUG] [net.neoforged.fml.config.ConfigWatcher/CONFIG]: Config file NuclearCraft/common.toml changed, re-loading
[04Mar2026 16:24:21.502] [FileWatcher-1-thread-1/WARN] [net.neoforged.fml.config.ConfigTracker/CONFIG]: Configuration file /Users/caliane/Sources/nuclearcraft/runs/client/config/NuclearCraft/common.toml is not correct. Correcting
[04Mar2026 16:24:23.502] [FileWatcher-1-thread-1/DEBUG] [net.neoforged.fml.config.ConfigWatcher/CONFIG]: Config file NuclearCraft/common.toml changed, re-loading
[04Mar2026 16:24:23.502] [FileWatcher-1-thread-1/WARN] [net.neoforged.fml.config.ConfigTracker/CONFIG]: Configuration file /Users/caliane/Sources/nuclearcraft/runs/client/config/NuclearCraft/common.toml is not correct. Correcting
[04Mar2026 16:24:25.502] [FileWatcher-1-thread-1/DEBUG] [net.neoforged.fml.config.ConfigWatcher/CONFIG]: Config file NuclearCraft/common.toml changed, re-loading
[04Mar2026 16:24:25.503] [FileWatcher-1-thread-1/WARN] [net.neoforged.fml.config.ConfigTracker/CONFIG]: Configuration file /Users/caliane/Sources/nuclearcraft/runs/client/config/NuclearCraft/common.toml is not correct. Correcting
[04Mar2026 16:24:27.502] [FileWatcher-1-thread-1/DEBUG] [net.neoforged.fml.config.ConfigWatcher/CONFIG]: Config file NuclearCraft/common.toml changed, re-loading
[04Mar2026 16:24:27.502] [FileWatcher-1-thread-1/WARN] [net.neoforged.fml.config.ConfigTracker/CONFIG]: Configuration file /Users/caliane/Sources/nuclearcraft/runs/client/config/NuclearCraft/common.toml is not correct. Correcting
[04Mar2026 16:24:29.501] [FileWatcher-1-thread-1/DEBUG] [net.neoforged.fml.config.ConfigWatcher/CONFIG]: Config file NuclearCraft/common.toml changed, re-loading
[04Mar2026 16:24:29.502] [FileWatcher-1-thread-1/WARN] [net.neoforged.fml.config.ConfigTracker/CONFIG]: Configuration file /Users/caliane/Sources/nuclearcraft/runs/client/config/NuclearCraft/common.toml is not correct. Correcting
[04Mar2026 16:24:31.502] [FileWatcher-1-thread-1/DEBUG] [net.neoforged.fml.config.ConfigWatcher/CONFIG]: Config file NuclearCraft/common.toml changed, re-loading
[04Mar2026 16:24:31.503] [FileWatcher-1-thread-1/WARN] [net.neoforged.fml.config.ConfigTracker/CONFIG]: Configuration file /Users/caliane/Sources/nuclearcraft/runs/client/config/NuclearCraft/common.toml is not correct. Correcting
[04Mar2026 16:24:33.501] [FileWatcher-1-thread-1/DEBUG] [net.neoforged.fml.config.ConfigWatcher/CONFIG]: Config file NuclearCraft/common.toml changed, re-loading
[04Mar2026 16:24:33.502] [FileWatcher-1-thread-1/WARN] [net.neoforged.fml.config.ConfigTracker/CONFIG]: Configuration file /Users/caliane/Sources/nuclearcraft/runs/client/config/NuclearCraft/common.toml is not correct. Correcting
[04Mar2026 16:24:35.501] [FileWatcher-1-thread-1/DEBUG] [net.neoforged.fml.config.ConfigWatcher/CONFIG]: Config file NuclearCraft/common.toml changed, re-loading
[04Mar2026 16:24:35.502] [FileWatcher-1-thread-1/WARN] [net.neoforged.fml.config.ConfigTracker/CONFIG]: Configuration file /Users/caliane/Sources/nuclearcraft/runs/client/config/NuclearCraft/common.toml is not correct. Correcting
[04Mar2026 16:24:37.504] [FileWatcher-1-thread-1/DEBUG] [net.neoforged.fml.config.ConfigWatcher/CONFIG]: Config file NuclearCraft/common.toml changed, re-loading
[04Mar2026 16:24:37.504] [FileWatcher-1-thread-1/WARN] [net.neoforged.fml.config.ConfigTracker/CONFIG]: Configuration file /Users/caliane/Sources/nuclearcraft/runs/client/config/NuclearCraft/common.toml is not correct. Correcting
[04Mar2026 16:24:39.501] [FileWatcher-1-thread-1/DEBUG] [net.neoforged.fml.config.ConfigWatcher/CONFIG]: Config file NuclearCraft/common.toml changed, re-loading
[04Mar2026 16:24:39.502] [FileWatcher-1-thread-1/WARN] [net.neoforged.fml.config.ConfigTracker/CONFIG]: Configuration file /Users/caliane/Sources/nuclearcraft/runs/client/config/NuclearCraft/common.toml is not correct. Correcting
[04Mar2026 16:24:41.501] [FileWatcher-1-thread-1/DEBUG] [net.neoforged.fml.config.ConfigWatcher/CONFIG]: Config file NuclearCraft/common.toml changed, re-loading
[04Mar2026 16:24:41.502] [FileWatcher-1-thread-1/WARN] [net.neoforged.fml.config.ConfigTracker/CONFIG]: Configuration file /Users/caliane/Sources/nuclearcraft/runs/client/config/NuclearCraft/common.toml is not correct. Correcting
[04Mar2026 16:24:43.501] [FileWatcher-1-thread-1/DEBUG] [net.neoforged.fml.config.ConfigWatcher/CONFIG]: Config file NuclearCraft/common.toml changed, re-loading
[04Mar2026 16:24:43.501] [FileWatcher-1-thread-1/WARN] [net.neoforged.fml.config.ConfigTracker/CONFIG]: Configuration file /Users/caliane/Sources/nuclearcraft/runs/client/config/NuclearCraft/common.toml is not correct. Correcting
[04Mar2026 16:24:45.501] [FileWatcher-1-thread-1/DEBUG] [net.neoforged.fml.config.ConfigWatcher/CONFIG]: Config file NuclearCraft/common.toml changed, re-loading
[04Mar2026 16:24:45.501] [FileWatcher-1-thread-1/WARN] [net.neoforged.fml.config.ConfigTracker/CONFIG]: Configuration file /Users/caliane/Sources/nuclearcraft/runs/client/config/NuclearCraft/common.toml is not correct. Correcting
[04Mar2026 16:24:47.502] [FileWatcher-1-thread-1/DEBUG] [net.neoforged.fml.config.ConfigWatcher/CONFIG]: Config file NuclearCraft/common.toml changed, re-loading
[04Mar2026 16:24:47.502] [FileWatcher-1-thread-1/WARN] [net.neoforged.fml.config.ConfigTracker/CONFIG]: Configuration file /Users/caliane/Sources/nuclearcraft/runs/client/config/NuclearCraft/common.toml is not correct. Correcting
[04Mar2026 16:24:49.501] [FileWatcher-1-thread-1/DEBUG] [net.neoforged.fml.config.ConfigWatcher/CONFIG]: Config file NuclearCraft/common.toml changed, re-loading
[04Mar2026 16:24:49.502] [FileWatcher-1-thread-1/WARN] [net.neoforged.fml.config.ConfigTracker/CONFIG]: Configuration file /Users/caliane/Sources/nuclearcraft/runs/client/config/NuclearCraft/common.toml is not correct. Correcting
[04Mar2026 16:24:51.501] [FileWatcher-1-thread-1/DEBUG] [net.neoforged.fml.config.ConfigWatcher/CONFIG]: Config file NuclearCraft/common.toml changed, re-loading
[04Mar2026 16:24:51.502] [FileWatcher-1-thread-1/WARN] [net.neoforged.fml.config.ConfigTracker/CONFIG]: Configuration file /Users/caliane/Sources/nuclearcraft/runs/client/config/NuclearCraft/common.toml is not correct. Correcting
[04Mar2026 16:24:53.501] [FileWatcher-1-thread-1/DEBUG] [net.neoforged.fml.config.ConfigWatcher/CONFIG]: Config file NuclearCraft/common.toml changed, re-loading
[04Mar2026 16:24:53.502] [FileWatcher-1-thread-1/WARN] [net.neoforged.fml.config.ConfigTracker/CONFIG]: Configuration file /Users/caliane/Sources/nuclearcraft/runs/client/config/NuclearCraft/common.toml is not correct. Correcting
[04Mar2026 16:24:55.506] [FileWatcher-1-thread-1/DEBUG] [net.neoforged.fml.config.ConfigWatcher/CONFIG]: Config file NuclearCraft/common.toml changed, re-loading
[04Mar2026 16:24:55.507] [FileWatcher-1-thread-1/WARN] [net.neoforged.fml.config.ConfigTracker/CONFIG]: Configuration file /Users/caliane/Sources/nuclearcraft/runs/client/config/NuclearCraft/common.toml is not correct. Correcting
[04Mar2026 16:24:57.506] [FileWatcher-1-thread-1/DEBUG] [net.neoforged.fml.config.ConfigWatcher/CONFIG]: Config file NuclearCraft/common.toml changed, re-loading
[04Mar2026 16:24:57.506] [FileWatcher-1-thread-1/WARN] [net.neoforged.fml.config.ConfigTracker/CONFIG]: Configuration file /Users/caliane/Sources/nuclearcraft/runs/client/config/NuclearCraft/common.toml is not correct. Correcting
[04Mar2026 16:24:59.505] [FileWatcher-1-thread-1/DEBUG] [net.neoforged.fml.config.ConfigWatcher/CONFIG]: Config file NuclearCraft/common.toml changed, re-loading
[04Mar2026 16:24:59.505] [FileWatcher-1-thread-1/WARN] [net.neoforged.fml.config.ConfigTracker/CONFIG]: Configuration file /Users/caliane/Sources/nuclearcraft/runs/client/config/NuclearCraft/common.toml is not correct. Correcting
[04Mar2026 16:25:01.502] [FileWatcher-1-thread-1/DEBUG] [net.neoforged.fml.config.ConfigWatcher/CONFIG]: Config file NuclearCraft/common.toml changed, re-loading
[04Mar2026 16:25:01.502] [FileWatcher-1-thread-1/WARN] [net.neoforged.fml.config.ConfigTracker/CONFIG]: Configuration file /Users/caliane/Sources/nuclearcraft/runs/client/config/NuclearCraft/common.toml is not correct. Correcting
[04Mar2026 16:25:03.503] [FileWatcher-1-thread-1/DEBUG] [net.neoforged.fml.config.ConfigWatcher/CONFIG]: Config file NuclearCraft/common.toml changed, re-loading
[04Mar2026 16:25:03.503] [FileWatcher-1-thread-1/WARN] [net.neoforged.fml.config.ConfigTracker/CONFIG]: Configuration file /Users/caliane/Sources/nuclearcraft/runs/client/config/NuclearCraft/common.toml is not correct. Correcting
[04Mar2026 16:25:05.507] [FileWatcher-1-thread-1/DEBUG] [net.neoforged.fml.config.ConfigWatcher/CONFIG]: Config file NuclearCraft/common.toml changed, re-loading
[04Mar2026 16:25:05.507] [FileWatcher-1-thread-1/WARN] [net.neoforged.fml.config.ConfigTracker/CONFIG]: Configuration file /Users/caliane/Sources/nuclearcraft/runs/client/config/NuclearCraft/common.toml is not correct. Correcting
[04Mar2026 16:25:07.501] [FileWatcher-1-thread-1/DEBUG] [net.neoforged.fml.config.ConfigWatcher/CONFIG]: Config file NuclearCraft/common.toml changed, re-loading
[04Mar2026 16:25:07.502] [FileWatcher-1-thread-1/WARN] [net.neoforged.fml.config.ConfigTracker/CONFIG]: Configuration file /Users/caliane/Sources/nuclearcraft/runs/client/config/NuclearCraft/common.toml is not correct. Correcting
[04Mar2026 16:25:09.505] [FileWatcher-1-thread-1/DEBUG] [net.neoforged.fml.config.ConfigWatcher/CONFIG]: Config file NuclearCraft/common.toml changed, re-loading
[04Mar2026 16:25:09.505] [FileWatcher-1-thread-1/WARN] [net.neoforged.fml.config.ConfigTracker/CONFIG]: Configuration file /Users/caliane/Sources/nuclearcraft/runs/client/config/NuclearCraft/common.toml is not correct. Correcting
[04Mar2026 16:25:11.501] [FileWatcher-1-thread-1/DEBUG] [net.neoforged.fml.config.ConfigWatcher/CONFIG]: Config file NuclearCraft/common.toml changed, re-loading
[04Mar2026 16:25:11.501] [FileWatcher-1-thread-1/WARN] [net.neoforged.fml.config.ConfigTracker/CONFIG]: Configuration file /Users/caliane/Sources/nuclearcraft/runs/client/config/NuclearCraft/common.toml is not correct. Correcting
[04Mar2026 16:25:13.501] [FileWatcher-1-thread-1/DEBUG] [net.neoforged.fml.config.ConfigWatcher/CONFIG]: Config file NuclearCraft/common.toml changed, re-loading
[04Mar2026 16:25:13.502] [FileWatcher-1-thread-1/WARN] [net.neoforged.fml.config.ConfigTracker/CONFIG]: Configuration file /Users/caliane/Sources/nuclearcraft/runs/client/config/NuclearCraft/common.toml is not correct. Correcting
[04Mar2026 16:25:15.502] [FileWatcher-1-thread-1/DEBUG] [net.neoforged.fml.config.ConfigWatcher/CONFIG]: Config file NuclearCraft/common.toml changed, re-loading
[04Mar2026 16:25:15.502] [FileWatcher-1-thread-1/WARN] [net.neoforged.fml.config.ConfigTracker/CONFIG]: Configuration file /Users/caliane/Sources/nuclearcraft/runs/client/config/NuclearCraft/common.toml is not correct. Correcting
[04Mar2026 16:25:17.502] [FileWatcher-1-thread-1/DEBUG] [net.neoforged.fml.config.ConfigWatcher/CONFIG]: Config file NuclearCraft/common.toml changed, re-loading
[04Mar2026 16:25:17.502] [FileWatcher-1-thread-1/WARN] [net.neoforged.fml.config.ConfigTracker/CONFIG]: Configuration file /Users/caliane/Sources/nuclearcraft/runs/client/config/NuclearCraft/common.toml is not correct. Correcting
[04Mar2026 16:25:19.502] [FileWatcher-1-thread-1/DEBUG] [net.neoforged.fml.config.ConfigWatcher/CONFIG]: Config file NuclearCraft/common.toml changed, re-loading
[04Mar2026 16:25:19.502] [FileWatcher-1-thread-1/WARN] [net.neoforged.fml.config.ConfigTracker/CONFIG]: Configuration file /Users/caliane/Sources/nuclearcraft/runs/client/config/NuclearCraft/common.toml is not correct. Correcting
[04Mar2026 16:25:21.501] [FileWatcher-1-thread-1/DEBUG] [net.neoforged.fml.config.ConfigWatcher/CONFIG]: Config file NuclearCraft/common.toml changed, re-loading
[04Mar2026 16:25:21.502] [FileWatcher-1-thread-1/WARN] [net.neoforged.fml.config.ConfigTracker/CONFIG]: Configuration file /Users/caliane/Sources/nuclearcraft/runs/client/config/NuclearCraft/common.toml is not correct. Correcting
[04Mar2026 16:25:23.505] [FileWatcher-1-thread-1/DEBUG] [net.neoforged.fml.config.ConfigWatcher/CONFIG]: Config file NuclearCraft/common.toml changed, re-loading
[04Mar2026 16:25:23.506] [FileWatcher-1-thread-1/WARN] [net.neoforged.fml.config.ConfigTracker/CONFIG]: Configuration file /Users/caliane/Sources/nuclearcraft/runs/client/config/NuclearCraft/common.toml is not correct. Correcting
[04Mar2026 16:25:25.502] [FileWatcher-1-thread-1/DEBUG] [net.neoforged.fml.config.ConfigWatcher/CONFIG]: Config file NuclearCraft/common.toml changed, re-loading
[04Mar2026 16:25:25.502] [FileWatcher-1-thread-1/WARN] [net.neoforged.fml.config.ConfigTracker/CONFIG]: Configuration file /Users/caliane/Sources/nuclearcraft/runs/client/config/NuclearCraft/common.toml is not correct. Correcting
[04Mar2026 16:25:27.501] [FileWatcher-1-thread-1/DEBUG] [net.neoforged.fml.config.ConfigWatcher/CONFIG]: Config file NuclearCraft/common.toml changed, re-loading
[04Mar2026 16:25:27.502] [FileWatcher-1-thread-1/WARN] [net.neoforged.fml.config.ConfigTracker/CONFIG]: Configuration file /Users/caliane/Sources/nuclearcraft/runs/client/config/NuclearCraft/common.toml is not correct. Correcting
[04Mar2026 16:25:29.501] [FileWatcher-1-thread-1/DEBUG] [net.neoforged.fml.config.ConfigWatcher/CONFIG]: Config file NuclearCraft/common.toml changed, re-loading
[04Mar2026 16:25:29.502] [FileWatcher-1-thread-1/WARN] [net.neoforged.fml.config.ConfigTracker/CONFIG]: Configuration file /Users/caliane/Sources/nuclearcraft/runs/client/config/NuclearCraft/common.toml is not correct. Correcting
[04Mar2026 16:25:31.502] [FileWatcher-1-thread-1/DEBUG] [net.neoforged.fml.config.ConfigWatcher/CONFIG]: Config file NuclearCraft/common.toml changed, re-loading
[04Mar2026 16:25:31.502] [FileWatcher-1-thread-1/WARN] [net.neoforged.fml.config.ConfigTracker/CONFIG]: Configuration file /Users/caliane/Sources/nuclearcraft/runs/client/config/NuclearCraft/common.toml is not correct. Correcting
[04Mar2026 16:25:33.501] [FileWatcher-1-thread-1/DEBUG] [net.neoforged.fml.config.ConfigWatcher/CONFIG]: Config file NuclearCraft/common.toml changed, re-loading
[04Mar2026 16:25:33.502] [FileWatcher-1-thread-1/WARN] [net.neoforged.fml.config.ConfigTracker/CONFIG]: Configuration file /Users/caliane/Sources/nuclearcraft/runs/client/config/NuclearCraft/common.toml is not correct. Correcting
[04Mar2026 16:25:35.501] [FileWatcher-1-thread-1/DEBUG] [net.neoforged.fml.config.ConfigWatcher/CONFIG]: Config file NuclearCraft/common.toml changed, re-loading
[04Mar2026 16:25:35.502] [FileWatcher-1-thread-1/WARN] [net.neoforged.fml.config.ConfigTracker/CONFIG]: Configuration file /Users/caliane/Sources/nuclearcraft/runs/client/config/NuclearCraft/common.toml is not correct. Correcting
[04Mar2026 16:25:37.506] [FileWatcher-1-thread-1/DEBUG] [net.neoforged.fml.config.ConfigWatcher/CONFIG]: Config file NuclearCraft/common.toml changed, re-loading
[04Mar2026 16:25:37.507] [FileWatcher-1-thread-1/WARN] [net.neoforged.fml.config.ConfigTracker/CONFIG]: Configuration file /Users/caliane/Sources/nuclearcraft/runs/client/config/NuclearCraft/common.toml is not correct. Correcting
[04Mar2026 16:25:39.508] [FileWatcher-1-thread-1/DEBUG] [net.neoforged.fml.config.ConfigWatcher/CONFIG]: Config file NuclearCraft/common.toml changed, re-loading
[04Mar2026 16:25:39.509] [FileWatcher-1-thread-1/WARN] [net.neoforged.fml.config.ConfigTracker/CONFIG]: Configuration file /Users/caliane/Sources/nuclearcraft/runs/client/config/NuclearCraft/common.toml is not correct. Correcting
[04Mar2026 16:25:41.503] [FileWatcher-1-thread-1/DEBUG] [net.neoforged.fml.config.ConfigWatcher/CONFIG]: Config file NuclearCraft/common.toml changed, re-loading
[04Mar2026 16:25:41.504] [FileWatcher-1-thread-1/WARN] [net.neoforged.fml.config.ConfigTracker/CONFIG]: Configuration file /Users/caliane/Sources/nuclearcraft/runs/client/config/NuclearCraft/common.toml is not correct. Correcting
[04Mar2026 16:25:43.502] [FileWatcher-1-thread-1/DEBUG] [net.neoforged.fml.config.ConfigWatcher/CONFIG]: Config file NuclearCraft/common.toml changed, re-loading
[04Mar2026 16:25:43.503] [FileWatcher-1-thread-1/WARN] [net.neoforged.fml.config.ConfigTracker/CONFIG]: Configuration file /Users/caliane/Sources/nuclearcraft/runs/client/config/NuclearCraft/common.toml is not correct. Correcting
[04Mar2026 16:25:45.501] [FileWatcher-1-thread-1/DEBUG] [net.neoforged.fml.config.ConfigWatcher/CONFIG]: Config file NuclearCraft/common.toml changed, re-loading
[04Mar2026 16:25:45.502] [FileWatcher-1-thread-1/WARN] [net.neoforged.fml.config.ConfigTracker/CONFIG]: Configuration file /Users/caliane/Sources/nuclearcraft/runs/client/config/NuclearCraft/common.toml is not correct. Correcting
[04Mar2026 16:25:47.502] [FileWatcher-1-thread-1/DEBUG] [net.neoforged.fml.config.ConfigWatcher/CONFIG]: Config file NuclearCraft/common.toml changed, re-loading
[04Mar2026 16:25:47.502] [FileWatcher-1-thread-1/WARN] [net.neoforged.fml.config.ConfigTracker/CONFIG]: Configuration file /Users/caliane/Sources/nuclearcraft/runs/client/config/NuclearCraft/common.toml is not correct. Correcting
[04Mar2026 16:25:49.501] [FileWatcher-1-thread-1/DEBUG] [net.neoforged.fml.config.ConfigWatcher/CONFIG]: Config file NuclearCraft/common.toml changed, re-loading
[04Mar2026 16:25:49.502] [FileWatcher-1-thread-1/WARN] [net.neoforged.fml.config.ConfigTracker/CONFIG]: Configuration file /Users/caliane/Sources/nuclearcraft/runs/client/config/NuclearCraft/common.toml is not correct. Correcting
[04Mar2026 16:25:51.506] [FileWatcher-1-thread-1/DEBUG] [net.neoforged.fml.config.ConfigWatcher/CONFIG]: Config file NuclearCraft/common.toml changed, re-loading
[04Mar2026 16:25:51.507] [FileWatcher-1-thread-1/WARN] [net.neoforged.fml.config.ConfigTracker/CONFIG]: Configuration file /Users/caliane/Sources/nuclearcraft/runs/client/config/NuclearCraft/common.toml is not correct. Correcting
[04Mar2026 16:25:53.502] [FileWatcher-1-thread-1/DEBUG] [net.neoforged.fml.config.ConfigWatcher/CONFIG]: Config file NuclearCraft/common.toml changed, re-loading
[04Mar2026 16:25:53.502] [FileWatcher-1-thread-1/WARN] [net.neoforged.fml.config.ConfigTracker/CONFIG]: Configuration file /Users/caliane/Sources/nuclearcraft/runs/client/config/NuclearCraft/common.toml is not correct. Correcting
[04Mar2026 16:25:55.502] [FileWatcher-1-thread-1/DEBUG] [net.neoforged.fml.config.ConfigWatcher/CONFIG]: Config file NuclearCraft/common.toml changed, re-loading
[04Mar2026 16:25:55.503] [FileWatcher-1-thread-1/WARN] [net.neoforged.fml.config.ConfigTracker/CONFIG]: Configuration file /Users/caliane/Sources/nuclearcraft/runs/client/config/NuclearCraft/common.toml is not correct. Correcting
[04Mar2026 16:25:57.502] [FileWatcher-1-thread-1/DEBUG] [net.neoforged.fml.config.ConfigWatcher/CONFIG]: Config file NuclearCraft/common.toml changed, re-loading
[04Mar2026 16:25:57.503] [FileWatcher-1-thread-1/WARN] [net.neoforged.fml.config.ConfigTracker/CONFIG]: Configuration file /Users/caliane/Sources/nuclearcraft/runs/client/config/NuclearCraft/common.toml is not correct. Correcting
[04Mar2026 16:25:59.502] [FileWatcher-1-thread-1/DEBUG] [net.neoforged.fml.config.ConfigWatcher/CONFIG]: Config file NuclearCraft/common.toml changed, re-loading
[04Mar2026 16:25:59.502] [FileWatcher-1-thread-1/WARN] [net.neoforged.fml.config.ConfigTracker/CONFIG]: Configuration file /Users/caliane/Sources/nuclearcraft/runs/client/config/NuclearCraft/common.toml is not correct. Correcting
[04Mar2026 16:26:01.502] [FileWatcher-1-thread-1/DEBUG] [net.neoforged.fml.config.ConfigWatcher/CONFIG]: Config file NuclearCraft/common.toml changed, re-loading
[04Mar2026 16:26:01.502] [FileWatcher-1-thread-1/WARN] [net.neoforged.fml.config.ConfigTracker/CONFIG]: Configuration file /Users/caliane/Sources/nuclearcraft/runs/client/config/NuclearCraft/common.toml is not correct. Correcting
[04Mar2026 16:26:03.501] [FileWatcher-1-thread-1/DEBUG] [net.neoforged.fml.config.ConfigWatcher/CONFIG]: Config file NuclearCraft/common.toml changed, re-loading
[04Mar2026 16:26:03.502] [FileWatcher-1-thread-1/WARN] [net.neoforged.fml.config.ConfigTracker/CONFIG]: Configuration file /Users/caliane/Sources/nuclearcraft/runs/client/config/NuclearCraft/common.toml is not correct. Correcting
[04Mar2026 16:26:05.501] [FileWatcher-1-thread-1/DEBUG] [net.neoforged.fml.config.ConfigWatcher/CONFIG]: Config file NuclearCraft/common.toml changed, re-loading
[04Mar2026 16:26:05.502] [FileWatcher-1-thread-1/WARN] [net.neoforged.fml.config.ConfigTracker/CONFIG]: Configuration file /Users/caliane/Sources/nuclearcraft/runs/client/config/NuclearCraft/common.toml is not correct. Correcting
[04Mar2026 16:26:07.501] [FileWatcher-1-thread-1/DEBUG] [net.neoforged.fml.config.ConfigWatcher/CONFIG]: Config file NuclearCraft/common.toml changed, re-loading
[04Mar2026 16:26:07.502] [FileWatcher-1-thread-1/WARN] [net.neoforged.fml.config.ConfigTracker/CONFIG]: Configuration file /Users/caliane/Sources/nuclearcraft/runs/client/config/NuclearCraft/common.toml is not correct. Correcting
[04Mar2026 16:26:09.503] [FileWatcher-1-thread-1/DEBUG] [net.neoforged.fml.config.ConfigWatcher/CONFIG]: Config file NuclearCraft/common.toml changed, re-loading
[04Mar2026 16:26:09.504] [FileWatcher-1-thread-1/WARN] [net.neoforged.fml.config.ConfigTracker/CONFIG]: Configuration file /Users/caliane/Sources/nuclearcraft/runs/client/config/NuclearCraft/common.toml is not correct. Correcting
[04Mar2026 16:26:11.502] [FileWatcher-1-thread-1/DEBUG] [net.neoforged.fml.config.ConfigWatcher/CONFIG]: Config file NuclearCraft/common.toml changed, re-loading
[04Mar2026 16:26:11.502] [FileWatcher-1-thread-1/WARN] [net.neoforged.fml.config.ConfigTracker/CONFIG]: Configuration file /Users/caliane/Sources/nuclearcraft/runs/client/config/NuclearCraft/common.toml is not correct. Correcting
[04Mar2026 16:26:13.503] [FileWatcher-1-thread-1/DEBUG] [net.neoforged.fml.config.ConfigWatcher/CONFIG]: Config file NuclearCraft/common.toml changed, re-loading
[04Mar2026 16:26:13.503] [FileWatcher-1-thread-1/WARN] [net.neoforged.fml.config.ConfigTracker/CONFIG]: Configuration file /Users/caliane/Sources/nuclearcraft/runs/client/config/NuclearCraft/common.toml is not correct. Correcting
[04Mar2026 16:26:15.506] [FileWatcher-1-thread-1/DEBUG] [net.neoforged.fml.config.ConfigWatcher/CONFIG]: Config file NuclearCraft/common.toml changed, re-loading
[04Mar2026 16:26:15.506] [FileWatcher-1-thread-1/WARN] [net.neoforged.fml.config.ConfigTracker/CONFIG]: Configuration file /Users/caliane/Sources/nuclearcraft/runs/client/config/NuclearCraft/common.toml is not correct. Correcting
[04Mar2026 16:26:17.502] [FileWatcher-1-thread-1/DEBUG] [net.neoforged.fml.config.ConfigWatcher/CONFIG]: Config file NuclearCraft/common.toml changed, re-loading
[04Mar2026 16:26:17.502] [FileWatcher-1-thread-1/WARN] [net.neoforged.fml.config.ConfigTracker/CONFIG]: Configuration file /Users/caliane/Sources/nuclearcraft/runs/client/config/NuclearCraft/common.toml is not correct. Correcting
[04Mar2026 16:26:19.502] [FileWatcher-1-thread-1/DEBUG] [net.neoforged.fml.config.ConfigWatcher/CONFIG]: Config file NuclearCraft/common.toml changed, re-loading
[04Mar2026 16:26:19.502] [FileWatcher-1-thread-1/WARN] [net.neoforged.fml.config.ConfigTracker/CONFIG]: Configuration file /Users/caliane/Sources/nuclearcraft/runs/client/config/NuclearCraft/common.toml is not correct. Correcting
[04Mar2026 16:26:21.502] [FileWatcher-1-thread-1/DEBUG] [net.neoforged.fml.config.ConfigWatcher/CONFIG]: Config file NuclearCraft/common.toml changed, re-loading
[04Mar2026 16:26:21.502] [FileWatcher-1-thread-1/WARN] [net.neoforged.fml.config.ConfigTracker/CONFIG]: Configuration file /Users/caliane/Sources/nuclearcraft/runs/client/config/NuclearCraft/common.toml is not correct. Correcting
[04Mar2026 16:26:23.501] [FileWatcher-1-thread-1/DEBUG] [net.neoforged.fml.config.ConfigWatcher/CONFIG]: Config file NuclearCraft/common.toml changed, re-loading
[04Mar2026 16:26:23.502] [FileWatcher-1-thread-1/WARN] [net.neoforged.fml.config.ConfigTracker/CONFIG]: Configuration file /Users/caliane/Sources/nuclearcraft/runs/client/config/NuclearCraft/common.toml is not correct. Correcting
[04Mar2026 16:26:25.501] [FileWatcher-1-thread-1/DEBUG] [net.neoforged.fml.config.ConfigWatcher/CONFIG]: Config file NuclearCraft/common.toml changed, re-loading
[04Mar2026 16:26:25.501] [FileWatcher-1-thread-1/WARN] [net.neoforged.fml.config.ConfigTracker/CONFIG]: Configuration file /Users/caliane/Sources/nuclearcraft/runs/client/config/NuclearCraft/common.toml is not correct. Correcting
[04Mar2026 16:26:27.506] [FileWatcher-1-thread-1/DEBUG] [net.neoforged.fml.config.ConfigWatcher/CONFIG]: Config file NuclearCraft/common.toml changed, re-loading
[04Mar2026 16:26:27.506] [FileWatcher-1-thread-1/WARN] [net.neoforged.fml.config.ConfigTracker/CONFIG]: Configuration file /Users/caliane/Sources/nuclearcraft/runs/client/config/NuclearCraft/common.toml is not correct. Correcting
[04Mar2026 16:26:29.503] [FileWatcher-1-thread-1/DEBUG] [net.neoforged.fml.config.ConfigWatcher/CONFIG]: Config file NuclearCraft/common.toml changed, re-loading
[04Mar2026 16:26:29.503] [FileWatcher-1-thread-1/WARN] [net.neoforged.fml.config.ConfigTracker/CONFIG]: Configuration file /Users/caliane/Sources/nuclearcraft/runs/client/config/NuclearCraft/common.toml is not correct. Correcting
[04Mar2026 16:26:31.504] [FileWatcher-1-thread-1/DEBUG] [net.neoforged.fml.config.ConfigWatcher/CONFIG]: Config file NuclearCraft/common.toml changed, re-loading
[04Mar2026 16:26:31.504] [FileWatcher-1-thread-1/WARN] [net.neoforged.fml.config.ConfigTracker/CONFIG]: Configuration file /Users/caliane/Sources/nuclearcraft/runs/client/config/NuclearCraft/common.toml is not correct. Correcting
[04Mar2026 16:26:33.508] [FileWatcher-1-thread-1/DEBUG] [net.neoforged.fml.config.ConfigWatcher/CONFIG]: Config file NuclearCraft/common.toml changed, re-loading
[04Mar2026 16:26:33.508] [FileWatcher-1-thread-1/WARN] [net.neoforged.fml.config.ConfigTracker/CONFIG]: Configuration file /Users/caliane/Sources/nuclearcraft/runs/client/config/NuclearCraft/common.toml is not correct. Correcting
[04Mar2026 16:26:35.501] [FileWatcher-1-thread-1/DEBUG] [net.neoforged.fml.config.ConfigWatcher/CONFIG]: Config file NuclearCraft/common.toml changed, re-loading
[04Mar2026 16:26:35.502] [FileWatcher-1-thread-1/WARN] [net.neoforged.fml.config.ConfigTracker/CONFIG]: Configuration file /Users/caliane/Sources/nuclearcraft/runs/client/config/NuclearCraft/common.toml is not correct. Correcting
[04Mar2026 16:26:37.503] [FileWatcher-1-thread-1/DEBUG] [net.neoforged.fml.config.ConfigWatcher/CONFIG]: Config file NuclearCraft/common.toml changed, re-loading
[04Mar2026 16:26:37.503] [FileWatcher-1-thread-1/WARN] [net.neoforged.fml.config.ConfigTracker/CONFIG]: Configuration file /Users/caliane/Sources/nuclearcraft/runs/client/config/NuclearCraft/common.toml is not correct. Correcting
[04Mar2026 16:26:39.502] [FileWatcher-1-thread-1/DEBUG] [net.neoforged.fml.config.ConfigWatcher/CONFIG]: Config file NuclearCraft/common.toml changed, re-loading
[04Mar2026 16:26:39.502] [FileWatcher-1-thread-1/WARN] [net.neoforged.fml.config.ConfigTracker/CONFIG]: Configuration file /Users/caliane/Sources/nuclearcraft/runs/client/config/NuclearCraft/common.toml is not correct. Correcting
[04Mar2026 16:26:41.502] [FileWatcher-1-thread-1/DEBUG] [net.neoforged.fml.config.ConfigWatcher/CONFIG]: Config file NuclearCraft/common.toml changed, re-loading
[04Mar2026 16:26:41.503] [FileWatcher-1-thread-1/WARN] [net.neoforged.fml.config.ConfigTracker/CONFIG]: Configuration file /Users/caliane/Sources/nuclearcraft/runs/client/config/NuclearCraft/common.toml is not correct. Correcting
[04Mar2026 16:26:43.502] [FileWatcher-1-thread-1/DEBUG] [net.neoforged.fml.config.ConfigWatcher/CONFIG]: Config file NuclearCraft/common.toml changed, re-loading
[04Mar2026 16:26:43.502] [FileWatcher-1-thread-1/WARN] [net.neoforged.fml.config.ConfigTracker/CONFIG]: Configuration file /Users/caliane/Sources/nuclearcraft/runs/client/config/NuclearCraft/common.toml is not correct. Correcting
[04Mar2026 16:26:45.507] [FileWatcher-1-thread-1/DEBUG] [net.neoforged.fml.config.ConfigWatcher/CONFIG]: Config file NuclearCraft/common.toml changed, re-loading
[04Mar2026 16:26:45.507] [FileWatcher-1-thread-1/WARN] [net.neoforged.fml.config.ConfigTracker/CONFIG]: Configuration file /Users/caliane/Sources/nuclearcraft/runs/client/config/NuclearCraft/common.toml is not correct. Correcting
[04Mar2026 16:26:47.504] [FileWatcher-1-thread-1/DEBUG] [net.neoforged.fml.config.ConfigWatcher/CONFIG]: Config file NuclearCraft/common.toml changed, re-loading
[04Mar2026 16:26:47.504] [FileWatcher-1-thread-1/WARN] [net.neoforged.fml.config.ConfigTracker/CONFIG]: Configuration file /Users/caliane/Sources/nuclearcraft/runs/client/config/NuclearCraft/common.toml is not correct. Correcting
[04Mar2026 16:26:49.503] [FileWatcher-1-thread-1/DEBUG] [net.neoforged.fml.config.ConfigWatcher/CONFIG]: Config file NuclearCraft/common.toml changed, re-loading
[04Mar2026 16:26:49.503] [FileWatcher-1-thread-1/WARN] [net.neoforged.fml.config.ConfigTracker/CONFIG]: Configuration file /Users/caliane/Sources/nuclearcraft/runs/client/config/NuclearCraft/common.toml is not correct. Correcting
[04Mar2026 16:26:51.505] [FileWatcher-1-thread-1/DEBUG] [net.neoforged.fml.config.ConfigWatcher/CONFIG]: Config file NuclearCraft/common.toml changed, re-loading
[04Mar2026 16:26:51.506] [FileWatcher-1-thread-1/WARN] [net.neoforged.fml.config.ConfigTracker/CONFIG]: Configuration file /Users/caliane/Sources/nuclearcraft/runs/client/config/NuclearCraft/common.toml is not correct. Correcting
[04Mar2026 16:26:53.501] [FileWatcher-1-thread-1/DEBUG] [net.neoforged.fml.config.ConfigWatcher/CONFIG]: Config file NuclearCraft/common.toml changed, re-loading
[04Mar2026 16:26:53.502] [FileWatcher-1-thread-1/WARN] [net.neoforged.fml.config.ConfigTracker/CONFIG]: Configuration file /Users/caliane/Sources/nuclearcraft/runs/client/config/NuclearCraft/common.toml is not correct. Correcting
[04Mar2026 16:26:55.502] [FileWatcher-1-thread-1/DEBUG] [net.neoforged.fml.config.ConfigWatcher/CONFIG]: Config file NuclearCraft/common.toml changed, re-loading
[04Mar2026 16:26:55.502] [FileWatcher-1-thread-1/WARN] [net.neoforged.fml.config.ConfigTracker/CONFIG]: Configuration file /Users/caliane/Sources/nuclearcraft/runs/client/config/NuclearCraft/common.toml is not correct. Correcting
[04Mar2026 16:26:57.502] [FileWatcher-1-thread-1/DEBUG] [net.neoforged.fml.config.ConfigWatcher/CONFIG]: Config file NuclearCraft/common.toml changed, re-loading
[04Mar2026 16:26:57.502] [FileWatcher-1-thread-1/WARN] [net.neoforged.fml.config.ConfigTracker/CONFIG]: Configuration file /Users/caliane/Sources/nuclearcraft/runs/client/config/NuclearCraft/common.toml is not correct. Correcting
[04Mar2026 16:26:59.502] [FileWatcher-1-thread-1/DEBUG] [net.neoforged.fml.config.ConfigWatcher/CONFIG]: Config file NuclearCraft/common.toml changed, re-loading
[04Mar2026 16:26:59.502] [FileWatcher-1-thread-1/WARN] [net.neoforged.fml.config.ConfigTracker/CONFIG]: Configuration file /Users/caliane/Sources/nuclearcraft/runs/client/config/NuclearCraft/common.toml is not correct. Correcting
[04Mar2026 16:27:01.502] [FileWatcher-1-thread-1/DEBUG] [net.neoforged.fml.config.ConfigWatcher/CONFIG]: Config file NuclearCraft/common.toml changed, re-loading
[04Mar2026 16:27:01.502] [FileWatcher-1-thread-1/WARN] [net.neoforged.fml.config.ConfigTracker/CONFIG]: Configuration file /Users/caliane/Sources/nuclearcraft/runs/client/config/NuclearCraft/common.toml is not correct. Correcting
[04Mar2026 16:27:03.502] [FileWatcher-1-thread-1/DEBUG] [net.neoforged.fml.config.ConfigWatcher/CONFIG]: Config file NuclearCraft/common.toml changed, re-loading
[04Mar2026 16:27:03.503] [FileWatcher-1-thread-1/WARN] [net.neoforged.fml.config.ConfigTracker/CONFIG]: Configuration file /Users/caliane/Sources/nuclearcraft/runs/client/config/NuclearCraft/common.toml is not correct. Correcting
[04Mar2026 16:27:05.501] [FileWatcher-1-thread-1/DEBUG] [net.neoforged.fml.config.ConfigWatcher/CONFIG]: Config file NuclearCraft/common.toml changed, re-loading
[04Mar2026 16:27:05.502] [FileWatcher-1-thread-1/WARN] [net.neoforged.fml.config.ConfigTracker/CONFIG]: Configuration file /Users/caliane/Sources/nuclearcraft/runs/client/config/NuclearCraft/common.toml is not correct. Correcting
[04Mar2026 16:27:07.503] [FileWatcher-1-thread-1/DEBUG] [net.neoforged.fml.config.ConfigWatcher/CONFIG]: Config file NuclearCraft/common.toml changed, re-loading
[04Mar2026 16:27:07.503] [FileWatcher-1-thread-1/WARN] [net.neoforged.fml.config.ConfigTracker/CONFIG]: Configuration file /Users/caliane/Sources/nuclearcraft/runs/client/config/NuclearCraft/common.toml is not correct. Correcting
[04Mar2026 16:27:09.503] [FileWatcher-1-thread-1/DEBUG] [net.neoforged.fml.config.ConfigWatcher/CONFIG]: Config file NuclearCraft/common.toml changed, re-loading
[04Mar2026 16:27:09.504] [FileWatcher-1-thread-1/WARN] [net.neoforged.fml.config.ConfigTracker/CONFIG]: Configuration file /Users/caliane/Sources/nuclearcraft/runs/client/config/NuclearCraft/common.toml is not correct. Correcting
[04Mar2026 16:27:11.502] [FileWatcher-1-thread-1/DEBUG] [net.neoforged.fml.config.ConfigWatcher/CONFIG]: Config file NuclearCraft/common.toml changed, re-loading
[04Mar2026 16:27:11.502] [FileWatcher-1-thread-1/WARN] [net.neoforged.fml.config.ConfigTracker/CONFIG]: Configuration file /Users/caliane/Sources/nuclearcraft/runs/client/config/NuclearCraft/common.toml is not correct. Correcting
[04Mar2026 16:27:13.502] [FileWatcher-1-thread-1/DEBUG] [net.neoforged.fml.config.ConfigWatcher/CONFIG]: Config file NuclearCraft/common.toml changed, re-loading
[04Mar2026 16:27:13.503] [FileWatcher-1-thread-1/WARN] [net.neoforged.fml.config.ConfigTracker/CONFIG]: Configuration file /Users/caliane/Sources/nuclearcraft/runs/client/config/NuclearCraft/common.toml is not correct. Correcting
[04Mar2026 16:27:15.502] [FileWatcher-1-thread-1/DEBUG] [net.neoforged.fml.config.ConfigWatcher/CONFIG]: Config file NuclearCraft/common.toml changed, re-loading
[04Mar2026 16:27:15.502] [FileWatcher-1-thread-1/WARN] [net.neoforged.fml.config.ConfigTracker/CONFIG]: Configuration file /Users/caliane/Sources/nuclearcraft/runs/client/config/NuclearCraft/common.toml is not correct. Correcting
[04Mar2026 16:27:17.508] [FileWatcher-1-thread-1/DEBUG] [net.neoforged.fml.config.ConfigWatcher/CONFIG]: Config file NuclearCraft/common.toml changed, re-loading
[04Mar2026 16:27:17.508] [FileWatcher-1-thread-1/WARN] [net.neoforged.fml.config.ConfigTracker/CONFIG]: Configuration file /Users/caliane/Sources/nuclearcraft/runs/client/config/NuclearCraft/common.toml is not correct. Correcting
[04Mar2026 16:27:19.501] [FileWatcher-1-thread-1/DEBUG] [net.neoforged.fml.config.ConfigWatcher/CONFIG]: Config file NuclearCraft/common.toml changed, re-loading
[04Mar2026 16:27:19.502] [FileWatcher-1-thread-1/WARN] [net.neoforged.fml.config.ConfigTracker/CONFIG]: Configuration file /Users/caliane/Sources/nuclearcraft/runs/client/config/NuclearCraft/common.toml is not correct. Correcting
[04Mar2026 16:27:21.503] [FileWatcher-1-thread-1/DEBUG] [net.neoforged.fml.config.ConfigWatcher/CONFIG]: Config file NuclearCraft/common.toml changed, re-loading
[04Mar2026 16:27:21.503] [FileWatcher-1-thread-1/WARN] [net.neoforged.fml.config.ConfigTracker/CONFIG]: Configuration file /Users/caliane/Sources/nuclearcraft/runs/client/config/NuclearCraft/common.toml is not correct. Correcting
[04Mar2026 16:27:23.502] [FileWatcher-1-thread-1/DEBUG] [net.neoforged.fml.config.ConfigWatcher/CONFIG]: Config file NuclearCraft/common.toml changed, re-loading
[04Mar2026 16:27:23.502] [FileWatcher-1-thread-1/WARN] [net.neoforged.fml.config.ConfigTracker/CONFIG]: Configuration file /Users/caliane/Sources/nuclearcraft/runs/client/config/NuclearCraft/common.toml is not correct. Correcting
[04Mar2026 16:27:25.504] [FileWatcher-1-thread-1/DEBUG] [net.neoforged.fml.config.ConfigWatcher/CONFIG]: Config file NuclearCraft/common.toml changed, re-loading
[04Mar2026 16:27:25.504] [FileWatcher-1-thread-1/WARN] [net.neoforged.fml.config.ConfigTracker/CONFIG]: Configuration file /Users/caliane/Sources/nuclearcraft/runs/client/config/NuclearCraft/common.toml is not correct. Correcting
[04Mar2026 16:27:27.501] [FileWatcher-1-thread-1/DEBUG] [net.neoforged.fml.config.ConfigWatcher/CONFIG]: Config file NuclearCraft/common.toml changed, re-loading
[04Mar2026 16:27:27.502] [FileWatcher-1-thread-1/WARN] [net.neoforged.fml.config.ConfigTracker/CONFIG]: Configuration file /Users/caliane/Sources/nuclearcraft/runs/client/config/NuclearCraft/common.toml is not correct. Correcting
[04Mar2026 16:27:29.502] [FileWatcher-1-thread-1/DEBUG] [net.neoforged.fml.config.ConfigWatcher/CONFIG]: Config file NuclearCraft/common.toml changed, re-loading
[04Mar2026 16:27:29.503] [FileWatcher-1-thread-1/WARN] [net.neoforged.fml.config.ConfigTracker/CONFIG]: Configuration file /Users/caliane/Sources/nuclearcraft/runs/client/config/NuclearCraft/common.toml is not correct. Correcting
[04Mar2026 16:27:31.503] [FileWatcher-1-thread-1/DEBUG] [net.neoforged.fml.config.ConfigWatcher/CONFIG]: Config file NuclearCraft/common.toml changed, re-loading
[04Mar2026 16:27:31.504] [FileWatcher-1-thread-1/WARN] [net.neoforged.fml.config.ConfigTracker/CONFIG]: Configuration file /Users/caliane/Sources/nuclearcraft/runs/client/config/NuclearCraft/common.toml is not correct. Correcting
[04Mar2026 16:27:33.502] [FileWatcher-1-thread-1/DEBUG] [net.neoforged.fml.config.ConfigWatcher/CONFIG]: Config file NuclearCraft/common.toml changed, re-loading
[04Mar2026 16:27:33.502] [FileWatcher-1-thread-1/WARN] [net.neoforged.fml.config.ConfigTracker/CONFIG]: Configuration file /Users/caliane/Sources/nuclearcraft/runs/client/config/NuclearCraft/common.toml is not correct. Correcting
[04Mar2026 16:27:35.504] [FileWatcher-1-thread-1/DEBUG] [net.neoforged.fml.config.ConfigWatcher/CONFIG]: Config file NuclearCraft/common.toml changed, re-loading
[04Mar2026 16:27:35.504] [FileWatcher-1-thread-1/WARN] [net.neoforged.fml.config.ConfigTracker/CONFIG]: Configuration file /Users/caliane/Sources/nuclearcraft/runs/client/config/NuclearCraft/common.toml is not correct. Correcting
[04Mar2026 16:27:37.505] [FileWatcher-1-thread-1/DEBUG] [net.neoforged.fml.config.ConfigWatcher/CONFIG]: Config file NuclearCraft/common.toml changed, re-loading
[04Mar2026 16:27:37.506] [FileWatcher-1-thread-1/WARN] [net.neoforged.fml.config.ConfigTracker/CONFIG]: Configuration file /Users/caliane/Sources/nuclearcraft/runs/client/config/NuclearCraft/common.toml is not correct. Correcting
[04Mar2026 16:27:39.505] [FileWatcher-1-thread-1/DEBUG] [net.neoforged.fml.config.ConfigWatcher/CONFIG]: Config file NuclearCraft/common.toml changed, re-loading
[04Mar2026 16:27:39.505] [FileWatcher-1-thread-1/WARN] [net.neoforged.fml.config.ConfigTracker/CONFIG]: Configuration file /Users/caliane/Sources/nuclearcraft/runs/client/config/NuclearCraft/common.toml is not correct. Correcting
[04Mar2026 16:27:41.504] [FileWatcher-1-thread-1/DEBUG] [net.neoforged.fml.config.ConfigWatcher/CONFIG]: Config file NuclearCraft/common.toml changed, re-loading
[04Mar2026 16:27:41.505] [FileWatcher-1-thread-1/WARN] [net.neoforged.fml.config.ConfigTracker/CONFIG]: Configuration file /Users/caliane/Sources/nuclearcraft/runs/client/config/NuclearCraft/common.toml is not correct. Correcting
[04Mar2026 16:27:43.502] [FileWatcher-1-thread-1/DEBUG] [net.neoforged.fml.config.ConfigWatcher/CONFIG]: Config file NuclearCraft/common.toml changed, re-loading
[04Mar2026 16:27:43.502] [FileWatcher-1-thread-1/WARN] [net.neoforged.fml.config.ConfigTracker/CONFIG]: Configuration file /Users/caliane/Sources/nuclearcraft/runs/client/config/NuclearCraft/common.toml is not correct. Correcting
[04Mar2026 16:27:45.504] [FileWatcher-1-thread-1/DEBUG] [net.neoforged.fml.config.ConfigWatcher/CONFIG]: Config file NuclearCraft/common.toml changed, re-loading
[04Mar2026 16:27:45.504] [FileWatcher-1-thread-1/WARN] [net.neoforged.fml.config.ConfigTracker/CONFIG]: Configuration file /Users/caliane/Sources/nuclearcraft/runs/client/config/NuclearCraft/common.toml is not correct. Correcting
[04Mar2026 16:27:47.502] [FileWatcher-1-thread-1/DEBUG] [net.neoforged.fml.config.ConfigWatcher/CONFIG]: Config file NuclearCraft/common.toml changed, re-loading
[04Mar2026 16:27:47.502] [FileWatcher-1-thread-1/WARN] [net.neoforged.fml.config.ConfigTracker/CONFIG]: Configuration file /Users/caliane/Sources/nuclearcraft/runs/client/config/NuclearCraft/common.toml is not correct. Correcting
[04Mar2026 16:27:49.507] [FileWatcher-1-thread-1/DEBUG] [net.neoforged.fml.config.ConfigWatcher/CONFIG]: Config file NuclearCraft/common.toml changed, re-loading
[04Mar2026 16:27:49.508] [FileWatcher-1-thread-1/WARN] [net.neoforged.fml.config.ConfigTracker/CONFIG]: Configuration file /Users/caliane/Sources/nuclearcraft/runs/client/config/NuclearCraft/common.toml is not correct. Correcting
[04Mar2026 16:27:51.502] [FileWatcher-1-thread-1/DEBUG] [net.neoforged.fml.config.ConfigWatcher/CONFIG]: Config file NuclearCraft/common.toml changed, re-loading
[04Mar2026 16:27:51.503] [FileWatcher-1-thread-1/WARN] [net.neoforged.fml.config.ConfigTracker/CONFIG]: Configuration file /Users/caliane/Sources/nuclearcraft/runs/client/config/NuclearCraft/common.toml is not correct. Correcting
[04Mar2026 16:27:53.505] [FileWatcher-1-thread-1/DEBUG] [net.neoforged.fml.config.ConfigWatcher/CONFIG]: Config file NuclearCraft/common.toml changed, re-loading
[04Mar2026 16:27:53.505] [FileWatcher-1-thread-1/WARN] [net.neoforged.fml.config.ConfigTracker/CONFIG]: Configuration file /Users/caliane/Sources/nuclearcraft/runs/client/config/NuclearCraft/common.toml is not correct. Correcting
[04Mar2026 16:27:55.502] [FileWatcher-1-thread-1/DEBUG] [net.neoforged.fml.config.ConfigWatcher/CONFIG]: Config file NuclearCraft/common.toml changed, re-loading
[04Mar2026 16:27:55.503] [FileWatcher-1-thread-1/WARN] [net.neoforged.fml.config.ConfigTracker/CONFIG]: Configuration file /Users/caliane/Sources/nuclearcraft/runs/client/config/NuclearCraft/common.toml is not correct. Correcting
[04Mar2026 16:27:57.506] [FileWatcher-1-thread-1/DEBUG] [net.neoforged.fml.config.ConfigWatcher/CONFIG]: Config file NuclearCraft/common.toml changed, re-loading
[04Mar2026 16:27:57.506] [FileWatcher-1-thread-1/WARN] [net.neoforged.fml.config.ConfigTracker/CONFIG]: Configuration file /Users/caliane/Sources/nuclearcraft/runs/client/config/NuclearCraft/common.toml is not correct. Correcting
[04Mar2026 16:27:59.502] [FileWatcher-1-thread-1/DEBUG] [net.neoforged.fml.config.ConfigWatcher/CONFIG]: Config file NuclearCraft/common.toml changed, re-loading
[04Mar2026 16:27:59.502] [FileWatcher-1-thread-1/WARN] [net.neoforged.fml.config.ConfigTracker/CONFIG]: Configuration file /Users/caliane/Sources/nuclearcraft/runs/client/config/NuclearCraft/common.toml is not correct. Correcting
[04Mar2026 16:28:01.502] [FileWatcher-1-thread-1/DEBUG] [net.neoforged.fml.config.ConfigWatcher/CONFIG]: Config file NuclearCraft/common.toml changed, re-loading
[04Mar2026 16:28:01.502] [FileWatcher-1-thread-1/WARN] [net.neoforged.fml.config.ConfigTracker/CONFIG]: Configuration file /Users/caliane/Sources/nuclearcraft/runs/client/config/NuclearCraft/common.toml is not correct. Correcting
[04Mar2026 16:28:03.502] [FileWatcher-1-thread-1/DEBUG] [net.neoforged.fml.config.ConfigWatcher/CONFIG]: Config file NuclearCraft/common.toml changed, re-loading
[04Mar2026 16:28:03.503] [FileWatcher-1-thread-1/WARN] [net.neoforged.fml.config.ConfigTracker/CONFIG]: Configuration file /Users/caliane/Sources/nuclearcraft/runs/client/config/NuclearCraft/common.toml is not correct. Correcting
[04Mar2026 16:28:05.504] [FileWatcher-1-thread-1/DEBUG] [net.neoforged.fml.config.ConfigWatcher/CONFIG]: Config file NuclearCraft/common.toml changed, re-loading
[04Mar2026 16:28:05.504] [FileWatcher-1-thread-1/WARN] [net.neoforged.fml.config.ConfigTracker/CONFIG]: Configuration file /Users/caliane/Sources/nuclearcraft/runs/client/config/NuclearCraft/common.toml is not correct. Correcting
[04Mar2026 16:28:07.502] [FileWatcher-1-thread-1/DEBUG] [net.neoforged.fml.config.ConfigWatcher/CONFIG]: Config file NuclearCraft/common.toml changed, re-loading
[04Mar2026 16:28:07.502] [FileWatcher-1-thread-1/WARN] [net.neoforged.fml.config.ConfigTracker/CONFIG]: Configuration file /Users/caliane/Sources/nuclearcraft/runs/client/config/NuclearCraft/common.toml is not correct. Correcting
[04Mar2026 16:28:09.504] [FileWatcher-1-thread-1/DEBUG] [net.neoforged.fml.config.ConfigWatcher/CONFIG]: Config file NuclearCraft/common.toml changed, re-loading
[04Mar2026 16:28:09.504] [FileWatcher-1-thread-1/WARN] [net.neoforged.fml.config.ConfigTracker/CONFIG]: Configuration file /Users/caliane/Sources/nuclearcraft/runs/client/config/NuclearCraft/common.toml is not correct. Correcting
[04Mar2026 16:28:11.502] [FileWatcher-1-thread-1/DEBUG] [net.neoforged.fml.config.ConfigWatcher/CONFIG]: Config file NuclearCraft/common.toml changed, re-loading
[04Mar2026 16:28:11.502] [FileWatcher-1-thread-1/WARN] [net.neoforged.fml.config.ConfigTracker/CONFIG]: Configuration file /Users/caliane/Sources/nuclearcraft/runs/client/config/NuclearCraft/common.toml is not correct. Correcting
[04Mar2026 16:28:13.502] [FileWatcher-1-thread-1/DEBUG] [net.neoforged.fml.config.ConfigWatcher/CONFIG]: Config file NuclearCraft/common.toml changed, re-loading
[04Mar2026 16:28:13.502] [FileWatcher-1-thread-1/WARN] [net.neoforged.fml.config.ConfigTracker/CONFIG]: Configuration file /Users/caliane/Sources/nuclearcraft/runs/client/config/NuclearCraft/common.toml is not correct. Correcting
[04Mar2026 16:28:15.501] [FileWatcher-1-thread-1/DEBUG] [net.neoforged.fml.config.ConfigWatcher/CONFIG]: Config file NuclearCraft/common.toml changed, re-loading
[04Mar2026 16:28:15.502] [FileWatcher-1-thread-1/WARN] [net.neoforged.fml.config.ConfigTracker/CONFIG]: Configuration file /Users/caliane/Sources/nuclearcraft/runs/client/config/NuclearCraft/common.toml is not correct. Correcting
[04Mar2026 16:28:17.502] [FileWatcher-1-thread-1/DEBUG] [net.neoforged.fml.config.ConfigWatcher/CONFIG]: Config file NuclearCraft/common.toml changed, re-loading
[04Mar2026 16:28:17.502] [FileWatcher-1-thread-1/WARN] [net.neoforged.fml.config.ConfigTracker/CONFIG]: Configuration file /Users/caliane/Sources/nuclearcraft/runs/client/config/NuclearCraft/common.toml is not correct. Correcting
[04Mar2026 16:28:19.502] [FileWatcher-1-thread-1/DEBUG] [net.neoforged.fml.config.ConfigWatcher/CONFIG]: Config file NuclearCraft/common.toml changed, re-loading
[04Mar2026 16:28:19.502] [FileWatcher-1-thread-1/WARN] [net.neoforged.fml.config.ConfigTracker/CONFIG]: Configuration file /Users/caliane/Sources/nuclearcraft/runs/client/config/NuclearCraft/common.toml is not correct. Correcting
[04Mar2026 16:28:21.502] [FileWatcher-1-thread-1/DEBUG] [net.neoforged.fml.config.ConfigWatcher/CONFIG]: Config file NuclearCraft/common.toml changed, re-loading
[04Mar2026 16:28:21.502] [FileWatcher-1-thread-1/WARN] [net.neoforged.fml.config.ConfigTracker/CONFIG]: Configuration file /Users/caliane/Sources/nuclearcraft/runs/client/config/NuclearCraft/common.toml is not correct. Correcting
[04Mar2026 16:28:23.505] [FileWatcher-1-thread-1/DEBUG] [net.neoforged.fml.config.ConfigWatcher/CONFIG]: Config file NuclearCraft/common.toml changed, re-loading
[04Mar2026 16:28:23.509] [FileWatcher-1-thread-1/WARN] [net.neoforged.fml.config.ConfigTracker/CONFIG]: Configuration file /Users/caliane/Sources/nuclearcraft/runs/client/config/NuclearCraft/common.toml is not correct. Correcting
[04Mar2026 16:28:25.502] [FileWatcher-1-thread-1/DEBUG] [net.neoforged.fml.config.ConfigWatcher/CONFIG]: Config file NuclearCraft/common.toml changed, re-loading
[04Mar2026 16:28:25.502] [FileWatcher-1-thread-1/WARN] [net.neoforged.fml.config.ConfigTracker/CONFIG]: Configuration file /Users/caliane/Sources/nuclearcraft/runs/client/config/NuclearCraft/common.toml is not correct. Correcting
[04Mar2026 16:28:27.503] [FileWatcher-1-thread-1/DEBUG] [net.neoforged.fml.config.ConfigWatcher/CONFIG]: Config file NuclearCraft/common.toml changed, re-loading
[04Mar2026 16:28:27.503] [FileWatcher-1-thread-1/WARN] [net.neoforged.fml.config.ConfigTracker/CONFIG]: Configuration file /Users/caliane/Sources/nuclearcraft/runs/client/config/NuclearCraft/common.toml is not correct. Correcting
[04Mar2026 16:28:29.502] [FileWatcher-1-thread-1/DEBUG] [net.neoforged.fml.config.ConfigWatcher/CONFIG]: Config file NuclearCraft/common.toml changed, re-loading
[04Mar2026 16:28:29.502] [FileWatcher-1-thread-1/WARN] [net.neoforged.fml.config.ConfigTracker/CONFIG]: Configuration file /Users/caliane/Sources/nuclearcraft/runs/client/config/NuclearCraft/common.toml is not correct. Correcting
[04Mar2026 16:28:31.501] [FileWatcher-1-thread-1/DEBUG] [net.neoforged.fml.config.ConfigWatcher/CONFIG]: Config file NuclearCraft/common.toml changed, re-loading
[04Mar2026 16:28:31.502] [FileWatcher-1-thread-1/WARN] [net.neoforged.fml.config.ConfigTracker/CONFIG]: Configuration file /Users/caliane/Sources/nuclearcraft/runs/client/config/NuclearCraft/common.toml is not correct. Correcting
[04Mar2026 16:28:33.502] [FileWatcher-1-thread-1/DEBUG] [net.neoforged.fml.config.ConfigWatcher/CONFIG]: Config file NuclearCraft/common.toml changed, re-loading
[04Mar2026 16:28:33.503] [FileWatcher-1-thread-1/WARN] [net.neoforged.fml.config.ConfigTracker/CONFIG]: Configuration file /Users/caliane/Sources/nuclearcraft/runs/client/config/NuclearCraft/common.toml is not correct. Correcting
[04Mar2026 16:28:35.502] [FileWatcher-1-thread-1/DEBUG] [net.neoforged.fml.config.ConfigWatcher/CONFIG]: Config file NuclearCraft/common.toml changed, re-loading
[04Mar2026 16:28:35.503] [FileWatcher-1-thread-1/WARN] [net.neoforged.fml.config.ConfigTracker/CONFIG]: Configuration file /Users/caliane/Sources/nuclearcraft/runs/client/config/NuclearCraft/common.toml is not correct. Correcting
[04Mar2026 16:28:37.503] [FileWatcher-1-thread-1/DEBUG] [net.neoforged.fml.config.ConfigWatcher/CONFIG]: Config file NuclearCraft/common.toml changed, re-loading
[04Mar2026 16:28:37.503] [FileWatcher-1-thread-1/WARN] [net.neoforged.fml.config.ConfigTracker/CONFIG]: Configuration file /Users/caliane/Sources/nuclearcraft/runs/client/config/NuclearCraft/common.toml is not correct. Correcting
[04Mar2026 16:28:39.502] [FileWatcher-1-thread-1/DEBUG] [net.neoforged.fml.config.ConfigWatcher/CONFIG]: Config file NuclearCraft/common.toml changed, re-loading
[04Mar2026 16:28:39.502] [FileWatcher-1-thread-1/WARN] [net.neoforged.fml.config.ConfigTracker/CONFIG]: Configuration file /Users/caliane/Sources/nuclearcraft/runs/client/config/NuclearCraft/common.toml is not correct. Correcting
[04Mar2026 16:28:41.502] [FileWatcher-1-thread-1/DEBUG] [net.neoforged.fml.config.ConfigWatcher/CONFIG]: Config file NuclearCraft/common.toml changed, re-loading
[04Mar2026 16:28:41.503] [FileWatcher-1-thread-1/WARN] [net.neoforged.fml.config.ConfigTracker/CONFIG]: Configuration file /Users/caliane/Sources/nuclearcraft/runs/client/config/NuclearCraft/common.toml is not correct. Correcting
[04Mar2026 16:28:43.503] [FileWatcher-1-thread-1/DEBUG] [net.neoforged.fml.config.ConfigWatcher/CONFIG]: Config file NuclearCraft/common.toml changed, re-loading
[04Mar2026 16:28:43.503] [FileWatcher-1-thread-1/WARN] [net.neoforged.fml.config.ConfigTracker/CONFIG]: Configuration file /Users/caliane/Sources/nuclearcraft/runs/client/config/NuclearCraft/common.toml is not correct. Correcting
[04Mar2026 16:28:45.502] [FileWatcher-1-thread-1/DEBUG] [net.neoforged.fml.config.ConfigWatcher/CONFIG]: Config file NuclearCraft/common.toml changed, re-loading
[04Mar2026 16:28:45.502] [FileWatcher-1-thread-1/WARN] [net.neoforged.fml.config.ConfigTracker/CONFIG]: Configuration file /Users/caliane/Sources/nuclearcraft/runs/client/config/NuclearCraft/common.toml is not correct. Correcting
[04Mar2026 16:28:47.502] [FileWatcher-1-thread-1/DEBUG] [net.neoforged.fml.config.ConfigWatcher/CONFIG]: Config file NuclearCraft/common.toml changed, re-loading
[04Mar2026 16:28:47.502] [FileWatcher-1-thread-1/WARN] [net.neoforged.fml.config.ConfigTracker/CONFIG]: Configuration file /Users/caliane/Sources/nuclearcraft/runs/client/config/NuclearCraft/common.toml is not correct. Correcting
[04Mar2026 16:28:49.501] [FileWatcher-1-thread-1/DEBUG] [net.neoforged.fml.config.ConfigWatcher/CONFIG]: Config file NuclearCraft/common.toml changed, re-loading
[04Mar2026 16:28:49.502] [FileWatcher-1-thread-1/WARN] [net.neoforged.fml.config.ConfigTracker/CONFIG]: Configuration file /Users/caliane/Sources/nuclearcraft/runs/client/config/NuclearCraft/common.toml is not correct. Correcting
[04Mar2026 16:28:51.501] [FileWatcher-1-thread-1/DEBUG] [net.neoforged.fml.config.ConfigWatcher/CONFIG]: Config file NuclearCraft/common.toml changed, re-loading
[04Mar2026 16:28:51.502] [FileWatcher-1-thread-1/WARN] [net.neoforged.fml.config.ConfigTracker/CONFIG]: Configuration file /Users/caliane/Sources/nuclearcraft/runs/client/config/NuclearCraft/common.toml is not correct. Correcting
[04Mar2026 16:28:53.503] [FileWatcher-1-thread-1/DEBUG] [net.neoforged.fml.config.ConfigWatcher/CONFIG]: Config file NuclearCraft/common.toml changed, re-loading
[04Mar2026 16:28:53.503] [FileWatcher-1-thread-1/WARN] [net.neoforged.fml.config.ConfigTracker/CONFIG]: Configuration file /Users/caliane/Sources/nuclearcraft/runs/client/config/NuclearCraft/common.toml is not correct. Correcting
[04Mar2026 16:28:55.503] [FileWatcher-1-thread-1/DEBUG] [net.neoforged.fml.config.ConfigWatcher/CONFIG]: Config file NuclearCraft/common.toml changed, re-loading
[04Mar2026 16:28:55.503] [FileWatcher-1-thread-1/WARN] [net.neoforged.fml.config.ConfigTracker/CONFIG]: Configuration file /Users/caliane/Sources/nuclearcraft/runs/client/config/NuclearCraft/common.toml is not correct. Correcting
[04Mar2026 16:28:57.505] [FileWatcher-1-thread-1/DEBUG] [net.neoforged.fml.config.ConfigWatcher/CONFIG]: Config file NuclearCraft/common.toml changed, re-loading
[04Mar2026 16:28:57.505] [FileWatcher-1-thread-1/WARN] [net.neoforged.fml.config.ConfigTracker/CONFIG]: Configuration file /Users/caliane/Sources/nuclearcraft/runs/client/config/NuclearCraft/common.toml is not correct. Correcting
[04Mar2026 16:28:59.502] [FileWatcher-1-thread-1/DEBUG] [net.neoforged.fml.config.ConfigWatcher/CONFIG]: Config file NuclearCraft/common.toml changed, re-loading
[04Mar2026 16:28:59.502] [FileWatcher-1-thread-1/WARN] [net.neoforged.fml.config.ConfigTracker/CONFIG]: Configuration file /Users/caliane/Sources/nuclearcraft/runs/client/config/NuclearCraft/common.toml is not correct. Correcting
[04Mar2026 16:29:01.501] [FileWatcher-1-thread-1/DEBUG] [net.neoforged.fml.config.ConfigWatcher/CONFIG]: Config file NuclearCraft/common.toml changed, re-loading
[04Mar2026 16:29:01.502] [FileWatcher-1-thread-1/WARN] [net.neoforged.fml.config.ConfigTracker/CONFIG]: Configuration file /Users/caliane/Sources/nuclearcraft/runs/client/config/NuclearCraft/common.toml is not correct. Correcting
[04Mar2026 16:29:03.502] [FileWatcher-1-thread-1/DEBUG] [net.neoforged.fml.config.ConfigWatcher/CONFIG]: Config file NuclearCraft/common.toml changed, re-loading
[04Mar2026 16:29:03.502] [FileWatcher-1-thread-1/WARN] [net.neoforged.fml.config.ConfigTracker/CONFIG]: Configuration file /Users/caliane/Sources/nuclearcraft/runs/client/config/NuclearCraft/common.toml is not correct. Correcting
[04Mar2026 16:29:05.502] [FileWatcher-1-thread-1/DEBUG] [net.neoforged.fml.config.ConfigWatcher/CONFIG]: Config file NuclearCraft/common.toml changed, re-loading
[04Mar2026 16:29:05.502] [FileWatcher-1-thread-1/WARN] [net.neoforged.fml.config.ConfigTracker/CONFIG]: Configuration file /Users/caliane/Sources/nuclearcraft/runs/client/config/NuclearCraft/common.toml is not correct. Correcting
[04Mar2026 16:29:07.502] [FileWatcher-1-thread-1/DEBUG] [net.neoforged.fml.config.ConfigWatcher/CONFIG]: Config file NuclearCraft/common.toml changed, re-loading
[04Mar2026 16:29:07.502] [FileWatcher-1-thread-1/WARN] [net.neoforged.fml.config.ConfigTracker/CONFIG]: Configuration file /Users/caliane/Sources/nuclearcraft/runs/client/config/NuclearCraft/common.toml is not correct. Correcting
[04Mar2026 16:29:09.503] [FileWatcher-1-thread-1/DEBUG] [net.neoforged.fml.config.ConfigWatcher/CONFIG]: Config file NuclearCraft/common.toml changed, re-loading
[04Mar2026 16:29:09.504] [FileWatcher-1-thread-1/WARN] [net.neoforged.fml.config.ConfigTracker/CONFIG]: Configuration file /Users/caliane/Sources/nuclearcraft/runs/client/config/NuclearCraft/common.toml is not correct. Correcting
[04Mar2026 16:29:11.502] [FileWatcher-1-thread-1/DEBUG] [net.neoforged.fml.config.ConfigWatcher/CONFIG]: Config file NuclearCraft/common.toml changed, re-loading
[04Mar2026 16:29:11.502] [FileWatcher-1-thread-1/WARN] [net.neoforged.fml.config.ConfigTracker/CONFIG]: Configuration file /Users/caliane/Sources/nuclearcraft/runs/client/config/NuclearCraft/common.toml is not correct. Correcting
[04Mar2026 16:29:13.503] [FileWatcher-1-thread-1/DEBUG] [net.neoforged.fml.config.ConfigWatcher/CONFIG]: Config file NuclearCraft/common.toml changed, re-loading
[04Mar2026 16:29:13.504] [FileWatcher-1-thread-1/WARN] [net.neoforged.fml.config.ConfigTracker/CONFIG]: Configuration file /Users/caliane/Sources/nuclearcraft/runs/client/config/NuclearCraft/common.toml is not correct. Correcting
[04Mar2026 16:29:15.502] [FileWatcher-1-thread-1/DEBUG] [net.neoforged.fml.config.ConfigWatcher/CONFIG]: Config file NuclearCraft/common.toml changed, re-loading
[04Mar2026 16:29:15.503] [FileWatcher-1-thread-1/WARN] [net.neoforged.fml.config.ConfigTracker/CONFIG]: Configuration file /Users/caliane/Sources/nuclearcraft/runs/client/config/NuclearCraft/common.toml is not correct. Correcting
[04Mar2026 16:29:17.502] [FileWatcher-1-thread-1/DEBUG] [net.neoforged.fml.config.ConfigWatcher/CONFIG]: Config file NuclearCraft/common.toml changed, re-loading
[04Mar2026 16:29:17.502] [FileWatcher-1-thread-1/WARN] [net.neoforged.fml.config.ConfigTracker/CONFIG]: Configuration file /Users/caliane/Sources/nuclearcraft/runs/client/config/NuclearCraft/common.toml is not correct. Correcting
[04Mar2026 16:29:19.502] [FileWatcher-1-thread-1/DEBUG] [net.neoforged.fml.config.ConfigWatcher/CONFIG]: Config file NuclearCraft/common.toml changed, re-loading
[04Mar2026 16:29:19.502] [FileWatcher-1-thread-1/WARN] [net.neoforged.fml.config.ConfigTracker/CONFIG]: Configuration file /Users/caliane/Sources/nuclearcraft/runs/client/config/NuclearCraft/common.toml is not correct. Correcting
[04Mar2026 16:29:21.504] [FileWatcher-1-thread-1/DEBUG] [net.neoforged.fml.config.ConfigWatcher/CONFIG]: Config file NuclearCraft/common.toml changed, re-loading
[04Mar2026 16:29:21.504] [FileWatcher-1-thread-1/WARN] [net.neoforged.fml.config.ConfigTracker/CONFIG]: Configuration file /Users/caliane/Sources/nuclearcraft/runs/client/config/NuclearCraft/common.toml is not correct. Correcting
[04Mar2026 16:29:23.505] [FileWatcher-1-thread-1/DEBUG] [net.neoforged.fml.config.ConfigWatcher/CONFIG]: Config file NuclearCraft/common.toml changed, re-loading
[04Mar2026 16:29:23.505] [FileWatcher-1-thread-1/WARN] [net.neoforged.fml.config.ConfigTracker/CONFIG]: Configuration file /Users/caliane/Sources/nuclearcraft/runs/client/config/NuclearCraft/common.toml is not correct. Correcting
[04Mar2026 16:29:25.502] [FileWatcher-1-thread-1/DEBUG] [net.neoforged.fml.config.ConfigWatcher/CONFIG]: Config file NuclearCraft/common.toml changed, re-loading
[04Mar2026 16:29:25.502] [FileWatcher-1-thread-1/WARN] [net.neoforged.fml.config.ConfigTracker/CONFIG]: Configuration file /Users/caliane/Sources/nuclearcraft/runs/client/config/NuclearCraft/common.toml is not correct. Correcting
[04Mar2026 16:29:27.511] [FileWatcher-1-thread-1/DEBUG] [net.neoforged.fml.config.ConfigWatcher/CONFIG]: Config file NuclearCraft/common.toml changed, re-loading
[04Mar2026 16:29:27.511] [FileWatcher-1-thread-1/WARN] [net.neoforged.fml.config.ConfigTracker/CONFIG]: Configuration file /Users/caliane/Sources/nuclearcraft/runs/client/config/NuclearCraft/common.toml is not correct. Correcting
[04Mar2026 16:29:29.504] [FileWatcher-1-thread-1/DEBUG] [net.neoforged.fml.config.ConfigWatcher/CONFIG]: Config file NuclearCraft/common.toml changed, re-loading
[04Mar2026 16:29:29.505] [FileWatcher-1-thread-1/WARN] [net.neoforged.fml.config.ConfigTracker/CONFIG]: Configuration file /Users/caliane/Sources/nuclearcraft/runs/client/config/NuclearCraft/common.toml is not correct. Correcting
[04Mar2026 16:29:31.503] [FileWatcher-1-thread-1/DEBUG] [net.neoforged.fml.config.ConfigWatcher/CONFIG]: Config file NuclearCraft/common.toml changed, re-loading
[04Mar2026 16:29:31.503] [FileWatcher-1-thread-1/WARN] [net.neoforged.fml.config.ConfigTracker/CONFIG]: Configuration file /Users/caliane/Sources/nuclearcraft/runs/client/config/NuclearCraft/common.toml is not correct. Correcting
[04Mar2026 16:29:33.506] [FileWatcher-1-thread-1/DEBUG] [net.neoforged.fml.config.ConfigWatcher/CONFIG]: Config file NuclearCraft/common.toml changed, re-loading
[04Mar2026 16:29:33.507] [FileWatcher-1-thread-1/WARN] [net.neoforged.fml.config.ConfigTracker/CONFIG]: Configuration file /Users/caliane/Sources/nuclearcraft/runs/client/config/NuclearCraft/common.toml is not correct. Correcting
[04Mar2026 16:29:35.506] [FileWatcher-1-thread-1/DEBUG] [net.neoforged.fml.config.ConfigWatcher/CONFIG]: Config file NuclearCraft/common.toml changed, re-loading
[04Mar2026 16:29:35.507] [FileWatcher-1-thread-1/WARN] [net.neoforged.fml.config.ConfigTracker/CONFIG]: Configuration file /Users/caliane/Sources/nuclearcraft/runs/client/config/NuclearCraft/common.toml is not correct. Correcting
[04Mar2026 16:29:37.506] [FileWatcher-1-thread-1/DEBUG] [net.neoforged.fml.config.ConfigWatcher/CONFIG]: Config file NuclearCraft/common.toml changed, re-loading
[04Mar2026 16:29:37.506] [FileWatcher-1-thread-1/WARN] [net.neoforged.fml.config.ConfigTracker/CONFIG]: Configuration file /Users/caliane/Sources/nuclearcraft/runs/client/config/NuclearCraft/common.toml is not correct. Correcting
[04Mar2026 16:29:39.510] [FileWatcher-1-thread-1/DEBUG] [net.neoforged.fml.config.ConfigWatcher/CONFIG]: Config file NuclearCraft/common.toml changed, re-loading
[04Mar2026 16:29:39.510] [FileWatcher-1-thread-1/WARN] [net.neoforged.fml.config.ConfigTracker/CONFIG]: Configuration file /Users/caliane/Sources/nuclearcraft/runs/client/config/NuclearCraft/common.toml is not correct. Correcting
[04Mar2026 16:29:41.502] [FileWatcher-1-thread-1/DEBUG] [net.neoforged.fml.config.ConfigWatcher/CONFIG]: Config file NuclearCraft/common.toml changed, re-loading
[04Mar2026 16:29:41.503] [FileWatcher-1-thread-1/WARN] [net.neoforged.fml.config.ConfigTracker/CONFIG]: Configuration file /Users/caliane/Sources/nuclearcraft/runs/client/config/NuclearCraft/common.toml is not correct. Correcting
[04Mar2026 16:29:43.504] [FileWatcher-1-thread-1/DEBUG] [net.neoforged.fml.config.ConfigWatcher/CONFIG]: Config file NuclearCraft/common.toml changed, re-loading
[04Mar2026 16:29:43.505] [FileWatcher-1-thread-1/WARN] [net.neoforged.fml.config.ConfigTracker/CONFIG]: Configuration file /Users/caliane/Sources/nuclearcraft/runs/client/config/NuclearCraft/common.toml is not correct. Correcting
[04Mar2026 16:29:45.507] [FileWatcher-1-thread-1/DEBUG] [net.neoforged.fml.config.ConfigWatcher/CONFIG]: Config file NuclearCraft/common.toml changed, re-loading
[04Mar2026 16:29:45.507] [FileWatcher-1-thread-1/WARN] [net.neoforged.fml.config.ConfigTracker/CONFIG]: Configuration file /Users/caliane/Sources/nuclearcraft/runs/client/config/NuclearCraft/common.toml is not correct. Correcting
[04Mar2026 16:29:47.507] [FileWatcher-1-thread-1/DEBUG] [net.neoforged.fml.config.ConfigWatcher/CONFIG]: Config file NuclearCraft/common.toml changed, re-loading
[04Mar2026 16:29:47.507] [FileWatcher-1-thread-1/WARN] [net.neoforged.fml.config.ConfigTracker/CONFIG]: Configuration file /Users/caliane/Sources/nuclearcraft/runs/client/config/NuclearCraft/common.toml is not correct. Correcting
[04Mar2026 16:29:49.506] [FileWatcher-1-thread-1/DEBUG] [net.neoforged.fml.config.ConfigWatcher/CONFIG]: Config file NuclearCraft/common.toml changed, re-loading
[04Mar2026 16:29:49.506] [FileWatcher-1-thread-1/WARN] [net.neoforged.fml.config.ConfigTracker/CONFIG]: Configuration file /Users/caliane/Sources/nuclearcraft/runs/client/config/NuclearCraft/common.toml is not correct. Correcting
[04Mar2026 16:29:51.506] [FileWatcher-1-thread-1/DEBUG] [net.neoforged.fml.config.ConfigWatcher/CONFIG]: Config file NuclearCraft/common.toml changed, re-loading
[04Mar2026 16:29:51.506] [FileWatcher-1-thread-1/WARN] [net.neoforged.fml.config.ConfigTracker/CONFIG]: Configuration file /Users/caliane/Sources/nuclearcraft/runs/client/config/NuclearCraft/common.toml is not correct. Correcting
[04Mar2026 16:29:53.508] [FileWatcher-1-thread-1/DEBUG] [net.neoforged.fml.config.ConfigWatcher/CONFIG]: Config file NuclearCraft/common.toml changed, re-loading
[04Mar2026 16:29:53.508] [FileWatcher-1-thread-1/WARN] [net.neoforged.fml.config.ConfigTracker/CONFIG]: Configuration file /Users/caliane/Sources/nuclearcraft/runs/client/config/NuclearCraft/common.toml is not correct. Correcting
[04Mar2026 16:29:55.510] [FileWatcher-1-thread-1/DEBUG] [net.neoforged.fml.config.ConfigWatcher/CONFIG]: Config file NuclearCraft/common.toml changed, re-loading
[04Mar2026 16:29:55.511] [FileWatcher-1-thread-1/WARN] [net.neoforged.fml.config.ConfigTracker/CONFIG]: Configuration file /Users/caliane/Sources/nuclearcraft/runs/client/config/NuclearCraft/common.toml is not correct. Correcting
[04Mar2026 16:29:57.502] [FileWatcher-1-thread-1/DEBUG] [net.neoforged.fml.config.ConfigWatcher/CONFIG]: Config file NuclearCraft/common.toml changed, re-loading
[04Mar2026 16:29:57.502] [FileWatcher-1-thread-1/WARN] [net.neoforged.fml.config.ConfigTracker/CONFIG]: Configuration file /Users/caliane/Sources/nuclearcraft/runs/client/config/NuclearCraft/common.toml is not correct. Correcting
[04Mar2026 16:29:59.502] [FileWatcher-1-thread-1/DEBUG] [net.neoforged.fml.config.ConfigWatcher/CONFIG]: Config file NuclearCraft/common.toml changed, re-loading
[04Mar2026 16:29:59.502] [FileWatcher-1-thread-1/WARN] [net.neoforged.fml.config.ConfigTracker/CONFIG]: Configuration file /Users/caliane/Sources/nuclearcraft/runs/client/config/NuclearCraft/common.toml is not correct. Correcting
[04Mar2026 16:30:01.502] [FileWatcher-1-thread-1/DEBUG] [net.neoforged.fml.config.ConfigWatcher/CONFIG]: Config file NuclearCraft/common.toml changed, re-loading
[04Mar2026 16:30:01.502] [FileWatcher-1-thread-1/WARN] [net.neoforged.fml.config.ConfigTracker/CONFIG]: Configuration file /Users/caliane/Sources/nuclearcraft/runs/client/config/NuclearCraft/common.toml is not correct. Correcting
[04Mar2026 16:30:03.504] [FileWatcher-1-thread-1/DEBUG] [net.neoforged.fml.config.ConfigWatcher/CONFIG]: Config file NuclearCraft/common.toml changed, re-loading
[04Mar2026 16:30:03.504] [FileWatcher-1-thread-1/WARN] [net.neoforged.fml.config.ConfigTracker/CONFIG]: Configuration file /Users/caliane/Sources/nuclearcraft/runs/client/config/NuclearCraft/common.toml is not correct. Correcting
[04Mar2026 16:30:05.507] [FileWatcher-1-thread-1/DEBUG] [net.neoforged.fml.config.ConfigWatcher/CONFIG]: Config file NuclearCraft/common.toml changed, re-loading
[04Mar2026 16:30:05.507] [FileWatcher-1-thread-1/WARN] [net.neoforged.fml.config.ConfigTracker/CONFIG]: Configuration file /Users/caliane/Sources/nuclearcraft/runs/client/config/NuclearCraft/common.toml is not correct. Correcting
[04Mar2026 16:30:07.502] [FileWatcher-1-thread-1/DEBUG] [net.neoforged.fml.config.ConfigWatcher/CONFIG]: Config file NuclearCraft/common.toml changed, re-loading
[04Mar2026 16:30:07.502] [FileWatcher-1-thread-1/WARN] [net.neoforged.fml.config.ConfigTracker/CONFIG]: Configuration file /Users/caliane/Sources/nuclearcraft/runs/client/config/NuclearCraft/common.toml is not correct. Correcting
[04Mar2026 16:30:09.505] [FileWatcher-1-thread-1/DEBUG] [net.neoforged.fml.config.ConfigWatcher/CONFIG]: Config file NuclearCraft/common.toml changed, re-loading
[04Mar2026 16:30:09.505] [FileWatcher-1-thread-1/WARN] [net.neoforged.fml.config.ConfigTracker/CONFIG]: Configuration file /Users/caliane/Sources/nuclearcraft/runs/client/config/NuclearCraft/common.toml is not correct. Correcting
[04Mar2026 16:30:11.504] [FileWatcher-1-thread-1/DEBUG] [net.neoforged.fml.config.ConfigWatcher/CONFIG]: Config file NuclearCraft/common.toml changed, re-loading
[04Mar2026 16:30:11.505] [FileWatcher-1-thread-1/WARN] [net.neoforged.fml.config.ConfigTracker/CONFIG]: Configuration file /Users/caliane/Sources/nuclearcraft/runs/client/config/NuclearCraft/common.toml is not correct. Correcting
[04Mar2026 16:30:13.506] [FileWatcher-1-thread-1/DEBUG] [net.neoforged.fml.config.ConfigWatcher/CONFIG]: Config file NuclearCraft/common.toml changed, re-loading
[04Mar2026 16:30:13.506] [FileWatcher-1-thread-1/WARN] [net.neoforged.fml.config.ConfigTracker/CONFIG]: Configuration file /Users/caliane/Sources/nuclearcraft/runs/client/config/NuclearCraft/common.toml is not correct. Correcting
[04Mar2026 16:30:15.504] [FileWatcher-1-thread-1/DEBUG] [net.neoforged.fml.config.ConfigWatcher/CONFIG]: Config file NuclearCraft/common.toml changed, re-loading
[04Mar2026 16:30:15.504] [FileWatcher-1-thread-1/WARN] [net.neoforged.fml.config.ConfigTracker/CONFIG]: Configuration file /Users/caliane/Sources/nuclearcraft/runs/client/config/NuclearCraft/common.toml is not correct. Correcting
[04Mar2026 16:30:17.504] [FileWatcher-1-thread-1/DEBUG] [net.neoforged.fml.config.ConfigWatcher/CONFIG]: Config file NuclearCraft/common.toml changed, re-loading
[04Mar2026 16:30:17.505] [FileWatcher-1-thread-1/WARN] [net.neoforged.fml.config.ConfigTracker/CONFIG]: Configuration file /Users/caliane/Sources/nuclearcraft/runs/client/config/NuclearCraft/common.toml is not correct. Correcting
[04Mar2026 16:30:19.503] [FileWatcher-1-thread-1/DEBUG] [net.neoforged.fml.config.ConfigWatcher/CONFIG]: Config file NuclearCraft/common.toml changed, re-loading
[04Mar2026 16:30:19.504] [FileWatcher-1-thread-1/WARN] [net.neoforged.fml.config.ConfigTracker/CONFIG]: Configuration file /Users/caliane/Sources/nuclearcraft/runs/client/config/NuclearCraft/common.toml is not correct. Correcting
[04Mar2026 16:30:21.506] [FileWatcher-1-thread-1/DEBUG] [net.neoforged.fml.config.ConfigWatcher/CONFIG]: Config file NuclearCraft/common.toml changed, re-loading
[04Mar2026 16:30:21.507] [FileWatcher-1-thread-1/WARN] [net.neoforged.fml.config.ConfigTracker/CONFIG]: Configuration file /Users/caliane/Sources/nuclearcraft/runs/client/config/NuclearCraft/common.toml is not correct. Correcting
[04Mar2026 16:30:23.506] [FileWatcher-1-thread-1/DEBUG] [net.neoforged.fml.config.ConfigWatcher/CONFIG]: Config file NuclearCraft/common.toml changed, re-loading
[04Mar2026 16:30:23.507] [FileWatcher-1-thread-1/WARN] [net.neoforged.fml.config.ConfigTracker/CONFIG]: Configuration file /Users/caliane/Sources/nuclearcraft/runs/client/config/NuclearCraft/common.toml is not correct. Correcting
[04Mar2026 16:30:25.511] [FileWatcher-1-thread-1/DEBUG] [net.neoforged.fml.config.ConfigWatcher/CONFIG]: Config file NuclearCraft/common.toml changed, re-loading
[04Mar2026 16:30:25.511] [FileWatcher-1-thread-1/WARN] [net.neoforged.fml.config.ConfigTracker/CONFIG]: Configuration file /Users/caliane/Sources/nuclearcraft/runs/client/config/NuclearCraft/common.toml is not correct. Correcting
[04Mar2026 16:30:27.510] [FileWatcher-1-thread-1/DEBUG] [net.neoforged.fml.config.ConfigWatcher/CONFIG]: Config file NuclearCraft/common.toml changed, re-loading
[04Mar2026 16:30:27.510] [FileWatcher-1-thread-1/WARN] [net.neoforged.fml.config.ConfigTracker/CONFIG]: Configuration file /Users/caliane/Sources/nuclearcraft/runs/client/config/NuclearCraft/common.toml is not correct. Correcting
[04Mar2026 16:30:29.504] [FileWatcher-1-thread-1/DEBUG] [net.neoforged.fml.config.ConfigWatcher/CONFIG]: Config file NuclearCraft/common.toml changed, re-loading
[04Mar2026 16:30:29.504] [FileWatcher-1-thread-1/WARN] [net.neoforged.fml.config.ConfigTracker/CONFIG]: Configuration file /Users/caliane/Sources/nuclearcraft/runs/client/config/NuclearCraft/common.toml is not correct. Correcting
[04Mar2026 16:30:31.503] [FileWatcher-1-thread-1/DEBUG] [net.neoforged.fml.config.ConfigWatcher/CONFIG]: Config file NuclearCraft/common.toml changed, re-loading
[04Mar2026 16:30:31.504] [FileWatcher-1-thread-1/WARN] [net.neoforged.fml.config.ConfigTracker/CONFIG]: Configuration file /Users/caliane/Sources/nuclearcraft/runs/client/config/NuclearCraft/common.toml is not correct. Correcting
[04Mar2026 16:30:33.502] [FileWatcher-1-thread-1/DEBUG] [net.neoforged.fml.config.ConfigWatcher/CONFIG]: Config file NuclearCraft/common.toml changed, re-loading
[04Mar2026 16:30:33.502] [FileWatcher-1-thread-1/WARN] [net.neoforged.fml.config.ConfigTracker/CONFIG]: Configuration file /Users/caliane/Sources/nuclearcraft/runs/client/config/NuclearCraft/common.toml is not correct. Correcting
[04Mar2026 16:30:35.509] [FileWatcher-1-thread-1/DEBUG] [net.neoforged.fml.config.ConfigWatcher/CONFIG]: Config file NuclearCraft/common.toml changed, re-loading
[04Mar2026 16:30:35.509] [FileWatcher-1-thread-1/WARN] [net.neoforged.fml.config.ConfigTracker/CONFIG]: Configuration file /Users/caliane/Sources/nuclearcraft/runs/client/config/NuclearCraft/common.toml is not correct. Correcting
[04Mar2026 16:30:37.507] [FileWatcher-1-thread-1/DEBUG] [net.neoforged.fml.config.ConfigWatcher/CONFIG]: Config file NuclearCraft/common.toml changed, re-loading
[04Mar2026 16:30:37.507] [FileWatcher-1-thread-1/WARN] [net.neoforged.fml.config.ConfigTracker/CONFIG]: Configuration file /Users/caliane/Sources/nuclearcraft/runs/client/config/NuclearCraft/common.toml is not correct. Correcting
[04Mar2026 16:30:39.508] [FileWatcher-1-thread-1/DEBUG] [net.neoforged.fml.config.ConfigWatcher/CONFIG]: Config file NuclearCraft/common.toml changed, re-loading
[04Mar2026 16:30:39.509] [FileWatcher-1-thread-1/WARN] [net.neoforged.fml.config.ConfigTracker/CONFIG]: Configuration file /Users/caliane/Sources/nuclearcraft/runs/client/config/NuclearCraft/common.toml is not correct. Correcting
[04Mar2026 16:30:41.506] [FileWatcher-1-thread-1/DEBUG] [net.neoforged.fml.config.ConfigWatcher/CONFIG]: Config file NuclearCraft/common.toml changed, re-loading
[04Mar2026 16:30:41.506] [FileWatcher-1-thread-1/WARN] [net.neoforged.fml.config.ConfigTracker/CONFIG]: Configuration file /Users/caliane/Sources/nuclearcraft/runs/client/config/NuclearCraft/common.toml is not correct. Correcting
[04Mar2026 16:30:43.506] [FileWatcher-1-thread-1/DEBUG] [net.neoforged.fml.config.ConfigWatcher/CONFIG]: Config file NuclearCraft/common.toml changed, re-loading
[04Mar2026 16:30:43.506] [FileWatcher-1-thread-1/WARN] [net.neoforged.fml.config.ConfigTracker/CONFIG]: Configuration file /Users/caliane/Sources/nuclearcraft/runs/client/config/NuclearCraft/common.toml is not correct. Correcting
[04Mar2026 16:30:45.504] [FileWatcher-1-thread-1/DEBUG] [net.neoforged.fml.config.ConfigWatcher/CONFIG]: Config file NuclearCraft/common.toml changed, re-loading
[04Mar2026 16:30:45.504] [FileWatcher-1-thread-1/WARN] [net.neoforged.fml.config.ConfigTracker/CONFIG]: Configuration file /Users/caliane/Sources/nuclearcraft/runs/client/config/NuclearCraft/common.toml is not correct. Correcting
[04Mar2026 16:30:47.505] [FileWatcher-1-thread-1/DEBUG] [net.neoforged.fml.config.ConfigWatcher/CONFIG]: Config file NuclearCraft/common.toml changed, re-loading
[04Mar2026 16:30:47.505] [FileWatcher-1-thread-1/WARN] [net.neoforged.fml.config.ConfigTracker/CONFIG]: Configuration file /Users/caliane/Sources/nuclearcraft/runs/client/config/NuclearCraft/common.toml is not correct. Correcting
[04Mar2026 16:30:49.507] [FileWatcher-1-thread-1/DEBUG] [net.neoforged.fml.config.ConfigWatcher/CONFIG]: Config file NuclearCraft/common.toml changed, re-loading
[04Mar2026 16:30:49.507] [FileWatcher-1-thread-1/WARN] [net.neoforged.fml.config.ConfigTracker/CONFIG]: Configuration file /Users/caliane/Sources/nuclearcraft/runs/client/config/NuclearCraft/common.toml is not correct. Correcting
[04Mar2026 16:30:51.501] [FileWatcher-1-thread-1/DEBUG] [net.neoforged.fml.config.ConfigWatcher/CONFIG]: Config file NuclearCraft/common.toml changed, re-loading
[04Mar2026 16:30:51.502] [FileWatcher-1-thread-1/WARN] [net.neoforged.fml.config.ConfigTracker/CONFIG]: Configuration file /Users/caliane/Sources/nuclearcraft/runs/client/config/NuclearCraft/common.toml is not correct. Correcting
[04Mar2026 16:30:53.504] [FileWatcher-1-thread-1/DEBUG] [net.neoforged.fml.config.ConfigWatcher/CONFIG]: Config file NuclearCraft/common.toml changed, re-loading
[04Mar2026 16:30:53.505] [FileWatcher-1-thread-1/WARN] [net.neoforged.fml.config.ConfigTracker/CONFIG]: Configuration file /Users/caliane/Sources/nuclearcraft/runs/client/config/NuclearCraft/common.toml is not correct. Correcting
[04Mar2026 16:30:55.509] [FileWatcher-1-thread-1/DEBUG] [net.neoforged.fml.config.ConfigWatcher/CONFIG]: Config file NuclearCraft/common.toml changed, re-loading
[04Mar2026 16:30:55.509] [FileWatcher-1-thread-1/WARN] [net.neoforged.fml.config.ConfigTracker/CONFIG]: Configuration file /Users/caliane/Sources/nuclearcraft/runs/client/config/NuclearCraft/common.toml is not correct. Correcting
[04Mar2026 16:30:57.506] [FileWatcher-1-thread-1/DEBUG] [net.neoforged.fml.config.ConfigWatcher/CONFIG]: Config file NuclearCraft/common.toml changed, re-loading
[04Mar2026 16:30:57.506] [FileWatcher-1-thread-1/WARN] [net.neoforged.fml.config.ConfigTracker/CONFIG]: Configuration file /Users/caliane/Sources/nuclearcraft/runs/client/config/NuclearCraft/common.toml is not correct. Correcting
[04Mar2026 16:30:59.510] [FileWatcher-1-thread-1/DEBUG] [net.neoforged.fml.config.ConfigWatcher/CONFIG]: Config file NuclearCraft/common.toml changed, re-loading
[04Mar2026 16:30:59.510] [FileWatcher-1-thread-1/WARN] [net.neoforged.fml.config.ConfigTracker/CONFIG]: Configuration file /Users/caliane/Sources/nuclearcraft/runs/client/config/NuclearCraft/common.toml is not correct. Correcting
[04Mar2026 16:31:01.505] [FileWatcher-1-thread-1/DEBUG] [net.neoforged.fml.config.ConfigWatcher/CONFIG]: Config file NuclearCraft/common.toml changed, re-loading
[04Mar2026 16:31:01.505] [FileWatcher-1-thread-1/WARN] [net.neoforged.fml.config.ConfigTracker/CONFIG]: Configuration file /Users/caliane/Sources/nuclearcraft/runs/client/config/NuclearCraft/common.toml is not correct. Correcting
[04Mar2026 16:31:03.508] [FileWatcher-1-thread-1/DEBUG] [net.neoforged.fml.config.ConfigWatcher/CONFIG]: Config file NuclearCraft/common.toml changed, re-loading
[04Mar2026 16:31:03.508] [FileWatcher-1-thread-1/WARN] [net.neoforged.fml.config.ConfigTracker/CONFIG]: Configuration file /Users/caliane/Sources/nuclearcraft/runs/client/config/NuclearCraft/common.toml is not correct. Correcting
[04Mar2026 16:31:05.506] [FileWatcher-1-thread-1/DEBUG] [net.neoforged.fml.config.ConfigWatcher/CONFIG]: Config file NuclearCraft/common.toml changed, re-loading
[04Mar2026 16:31:05.506] [FileWatcher-1-thread-1/WARN] [net.neoforged.fml.config.ConfigTracker/CONFIG]: Configuration file /Users/caliane/Sources/nuclearcraft/runs/client/config/NuclearCraft/common.toml is not correct. Correcting
[04Mar2026 16:31:07.508] [FileWatcher-1-thread-1/DEBUG] [net.neoforged.fml.config.ConfigWatcher/CONFIG]: Config file NuclearCraft/common.toml changed, re-loading
[04Mar2026 16:31:07.508] [FileWatcher-1-thread-1/WARN] [net.neoforged.fml.config.ConfigTracker/CONFIG]: Configuration file /Users/caliane/Sources/nuclearcraft/runs/client/config/NuclearCraft/common.toml is not correct. Correcting
[04Mar2026 16:31:09.509] [FileWatcher-1-thread-1/DEBUG] [net.neoforged.fml.config.ConfigWatcher/CONFIG]: Config file NuclearCraft/common.toml changed, re-loading
[04Mar2026 16:31:09.509] [FileWatcher-1-thread-1/WARN] [net.neoforged.fml.config.ConfigTracker/CONFIG]: Configuration file /Users/caliane/Sources/nuclearcraft/runs/client/config/NuclearCraft/common.toml is not correct. Correcting
[04Mar2026 16:31:11.505] [FileWatcher-1-thread-1/DEBUG] [net.neoforged.fml.config.ConfigWatcher/CONFIG]: Config file NuclearCraft/common.toml changed, re-loading
[04Mar2026 16:31:11.505] [FileWatcher-1-thread-1/WARN] [net.neoforged.fml.config.ConfigTracker/CONFIG]: Configuration file /Users/caliane/Sources/nuclearcraft/runs/client/config/NuclearCraft/common.toml is not correct. Correcting
[04Mar2026 16:31:13.510] [FileWatcher-1-thread-1/DEBUG] [net.neoforged.fml.config.ConfigWatcher/CONFIG]: Config file NuclearCraft/common.toml changed, re-loading
[04Mar2026 16:31:13.511] [FileWatcher-1-thread-1/WARN] [net.neoforged.fml.config.ConfigTracker/CONFIG]: Configuration file /Users/caliane/Sources/nuclearcraft/runs/client/config/NuclearCraft/common.toml is not correct. Correcting
[04Mar2026 16:31:15.511] [FileWatcher-1-thread-1/DEBUG] [net.neoforged.fml.config.ConfigWatcher/CONFIG]: Config file NuclearCraft/common.toml changed, re-loading
[04Mar2026 16:31:15.511] [FileWatcher-1-thread-1/WARN] [net.neoforged.fml.config.ConfigTracker/CONFIG]: Configuration file /Users/caliane/Sources/nuclearcraft/runs/client/config/NuclearCraft/common.toml is not correct. Correcting
[04Mar2026 16:31:17.507] [FileWatcher-1-thread-1/DEBUG] [net.neoforged.fml.config.ConfigWatcher/CONFIG]: Config file NuclearCraft/common.toml changed, re-loading
[04Mar2026 16:31:17.507] [FileWatcher-1-thread-1/WARN] [net.neoforged.fml.config.ConfigTracker/CONFIG]: Configuration file /Users/caliane/Sources/nuclearcraft/runs/client/config/NuclearCraft/common.toml is not correct. Correcting
[04Mar2026 16:31:19.506] [FileWatcher-1-thread-1/DEBUG] [net.neoforged.fml.config.ConfigWatcher/CONFIG]: Config file NuclearCraft/common.toml changed, re-loading
[04Mar2026 16:31:19.506] [FileWatcher-1-thread-1/WARN] [net.neoforged.fml.config.ConfigTracker/CONFIG]: Configuration file /Users/caliane/Sources/nuclearcraft/runs/client/config/NuclearCraft/common.toml is not correct. Correcting
[04Mar2026 16:31:21.507] [FileWatcher-1-thread-1/DEBUG] [net.neoforged.fml.config.ConfigWatcher/CONFIG]: Config file NuclearCraft/common.toml changed, re-loading
[04Mar2026 16:31:21.507] [FileWatcher-1-thread-1/WARN] [net.neoforged.fml.config.ConfigTracker/CONFIG]: Configuration file /Users/caliane/Sources/nuclearcraft/runs/client/config/NuclearCraft/common.toml is not correct. Correcting
[04Mar2026 16:31:23.511] [FileWatcher-1-thread-1/DEBUG] [net.neoforged.fml.config.ConfigWatcher/CONFIG]: Config file NuclearCraft/common.toml changed, re-loading
[04Mar2026 16:31:23.511] [FileWatcher-1-thread-1/WARN] [net.neoforged.fml.config.ConfigTracker/CONFIG]: Configuration file /Users/caliane/Sources/nuclearcraft/runs/client/config/NuclearCraft/common.toml is not correct. Correcting
[04Mar2026 16:31:25.504] [FileWatcher-1-thread-1/DEBUG] [net.neoforged.fml.config.ConfigWatcher/CONFIG]: Config file NuclearCraft/common.toml changed, re-loading
[04Mar2026 16:31:25.504] [FileWatcher-1-thread-1/WARN] [net.neoforged.fml.config.ConfigTracker/CONFIG]: Configuration file /Users/caliane/Sources/nuclearcraft/runs/client/config/NuclearCraft/common.toml is not correct. Correcting
[04Mar2026 16:31:27.503] [FileWatcher-1-thread-1/DEBUG] [net.neoforged.fml.config.ConfigWatcher/CONFIG]: Config file NuclearCraft/common.toml changed, re-loading
[04Mar2026 16:31:27.504] [FileWatcher-1-thread-1/WARN] [net.neoforged.fml.config.ConfigTracker/CONFIG]: Configuration file /Users/caliane/Sources/nuclearcraft/runs/client/config/NuclearCraft/common.toml is not correct. Correcting
[04Mar2026 16:31:29.504] [FileWatcher-1-thread-1/DEBUG] [net.neoforged.fml.config.ConfigWatcher/CONFIG]: Config file NuclearCraft/common.toml changed, re-loading
[04Mar2026 16:31:29.505] [FileWatcher-1-thread-1/WARN] [net.neoforged.fml.config.ConfigTracker/CONFIG]: Configuration file /Users/caliane/Sources/nuclearcraft/runs/client/config/NuclearCraft/common.toml is not correct. Correcting
[04Mar2026 16:31:31.502] [FileWatcher-1-thread-1/DEBUG] [net.neoforged.fml.config.ConfigWatcher/CONFIG]: Config file NuclearCraft/common.toml changed, re-loading
[04Mar2026 16:31:31.503] [FileWatcher-1-thread-1/WARN] [net.neoforged.fml.config.ConfigTracker/CONFIG]: Configuration file /Users/caliane/Sources/nuclearcraft/runs/client/config/NuclearCraft/common.toml is not correct. Correcting
[04Mar2026 16:31:33.507] [FileWatcher-1-thread-1/DEBUG] [net.neoforged.fml.config.ConfigWatcher/CONFIG]: Config file NuclearCraft/common.toml changed, re-loading
[04Mar2026 16:31:33.508] [FileWatcher-1-thread-1/WARN] [net.neoforged.fml.config.ConfigTracker/CONFIG]: Configuration file /Users/caliane/Sources/nuclearcraft/runs/client/config/NuclearCraft/common.toml is not correct. Correcting
[04Mar2026 16:31:35.506] [FileWatcher-1-thread-1/DEBUG] [net.neoforged.fml.config.ConfigWatcher/CONFIG]: Config file NuclearCraft/common.toml changed, re-loading
[04Mar2026 16:31:35.506] [FileWatcher-1-thread-1/WARN] [net.neoforged.fml.config.ConfigTracker/CONFIG]: Configuration file /Users/caliane/Sources/nuclearcraft/runs/client/config/NuclearCraft/common.toml is not correct. Correcting
[04Mar2026 16:31:37.509] [FileWatcher-1-thread-1/DEBUG] [net.neoforged.fml.config.ConfigWatcher/CONFIG]: Config file NuclearCraft/common.toml changed, re-loading
[04Mar2026 16:31:37.509] [FileWatcher-1-thread-1/WARN] [net.neoforged.fml.config.ConfigTracker/CONFIG]: Configuration file /Users/caliane/Sources/nuclearcraft/runs/client/config/NuclearCraft/common.toml is not correct. Correcting
[04Mar2026 16:31:39.506] [FileWatcher-1-thread-1/DEBUG] [net.neoforged.fml.config.ConfigWatcher/CONFIG]: Config file NuclearCraft/common.toml changed, re-loading
[04Mar2026 16:31:39.507] [FileWatcher-1-thread-1/WARN] [net.neoforged.fml.config.ConfigTracker/CONFIG]: Configuration file /Users/caliane/Sources/nuclearcraft/runs/client/config/NuclearCraft/common.toml is not correct. Correcting
[04Mar2026 16:31:41.506] [FileWatcher-1-thread-1/DEBUG] [net.neoforged.fml.config.ConfigWatcher/CONFIG]: Config file NuclearCraft/common.toml changed, re-loading
[04Mar2026 16:31:41.506] [FileWatcher-1-thread-1/WARN] [net.neoforged.fml.config.ConfigTracker/CONFIG]: Configuration file /Users/caliane/Sources/nuclearcraft/runs/client/config/NuclearCraft/common.toml is not correct. Correcting
[04Mar2026 16:31:43.504] [FileWatcher-1-thread-1/DEBUG] [net.neoforged.fml.config.ConfigWatcher/CONFIG]: Config file NuclearCraft/common.toml changed, re-loading
[04Mar2026 16:31:43.505] [FileWatcher-1-thread-1/WARN] [net.neoforged.fml.config.ConfigTracker/CONFIG]: Configuration file /Users/caliane/Sources/nuclearcraft/runs/client/config/NuclearCraft/common.toml is not correct. Correcting
[04Mar2026 16:31:45.506] [FileWatcher-1-thread-1/DEBUG] [net.neoforged.fml.config.ConfigWatcher/CONFIG]: Config file NuclearCraft/common.toml changed, re-loading
[04Mar2026 16:31:45.507] [FileWatcher-1-thread-1/WARN] [net.neoforged.fml.config.ConfigTracker/CONFIG]: Configuration file /Users/caliane/Sources/nuclearcraft/runs/client/config/NuclearCraft/common.toml is not correct. Correcting
[04Mar2026 16:31:47.507] [FileWatcher-1-thread-1/DEBUG] [net.neoforged.fml.config.ConfigWatcher/CONFIG]: Config file NuclearCraft/common.toml changed, re-loading
[04Mar2026 16:31:47.507] [FileWatcher-1-thread-1/WARN] [net.neoforged.fml.config.ConfigTracker/CONFIG]: Configuration file /Users/caliane/Sources/nuclearcraft/runs/client/config/NuclearCraft/common.toml is not correct. Correcting
[04Mar2026 16:31:49.502] [FileWatcher-1-thread-1/DEBUG] [net.neoforged.fml.config.ConfigWatcher/CONFIG]: Config file NuclearCraft/common.toml changed, re-loading
[04Mar2026 16:31:49.502] [FileWatcher-1-thread-1/WARN] [net.neoforged.fml.config.ConfigTracker/CONFIG]: Configuration file /Users/caliane/Sources/nuclearcraft/runs/client/config/NuclearCraft/common.toml is not correct. Correcting
[04Mar2026 16:31:51.504] [FileWatcher-1-thread-1/DEBUG] [net.neoforged.fml.config.ConfigWatcher/CONFIG]: Config file NuclearCraft/common.toml changed, re-loading
[04Mar2026 16:31:51.504] [FileWatcher-1-thread-1/WARN] [net.neoforged.fml.config.ConfigTracker/CONFIG]: Configuration file /Users/caliane/Sources/nuclearcraft/runs/client/config/NuclearCraft/common.toml is not correct. Correcting
[04Mar2026 16:31:53.505] [FileWatcher-1-thread-1/DEBUG] [net.neoforged.fml.config.ConfigWatcher/CONFIG]: Config file NuclearCraft/common.toml changed, re-loading
[04Mar2026 16:31:53.505] [FileWatcher-1-thread-1/WARN] [net.neoforged.fml.config.ConfigTracker/CONFIG]: Configuration file /Users/caliane/Sources/nuclearcraft/runs/client/config/NuclearCraft/common.toml is not correct. Correcting
[04Mar2026 16:31:55.506] [FileWatcher-1-thread-1/DEBUG] [net.neoforged.fml.config.ConfigWatcher/CONFIG]: Config file NuclearCraft/common.toml changed, re-loading
[04Mar2026 16:31:55.506] [FileWatcher-1-thread-1/WARN] [net.neoforged.fml.config.ConfigTracker/CONFIG]: Configuration file /Users/caliane/Sources/nuclearcraft/runs/client/config/NuclearCraft/common.toml is not correct. Correcting
[04Mar2026 16:31:57.503] [FileWatcher-1-thread-1/DEBUG] [net.neoforged.fml.config.ConfigWatcher/CONFIG]: Config file NuclearCraft/common.toml changed, re-loading
[04Mar2026 16:31:57.503] [FileWatcher-1-thread-1/WARN] [net.neoforged.fml.config.ConfigTracker/CONFIG]: Configuration file /Users/caliane/Sources/nuclearcraft/runs/client/config/NuclearCraft/common.toml is not correct. Correcting
[04Mar2026 16:31:59.507] [FileWatcher-1-thread-1/DEBUG] [net.neoforged.fml.config.ConfigWatcher/CONFIG]: Config file NuclearCraft/common.toml changed, re-loading
[04Mar2026 16:31:59.507] [FileWatcher-1-thread-1/WARN] [net.neoforged.fml.config.ConfigTracker/CONFIG]: Configuration file /Users/caliane/Sources/nuclearcraft/runs/client/config/NuclearCraft/common.toml is not correct. Correcting
[04Mar2026 16:32:01.505] [FileWatcher-1-thread-1/DEBUG] [net.neoforged.fml.config.ConfigWatcher/CONFIG]: Config file NuclearCraft/common.toml changed, re-loading
[04Mar2026 16:32:01.506] [FileWatcher-1-thread-1/WARN] [net.neoforged.fml.config.ConfigTracker/CONFIG]: Configuration file /Users/caliane/Sources/nuclearcraft/runs/client/config/NuclearCraft/common.toml is not correct. Correcting
[04Mar2026 16:32:03.508] [FileWatcher-1-thread-1/DEBUG] [net.neoforged.fml.config.ConfigWatcher/CONFIG]: Config file NuclearCraft/common.toml changed, re-loading
[04Mar2026 16:32:03.508] [FileWatcher-1-thread-1/WARN] [net.neoforged.fml.config.ConfigTracker/CONFIG]: Configuration file /Users/caliane/Sources/nuclearcraft/runs/client/config/NuclearCraft/common.toml is not correct. Correcting
[04Mar2026 16:32:05.506] [FileWatcher-1-thread-1/DEBUG] [net.neoforged.fml.config.ConfigWatcher/CONFIG]: Config file NuclearCraft/common.toml changed, re-loading
[04Mar2026 16:32:05.507] [FileWatcher-1-thread-1/WARN] [net.neoforged.fml.config.ConfigTracker/CONFIG]: Configuration file /Users/caliane/Sources/nuclearcraft/runs/client/config/NuclearCraft/common.toml is not correct. Correcting
[04Mar2026 16:32:07.507] [FileWatcher-1-thread-1/DEBUG] [net.neoforged.fml.config.ConfigWatcher/CONFIG]: Config file NuclearCraft/common.toml changed, re-loading
[04Mar2026 16:32:07.507] [FileWatcher-1-thread-1/WARN] [net.neoforged.fml.config.ConfigTracker/CONFIG]: Configuration file /Users/caliane/Sources/nuclearcraft/runs/client/config/NuclearCraft/common.toml is not correct. Correcting
[04Mar2026 16:32:09.501] [FileWatcher-1-thread-1/DEBUG] [net.neoforged.fml.config.ConfigWatcher/CONFIG]: Config file NuclearCraft/common.toml changed, re-loading
[04Mar2026 16:32:09.502] [FileWatcher-1-thread-1/WARN] [net.neoforged.fml.config.ConfigTracker/CONFIG]: Configuration file /Users/caliane/Sources/nuclearcraft/runs/client/config/NuclearCraft/common.toml is not correct. Correcting
[04Mar2026 16:32:11.505] [FileWatcher-1-thread-1/DEBUG] [net.neoforged.fml.config.ConfigWatcher/CONFIG]: Config file NuclearCraft/common.toml changed, re-loading
[04Mar2026 16:32:11.505] [FileWatcher-1-thread-1/WARN] [net.neoforged.fml.config.ConfigTracker/CONFIG]: Configuration file /Users/caliane/Sources/nuclearcraft/runs/client/config/NuclearCraft/common.toml is not correct. Correcting
[04Mar2026 16:32:13.509] [FileWatcher-1-thread-1/DEBUG] [net.neoforged.fml.config.ConfigWatcher/CONFIG]: Config file NuclearCraft/common.toml changed, re-loading
[04Mar2026 16:32:13.509] [FileWatcher-1-thread-1/WARN] [net.neoforged.fml.config.ConfigTracker/CONFIG]: Configuration file /Users/caliane/Sources/nuclearcraft/runs/client/config/NuclearCraft/common.toml is not correct. Correcting
[04Mar2026 16:32:15.507] [FileWatcher-1-thread-1/DEBUG] [net.neoforged.fml.config.ConfigWatcher/CONFIG]: Config file NuclearCraft/common.toml changed, re-loading
[04Mar2026 16:32:15.508] [FileWatcher-1-thread-1/WARN] [net.neoforged.fml.config.ConfigTracker/CONFIG]: Configuration file /Users/caliane/Sources/nuclearcraft/runs/client/config/NuclearCraft/common.toml is not correct. Correcting
[04Mar2026 16:32:17.502] [FileWatcher-1-thread-1/DEBUG] [net.neoforged.fml.config.ConfigWatcher/CONFIG]: Config file NuclearCraft/common.toml changed, re-loading
[04Mar2026 16:32:17.502] [FileWatcher-1-thread-1/WARN] [net.neoforged.fml.config.ConfigTracker/CONFIG]: Configuration file /Users/caliane/Sources/nuclearcraft/runs/client/config/NuclearCraft/common.toml is not correct. Correcting
[04Mar2026 16:32:19.506] [FileWatcher-1-thread-1/DEBUG] [net.neoforged.fml.config.ConfigWatcher/CONFIG]: Config file NuclearCraft/common.toml changed, re-loading
[04Mar2026 16:32:19.506] [FileWatcher-1-thread-1/WARN] [net.neoforged.fml.config.ConfigTracker/CONFIG]: Configuration file /Users/caliane/Sources/nuclearcraft/runs/client/config/NuclearCraft/common.toml is not correct. Correcting
[04Mar2026 16:32:21.503] [FileWatcher-1-thread-1/DEBUG] [net.neoforged.fml.config.ConfigWatcher/CONFIG]: Config file NuclearCraft/common.toml changed, re-loading
[04Mar2026 16:32:21.503] [FileWatcher-1-thread-1/WARN] [net.neoforged.fml.config.ConfigTracker/CONFIG]: Configuration file /Users/caliane/Sources/nuclearcraft/runs/client/config/NuclearCraft/common.toml is not correct. Correcting
[04Mar2026 16:32:23.510] [FileWatcher-1-thread-1/DEBUG] [net.neoforged.fml.config.ConfigWatcher/CONFIG]: Config file NuclearCraft/common.toml changed, re-loading
[04Mar2026 16:32:23.511] [FileWatcher-1-thread-1/WARN] [net.neoforged.fml.config.ConfigTracker/CONFIG]: Configuration file /Users/caliane/Sources/nuclearcraft/runs/client/config/NuclearCraft/common.toml is not correct. Correcting
[04Mar2026 16:32:25.505] [FileWatcher-1-thread-1/DEBUG] [net.neoforged.fml.config.ConfigWatcher/CONFIG]: Config file NuclearCraft/common.toml changed, re-loading
[04Mar2026 16:32:25.505] [FileWatcher-1-thread-1/WARN] [net.neoforged.fml.config.ConfigTracker/CONFIG]: Configuration file /Users/caliane/Sources/nuclearcraft/runs/client/config/NuclearCraft/common.toml is not correct. Correcting
[04Mar2026 16:32:27.506] [FileWatcher-1-thread-1/DEBUG] [net.neoforged.fml.config.ConfigWatcher/CONFIG]: Config file NuclearCraft/common.toml changed, re-loading
[04Mar2026 16:32:27.507] [FileWatcher-1-thread-1/WARN] [net.neoforged.fml.config.ConfigTracker/CONFIG]: Configuration file /Users/caliane/Sources/nuclearcraft/runs/client/config/NuclearCraft/common.toml is not correct. Correcting
[04Mar2026 16:32:29.507] [FileWatcher-1-thread-1/DEBUG] [net.neoforged.fml.config.ConfigWatcher/CONFIG]: Config file NuclearCraft/common.toml changed, re-loading
[04Mar2026 16:32:29.507] [FileWatcher-1-thread-1/WARN] [net.neoforged.fml.config.ConfigTracker/CONFIG]: Configuration file /Users/caliane/Sources/nuclearcraft/runs/client/config/NuclearCraft/common.toml is not correct. Correcting
[04Mar2026 16:32:31.509] [FileWatcher-1-thread-1/DEBUG] [net.neoforged.fml.config.ConfigWatcher/CONFIG]: Config file NuclearCraft/common.toml changed, re-loading
[04Mar2026 16:32:31.509] [FileWatcher-1-thread-1/WARN] [net.neoforged.fml.config.ConfigTracker/CONFIG]: Configuration file /Users/caliane/Sources/nuclearcraft/runs/client/config/NuclearCraft/common.toml is not correct. Correcting
[04Mar2026 16:32:33.508] [FileWatcher-1-thread-1/DEBUG] [net.neoforged.fml.config.ConfigWatcher/CONFIG]: Config file NuclearCraft/common.toml changed, re-loading
[04Mar2026 16:32:33.509] [FileWatcher-1-thread-1/WARN] [net.neoforged.fml.config.ConfigTracker/CONFIG]: Configuration file /Users/caliane/Sources/nuclearcraft/runs/client/config/NuclearCraft/common.toml is not correct. Correcting
[04Mar2026 16:32:35.507] [FileWatcher-1-thread-1/DEBUG] [net.neoforged.fml.config.ConfigWatcher/CONFIG]: Config file NuclearCraft/common.toml changed, re-loading
[04Mar2026 16:32:35.508] [FileWatcher-1-thread-1/WARN] [net.neoforged.fml.config.ConfigTracker/CONFIG]: Configuration file /Users/caliane/Sources/nuclearcraft/runs/client/config/NuclearCraft/common.toml is not correct. Correcting
[04Mar2026 16:32:37.508] [FileWatcher-1-thread-1/DEBUG] [net.neoforged.fml.config.ConfigWatcher/CONFIG]: Config file NuclearCraft/common.toml changed, re-loading
[04Mar2026 16:32:37.509] [FileWatcher-1-thread-1/WARN] [net.neoforged.fml.config.ConfigTracker/CONFIG]: Configuration file /Users/caliane/Sources/nuclearcraft/runs/client/config/NuclearCraft/common.toml is not correct. Correcting
[04Mar2026 16:32:39.502] [FileWatcher-1-thread-1/DEBUG] [net.neoforged.fml.config.ConfigWatcher/CONFIG]: Config file NuclearCraft/common.toml changed, re-loading
[04Mar2026 16:32:39.502] [FileWatcher-1-thread-1/WARN] [net.neoforged.fml.config.ConfigTracker/CONFIG]: Configuration file /Users/caliane/Sources/nuclearcraft/runs/client/config/NuclearCraft/common.toml is not correct. Correcting
[04Mar2026 16:32:41.502] [FileWatcher-1-thread-1/DEBUG] [net.neoforged.fml.config.ConfigWatcher/CONFIG]: Config file NuclearCraft/common.toml changed, re-loading
[04Mar2026 16:32:41.502] [FileWatcher-1-thread-1/WARN] [net.neoforged.fml.config.ConfigTracker/CONFIG]: Configuration file /Users/caliane/Sources/nuclearcraft/runs/client/config/NuclearCraft/common.toml is not correct. Correcting
[04Mar2026 16:32:43.503] [FileWatcher-1-thread-1/DEBUG] [net.neoforged.fml.config.ConfigWatcher/CONFIG]: Config file NuclearCraft/common.toml changed, re-loading
[04Mar2026 16:32:43.503] [FileWatcher-1-thread-1/WARN] [net.neoforged.fml.config.ConfigTracker/CONFIG]: Configuration file /Users/caliane/Sources/nuclearcraft/runs/client/config/NuclearCraft/common.toml is not correct. Correcting
[04Mar2026 16:32:45.507] [FileWatcher-1-thread-1/DEBUG] [net.neoforged.fml.config.ConfigWatcher/CONFIG]: Config file NuclearCraft/common.toml changed, re-loading
[04Mar2026 16:32:45.507] [FileWatcher-1-thread-1/WARN] [net.neoforged.fml.config.ConfigTracker/CONFIG]: Configuration file /Users/caliane/Sources/nuclearcraft/runs/client/config/NuclearCraft/common.toml is not correct. Correcting
[04Mar2026 16:32:47.502] [FileWatcher-1-thread-1/DEBUG] [net.neoforged.fml.config.ConfigWatcher/CONFIG]: Config file NuclearCraft/common.toml changed, re-loading
[04Mar2026 16:32:47.503] [FileWatcher-1-thread-1/WARN] [net.neoforged.fml.config.ConfigTracker/CONFIG]: Configuration file /Users/caliane/Sources/nuclearcraft/runs/client/config/NuclearCraft/common.toml is not correct. Correcting
[04Mar2026 16:32:49.503] [FileWatcher-1-thread-1/DEBUG] [net.neoforged.fml.config.ConfigWatcher/CONFIG]: Config file NuclearCraft/common.toml changed, re-loading
[04Mar2026 16:32:49.504] [FileWatcher-1-thread-1/WARN] [net.neoforged.fml.config.ConfigTracker/CONFIG]: Configuration file /Users/caliane/Sources/nuclearcraft/runs/client/config/NuclearCraft/common.toml is not correct. Correcting
[04Mar2026 16:32:51.502] [FileWatcher-1-thread-1/DEBUG] [net.neoforged.fml.config.ConfigWatcher/CONFIG]: Config file NuclearCraft/common.toml changed, re-loading
[04Mar2026 16:32:51.502] [FileWatcher-1-thread-1/WARN] [net.neoforged.fml.config.ConfigTracker/CONFIG]: Configuration file /Users/caliane/Sources/nuclearcraft/runs/client/config/NuclearCraft/common.toml is not correct. Correcting
[04Mar2026 16:32:53.502] [FileWatcher-1-thread-1/DEBUG] [net.neoforged.fml.config.ConfigWatcher/CONFIG]: Config file NuclearCraft/common.toml changed, re-loading
[04Mar2026 16:32:53.503] [FileWatcher-1-thread-1/WARN] [net.neoforged.fml.config.ConfigTracker/CONFIG]: Configuration file /Users/caliane/Sources/nuclearcraft/runs/client/config/NuclearCraft/common.toml is not correct. Correcting
[04Mar2026 16:32:55.502] [FileWatcher-1-thread-1/DEBUG] [net.neoforged.fml.config.ConfigWatcher/CONFIG]: Config file NuclearCraft/common.toml changed, re-loading
[04Mar2026 16:32:55.502] [FileWatcher-1-thread-1/WARN] [net.neoforged.fml.config.ConfigTracker/CONFIG]: Configuration file /Users/caliane/Sources/nuclearcraft/runs/client/config/NuclearCraft/common.toml is not correct. Correcting
[04Mar2026 16:32:57.502] [FileWatcher-1-thread-1/DEBUG] [net.neoforged.fml.config.ConfigWatcher/CONFIG]: Config file NuclearCraft/common.toml changed, re-loading
[04Mar2026 16:32:57.503] [FileWatcher-1-thread-1/WARN] [net.neoforged.fml.config.ConfigTracker/CONFIG]: Configuration file /Users/caliane/Sources/nuclearcraft/runs/client/config/NuclearCraft/common.toml is not correct. Correcting
[04Mar2026 16:32:59.503] [FileWatcher-1-thread-1/DEBUG] [net.neoforged.fml.config.ConfigWatcher/CONFIG]: Config file NuclearCraft/common.toml changed, re-loading
[04Mar2026 16:32:59.503] [FileWatcher-1-thread-1/WARN] [net.neoforged.fml.config.ConfigTracker/CONFIG]: Configuration file /Users/caliane/Sources/nuclearcraft/runs/client/config/NuclearCraft/common.toml is not correct. Correcting
[04Mar2026 16:33:01.502] [FileWatcher-1-thread-1/DEBUG] [net.neoforged.fml.config.ConfigWatcher/CONFIG]: Config file NuclearCraft/common.toml changed, re-loading
[04Mar2026 16:33:01.503] [FileWatcher-1-thread-1/WARN] [net.neoforged.fml.config.ConfigTracker/CONFIG]: Configuration file /Users/caliane/Sources/nuclearcraft/runs/client/config/NuclearCraft/common.toml is not correct. Correcting
[04Mar2026 16:33:03.502] [FileWatcher-1-thread-1/DEBUG] [net.neoforged.fml.config.ConfigWatcher/CONFIG]: Config file NuclearCraft/common.toml changed, re-loading
[04Mar2026 16:33:03.502] [FileWatcher-1-thread-1/WARN] [net.neoforged.fml.config.ConfigTracker/CONFIG]: Configuration file /Users/caliane/Sources/nuclearcraft/runs/client/config/NuclearCraft/common.toml is not correct. Correcting
[04Mar2026 16:33:05.502] [FileWatcher-1-thread-1/DEBUG] [net.neoforged.fml.config.ConfigWatcher/CONFIG]: Config file NuclearCraft/common.toml changed, re-loading
[04Mar2026 16:33:05.503] [FileWatcher-1-thread-1/WARN] [net.neoforged.fml.config.ConfigTracker/CONFIG]: Configuration file /Users/caliane/Sources/nuclearcraft/runs/client/config/NuclearCraft/common.toml is not correct. Correcting
[04Mar2026 16:33:07.502] [FileWatcher-1-thread-1/DEBUG] [net.neoforged.fml.config.ConfigWatcher/CONFIG]: Config file NuclearCraft/common.toml changed, re-loading
[04Mar2026 16:33:07.503] [FileWatcher-1-thread-1/WARN] [net.neoforged.fml.config.ConfigTracker/CONFIG]: Configuration file /Users/caliane/Sources/nuclearcraft/runs/client/config/NuclearCraft/common.toml is not correct. Correcting
[04Mar2026 16:33:09.503] [FileWatcher-1-thread-1/DEBUG] [net.neoforged.fml.config.ConfigWatcher/CONFIG]: Config file NuclearCraft/common.toml changed, re-loading
[04Mar2026 16:33:09.503] [FileWatcher-1-thread-1/WARN] [net.neoforged.fml.config.ConfigTracker/CONFIG]: Configuration file /Users/caliane/Sources/nuclearcraft/runs/client/config/NuclearCraft/common.toml is not correct. Correcting
[04Mar2026 16:33:11.502] [FileWatcher-1-thread-1/DEBUG] [net.neoforged.fml.config.ConfigWatcher/CONFIG]: Config file NuclearCraft/common.toml changed, re-loading
[04Mar2026 16:33:11.502] [FileWatcher-1-thread-1/WARN] [net.neoforged.fml.config.ConfigTracker/CONFIG]: Configuration file /Users/caliane/Sources/nuclearcraft/runs/client/config/NuclearCraft/common.toml is not correct. Correcting
[04Mar2026 16:33:13.502] [FileWatcher-1-thread-1/DEBUG] [net.neoforged.fml.config.ConfigWatcher/CONFIG]: Config file NuclearCraft/common.toml changed, re-loading
[04Mar2026 16:33:13.503] [FileWatcher-1-thread-1/WARN] [net.neoforged.fml.config.ConfigTracker/CONFIG]: Configuration file /Users/caliane/Sources/nuclearcraft/runs/client/config/NuclearCraft/common.toml is not correct. Correcting
[04Mar2026 16:33:15.502] [FileWatcher-1-thread-1/DEBUG] [net.neoforged.fml.config.ConfigWatcher/CONFIG]: Config file NuclearCraft/common.toml changed, re-loading
[04Mar2026 16:33:15.503] [FileWatcher-1-thread-1/WARN] [net.neoforged.fml.config.ConfigTracker/CONFIG]: Configuration file /Users/caliane/Sources/nuclearcraft/runs/client/config/NuclearCraft/common.toml is not correct. Correcting
[04Mar2026 16:33:17.502] [FileWatcher-1-thread-1/DEBUG] [net.neoforged.fml.config.ConfigWatcher/CONFIG]: Config file NuclearCraft/common.toml changed, re-loading
[04Mar2026 16:33:17.503] [FileWatcher-1-thread-1/WARN] [net.neoforged.fml.config.ConfigTracker/CONFIG]: Configuration file /Users/caliane/Sources/nuclearcraft/runs/client/config/NuclearCraft/common.toml is not correct. Correcting
[04Mar2026 16:33:19.502] [FileWatcher-1-thread-1/DEBUG] [net.neoforged.fml.config.ConfigWatcher/CONFIG]: Config file NuclearCraft/common.toml changed, re-loading
[04Mar2026 16:33:19.503] [FileWatcher-1-thread-1/WARN] [net.neoforged.fml.config.ConfigTracker/CONFIG]: Configuration file /Users/caliane/Sources/nuclearcraft/runs/client/config/NuclearCraft/common.toml is not correct. Correcting
[04Mar2026 16:33:21.504] [FileWatcher-1-thread-1/DEBUG] [net.neoforged.fml.config.ConfigWatcher/CONFIG]: Config file NuclearCraft/common.toml changed, re-loading
[04Mar2026 16:33:21.505] [FileWatcher-1-thread-1/WARN] [net.neoforged.fml.config.ConfigTracker/CONFIG]: Configuration file /Users/caliane/Sources/nuclearcraft/runs/client/config/NuclearCraft/common.toml is not correct. Correcting
[04Mar2026 16:33:23.503] [FileWatcher-1-thread-1/DEBUG] [net.neoforged.fml.config.ConfigWatcher/CONFIG]: Config file NuclearCraft/common.toml changed, re-loading
[04Mar2026 16:33:23.504] [FileWatcher-1-thread-1/WARN] [net.neoforged.fml.config.ConfigTracker/CONFIG]: Configuration file /Users/caliane/Sources/nuclearcraft/runs/client/config/NuclearCraft/common.toml is not correct. Correcting
[04Mar2026 16:33:25.507] [FileWatcher-1-thread-1/DEBUG] [net.neoforged.fml.config.ConfigWatcher/CONFIG]: Config file NuclearCraft/common.toml changed, re-loading
[04Mar2026 16:33:25.507] [FileWatcher-1-thread-1/WARN] [net.neoforged.fml.config.ConfigTracker/CONFIG]: Configuration file /Users/caliane/Sources/nuclearcraft/runs/client/config/NuclearCraft/common.toml is not correct. Correcting
[04Mar2026 16:33:27.502] [FileWatcher-1-thread-1/DEBUG] [net.neoforged.fml.config.ConfigWatcher/CONFIG]: Config file NuclearCraft/common.toml changed, re-loading
[04Mar2026 16:33:27.502] [FileWatcher-1-thread-1/WARN] [net.neoforged.fml.config.ConfigTracker/CONFIG]: Configuration file /Users/caliane/Sources/nuclearcraft/runs/client/config/NuclearCraft/common.toml is not correct. Correcting
[04Mar2026 16:33:29.505] [FileWatcher-1-thread-1/DEBUG] [net.neoforged.fml.config.ConfigWatcher/CONFIG]: Config file NuclearCraft/common.toml changed, re-loading
[04Mar2026 16:33:29.506] [FileWatcher-1-thread-1/WARN] [net.neoforged.fml.config.ConfigTracker/CONFIG]: Configuration file /Users/caliane/Sources/nuclearcraft/runs/client/config/NuclearCraft/common.toml is not correct. Correcting
[04Mar2026 16:33:31.507] [FileWatcher-1-thread-1/DEBUG] [net.neoforged.fml.config.ConfigWatcher/CONFIG]: Config file NuclearCraft/common.toml changed, re-loading
[04Mar2026 16:33:31.508] [FileWatcher-1-thread-1/WARN] [net.neoforged.fml.config.ConfigTracker/CONFIG]: Configuration file /Users/caliane/Sources/nuclearcraft/runs/client/config/NuclearCraft/common.toml is not correct. Correcting
[04Mar2026 16:33:33.504] [FileWatcher-1-thread-1/DEBUG] [net.neoforged.fml.config.ConfigWatcher/CONFIG]: Config file NuclearCraft/common.toml changed, re-loading
[04Mar2026 16:33:33.504] [FileWatcher-1-thread-1/WARN] [net.neoforged.fml.config.ConfigTracker/CONFIG]: Configuration file /Users/caliane/Sources/nuclearcraft/runs/client/config/NuclearCraft/common.toml is not correct. Correcting
[04Mar2026 16:33:35.506] [FileWatcher-1-thread-1/DEBUG] [net.neoforged.fml.config.ConfigWatcher/CONFIG]: Config file NuclearCraft/common.toml changed, re-loading
[04Mar2026 16:33:35.507] [FileWatcher-1-thread-1/WARN] [net.neoforged.fml.config.ConfigTracker/CONFIG]: Configuration file /Users/caliane/Sources/nuclearcraft/runs/client/config/NuclearCraft/common.toml is not correct. Correcting
[04Mar2026 16:33:37.509] [FileWatcher-1-thread-1/DEBUG] [net.neoforged.fml.config.ConfigWatcher/CONFIG]: Config file NuclearCraft/common.toml changed, re-loading
[04Mar2026 16:33:37.509] [FileWatcher-1-thread-1/WARN] [net.neoforged.fml.config.ConfigTracker/CONFIG]: Configuration file /Users/caliane/Sources/nuclearcraft/runs/client/config/NuclearCraft/common.toml is not correct. Correcting
[04Mar2026 16:33:39.503] [FileWatcher-1-thread-1/DEBUG] [net.neoforged.fml.config.ConfigWatcher/CONFIG]: Config file NuclearCraft/common.toml changed, re-loading
[04Mar2026 16:33:39.504] [FileWatcher-1-thread-1/WARN] [net.neoforged.fml.config.ConfigTracker/CONFIG]: Configuration file /Users/caliane/Sources/nuclearcraft/runs/client/config/NuclearCraft/common.toml is not correct. Correcting
[04Mar2026 16:33:41.505] [FileWatcher-1-thread-1/DEBUG] [net.neoforged.fml.config.ConfigWatcher/CONFIG]: Config file NuclearCraft/common.toml changed, re-loading
[04Mar2026 16:33:41.505] [FileWatcher-1-thread-1/WARN] [net.neoforged.fml.config.ConfigTracker/CONFIG]: Configuration file /Users/caliane/Sources/nuclearcraft/runs/client/config/NuclearCraft/common.toml is not correct. Correcting
[04Mar2026 16:33:43.506] [FileWatcher-1-thread-1/DEBUG] [net.neoforged.fml.config.ConfigWatcher/CONFIG]: Config file NuclearCraft/common.toml changed, re-loading
[04Mar2026 16:33:43.507] [FileWatcher-1-thread-1/WARN] [net.neoforged.fml.config.ConfigTracker/CONFIG]: Configuration file /Users/caliane/Sources/nuclearcraft/runs/client/config/NuclearCraft/common.toml is not correct. Correcting
[04Mar2026 16:33:45.502] [FileWatcher-1-thread-1/DEBUG] [net.neoforged.fml.config.ConfigWatcher/CONFIG]: Config file NuclearCraft/common.toml changed, re-loading
[04Mar2026 16:33:45.502] [FileWatcher-1-thread-1/WARN] [net.neoforged.fml.config.ConfigTracker/CONFIG]: Configuration file /Users/caliane/Sources/nuclearcraft/runs/client/config/NuclearCraft/common.toml is not correct. Correcting
[04Mar2026 16:33:47.511] [FileWatcher-1-thread-1/DEBUG] [net.neoforged.fml.config.ConfigWatcher/CONFIG]: Config file NuclearCraft/common.toml changed, re-loading
[04Mar2026 16:33:47.512] [FileWatcher-1-thread-1/WARN] [net.neoforged.fml.config.ConfigTracker/CONFIG]: Configuration file /Users/caliane/Sources/nuclearcraft/runs/client/config/NuclearCraft/common.toml is not correct. Correcting
[04Mar2026 16:33:49.508] [FileWatcher-1-thread-1/DEBUG] [net.neoforged.fml.config.ConfigWatcher/CONFIG]: Config file NuclearCraft/common.toml changed, re-loading
[04Mar2026 16:33:49.509] [FileWatcher-1-thread-1/WARN] [net.neoforged.fml.config.ConfigTracker/CONFIG]: Configuration file /Users/caliane/Sources/nuclearcraft/runs/client/config/NuclearCraft/common.toml is not correct. Correcting
[04Mar2026 16:33:51.505] [FileWatcher-1-thread-1/DEBUG] [net.neoforged.fml.config.ConfigWatcher/CONFIG]: Config file NuclearCraft/common.toml changed, re-loading
[04Mar2026 16:33:51.506] [FileWatcher-1-thread-1/WARN] [net.neoforged.fml.config.ConfigTracker/CONFIG]: Configuration file /Users/caliane/Sources/nuclearcraft/runs/client/config/NuclearCraft/common.toml is not correct. Correcting
[04Mar2026 16:33:53.509] [FileWatcher-1-thread-1/DEBUG] [net.neoforged.fml.config.ConfigWatcher/CONFIG]: Config file NuclearCraft/common.toml changed, re-loading
[04Mar2026 16:33:53.509] [FileWatcher-1-thread-1/WARN] [net.neoforged.fml.config.ConfigTracker/CONFIG]: Configuration file /Users/caliane/Sources/nuclearcraft/runs/client/config/NuclearCraft/common.toml is not correct. Correcting
[04Mar2026 16:33:55.508] [FileWatcher-1-thread-1/DEBUG] [net.neoforged.fml.config.ConfigWatcher/CONFIG]: Config file NuclearCraft/common.toml changed, re-loading
[04Mar2026 16:33:55.508] [FileWatcher-1-thread-1/WARN] [net.neoforged.fml.config.ConfigTracker/CONFIG]: Configuration file /Users/caliane/Sources/nuclearcraft/runs/client/config/NuclearCraft/common.toml is not correct. Correcting
[04Mar2026 16:33:57.502] [FileWatcher-1-thread-1/DEBUG] [net.neoforged.fml.config.ConfigWatcher/CONFIG]: Config file NuclearCraft/common.toml changed, re-loading
[04Mar2026 16:33:57.502] [FileWatcher-1-thread-1/WARN] [net.neoforged.fml.config.ConfigTracker/CONFIG]: Configuration file /Users/caliane/Sources/nuclearcraft/runs/client/config/NuclearCraft/common.toml is not correct. Correcting
[04Mar2026 16:33:59.505] [FileWatcher-1-thread-1/DEBUG] [net.neoforged.fml.config.ConfigWatcher/CONFIG]: Config file NuclearCraft/common.toml changed, re-loading
[04Mar2026 16:33:59.505] [FileWatcher-1-thread-1/WARN] [net.neoforged.fml.config.ConfigTracker/CONFIG]: Configuration file /Users/caliane/Sources/nuclearcraft/runs/client/config/NuclearCraft/common.toml is not correct. Correcting
[04Mar2026 16:34:01.507] [FileWatcher-1-thread-1/DEBUG] [net.neoforged.fml.config.ConfigWatcher/CONFIG]: Config file NuclearCraft/common.toml changed, re-loading
[04Mar2026 16:34:01.507] [FileWatcher-1-thread-1/WARN] [net.neoforged.fml.config.ConfigTracker/CONFIG]: Configuration file /Users/caliane/Sources/nuclearcraft/runs/client/config/NuclearCraft/common.toml is not correct. Correcting
[04Mar2026 16:34:03.503] [FileWatcher-1-thread-1/DEBUG] [net.neoforged.fml.config.ConfigWatcher/CONFIG]: Config file NuclearCraft/common.toml changed, re-loading
[04Mar2026 16:34:03.503] [FileWatcher-1-thread-1/WARN] [net.neoforged.fml.config.ConfigTracker/CONFIG]: Configuration file /Users/caliane/Sources/nuclearcraft/runs/client/config/NuclearCraft/common.toml is not correct. Correcting
[04Mar2026 16:34:05.507] [FileWatcher-1-thread-1/DEBUG] [net.neoforged.fml.config.ConfigWatcher/CONFIG]: Config file NuclearCraft/common.toml changed, re-loading
[04Mar2026 16:34:05.507] [FileWatcher-1-thread-1/WARN] [net.neoforged.fml.config.ConfigTracker/CONFIG]: Configuration file /Users/caliane/Sources/nuclearcraft/runs/client/config/NuclearCraft/common.toml is not correct. Correcting
[04Mar2026 16:34:07.506] [FileWatcher-1-thread-1/DEBUG] [net.neoforged.fml.config.ConfigWatcher/CONFIG]: Config file NuclearCraft/common.toml changed, re-loading
[04Mar2026 16:34:07.506] [FileWatcher-1-thread-1/WARN] [net.neoforged.fml.config.ConfigTracker/CONFIG]: Configuration file /Users/caliane/Sources/nuclearcraft/runs/client/config/NuclearCraft/common.toml is not correct. Correcting
[04Mar2026 16:34:09.508] [FileWatcher-1-thread-1/DEBUG] [net.neoforged.fml.config.ConfigWatcher/CONFIG]: Config file NuclearCraft/common.toml changed, re-loading
[04Mar2026 16:34:09.508] [FileWatcher-1-thread-1/WARN] [net.neoforged.fml.config.ConfigTracker/CONFIG]: Configuration file /Users/caliane/Sources/nuclearcraft/runs/client/config/NuclearCraft/common.toml is not correct. Correcting
[04Mar2026 16:34:11.507] [FileWatcher-1-thread-1/DEBUG] [net.neoforged.fml.config.ConfigWatcher/CONFIG]: Config file NuclearCraft/common.toml changed, re-loading
[04Mar2026 16:34:11.507] [FileWatcher-1-thread-1/WARN] [net.neoforged.fml.config.ConfigTracker/CONFIG]: Configuration file /Users/caliane/Sources/nuclearcraft/runs/client/config/NuclearCraft/common.toml is not correct. Correcting
[04Mar2026 16:34:13.503] [FileWatcher-1-thread-1/DEBUG] [net.neoforged.fml.config.ConfigWatcher/CONFIG]: Config file NuclearCraft/common.toml changed, re-loading
[04Mar2026 16:34:13.503] [FileWatcher-1-thread-1/WARN] [net.neoforged.fml.config.ConfigTracker/CONFIG]: Configuration file /Users/caliane/Sources/nuclearcraft/runs/client/config/NuclearCraft/common.toml is not correct. Correcting
[04Mar2026 16:34:15.505] [FileWatcher-1-thread-1/DEBUG] [net.neoforged.fml.config.ConfigWatcher/CONFIG]: Config file NuclearCraft/common.toml changed, re-loading
[04Mar2026 16:34:15.505] [FileWatcher-1-thread-1/WARN] [net.neoforged.fml.config.ConfigTracker/CONFIG]: Configuration file /Users/caliane/Sources/nuclearcraft/runs/client/config/NuclearCraft/common.toml is not correct. Correcting
[04Mar2026 16:34:17.502] [FileWatcher-1-thread-1/DEBUG] [net.neoforged.fml.config.ConfigWatcher/CONFIG]: Config file NuclearCraft/common.toml changed, re-loading
[04Mar2026 16:34:17.502] [FileWatcher-1-thread-1/WARN] [net.neoforged.fml.config.ConfigTracker/CONFIG]: Configuration file /Users/caliane/Sources/nuclearcraft/runs/client/config/NuclearCraft/common.toml is not correct. Correcting
[04Mar2026 16:34:19.507] [FileWatcher-1-thread-1/DEBUG] [net.neoforged.fml.config.ConfigWatcher/CONFIG]: Config file NuclearCraft/common.toml changed, re-loading
[04Mar2026 16:34:19.508] [FileWatcher-1-thread-1/WARN] [net.neoforged.fml.config.ConfigTracker/CONFIG]: Configuration file /Users/caliane/Sources/nuclearcraft/runs/client/config/NuclearCraft/common.toml is not correct. Correcting
[04Mar2026 16:34:21.505] [FileWatcher-1-thread-1/DEBUG] [net.neoforged.fml.config.ConfigWatcher/CONFIG]: Config file NuclearCraft/common.toml changed, re-loading
[04Mar2026 16:34:21.505] [FileWatcher-1-thread-1/WARN] [net.neoforged.fml.config.ConfigTracker/CONFIG]: Configuration file /Users/caliane/Sources/nuclearcraft/runs/client/config/NuclearCraft/common.toml is not correct. Correcting
[04Mar2026 16:34:23.507] [FileWatcher-1-thread-1/DEBUG] [net.neoforged.fml.config.ConfigWatcher/CONFIG]: Config file NuclearCraft/common.toml changed, re-loading
[04Mar2026 16:34:23.507] [FileWatcher-1-thread-1/WARN] [net.neoforged.fml.config.ConfigTracker/CONFIG]: Configuration file /Users/caliane/Sources/nuclearcraft/runs/client/config/NuclearCraft/common.toml is not correct. Correcting
[04Mar2026 16:34:25.502] [FileWatcher-1-thread-1/DEBUG] [net.neoforged.fml.config.ConfigWatcher/CONFIG]: Config file NuclearCraft/common.toml changed, re-loading
[04Mar2026 16:34:25.502] [FileWatcher-1-thread-1/WARN] [net.neoforged.fml.config.ConfigTracker/CONFIG]: Configuration file /Users/caliane/Sources/nuclearcraft/runs/client/config/NuclearCraft/common.toml is not correct. Correcting
[04Mar2026 16:34:27.509] [FileWatcher-1-thread-1/DEBUG] [net.neoforged.fml.config.ConfigWatcher/CONFIG]: Config file NuclearCraft/common.toml changed, re-loading
[04Mar2026 16:34:27.510] [FileWatcher-1-thread-1/WARN] [net.neoforged.fml.config.ConfigTracker/CONFIG]: Configuration file /Users/caliane/Sources/nuclearcraft/runs/client/config/NuclearCraft/common.toml is not correct. Correcting
[04Mar2026 16:34:29.507] [FileWatcher-1-thread-1/DEBUG] [net.neoforged.fml.config.ConfigWatcher/CONFIG]: Config file NuclearCraft/common.toml changed, re-loading
[04Mar2026 16:34:29.507] [FileWatcher-1-thread-1/WARN] [net.neoforged.fml.config.ConfigTracker/CONFIG]: Configuration file /Users/caliane/Sources/nuclearcraft/runs/client/config/NuclearCraft/common.toml is not correct. Correcting
[04Mar2026 16:34:31.511] [FileWatcher-1-thread-1/DEBUG] [net.neoforged.fml.config.ConfigWatcher/CONFIG]: Config file NuclearCraft/common.toml changed, re-loading
[04Mar2026 16:34:31.512] [FileWatcher-1-thread-1/WARN] [net.neoforged.fml.config.ConfigTracker/CONFIG]: Configuration file /Users/caliane/Sources/nuclearcraft/runs/client/config/NuclearCraft/common.toml is not correct. Correcting
[04Mar2026 16:34:33.505] [FileWatcher-1-thread-1/DEBUG] [net.neoforged.fml.config.ConfigWatcher/CONFIG]: Config file NuclearCraft/common.toml changed, re-loading
[04Mar2026 16:34:33.506] [FileWatcher-1-thread-1/WARN] [net.neoforged.fml.config.ConfigTracker/CONFIG]: Configuration file /Users/caliane/Sources/nuclearcraft/runs/client/config/NuclearCraft/common.toml is not correct. Correcting
[04Mar2026 16:34:35.505] [FileWatcher-1-thread-1/DEBUG] [net.neoforged.fml.config.ConfigWatcher/CONFIG]: Config file NuclearCraft/common.toml changed, re-loading
[04Mar2026 16:34:35.505] [FileWatcher-1-thread-1/WARN] [net.neoforged.fml.config.ConfigTracker/CONFIG]: Configuration file /Users/caliane/Sources/nuclearcraft/runs/client/config/NuclearCraft/common.toml is not correct. Correcting
[04Mar2026 16:34:37.507] [FileWatcher-1-thread-1/DEBUG] [net.neoforged.fml.config.ConfigWatcher/CONFIG]: Config file NuclearCraft/common.toml changed, re-loading
[04Mar2026 16:34:37.507] [FileWatcher-1-thread-1/WARN] [net.neoforged.fml.config.ConfigTracker/CONFIG]: Configuration file /Users/caliane/Sources/nuclearcraft/runs/client/config/NuclearCraft/common.toml is not correct. Correcting
[04Mar2026 16:34:39.507] [FileWatcher-1-thread-1/DEBUG] [net.neoforged.fml.config.ConfigWatcher/CONFIG]: Config file NuclearCraft/common.toml changed, re-loading
[04Mar2026 16:34:39.507] [FileWatcher-1-thread-1/WARN] [net.neoforged.fml.config.ConfigTracker/CONFIG]: Configuration file /Users/caliane/Sources/nuclearcraft/runs/client/config/NuclearCraft/common.toml is not correct. Correcting
[04Mar2026 16:34:41.503] [FileWatcher-1-thread-1/DEBUG] [net.neoforged.fml.config.ConfigWatcher/CONFIG]: Config file NuclearCraft/common.toml changed, re-loading
[04Mar2026 16:34:41.504] [FileWatcher-1-thread-1/WARN] [net.neoforged.fml.config.ConfigTracker/CONFIG]: Configuration file /Users/caliane/Sources/nuclearcraft/runs/client/config/NuclearCraft/common.toml is not correct. Correcting
[04Mar2026 16:34:43.503] [FileWatcher-1-thread-1/DEBUG] [net.neoforged.fml.config.ConfigWatcher/CONFIG]: Config file NuclearCraft/common.toml changed, re-loading
[04Mar2026 16:34:43.503] [FileWatcher-1-thread-1/WARN] [net.neoforged.fml.config.ConfigTracker/CONFIG]: Configuration file /Users/caliane/Sources/nuclearcraft/runs/client/config/NuclearCraft/common.toml is not correct. Correcting
[04Mar2026 16:34:45.502] [FileWatcher-1-thread-1/DEBUG] [net.neoforged.fml.config.ConfigWatcher/CONFIG]: Config file NuclearCraft/common.toml changed, re-loading
[04Mar2026 16:34:45.502] [FileWatcher-1-thread-1/WARN] [net.neoforged.fml.config.ConfigTracker/CONFIG]: Configuration file /Users/caliane/Sources/nuclearcraft/runs/client/config/NuclearCraft/common.toml is not correct. Correcting
[04Mar2026 16:34:47.506] [FileWatcher-1-thread-1/DEBUG] [net.neoforged.fml.config.ConfigWatcher/CONFIG]: Config file NuclearCraft/common.toml changed, re-loading
[04Mar2026 16:34:47.508] [FileWatcher-1-thread-1/WARN] [net.neoforged.fml.config.ConfigTracker/CONFIG]: Configuration file /Users/caliane/Sources/nuclearcraft/runs/client/config/NuclearCraft/common.toml is not correct. Correcting
[04Mar2026 16:34:49.504] [FileWatcher-1-thread-1/DEBUG] [net.neoforged.fml.config.ConfigWatcher/CONFIG]: Config file NuclearCraft/common.toml changed, re-loading
[04Mar2026 16:34:49.505] [FileWatcher-1-thread-1/WARN] [net.neoforged.fml.config.ConfigTracker/CONFIG]: Configuration file /Users/caliane/Sources/nuclearcraft/runs/client/config/NuclearCraft/common.toml is not correct. Correcting
[04Mar2026 16:34:51.509] [FileWatcher-1-thread-1/DEBUG] [net.neoforged.fml.config.ConfigWatcher/CONFIG]: Config file NuclearCraft/common.toml changed, re-loading
[04Mar2026 16:34:51.510] [FileWatcher-1-thread-1/WARN] [net.neoforged.fml.config.ConfigTracker/CONFIG]: Configuration file /Users/caliane/Sources/nuclearcraft/runs/client/config/NuclearCraft/common.toml is not correct. Correcting
[04Mar2026 16:34:53.502] [FileWatcher-1-thread-1/DEBUG] [net.neoforged.fml.config.ConfigWatcher/CONFIG]: Config file NuclearCraft/common.toml changed, re-loading
[04Mar2026 16:34:53.503] [FileWatcher-1-thread-1/WARN] [net.neoforged.fml.config.ConfigTracker/CONFIG]: Configuration file /Users/caliane/Sources/nuclearcraft/runs/client/config/NuclearCraft/common.toml is not correct. Correcting
[04Mar2026 16:34:55.507] [FileWatcher-1-thread-1/DEBUG] [net.neoforged.fml.config.ConfigWatcher/CONFIG]: Config file NuclearCraft/common.toml changed, re-loading
[04Mar2026 16:34:55.507] [FileWatcher-1-thread-1/WARN] [net.neoforged.fml.config.ConfigTracker/CONFIG]: Configuration file /Users/caliane/Sources/nuclearcraft/runs/client/config/NuclearCraft/common.toml is not correct. Correcting
[04Mar2026 16:34:57.506] [FileWatcher-1-thread-1/DEBUG] [net.neoforged.fml.config.ConfigWatcher/CONFIG]: Config file NuclearCraft/common.toml changed, re-loading
[04Mar2026 16:34:57.506] [FileWatcher-1-thread-1/WARN] [net.neoforged.fml.config.ConfigTracker/CONFIG]: Configuration file /Users/caliane/Sources/nuclearcraft/runs/client/config/NuclearCraft/common.toml is not correct. Correcting
[04Mar2026 16:34:59.502] [FileWatcher-1-thread-1/DEBUG] [net.neoforged.fml.config.ConfigWatcher/CONFIG]: Config file NuclearCraft/common.toml changed, re-loading
[04Mar2026 16:34:59.503] [FileWatcher-1-thread-1/WARN] [net.neoforged.fml.config.ConfigTracker/CONFIG]: Configuration file /Users/caliane/Sources/nuclearcraft/runs/client/config/NuclearCraft/common.toml is not correct. Correcting
[04Mar2026 16:35:01.511] [FileWatcher-1-thread-1/DEBUG] [net.neoforged.fml.config.ConfigWatcher/CONFIG]: Config file NuclearCraft/common.toml changed, re-loading
[04Mar2026 16:35:01.511] [FileWatcher-1-thread-1/WARN] [net.neoforged.fml.config.ConfigTracker/CONFIG]: Configuration file /Users/caliane/Sources/nuclearcraft/runs/client/config/NuclearCraft/common.toml is not correct. Correcting
[04Mar2026 16:35:03.504] [FileWatcher-1-thread-1/DEBUG] [net.neoforged.fml.config.ConfigWatcher/CONFIG]: Config file NuclearCraft/common.toml changed, re-loading
[04Mar2026 16:35:03.504] [FileWatcher-1-thread-1/WARN] [net.neoforged.fml.config.ConfigTracker/CONFIG]: Configuration file /Users/caliane/Sources/nuclearcraft/runs/client/config/NuclearCraft/common.toml is not correct. Correcting
[04Mar2026 16:35:05.503] [FileWatcher-1-thread-1/DEBUG] [net.neoforged.fml.config.ConfigWatcher/CONFIG]: Config file NuclearCraft/common.toml changed, re-loading
[04Mar2026 16:35:05.504] [FileWatcher-1-thread-1/WARN] [net.neoforged.fml.config.ConfigTracker/CONFIG]: Configuration file /Users/caliane/Sources/nuclearcraft/runs/client/config/NuclearCraft/common.toml is not correct. Correcting
[04Mar2026 16:35:07.504] [FileWatcher-1-thread-1/DEBUG] [net.neoforged.fml.config.ConfigWatcher/CONFIG]: Config file NuclearCraft/common.toml changed, re-loading
[04Mar2026 16:35:07.504] [FileWatcher-1-thread-1/WARN] [net.neoforged.fml.config.ConfigTracker/CONFIG]: Configuration file /Users/caliane/Sources/nuclearcraft/runs/client/config/NuclearCraft/common.toml is not correct. Correcting
[04Mar2026 16:35:09.503] [FileWatcher-1-thread-1/DEBUG] [net.neoforged.fml.config.ConfigWatcher/CONFIG]: Config file NuclearCraft/common.toml changed, re-loading
[04Mar2026 16:35:09.504] [FileWatcher-1-thread-1/WARN] [net.neoforged.fml.config.ConfigTracker/CONFIG]: Configuration file /Users/caliane/Sources/nuclearcraft/runs/client/config/NuclearCraft/common.toml is not correct. Correcting
[04Mar2026 16:35:11.507] [FileWatcher-1-thread-1/DEBUG] [net.neoforged.fml.config.ConfigWatcher/CONFIG]: Config file NuclearCraft/common.toml changed, re-loading
[04Mar2026 16:35:11.507] [FileWatcher-1-thread-1/WARN] [net.neoforged.fml.config.ConfigTracker/CONFIG]: Configuration file /Users/caliane/Sources/nuclearcraft/runs/client/config/NuclearCraft/common.toml is not correct. Correcting
[04Mar2026 16:35:13.502] [FileWatcher-1-thread-1/DEBUG] [net.neoforged.fml.config.ConfigWatcher/CONFIG]: Config file NuclearCraft/common.toml changed, re-loading
[04Mar2026 16:35:13.502] [FileWatcher-1-thread-1/WARN] [net.neoforged.fml.config.ConfigTracker/CONFIG]: Configuration file /Users/caliane/Sources/nuclearcraft/runs/client/config/NuclearCraft/common.toml is not correct. Correcting
[04Mar2026 16:35:15.507] [FileWatcher-1-thread-1/DEBUG] [net.neoforged.fml.config.ConfigWatcher/CONFIG]: Config file NuclearCraft/common.toml changed, re-loading
[04Mar2026 16:35:15.507] [FileWatcher-1-thread-1/WARN] [net.neoforged.fml.config.ConfigTracker/CONFIG]: Configuration file /Users/caliane/Sources/nuclearcraft/runs/client/config/NuclearCraft/common.toml is not correct. Correcting
[04Mar2026 16:35:17.264] [Render thread/INFO] [net.minecraft.client.Minecraft/]: Stopping!
