[04Mar2026 16:19:20.258] [main/INFO] [cpw.mods.modlauncher.Launcher/MODLAUNCHER]: ModLauncher running: args [--width, 1920, --height, 1080, --launchTarget, forgeclientdev, --version, 21.1.219, --assetIndex, asset-index, --assetsDir, /Users/caliane/.gradle/caches/minecraft/assets, --gameDir, ., --fml.fmlVersion, 4.0.42, --fml.mcVersion, 1.21.1, --fml.neoForgeVersion, 21.1.219, --fml.neoFormVersion, 20240808.144430]
[04Mar2026 16:19:20.260] [main/INFO] [cpw.mods.modlauncher.Launcher/MODLAUNCHER]: JVM identified as Homebrew OpenJDK 64-Bit Server VM 21.0.10
[04Mar2026 16:19:20.260] [main/INFO] [cpw.mods.modlauncher.Launcher/MODLAUNCHER]: ModLauncher 11.0.5+main.901c6ea8 starting: java version 21.0.10 by Homebrew; OS Mac OS X arch aarch64 version 26.2
[04Mar2026 16:19:20.328] [main/INFO] [net.neoforged.fml.loading.ImmediateWindowHandler/]: Loading ImmediateWindowProvider fmlearlywindow
[04Mar2026 16:19:20.503] [main/INFO] [EARLYDISPLAY/]: Trying GL version 4.6
[04Mar2026 16:19:20.573] [main/INFO] [EARLYDISPLAY/]: Trying GL version 4.5
[04Mar2026 16:19:20.588] [main/INFO] [EARLYDISPLAY/]: Trying GL version 4.4
[04Mar2026 16:19:20.603] [main/INFO] [EARLYDISPLAY/]: Trying GL version 4.3
[04Mar2026 16:19:20.620] [main/INFO] [EARLYDISPLAY/]: Trying GL version 4.2
[04Mar2026 16:19:20.641] [main/INFO] [EARLYDISPLAY/]: Trying GL version 4.1
[04Mar2026 16:19:20.671] [main/INFO] [EARLYDISPLAY/]: Requested GL version 4.1 got version 4.1
[04Mar2026 16:19:20.808] [main/INFO] [mixin/]: SpongePowered MIXIN Subsystem Version=0.8.7 Source=union:/Users/caliane/.gradle/caches/modules-2/files-2.1/net.fabricmc/sponge-mixin/0.15.2+mixin.0.8.7/2af2f021d8e02a0220dc27a7a72b4666d66d44ca/sponge-mixin-0.15.2+mixin.0.8.7.jar%23134!/ Service=ModLauncher Env=CLIENT
[04Mar2026 16:19:20.855] [main/INFO] [net.neoforged.fml.loading.moddiscovery.ModDiscoverer/SCAN]: Found mod file "neoforge-21.1.219.jar" [locator: neoforge devenv provider ([/Users/caliane/Sources/nuclearcraft/.gradle/repositories/ng_dummy_ng/net/neoforged/neoforge/21.1.219/neoforge-21.1.219.jar])]
[04Mar2026 16:19:20.870] [main/INFO] [net.neoforged.fml.loading.moddiscovery.ModDiscoverer/SCAN]: Found mod file "neoforge-21.1.219.jar" [locator: neoforge devenv provider ([/Users/caliane/Sources/nuclearcraft/.gradle/repositories/ng_dummy_ng/net/neoforged/neoforge/21.1.219/neoforge-21.1.219.jar])]
[04Mar2026 16:19:20.877] [main/INFO] [net.neoforged.fml.loading.moddiscovery.ModDiscoverer/SCAN]: Found mod file "main" [locator: userdev mods and services, reader: mod manifest]
[04Mar2026 16:19:20.884] [main/INFO] [net.neoforged.fml.loading.moddiscovery.ModDiscoverer/SCAN]: Found mod file "neoforge-21.1.219.jar" [locator: userdev mods and services, reader: mod manifest]
[04Mar2026 16:19:20.890] [main/INFO] [net.neoforged.fml.loading.moddiscovery.ModDiscoverer/SCAN]: Found mod file "Mekanism-1.21.1-10.7.18.84.jar" [locator: userdev mods and services, reader: mod manifest]
[04Mar2026 16:19:20.893] [main/INFO] [net.neoforged.fml.loading.moddiscovery.ModDiscoverer/SCAN]: Found mod file "Mekanism-1.21.1-10.7.18.84-generators.jar" [locator: userdev mods and services, reader: mod manifest]
[04Mar2026 16:19:20.894] [main/INFO] [net.neoforged.fml.loading.moddiscovery.ModDiscoverer/SCAN]: Found mod file "architectury-neoforge-13.0.8.jar" [locator: userdev mods and services, reader: mod manifest]
[04Mar2026 16:19:20.896] [main/INFO] [net.neoforged.fml.loading.moddiscovery.ModDiscoverer/SCAN]: Found mod file "emi-neoforge-1.1.21+1.21.1.jar" [locator: userdev mods and services, reader: mod manifest]
[04Mar2026 16:19:20.898] [pool-2-thread-1/INFO] [EARLYDISPLAY/]: GL info: Apple M3 Ultra GL version 4.1 Metal - 90.5, Apple
[04Mar2026 16:19:20.902] [main/INFO] [net.neoforged.fml.loading.moddiscovery.ModDiscoverer/SCAN]: Found mod file "theoneprobe-1.21_neo-12.0.3-5.jar" [locator: userdev mods and services, reader: mod manifest]
[04Mar2026 16:19:20.905] [main/INFO] [net.neoforged.fml.loading.moddiscovery.ModDiscoverer/SCAN]: Found mod file "cc-tweaked-1.21.1-forge-1.117.0.jar" [locator: userdev mods and services, reader: mod manifest]
[04Mar2026 16:19:20.911] [main/INFO] [net.neoforged.fml.loading.moddiscovery.ModDiscoverer/SCAN]: Found mod file "appliedenergistics2-19.2.17.jar" [locator: userdev mods and services, reader: mod manifest]
[04Mar2026 16:19:20.913] [main/INFO] [net.neoforged.fml.loading.moddiscovery.ModDiscoverer/SCAN]: Found mod file "Patchouli-1.21.1-92-NEOFORGE.jar" [locator: userdev mods and services, reader: mod manifest]
[04Mar2026 16:19:20.915] [main/INFO] [net.neoforged.fml.loading.moddiscovery.ModDiscoverer/SCAN]: Found mod file "guideme-21.1.1.jar" [locator: userdev mods and services, reader: mod manifest]
[04Mar2026 16:19:20.931] [main/INFO] [net.neoforged.fml.loading.moddiscovery.ModDiscoverer/SCAN]: Found gamelibrary file "mixinextras-neoforge-0.5.0.jar" [locator: userdev mods and services, reader: mod manifest]
[04Mar2026 16:19:21.008] [main/WARN] [net.neoforged.jarjar.selection.JarSelector/]: Attempted to select a dependency jar for JarJar which was passed in as source: library:mixinextras.neoforge. Using Mod File: /Users/caliane/.gradle/caches/modules-2/files-2.1/io.github.llamalad7/mixinextras-neoforge/0.5.0/d734b83ce6542bb70ea31755c1595b88992dbe65/mixinextras-neoforge-0.5.0.jar
[04Mar2026 16:19:21.008] [main/INFO] [net.neoforged.fml.loading.moddiscovery.locators.JarInJarDependencyLocator/]: Found 3 dependencies adding them to mods collection
[04Mar2026 16:19:21.008] [main/INFO] [net.neoforged.fml.loading.moddiscovery.ModDiscoverer/SCAN]: Found library file "cobalt-0.9.7.jar" [parent: cc-tweaked-1.21.1-forge-1.117.0.jar, locator: jarinjar]
[04Mar2026 16:19:21.008] [main/INFO] [net.neoforged.fml.loading.moddiscovery.ModDiscoverer/SCAN]: Found library file "jzlib-1.1.3.jar" [parent: cc-tweaked-1.21.1-forge-1.117.0.jar, locator: jarinjar]
[04Mar2026 16:19:21.008] [main/INFO] [net.neoforged.fml.loading.moddiscovery.ModDiscoverer/SCAN]: Found library file "net.neoforged.neoforge-coremods-21.1.219.jar" [parent: neoforge-21.1.219.jar, locator: jarinjar, reader: mod manifest]
[04Mar2026 16:19:21.009] [main/INFO] [net.neoforged.fml.loading.moddiscovery.ModDiscoverer/]: 
     Mod List:
		Name Version (Mod Id)

		Applied Energistics 2 19.2.17 (ae2)
		Architectury 13.0.8 (architectury)
		CC: Tweaked 1.117.0 (computercraft)
		EMI 1.1.21+1.21.1+neoforge (emi)
		GuideME 21.1.1 (guideme)
		Mekanism 10.7.18 (mekanism)
		Mekanism: Generators 10.7.18 (mekanismgenerators)
		Minecraft 1.21.1 (minecraft)
		NeoForge 21.1.219 (neoforge)
		Nuclearcraft Neoteric 1.3.0 (nuclearcraft)
		Patchouli 1.21.1-92-NEOFORGE (patchouli)
		The One Probe 1.21_neo-12.0.3-5 (theoneprobe)
[04Mar2026 16:19:21.353] [main/INFO] [mixin/]: Compatibility level set to JAVA_17
[04Mar2026 16:19:21.356] [main/INFO] [mixin/]: Compatibility level set to JAVA_21
[04Mar2026 16:19:21.366] [main/INFO] [cpw.mods.modlauncher.LaunchServiceHandler/MODLAUNCHER]: Launching target 'forgeclientdev' with arguments [--version, 21.1.219, --gameDir, ., --assetsDir, /Users/caliane/.gradle/caches/minecraft/assets, --width, 1920, --height, 1080, --assetIndex, asset-index]
[04Mar2026 16:19:21.390] [main/WARN] [mixin/]: Reference map 'patchouli.refmap.json' for patchouli_xplat.mixins.json could not be read. If this is a development environment you can ignore this message
[04Mar2026 16:19:21.521] [main/WARN] [mixin/]: Error loading class: mezz/jei/library/load/PluginCaller (java.lang.ClassNotFoundException: mezz.jei.library.load.PluginCaller)
[04Mar2026 16:19:21.676] [main/INFO] [MixinExtras|Service/]: Initializing MixinExtras via com.llamalad7.mixinextras.service.MixinExtrasServiceImpl(version=0.5.0).
[04Mar2026 16:19:22.584] [Datafixer Bootstrap/INFO] [com.mojang.datafixers.DataFixerBuilder/]: 229 Datafixer optimizations took 184 milliseconds
[04Mar2026 16:19:26.730] [main/WARN] [net.minecraft.commands.Commands/]: Ambiguity between arguments [teleport, location] and [teleport, destination] with inputs: [0.1 -0.5 .9, 0 0 0]
[04Mar2026 16:19:26.731] [main/WARN] [net.minecraft.commands.Commands/]: Ambiguity between arguments [teleport, location] and [teleport, targets] with inputs: [0.1 -0.5 .9, 0 0 0]
[04Mar2026 16:19:26.733] [main/WARN] [net.minecraft.commands.Commands/]: Ambiguity between arguments [teleport, destination] and [teleport, targets] with inputs: [Player, 0123, @e, dd12be42-52a9-4a91-a8a1-11c01849e498]
[04Mar2026 16:19:26.733] [main/WARN] [net.minecraft.commands.Commands/]: Ambiguity between arguments [teleport, targets] and [teleport, destination] with inputs: [Player, 0123, dd12be42-52a9-4a91-a8a1-11c01849e498]
[04Mar2026 16:19:26.734] [main/WARN] [net.minecraft.commands.Commands/]: Ambiguity between arguments [teleport, targets, location] and [teleport, targets, destination] with inputs: [0.1 -0.5 .9, 0 0 0]
[04Mar2026 16:19:26.776] [Render thread/WARN] [net.minecraft.server.packs.VanillaPackResourcesBuilder/]: Assets URL 'union:/Users/caliane/Sources/nuclearcraft/.gradle/repositories/ng_dummy_ng/net/neoforged/neoforge/21.1.219/neoforge-21.1.219.jar%23188!/assets/.mcassetsroot' uses unexpected schema
[04Mar2026 16:19:26.776] [Render thread/WARN] [net.minecraft.server.packs.VanillaPackResourcesBuilder/]: Assets URL 'union:/Users/caliane/Sources/nuclearcraft/.gradle/repositories/ng_dummy_ng/net/neoforged/neoforge/21.1.219/neoforge-21.1.219.jar%23188!/data/.mcassetsroot' uses unexpected schema
[04Mar2026 16:19:26.803] [Render thread/INFO] [com.mojang.authlib.yggdrasil.YggdrasilAuthenticationService/]: Environment: Environment[sessionHost=https://sessionserver.mojang.com, servicesHost=https://api.minecraftservices.com, name=PROD]
[04Mar2026 16:19:26.808] [Render thread/INFO] [net.minecraft.client.Minecraft/]: Setting user: Dev
[04Mar2026 16:19:26.858] [Render thread/INFO] [net.minecraft.client.Minecraft/]: Backend library: LWJGL version 3.3.3+5
[04Mar2026 16:19:27.146] [modloading-worker-0/INFO] [igentuman.nc.NuclearCraft/]: JAR file path: /Users/caliane/Sources/nuclearcraft/build/resources/main
[04Mar2026 16:19:27.148] [modloading-worker-0/INFO] [igentuman.nc.NuclearCraft/]: JAR file path: /Users/caliane/Sources/nuclearcraft/build/resources/main
[04Mar2026 16:19:27.149] [modloading-worker-0/INFO] [igentuman.nc.NuclearCraft/]: JAR file path: /Users/caliane/Sources/nuclearcraft/build/resources/main
[04Mar2026 16:19:27.164] [modloading-worker-0/INFO] [net.neoforged.neoforge.common.NeoForgeMod/NEOFORGE-MOD]: NeoForge mod loading, version 21.1.219, for MC 1.21.1
[04Mar2026 16:19:27.182] [modloading-worker-0/WARN] [AE2:C/]: Unable to find class com.simibubi.create.foundation.ponder.PonderWorld. Integration with PonderJS disabled.
[04Mar2026 16:19:29.009] [modloading-sync-worker/WARN] [net.neoforged.fml.config.ConfigTracker/CONFIG]: Configuration file /Users/caliane/Sources/nuclearcraft/runs/client/config/NuclearCraft/common.toml is not correct. Correcting
[04Mar2026 16:19:29.278] [Render thread/INFO] [net.neoforged.neoforge.gametest.GameTestHooks/]: Enabled Gametest Namespaces: [nuclearcraft]
[04Mar2026 16:19:29.972] [Render thread/INFO] [net.minecraft.server.packs.resources.ReloadableResourceManager/]: Reloading ResourceManager: vanilla, mod_resources, mod/emi, mod/theoneprobe, mod/mekanism, mod/patchouli, mod/guideme, mod/architectury, mod/computercraft, mod/neoforge, mod/nuclearcraft, mod/mekanismgenerators, mod/ae2
[04Mar2026 16:19:29.981] [Worker-Main-2/INFO] [mekanism.common.Mekanism/]: Version 10.7.18 initializing...
[04Mar2026 16:19:30.011] [NeoForge Version Check/INFO] [net.neoforged.fml.VersionChecker/]: [computercraft] Starting version check at https://api.modrinth.com/updates/cc-tweaked/forge_updates.json
[04Mar2026 16:19:30.055] [Worker-Main-9/INFO] [net.minecraft.client.gui.font.providers.UnihexProvider/]: Found unifont_all_no_pua-15.1.05.hex, loading
[04Mar2026 16:19:30.055] [Worker-Main-11/INFO] [net.minecraft.client.gui.font.providers.UnihexProvider/]: Found unifont_jp_patch-15.1.05.hex, loading
[04Mar2026 16:19:30.153] [Worker-Main-2/INFO] [mekanism.common.Mekanism/]: Initialized HolidayManager.
[04Mar2026 16:19:30.179] [Worker-Main-2/INFO] [mekanism.common.Mekanism/]: Fake player readout: UUID = 46e82cd0-d480-3d48-800a-77431ede078e, name = [Mekanism]
[04Mar2026 16:19:30.179] [Worker-Main-2/INFO] [mekanism.common.Mekanism/]: Mod loaded.
[04Mar2026 16:19:30.179] [Worker-Main-2/INFO] [mekanism.common.Mekanism/]: Loaded 'Mekanism: Generators' module.
[04Mar2026 16:19:30.440] [Render thread/INFO] [igentuman.nc.client.RuntimeFuelModelGenerator/]: ============================================================
[04Mar2026 16:19:30.440] [Render thread/INFO] [igentuman.nc.client.RuntimeFuelModelGenerator/]: Starting runtime fuel model generation...
[04Mar2026 16:19:30.440] [Render thread/INFO] [igentuman.nc.client.RuntimeFuelModelGenerator/]: ============================================================
[04Mar2026 16:19:30.441] [Render thread/INFO] [igentuman.nc.client.RuntimeFuelModelGenerator/]: ✓ Created directory structure
[04Mar2026 16:19:30.442] [Render thread/INFO] [igentuman.nc.client.RuntimeFuelModelGenerator/]: No custom fuels registered - skipping texture generation
[04Mar2026 16:19:30.443] [Render thread/INFO] [igentuman.nc.client.RuntimeFuelModelGenerator/]: No custom fuels registered - skipping model generation
[04Mar2026 16:19:30.445] [Render thread/INFO] [igentuman.nc.client.RuntimeFuelModelGenerator/]: ✓ Created texture README at: /Users/caliane/Sources/nuclearcraft/runs/client/kubejs/assets/nuclearcraft/textures/item/fuel/readme.txt
[04Mar2026 16:19:30.445] [Render thread/INFO] [igentuman.nc.client.RuntimeFuelModelGenerator/]: No custom fuels to add to language file
[04Mar2026 16:19:30.445] [Render thread/INFO] [igentuman.nc.client.RuntimeFuelModelGenerator/]: ============================================================
[04Mar2026 16:19:30.445] [Render thread/INFO] [igentuman.nc.client.RuntimeFuelModelGenerator/]: ✓ Generated 0 model files
[04Mar2026 16:19:30.445] [Render thread/INFO] [igentuman.nc.client.RuntimeFuelModelGenerator/]: ✓ Generated 0 texture files
[04Mar2026 16:19:30.445] [Render thread/INFO] [igentuman.nc.client.RuntimeFuelModelGenerator/]: ============================================================
[04Mar2026 16:19:30.445] [Render thread/INFO] [igentuman.nc.client.RuntimeFuelModelGenerator/]: Next steps:
[04Mar2026 16:19:30.446] [Render thread/INFO] [igentuman.nc.client.RuntimeFuelModelGenerator/]:   1. Press F3+T in-game to reload resources
[04Mar2026 16:19:30.446] [Render thread/INFO] [igentuman.nc.client.RuntimeFuelModelGenerator/]: ============================================================
[04Mar2026 16:19:30.567] [NeoForge Version Check/INFO] [net.neoforged.fml.VersionChecker/]: [computercraft] Found status: BETA Current: 1.117.0 Target: null
[04Mar2026 16:19:31.508] [FileWatcher-1-thread-1/WARN] [net.neoforged.fml.config.ConfigTracker/CONFIG]: Configuration file /Users/caliane/Sources/nuclearcraft/runs/client/config/NuclearCraft/common.toml is not correct. Correcting
[04Mar2026 16:19:32.039] [Render thread/WARN] [net.minecraft.client.sounds.SoundEngine/]: Missing sound for event: minecraft:item.goat_horn.play
[04Mar2026 16:19:32.039] [Render thread/WARN] [net.minecraft.client.sounds.SoundEngine/]: Missing sound for event: minecraft:entity.goat.screaming.horn_break
[04Mar2026 16:19:32.945] [Render thread/INFO] [com.mojang.blaze3d.audio.Library/]: OpenAL initialized on device Sonos Ace
[04Mar2026 16:19:32.946] [Render thread/INFO] [net.minecraft.client.sounds.SoundEngine/SOUNDS]: Sound engine started
[04Mar2026 16:19:32.997] [Render thread/INFO] [net.minecraft.client.renderer.texture.TextureAtlas/]: Created: 2048x2048x4 minecraft:textures/atlas/blocks.png-atlas
[04Mar2026 16:19:33.025] [Render thread/INFO] [net.minecraft.client.renderer.texture.TextureAtlas/]: Created: 256x256x4 minecraft:textures/atlas/signs.png-atlas
[04Mar2026 16:19:33.025] [Render thread/INFO] [net.minecraft.client.renderer.texture.TextureAtlas/]: Created: 512x512x4 minecraft:textures/atlas/shield_patterns.png-atlas
[04Mar2026 16:19:33.026] [Render thread/INFO] [net.minecraft.client.renderer.texture.TextureAtlas/]: Created: 512x512x4 minecraft:textures/atlas/banner_patterns.png-atlas
[04Mar2026 16:19:33.026] [Render thread/INFO] [net.minecraft.client.renderer.texture.TextureAtlas/]: Created: 1024x1024x4 minecraft:textures/atlas/armor_trims.png-atlas
[04Mar2026 16:19:33.030] [Render thread/INFO] [net.minecraft.client.renderer.texture.TextureAtlas/]: Created: 256x256x4 minecraft:textures/atlas/chest.png-atlas
[04Mar2026 16:19:33.030] [Render thread/INFO] [net.minecraft.client.renderer.texture.TextureAtlas/]: Created: 128x64x4 minecraft:textures/atlas/decorated_pot.png-atlas
[04Mar2026 16:19:33.031] [Render thread/INFO] [net.minecraft.client.renderer.texture.TextureAtlas/]: Created: 512x256x4 minecraft:textures/atlas/beds.png-atlas
[04Mar2026 16:19:33.031] [Render thread/INFO] [net.minecraft.client.renderer.texture.TextureAtlas/]: Created: 512x256x4 minecraft:textures/atlas/shulker_boxes.png-atlas
[04Mar2026 16:19:33.111] [Render thread/INFO] [net.minecraft.client.renderer.texture.TextureAtlas/]: Created: 2048x1024x0 minecraft:textures/atlas/particles.png-atlas
[04Mar2026 16:19:33.113] [Render thread/INFO] [net.minecraft.client.renderer.texture.TextureAtlas/]: Created: 512x256x0 minecraft:textures/atlas/paintings.png-atlas
[04Mar2026 16:19:33.113] [Render thread/INFO] [net.minecraft.client.renderer.texture.TextureAtlas/]: Created: 256x128x0 minecraft:textures/atlas/mob_effects.png-atlas
[04Mar2026 16:19:33.113] [Render thread/INFO] [net.minecraft.client.renderer.texture.TextureAtlas/]: Created: 64x64x0 minecraft:textures/atlas/map_decorations.png-atlas
[04Mar2026 16:19:33.113] [Render thread/INFO] [net.minecraft.client.renderer.texture.TextureAtlas/]: Created: 1024x512x0 minecraft:textures/atlas/gui.png-atlas
[04Mar2026 16:19:33.146] [Render thread/WARN] [net.minecraft.client.renderer.ShaderInstance/]: Shader rendertype_entity_translucent_emissive could not find sampler named Sampler2 in the specified shader program.
[04Mar2026 16:19:33.217] [Render thread/INFO] [net.minecraft.client.renderer.texture.TextureAtlas/]: Created: 512x256x0 mekanism:textures/atlas/robit.png-atlas
[04Mar2026 16:19:33.219] [Render thread/INFO] [patchouli/]: BookContentResourceListenerLoader preloaded 75 jsons
[04Mar2026 16:19:33.219] [Render thread/INFO] [guideme.internal.GuideReloadListener/]: Data driven guides: []
[04Mar2026 16:19:33.228] [Render thread/INFO] [net.neoforged.neoforge.client.entity.animation.json.AnimationLoader/]: Loaded 0 entity animations
[04Mar2026 16:19:33.501] [FileWatcher-1-thread-1/WARN] [net.neoforged.fml.config.ConfigTracker/CONFIG]: Configuration file /Users/caliane/Sources/nuclearcraft/runs/client/config/NuclearCraft/common.toml is not correct. Correcting
[04Mar2026 16:19:35.502] [FileWatcher-1-thread-1/WARN] [net.neoforged.fml.config.ConfigTracker/CONFIG]: Configuration file /Users/caliane/Sources/nuclearcraft/runs/client/config/NuclearCraft/common.toml is not correct. Correcting
[04Mar2026 16:19:36.661] [Worker-Main-1/INFO] [AE2:C/]: Scanning class appeng.server.testplots.AutoCraftingTestPlots for plots
[04Mar2026 16:19:36.662] [Worker-Main-1/INFO] [AE2:C/]: Scanning class appeng.server.testplots.SpawnExtraGridTestTools for plots
[04Mar2026 16:19:36.662] [Worker-Main-1/INFO] [AE2:C/]: Scanning class appeng.server.testplots.PatternProviderPlots for plots
[04Mar2026 16:19:36.662] [Worker-Main-1/INFO] [AE2:C/]: Scanning class appeng.server.testplots.CrystalResonanceGeneratorTestPlots for plots
[04Mar2026 16:19:36.662] [Worker-Main-1/INFO] [AE2:C/]: Scanning class appeng.server.testplots.InterfaceTestPlots for plots
[04Mar2026 16:19:36.662] [Worker-Main-1/INFO] [AE2:C/]: Scanning class appeng.server.testplots.PatternProviderLockModePlots for plots
[04Mar2026 16:19:36.663] [Worker-Main-1/INFO] [AE2:C/]: Scanning class appeng.server.testplots.ItemP2PTestPlots for plots
[04Mar2026 16:19:36.663] [Worker-Main-1/INFO] [AE2:C/]: Scanning class appeng.server.testplots.InvalidPatternTestPlot for plots
[04Mar2026 16:19:36.663] [Worker-Main-1/INFO] [AE2:C/]: Scanning class appeng.server.testplots.MemoryCardTestPlots for plots
[04Mar2026 16:19:36.663] [Worker-Main-1/INFO] [AE2:C/]: Scanning class appeng.server.testplots.AnnihilationPlaneTests for plots
[04Mar2026 16:19:36.663] [Worker-Main-1/INFO] [AE2:C/]: Scanning class appeng.server.testplots.InscriberTestPlots for plots
[04Mar2026 16:19:36.665] [Worker-Main-1/INFO] [AE2:C/]: Scanning class appeng.server.testplots.GuidebookPlot for plots
[04Mar2026 16:19:36.665] [Worker-Main-1/INFO] [AE2:C/]: Scanning class appeng.server.testplots.SubnetPlots for plots
[04Mar2026 16:19:36.665] [Worker-Main-1/INFO] [AE2:C/]: Scanning class appeng.server.testplots.P2PTestPlots for plots
[04Mar2026 16:19:36.665] [Worker-Main-1/INFO] [AE2:C/]: Scanning class appeng.server.testplots.QnbTestPlots for plots
[04Mar2026 16:19:36.666] [Worker-Main-1/INFO] [AE2:C/]: Scanning class appeng.server.testplots.ExternalEnergyTestPlots for plots
[04Mar2026 16:19:36.666] [Worker-Main-1/INFO] [AE2:C/]: Scanning class appeng.server.testplots.ChannelTests for plots
[04Mar2026 16:19:36.666] [Worker-Main-1/INFO] [AE2:C/]: Scanning class appeng.server.testplots.TestPlots for plots
[04Mar2026 16:19:36.666] [Worker-Main-1/INFO] [AE2:C/]: Scanning class appeng.server.testplots.SpatialTestPlots for plots
[04Mar2026 16:19:37.021] [Render thread/INFO] [net.minecraft.world.item.crafting.RecipeManager/]: Loaded 6562 recipes
[04Mar2026 16:19:37.136] [Render thread/INFO] [net.minecraft.advancements.AdvancementTree/]: Loaded 2838 advancements
[04Mar2026 16:19:37.501] [FileWatcher-1-thread-1/WARN] [net.neoforged.fml.config.ConfigTracker/CONFIG]: Configuration file /Users/caliane/Sources/nuclearcraft/runs/client/config/NuclearCraft/common.toml is not correct. Correcting
[04Mar2026 16:19:37.546] [Render thread/INFO] [EMI/]: [EMI] Recipes synchronized, waiting for tags to reload EMI...
[04Mar2026 16:19:38.734] [Render thread/INFO] [net.minecraft.client.gui.screens.ConnectScreen/]: Connecting to 127.0.0.1, 25565
[04Mar2026 16:19:39.338] [Render thread/INFO] [EMI/]: [EMI] Recipes synchronized, waiting for tags to reload EMI...
[04Mar2026 16:19:39.503] [FileWatcher-1-thread-1/WARN] [net.neoforged.fml.config.ConfigTracker/CONFIG]: Configuration file /Users/caliane/Sources/nuclearcraft/runs/client/config/NuclearCraft/common.toml is not correct. Correcting
[04Mar2026 16:19:39.539] [Render thread/INFO] [EMI/]: [EMI] Tags synchronized, reloading EMI
[04Mar2026 16:19:39.539] [Render thread/INFO] [EMI/]: [EMI] Starting Reload
[04Mar2026 16:19:39.540] [Thread-9/INFO] [EMI/]: [EMI] Starting EMI reload...
[04Mar2026 16:19:39.540] [Thread-9/INFO] [EMI/]: [EMI] Clearing data
[04Mar2026 16:19:39.572] [Thread-9/INFO] [EMI/]: [EMI] Initializing plugin from emi
[04Mar2026 16:19:39.575] [Thread-9/INFO] [EMI/]: [EMI] Initialized plugin from emi in 2ms
[04Mar2026 16:19:39.575] [Thread-9/INFO] [EMI/]: [EMI] Initializing plugin from mekanism
[04Mar2026 16:19:39.575] [Thread-9/INFO] [EMI/]: [EMI] Initialized plugin from mekanism in 0ms
[04Mar2026 16:19:39.575] [Thread-9/INFO] [EMI/]: [EMI] Initializing plugin from computercraft
[04Mar2026 16:19:39.575] [Thread-9/INFO] [EMI/]: [EMI] Initialized plugin from computercraft in 0ms
[04Mar2026 16:19:39.575] [Thread-9/INFO] [EMI/]: [EMI] Initializing plugin from nuclearcraft
[04Mar2026 16:19:39.575] [Thread-9/INFO] [EMI/]: [EMI] Initialized plugin from nuclearcraft in 0ms
[04Mar2026 16:19:39.575] [Thread-9/INFO] [EMI/]: [EMI] Initializing plugin from mekanismgenerators
[04Mar2026 16:19:39.576] [Thread-9/INFO] [EMI/]: [EMI] Initialized plugin from mekanismgenerators in 0ms
[04Mar2026 16:19:39.576] [Thread-9/INFO] [EMI/]: [EMI] Initializing plugin from ae2
[04Mar2026 16:19:39.576] [Thread-9/INFO] [EMI/]: [EMI] Initialized plugin from ae2 in 0ms
[04Mar2026 16:19:39.577] [Thread-9/INFO] [EMI/]: [EMI] Processing tags
[04Mar2026 16:19:39.583] [Render thread/INFO] [net.minecraft.advancements.AdvancementTree/]: Loaded 43 advancements
[04Mar2026 16:19:39.585] [Thread-9/ERROR] [EMI/]: [EMI] Untranslated tag #ae2:all_certus_quartz
[04Mar2026 16:19:39.585] [Thread-9/ERROR] [EMI/]: [EMI] Untranslated tag #ae2:all_fluix
[04Mar2026 16:19:39.585] [Thread-9/ERROR] [EMI/]: [EMI] Untranslated tag #ae2:all_nether_quartz
[04Mar2026 16:19:39.585] [Thread-9/ERROR] [EMI/]: [EMI] Untranslated tag #ae2:all_quartz
[04Mar2026 16:19:39.585] [Thread-9/ERROR] [EMI/]: [EMI] Untranslated tag #ae2:all_quartz_dust
[04Mar2026 16:19:39.586] [Thread-9/ERROR] [EMI/]: [EMI] Untranslated tag #ae2:can_remove_color
[04Mar2026 16:19:39.586] [Thread-9/ERROR] [EMI/]: [EMI] Untranslated tag #ae2:covered_cable
[04Mar2026 16:19:39.586] [Thread-9/ERROR] [EMI/]: [EMI] Untranslated tag #ae2:covered_dense_cable
[04Mar2026 16:19:39.586] [Thread-9/ERROR] [EMI/]: [EMI] Untranslated tag #ae2:glass_cable
[04Mar2026 16:19:39.586] [Thread-9/ERROR] [EMI/]: [EMI] Untranslated tag #ae2:illuminated_panel
[04Mar2026 16:19:39.586] [Thread-9/ERROR] [EMI/]: [EMI] Untranslated tag #ae2:inscriber_presses
[04Mar2026 16:19:39.586] [Thread-9/ERROR] [EMI/]: [EMI] Untranslated tag #ae2:interface
[04Mar2026 16:19:39.586] [Thread-9/ERROR] [EMI/]: [EMI] Untranslated tag #ae2:knife
[04Mar2026 16:19:39.586] [Thread-9/ERROR] [EMI/]: [EMI] Untranslated tag #ae2:lumen_paint_balls
[04Mar2026 16:19:39.586] [Thread-9/ERROR] [EMI/]: [EMI] Untranslated tag #ae2:metal_ingots
[04Mar2026 16:19:39.586] [Thread-9/ERROR] [EMI/]: [EMI] Untranslated tag #ae2:p2p_attunements/fe_p2p_tunnel
[04Mar2026 16:19:39.586] [Thread-9/ERROR] [EMI/]: [EMI] Untranslated tag #ae2:p2p_attunements/fluid_p2p_tunnel
[04Mar2026 16:19:39.586] [Thread-9/ERROR] [EMI/]: [EMI] Untranslated tag #ae2:p2p_attunements/item_p2p_tunnel
[04Mar2026 16:19:39.586] [Thread-9/ERROR] [EMI/]: [EMI] Untranslated tag #ae2:p2p_attunements/light_p2p_tunnel
[04Mar2026 16:19:39.586] [Thread-9/ERROR] [EMI/]: [EMI] Untranslated tag #ae2:p2p_attunements/me_p2p_tunnel
[04Mar2026 16:19:39.586] [Thread-9/ERROR] [EMI/]: [EMI] Untranslated tag #ae2:p2p_attunements/redstone_p2p_tunnel
[04Mar2026 16:19:39.586] [Thread-9/ERROR] [EMI/]: [EMI] Untranslated tag #ae2:paint_balls
[04Mar2026 16:19:39.586] [Thread-9/ERROR] [EMI/]: [EMI] Untranslated tag #ae2:pattern_provider
[04Mar2026 16:19:39.586] [Thread-9/ERROR] [EMI/]: [EMI] Untranslated tag #ae2:quartz_axe
[04Mar2026 16:19:39.586] [Thread-9/ERROR] [EMI/]: [EMI] Untranslated tag #ae2:quartz_hoe
[04Mar2026 16:19:39.586] [Thread-9/ERROR] [EMI/]: [EMI] Untranslated tag #ae2:quartz_pickaxe
[04Mar2026 16:19:39.586] [Thread-9/ERROR] [EMI/]: [EMI] Untranslated tag #ae2:quartz_shovel
[04Mar2026 16:19:39.586] [Render thread/INFO] [patchouli/]: BookContentResourceListenerLoader: Files found in 196.6 μs
[04Mar2026 16:19:39.586] [Thread-9/ERROR] [EMI/]: [EMI] Untranslated tag #ae2:quartz_sword
[04Mar2026 16:19:39.587] [Thread-9/ERROR] [EMI/]: [EMI] Untranslated tag #ae2:quartz_wrench
[04Mar2026 16:19:39.587] [Thread-9/ERROR] [EMI/]: [EMI] Untranslated tag #ae2:smart_cable
[04Mar2026 16:19:39.587] [Thread-9/ERROR] [EMI/]: [EMI] Untranslated tag #ae2:smart_dense_cable
[04Mar2026 16:19:39.587] [Thread-9/ERROR] [EMI/]: [EMI] Untranslated tag #c:dusts/certus_quartz
[04Mar2026 16:19:39.587] [Thread-9/ERROR] [EMI/]: [EMI] Untranslated tag #c:dusts/ender_pearl
[04Mar2026 16:19:39.587] [Thread-9/ERROR] [EMI/]: [EMI] Untranslated tag #c:dusts/fluix
[04Mar2026 16:19:39.587] [Thread-9/ERROR] [EMI/]: [EMI] Untranslated tag #c:dusts/sky_stone
[04Mar2026 16:19:39.587] [Thread-9/ERROR] [EMI/]: [EMI] Untranslated tag #c:gems/certus_quartz
[04Mar2026 16:19:39.587] [Thread-9/ERROR] [EMI/]: [EMI] Untranslated tag #c:gems/fluix
[04Mar2026 16:19:39.587] [Thread-9/ERROR] [EMI/]: [EMI] Untranslated tag #c:silicon
[04Mar2026 16:19:39.587] [Thread-9/ERROR] [EMI/]: [EMI] Untranslated tag #c:storage_blocks/certus_quartz
[04Mar2026 16:19:39.587] [Thread-9/ERROR] [EMI/]: [EMI] Untranslated tag #curios:curio
[04Mar2026 16:19:39.587] [Thread-9/INFO] [EMI/]: [EMI]  Tag warning can be disabled in the config, EMI docs describe how to add a translation or exclude tags.
[04Mar2026 16:19:39.589] [Render thread/INFO] [patchouli/]: BookContentResourceListenerLoader: Files found in 189.3 μs
[04Mar2026 16:19:39.604] [Render thread/INFO] [patchouli/]: BookContentResourceListenerLoader: Files found in 152.5 μs
[04Mar2026 16:19:39.643] [Thread-9/INFO] [EMI/]: [EMI] Constructing index
[04Mar2026 16:19:39.653] [Thread-9/INFO] [EMI/]: [EMI] Reloading item groups on client thread...
[04Mar2026 16:19:39.929] [Thread-9/INFO] [EMI/]: [EMI] Reloading item groups on client thread took 276ms
[04Mar2026 16:19:39.959] [Thread-9/INFO] [EMI/]: [EMI] Loading plugin from emi
[04Mar2026 16:19:40.142] [Thread-9/INFO] [EMI/]: [EMI] Reloaded plugin from emi in 183ms
[04Mar2026 16:19:40.142] [Thread-9/INFO] [EMI/]: [EMI] Loading plugin from mekanism
[04Mar2026 16:19:40.209] [Thread-9/INFO] [EMI/]: [EMI] Reloaded plugin from mekanism in 67ms
[04Mar2026 16:19:40.209] [Thread-9/INFO] [EMI/]: [EMI] Loading plugin from computercraft
[04Mar2026 16:19:40.210] [Thread-9/INFO] [EMI/]: [EMI] Reloaded plugin from computercraft in 1ms
[04Mar2026 16:19:40.210] [Thread-9/INFO] [EMI/]: [EMI] Loading plugin from nuclearcraft
[04Mar2026 16:19:40.251] [Thread-9/INFO] [EMI/]: [EMI] Reloaded plugin from nuclearcraft in 41ms
[04Mar2026 16:19:40.252] [Thread-9/INFO] [EMI/]: [EMI] Loading plugin from mekanismgenerators
[04Mar2026 16:19:40.254] [Thread-9/INFO] [EMI/]: [EMI] Reloaded plugin from mekanismgenerators in 2ms
[04Mar2026 16:19:40.254] [Thread-9/INFO] [EMI/]: [EMI] Loading plugin from ae2
[04Mar2026 16:19:40.270] [Thread-9/INFO] [EMI/]: [EMI] Reloaded plugin from ae2 in 16ms
[04Mar2026 16:19:40.270] [Thread-9/INFO] [EMI/]: [EMI] Baking index
[04Mar2026 16:19:40.326] [Thread-9/INFO] [EMI/]: [EMI] Registering late recipes
[04Mar2026 16:19:40.335] [Thread-9/INFO] [EMI/]: [EMI] Baking recipes
[04Mar2026 16:19:40.417] [Thread-9/ERROR] [EMI/]: [EMI] Recipe mekanism:info/heavy_water not present in recipe manager. Consider prefixing its path with '/' if it is synthetic.
[04Mar2026 16:19:40.417] [Thread-9/ERROR] [EMI/]: [EMI] Recipe mekanism:info/module_installation not present in recipe manager. Consider prefixing its path with '/' if it is synthetic.
[04Mar2026 16:19:40.538] [Thread-9/INFO] [EMI/]: [EMI] Baked 10806 recipes in 200ms
[04Mar2026 16:19:40.543] [Thread-9/INFO] [EMI/]: [EMI] Baking search
[04Mar2026 16:19:40.568] [Thread-11/ERROR] [EMI/]: [EMI] Recipe mekanism:info/heavy_water not present in recipe manager. Consider prefixing its path with '/' if it is synthetic.
[04Mar2026 16:19:40.568] [Thread-11/ERROR] [EMI/]: [EMI] Recipe mekanism:info/module_installation not present in recipe manager. Consider prefixing its path with '/' if it is synthetic.
[04Mar2026 16:19:40.646] [Thread-11/INFO] [EMI/]: [EMI] Baked recipes after reload in 110ms
[04Mar2026 16:19:40.856] [Thread-9/INFO] [EMI/]: [EMI] Finishing up
[04Mar2026 16:19:40.869] [Thread-9/INFO] [EMI/]: [EMI] Reloaded EMI in 1328ms
[04Mar2026 16:19:41.502] [FileWatcher-1-thread-1/WARN] [net.neoforged.fml.config.ConfigTracker/CONFIG]: Configuration file /Users/caliane/Sources/nuclearcraft/runs/client/config/NuclearCraft/common.toml is not correct. Correcting
[04Mar2026 16:19:43.502] [FileWatcher-1-thread-1/WARN] [net.neoforged.fml.config.ConfigTracker/CONFIG]: Configuration file /Users/caliane/Sources/nuclearcraft/runs/client/config/NuclearCraft/common.toml is not correct. Correcting
[04Mar2026 16:19:45.502] [FileWatcher-1-thread-1/WARN] [net.neoforged.fml.config.ConfigTracker/CONFIG]: Configuration file /Users/caliane/Sources/nuclearcraft/runs/client/config/NuclearCraft/common.toml is not correct. Correcting
[04Mar2026 16:19:47.501] [FileWatcher-1-thread-1/WARN] [net.neoforged.fml.config.ConfigTracker/CONFIG]: Configuration file /Users/caliane/Sources/nuclearcraft/runs/client/config/NuclearCraft/common.toml is not correct. Correcting
[04Mar2026 16:19:49.501] [FileWatcher-1-thread-1/WARN] [net.neoforged.fml.config.ConfigTracker/CONFIG]: Configuration file /Users/caliane/Sources/nuclearcraft/runs/client/config/NuclearCraft/common.toml is not correct. Correcting
[04Mar2026 16:19:51.501] [FileWatcher-1-thread-1/WARN] [net.neoforged.fml.config.ConfigTracker/CONFIG]: Configuration file /Users/caliane/Sources/nuclearcraft/runs/client/config/NuclearCraft/common.toml is not correct. Correcting
[04Mar2026 16:19:53.501] [FileWatcher-1-thread-1/WARN] [net.neoforged.fml.config.ConfigTracker/CONFIG]: Configuration file /Users/caliane/Sources/nuclearcraft/runs/client/config/NuclearCraft/common.toml is not correct. Correcting
[04Mar2026 16:19:55.501] [FileWatcher-1-thread-1/WARN] [net.neoforged.fml.config.ConfigTracker/CONFIG]: Configuration file /Users/caliane/Sources/nuclearcraft/runs/client/config/NuclearCraft/common.toml is not correct. Correcting
[04Mar2026 16:19:57.501] [FileWatcher-1-thread-1/WARN] [net.neoforged.fml.config.ConfigTracker/CONFIG]: Configuration file /Users/caliane/Sources/nuclearcraft/runs/client/config/NuclearCraft/common.toml is not correct. Correcting
[04Mar2026 16:19:59.502] [FileWatcher-1-thread-1/WARN] [net.neoforged.fml.config.ConfigTracker/CONFIG]: Configuration file /Users/caliane/Sources/nuclearcraft/runs/client/config/NuclearCraft/common.toml is not correct. Correcting
[04Mar2026 16:20:01.503] [FileWatcher-1-thread-1/WARN] [net.neoforged.fml.config.ConfigTracker/CONFIG]: Configuration file /Users/caliane/Sources/nuclearcraft/runs/client/config/NuclearCraft/common.toml is not correct. Correcting
[04Mar2026 16:20:03.501] [FileWatcher-1-thread-1/WARN] [net.neoforged.fml.config.ConfigTracker/CONFIG]: Configuration file /Users/caliane/Sources/nuclearcraft/runs/client/config/NuclearCraft/common.toml is not correct. Correcting
[04Mar2026 16:20:05.502] [FileWatcher-1-thread-1/WARN] [net.neoforged.fml.config.ConfigTracker/CONFIG]: Configuration file /Users/caliane/Sources/nuclearcraft/runs/client/config/NuclearCraft/common.toml is not correct. Correcting
[04Mar2026 16:20:07.505] [FileWatcher-1-thread-1/WARN] [net.neoforged.fml.config.ConfigTracker/CONFIG]: Configuration file /Users/caliane/Sources/nuclearcraft/runs/client/config/NuclearCraft/common.toml is not correct. Correcting
[04Mar2026 16:20:09.506] [FileWatcher-1-thread-1/WARN] [net.neoforged.fml.config.ConfigTracker/CONFIG]: Configuration file /Users/caliane/Sources/nuclearcraft/runs/client/config/NuclearCraft/common.toml is not correct. Correcting
[04Mar2026 16:20:11.501] [FileWatcher-1-thread-1/WARN] [net.neoforged.fml.config.ConfigTracker/CONFIG]: Configuration file /Users/caliane/Sources/nuclearcraft/runs/client/config/NuclearCraft/common.toml is not correct. Correcting
[04Mar2026 16:20:13.502] [FileWatcher-1-thread-1/WARN] [net.neoforged.fml.config.ConfigTracker/CONFIG]: Configuration file /Users/caliane/Sources/nuclearcraft/runs/client/config/NuclearCraft/common.toml is not correct. Correcting
[04Mar2026 16:20:15.501] [FileWatcher-1-thread-1/WARN] [net.neoforged.fml.config.ConfigTracker/CONFIG]: Configuration file /Users/caliane/Sources/nuclearcraft/runs/client/config/NuclearCraft/common.toml is not correct. Correcting
[04Mar2026 16:20:17.503] [FileWatcher-1-thread-1/WARN] [net.neoforged.fml.config.ConfigTracker/CONFIG]: Configuration file /Users/caliane/Sources/nuclearcraft/runs/client/config/NuclearCraft/common.toml is not correct. Correcting
[04Mar2026 16:20:19.502] [FileWatcher-1-thread-1/WARN] [net.neoforged.fml.config.ConfigTracker/CONFIG]: Configuration file /Users/caliane/Sources/nuclearcraft/runs/client/config/NuclearCraft/common.toml is not correct. Correcting
[04Mar2026 16:20:21.505] [FileWatcher-1-thread-1/WARN] [net.neoforged.fml.config.ConfigTracker/CONFIG]: Configuration file /Users/caliane/Sources/nuclearcraft/runs/client/config/NuclearCraft/common.toml is not correct. Correcting
[04Mar2026 16:20:23.502] [FileWatcher-1-thread-1/WARN] [net.neoforged.fml.config.ConfigTracker/CONFIG]: Configuration file /Users/caliane/Sources/nuclearcraft/runs/client/config/NuclearCraft/common.toml is not correct. Correcting
[04Mar2026 16:20:25.504] [FileWatcher-1-thread-1/WARN] [net.neoforged.fml.config.ConfigTracker/CONFIG]: Configuration file /Users/caliane/Sources/nuclearcraft/runs/client/config/NuclearCraft/common.toml is not correct. Correcting
[04Mar2026 16:20:27.506] [FileWatcher-1-thread-1/WARN] [net.neoforged.fml.config.ConfigTracker/CONFIG]: Configuration file /Users/caliane/Sources/nuclearcraft/runs/client/config/NuclearCraft/common.toml is not correct. Correcting
[04Mar2026 16:20:29.501] [FileWatcher-1-thread-1/WARN] [net.neoforged.fml.config.ConfigTracker/CONFIG]: Configuration file /Users/caliane/Sources/nuclearcraft/runs/client/config/NuclearCraft/common.toml is not correct. Correcting
[04Mar2026 16:20:31.501] [FileWatcher-1-thread-1/WARN] [net.neoforged.fml.config.ConfigTracker/CONFIG]: Configuration file /Users/caliane/Sources/nuclearcraft/runs/client/config/NuclearCraft/common.toml is not correct. Correcting
[04Mar2026 16:20:33.501] [FileWatcher-1-thread-1/WARN] [net.neoforged.fml.config.ConfigTracker/CONFIG]: Configuration file /Users/caliane/Sources/nuclearcraft/runs/client/config/NuclearCraft/common.toml is not correct. Correcting
[04Mar2026 16:20:35.501] [FileWatcher-1-thread-1/WARN] [net.neoforged.fml.config.ConfigTracker/CONFIG]: Configuration file /Users/caliane/Sources/nuclearcraft/runs/client/config/NuclearCraft/common.toml is not correct. Correcting
[04Mar2026 16:20:37.502] [FileWatcher-1-thread-1/WARN] [net.neoforged.fml.config.ConfigTracker/CONFIG]: Configuration file /Users/caliane/Sources/nuclearcraft/runs/client/config/NuclearCraft/common.toml is not correct. Correcting
[04Mar2026 16:20:39.501] [FileWatcher-1-thread-1/WARN] [net.neoforged.fml.config.ConfigTracker/CONFIG]: Configuration file /Users/caliane/Sources/nuclearcraft/runs/client/config/NuclearCraft/common.toml is not correct. Correcting
[04Mar2026 16:20:41.502] [FileWatcher-1-thread-1/WARN] [net.neoforged.fml.config.ConfigTracker/CONFIG]: Configuration file /Users/caliane/Sources/nuclearcraft/runs/client/config/NuclearCraft/common.toml is not correct. Correcting
[04Mar2026 16:20:43.502] [FileWatcher-1-thread-1/WARN] [net.neoforged.fml.config.ConfigTracker/CONFIG]: Configuration file /Users/caliane/Sources/nuclearcraft/runs/client/config/NuclearCraft/common.toml is not correct. Correcting
[04Mar2026 16:20:45.503] [FileWatcher-1-thread-1/WARN] [net.neoforged.fml.config.ConfigTracker/CONFIG]: Configuration file /Users/caliane/Sources/nuclearcraft/runs/client/config/NuclearCraft/common.toml is not correct. Correcting
[04Mar2026 16:20:47.506] [FileWatcher-1-thread-1/WARN] [net.neoforged.fml.config.ConfigTracker/CONFIG]: Configuration file /Users/caliane/Sources/nuclearcraft/runs/client/config/NuclearCraft/common.toml is not correct. Correcting
[04Mar2026 16:20:49.503] [FileWatcher-1-thread-1/WARN] [net.neoforged.fml.config.ConfigTracker/CONFIG]: Configuration file /Users/caliane/Sources/nuclearcraft/runs/client/config/NuclearCraft/common.toml is not correct. Correcting
[04Mar2026 16:20:51.501] [FileWatcher-1-thread-1/WARN] [net.neoforged.fml.config.ConfigTracker/CONFIG]: Configuration file /Users/caliane/Sources/nuclearcraft/runs/client/config/NuclearCraft/common.toml is not correct. Correcting
[04Mar2026 16:20:53.501] [FileWatcher-1-thread-1/WARN] [net.neoforged.fml.config.ConfigTracker/CONFIG]: Configuration file /Users/caliane/Sources/nuclearcraft/runs/client/config/NuclearCraft/common.toml is not correct. Correcting
[04Mar2026 16:20:55.504] [FileWatcher-1-thread-1/WARN] [net.neoforged.fml.config.ConfigTracker/CONFIG]: Configuration file /Users/caliane/Sources/nuclearcraft/runs/client/config/NuclearCraft/common.toml is not correct. Correcting
[04Mar2026 16:20:57.501] [FileWatcher-1-thread-1/WARN] [net.neoforged.fml.config.ConfigTracker/CONFIG]: Configuration file /Users/caliane/Sources/nuclearcraft/runs/client/config/NuclearCraft/common.toml is not correct. Correcting
[04Mar2026 16:20:59.502] [FileWatcher-1-thread-1/WARN] [net.neoforged.fml.config.ConfigTracker/CONFIG]: Configuration file /Users/caliane/Sources/nuclearcraft/runs/client/config/NuclearCraft/common.toml is not correct. Correcting
[04Mar2026 16:21:01.502] [FileWatcher-1-thread-1/WARN] [net.neoforged.fml.config.ConfigTracker/CONFIG]: Configuration file /Users/caliane/Sources/nuclearcraft/runs/client/config/NuclearCraft/common.toml is not correct. Correcting
[04Mar2026 16:21:03.502] [FileWatcher-1-thread-1/WARN] [net.neoforged.fml.config.ConfigTracker/CONFIG]: Configuration file /Users/caliane/Sources/nuclearcraft/runs/client/config/NuclearCraft/common.toml is not correct. Correcting
[04Mar2026 16:21:05.502] [FileWatcher-1-thread-1/WARN] [net.neoforged.fml.config.ConfigTracker/CONFIG]: Configuration file /Users/caliane/Sources/nuclearcraft/runs/client/config/NuclearCraft/common.toml is not correct. Correcting
[04Mar2026 16:21:07.503] [FileWatcher-1-thread-1/WARN] [net.neoforged.fml.config.ConfigTracker/CONFIG]: Configuration file /Users/caliane/Sources/nuclearcraft/runs/client/config/NuclearCraft/common.toml is not correct. Correcting
[04Mar2026 16:21:09.503] [FileWatcher-1-thread-1/WARN] [net.neoforged.fml.config.ConfigTracker/CONFIG]: Configuration file /Users/caliane/Sources/nuclearcraft/runs/client/config/NuclearCraft/common.toml is not correct. Correcting
[04Mar2026 16:21:11.504] [FileWatcher-1-thread-1/WARN] [net.neoforged.fml.config.ConfigTracker/CONFIG]: Configuration file /Users/caliane/Sources/nuclearcraft/runs/client/config/NuclearCraft/common.toml is not correct. Correcting
[04Mar2026 16:21:13.503] [FileWatcher-1-thread-1/WARN] [net.neoforged.fml.config.ConfigTracker/CONFIG]: Configuration file /Users/caliane/Sources/nuclearcraft/runs/client/config/NuclearCraft/common.toml is not correct. Correcting
[04Mar2026 16:21:15.501] [FileWatcher-1-thread-1/WARN] [net.neoforged.fml.config.ConfigTracker/CONFIG]: Configuration file /Users/caliane/Sources/nuclearcraft/runs/client/config/NuclearCraft/common.toml is not correct. Correcting
[04Mar2026 16:21:17.505] [FileWatcher-1-thread-1/WARN] [net.neoforged.fml.config.ConfigTracker/CONFIG]: Configuration file /Users/caliane/Sources/nuclearcraft/runs/client/config/NuclearCraft/common.toml is not correct. Correcting
[04Mar2026 16:21:19.507] [FileWatcher-1-thread-1/WARN] [net.neoforged.fml.config.ConfigTracker/CONFIG]: Configuration file /Users/caliane/Sources/nuclearcraft/runs/client/config/NuclearCraft/common.toml is not correct. Correcting
[04Mar2026 16:21:21.505] [FileWatcher-1-thread-1/WARN] [net.neoforged.fml.config.ConfigTracker/CONFIG]: Configuration file /Users/caliane/Sources/nuclearcraft/runs/client/config/NuclearCraft/common.toml is not correct. Correcting
[04Mar2026 16:21:23.501] [FileWatcher-1-thread-1/WARN] [net.neoforged.fml.config.ConfigTracker/CONFIG]: Configuration file /Users/caliane/Sources/nuclearcraft/runs/client/config/NuclearCraft/common.toml is not correct. Correcting
[04Mar2026 16:21:25.503] [FileWatcher-1-thread-1/WARN] [net.neoforged.fml.config.ConfigTracker/CONFIG]: Configuration file /Users/caliane/Sources/nuclearcraft/runs/client/config/NuclearCraft/common.toml is not correct. Correcting
[04Mar2026 16:21:27.501] [FileWatcher-1-thread-1/WARN] [net.neoforged.fml.config.ConfigTracker/CONFIG]: Configuration file /Users/caliane/Sources/nuclearcraft/runs/client/config/NuclearCraft/common.toml is not correct. Correcting
[04Mar2026 16:21:29.502] [FileWatcher-1-thread-1/WARN] [net.neoforged.fml.config.ConfigTracker/CONFIG]: Configuration file /Users/caliane/Sources/nuclearcraft/runs/client/config/NuclearCraft/common.toml is not correct. Correcting
[04Mar2026 16:21:31.501] [FileWatcher-1-thread-1/WARN] [net.neoforged.fml.config.ConfigTracker/CONFIG]: Configuration file /Users/caliane/Sources/nuclearcraft/runs/client/config/NuclearCraft/common.toml is not correct. Correcting
[04Mar2026 16:21:33.503] [FileWatcher-1-thread-1/WARN] [net.neoforged.fml.config.ConfigTracker/CONFIG]: Configuration file /Users/caliane/Sources/nuclearcraft/runs/client/config/NuclearCraft/common.toml is not correct. Correcting
[04Mar2026 16:21:35.502] [FileWatcher-1-thread-1/WARN] [net.neoforged.fml.config.ConfigTracker/CONFIG]: Configuration file /Users/caliane/Sources/nuclearcraft/runs/client/config/NuclearCraft/common.toml is not correct. Correcting
[04Mar2026 16:21:37.505] [FileWatcher-1-thread-1/WARN] [net.neoforged.fml.config.ConfigTracker/CONFIG]: Configuration file /Users/caliane/Sources/nuclearcraft/runs/client/config/NuclearCraft/common.toml is not correct. Correcting
[04Mar2026 16:21:39.501] [FileWatcher-1-thread-1/WARN] [net.neoforged.fml.config.ConfigTracker/CONFIG]: Configuration file /Users/caliane/Sources/nuclearcraft/runs/client/config/NuclearCraft/common.toml is not correct. Correcting
[04Mar2026 16:21:41.502] [FileWatcher-1-thread-1/WARN] [net.neoforged.fml.config.ConfigTracker/CONFIG]: Configuration file /Users/caliane/Sources/nuclearcraft/runs/client/config/NuclearCraft/common.toml is not correct. Correcting
[04Mar2026 16:21:43.501] [FileWatcher-1-thread-1/WARN] [net.neoforged.fml.config.ConfigTracker/CONFIG]: Configuration file /Users/caliane/Sources/nuclearcraft/runs/client/config/NuclearCraft/common.toml is not correct. Correcting
[04Mar2026 16:21:45.502] [FileWatcher-1-thread-1/WARN] [net.neoforged.fml.config.ConfigTracker/CONFIG]: Configuration file /Users/caliane/Sources/nuclearcraft/runs/client/config/NuclearCraft/common.toml is not correct. Correcting
[04Mar2026 16:21:47.501] [FileWatcher-1-thread-1/WARN] [net.neoforged.fml.config.ConfigTracker/CONFIG]: Configuration file /Users/caliane/Sources/nuclearcraft/runs/client/config/NuclearCraft/common.toml is not correct. Correcting
[04Mar2026 16:21:49.506] [FileWatcher-1-thread-1/WARN] [net.neoforged.fml.config.ConfigTracker/CONFIG]: Configuration file /Users/caliane/Sources/nuclearcraft/runs/client/config/NuclearCraft/common.toml is not correct. Correcting
[04Mar2026 16:21:51.502] [FileWatcher-1-thread-1/WARN] [net.neoforged.fml.config.ConfigTracker/CONFIG]: Configuration file /Users/caliane/Sources/nuclearcraft/runs/client/config/NuclearCraft/common.toml is not correct. Correcting
[04Mar2026 16:21:53.502] [FileWatcher-1-thread-1/WARN] [net.neoforged.fml.config.ConfigTracker/CONFIG]: Configuration file /Users/caliane/Sources/nuclearcraft/runs/client/config/NuclearCraft/common.toml is not correct. Correcting
[04Mar2026 16:21:55.507] [FileWatcher-1-thread-1/WARN] [net.neoforged.fml.config.ConfigTracker/CONFIG]: Configuration file /Users/caliane/Sources/nuclearcraft/runs/client/config/NuclearCraft/common.toml is not correct. Correcting
[04Mar2026 16:21:57.505] [FileWatcher-1-thread-1/WARN] [net.neoforged.fml.config.ConfigTracker/CONFIG]: Configuration file /Users/caliane/Sources/nuclearcraft/runs/client/config/NuclearCraft/common.toml is not correct. Correcting
[04Mar2026 16:21:59.502] [FileWatcher-1-thread-1/WARN] [net.neoforged.fml.config.ConfigTracker/CONFIG]: Configuration file /Users/caliane/Sources/nuclearcraft/runs/client/config/NuclearCraft/common.toml is not correct. Correcting
[04Mar2026 16:22:01.502] [FileWatcher-1-thread-1/WARN] [net.neoforged.fml.config.ConfigTracker/CONFIG]: Configuration file /Users/caliane/Sources/nuclearcraft/runs/client/config/NuclearCraft/common.toml is not correct. Correcting
[04Mar2026 16:22:03.502] [FileWatcher-1-thread-1/WARN] [net.neoforged.fml.config.ConfigTracker/CONFIG]: Configuration file /Users/caliane/Sources/nuclearcraft/runs/client/config/NuclearCraft/common.toml is not correct. Correcting
[04Mar2026 16:22:05.505] [FileWatcher-1-thread-1/WARN] [net.neoforged.fml.config.ConfigTracker/CONFIG]: Configuration file /Users/caliane/Sources/nuclearcraft/runs/client/config/NuclearCraft/common.toml is not correct. Correcting
[04Mar2026 16:22:07.502] [FileWatcher-1-thread-1/WARN] [net.neoforged.fml.config.ConfigTracker/CONFIG]: Configuration file /Users/caliane/Sources/nuclearcraft/runs/client/config/NuclearCraft/common.toml is not correct. Correcting
[04Mar2026 16:22:09.501] [FileWatcher-1-thread-1/WARN] [net.neoforged.fml.config.ConfigTracker/CONFIG]: Configuration file /Users/caliane/Sources/nuclearcraft/runs/client/config/NuclearCraft/common.toml is not correct. Correcting
[04Mar2026 16:22:11.504] [FileWatcher-1-thread-1/WARN] [net.neoforged.fml.config.ConfigTracker/CONFIG]: Configuration file /Users/caliane/Sources/nuclearcraft/runs/client/config/NuclearCraft/common.toml is not correct. Correcting
[04Mar2026 16:22:13.503] [FileWatcher-1-thread-1/WARN] [net.neoforged.fml.config.ConfigTracker/CONFIG]: Configuration file /Users/caliane/Sources/nuclearcraft/runs/client/config/NuclearCraft/common.toml is not correct. Correcting
[04Mar2026 16:22:15.503] [FileWatcher-1-thread-1/WARN] [net.neoforged.fml.config.ConfigTracker/CONFIG]: Configuration file /Users/caliane/Sources/nuclearcraft/runs/client/config/NuclearCraft/common.toml is not correct. Correcting
[04Mar2026 16:22:17.502] [FileWatcher-1-thread-1/WARN] [net.neoforged.fml.config.ConfigTracker/CONFIG]: Configuration file /Users/caliane/Sources/nuclearcraft/runs/client/config/NuclearCraft/common.toml is not correct. Correcting
[04Mar2026 16:22:19.506] [FileWatcher-1-thread-1/WARN] [net.neoforged.fml.config.ConfigTracker/CONFIG]: Configuration file /Users/caliane/Sources/nuclearcraft/runs/client/config/NuclearCraft/common.toml is not correct. Correcting
[04Mar2026 16:22:21.502] [FileWatcher-1-thread-1/WARN] [net.neoforged.fml.config.ConfigTracker/CONFIG]: Configuration file /Users/caliane/Sources/nuclearcraft/runs/client/config/NuclearCraft/common.toml is not correct. Correcting
[04Mar2026 16:22:23.502] [FileWatcher-1-thread-1/WARN] [net.neoforged.fml.config.ConfigTracker/CONFIG]: Configuration file /Users/caliane/Sources/nuclearcraft/runs/client/config/NuclearCraft/common.toml is not correct. Correcting
[04Mar2026 16:22:25.502] [FileWatcher-1-thread-1/WARN] [net.neoforged.fml.config.ConfigTracker/CONFIG]: Configuration file /Users/caliane/Sources/nuclearcraft/runs/client/config/NuclearCraft/common.toml is not correct. Correcting
[04Mar2026 16:22:27.501] [FileWatcher-1-thread-1/WARN] [net.neoforged.fml.config.ConfigTracker/CONFIG]: Configuration file /Users/caliane/Sources/nuclearcraft/runs/client/config/NuclearCraft/common.toml is not correct. Correcting
[04Mar2026 16:22:29.502] [FileWatcher-1-thread-1/WARN] [net.neoforged.fml.config.ConfigTracker/CONFIG]: Configuration file /Users/caliane/Sources/nuclearcraft/runs/client/config/NuclearCraft/common.toml is not correct. Correcting
[04Mar2026 16:22:31.502] [FileWatcher-1-thread-1/WARN] [net.neoforged.fml.config.ConfigTracker/CONFIG]: Configuration file /Users/caliane/Sources/nuclearcraft/runs/client/config/NuclearCraft/common.toml is not correct. Correcting
[04Mar2026 16:22:33.501] [FileWatcher-1-thread-1/WARN] [net.neoforged.fml.config.ConfigTracker/CONFIG]: Configuration file /Users/caliane/Sources/nuclearcraft/runs/client/config/NuclearCraft/common.toml is not correct. Correcting
[04Mar2026 16:22:35.502] [FileWatcher-1-thread-1/WARN] [net.neoforged.fml.config.ConfigTracker/CONFIG]: Configuration file /Users/caliane/Sources/nuclearcraft/runs/client/config/NuclearCraft/common.toml is not correct. Correcting
[04Mar2026 16:22:37.503] [FileWatcher-1-thread-1/WARN] [net.neoforged.fml.config.ConfigTracker/CONFIG]: Configuration file /Users/caliane/Sources/nuclearcraft/runs/client/config/NuclearCraft/common.toml is not correct. Correcting
[04Mar2026 16:22:39.502] [FileWatcher-1-thread-1/WARN] [net.neoforged.fml.config.ConfigTracker/CONFIG]: Configuration file /Users/caliane/Sources/nuclearcraft/runs/client/config/NuclearCraft/common.toml is not correct. Correcting
[04Mar2026 16:22:41.506] [FileWatcher-1-thread-1/WARN] [net.neoforged.fml.config.ConfigTracker/CONFIG]: Configuration file /Users/caliane/Sources/nuclearcraft/runs/client/config/NuclearCraft/common.toml is not correct. Correcting
[04Mar2026 16:22:43.502] [FileWatcher-1-thread-1/WARN] [net.neoforged.fml.config.ConfigTracker/CONFIG]: Configuration file /Users/caliane/Sources/nuclearcraft/runs/client/config/NuclearCraft/common.toml is not correct. Correcting
[04Mar2026 16:22:45.503] [FileWatcher-1-thread-1/WARN] [net.neoforged.fml.config.ConfigTracker/CONFIG]: Configuration file /Users/caliane/Sources/nuclearcraft/runs/client/config/NuclearCraft/common.toml is not correct. Correcting
[04Mar2026 16:22:47.502] [FileWatcher-1-thread-1/WARN] [net.neoforged.fml.config.ConfigTracker/CONFIG]: Configuration file /Users/caliane/Sources/nuclearcraft/runs/client/config/NuclearCraft/common.toml is not correct. Correcting
[04Mar2026 16:22:49.502] [FileWatcher-1-thread-1/WARN] [net.neoforged.fml.config.ConfigTracker/CONFIG]: Configuration file /Users/caliane/Sources/nuclearcraft/runs/client/config/NuclearCraft/common.toml is not correct. Correcting
[04Mar2026 16:22:51.502] [FileWatcher-1-thread-1/WARN] [net.neoforged.fml.config.ConfigTracker/CONFIG]: Configuration file /Users/caliane/Sources/nuclearcraft/runs/client/config/NuclearCraft/common.toml is not correct. Correcting
[04Mar2026 16:22:53.502] [FileWatcher-1-thread-1/WARN] [net.neoforged.fml.config.ConfigTracker/CONFIG]: Configuration file /Users/caliane/Sources/nuclearcraft/runs/client/config/NuclearCraft/common.toml is not correct. Correcting
[04Mar2026 16:22:55.502] [FileWatcher-1-thread-1/WARN] [net.neoforged.fml.config.ConfigTracker/CONFIG]: Configuration file /Users/caliane/Sources/nuclearcraft/runs/client/config/NuclearCraft/common.toml is not correct. Correcting
[04Mar2026 16:22:57.504] [FileWatcher-1-thread-1/WARN] [net.neoforged.fml.config.ConfigTracker/CONFIG]: Configuration file /Users/caliane/Sources/nuclearcraft/runs/client/config/NuclearCraft/common.toml is not correct. Correcting
[04Mar2026 16:22:59.502] [FileWatcher-1-thread-1/WARN] [net.neoforged.fml.config.ConfigTracker/CONFIG]: Configuration file /Users/caliane/Sources/nuclearcraft/runs/client/config/NuclearCraft/common.toml is not correct. Correcting
[04Mar2026 16:23:01.502] [FileWatcher-1-thread-1/WARN] [net.neoforged.fml.config.ConfigTracker/CONFIG]: Configuration file /Users/caliane/Sources/nuclearcraft/runs/client/config/NuclearCraft/common.toml is not correct. Correcting
[04Mar2026 16:23:03.506] [FileWatcher-1-thread-1/WARN] [net.neoforged.fml.config.ConfigTracker/CONFIG]: Configuration file /Users/caliane/Sources/nuclearcraft/runs/client/config/NuclearCraft/common.toml is not correct. Correcting
[04Mar2026 16:23:05.503] [FileWatcher-1-thread-1/WARN] [net.neoforged.fml.config.ConfigTracker/CONFIG]: Configuration file /Users/caliane/Sources/nuclearcraft/runs/client/config/NuclearCraft/common.toml is not correct. Correcting
[04Mar2026 16:23:07.502] [FileWatcher-1-thread-1/WARN] [net.neoforged.fml.config.ConfigTracker/CONFIG]: Configuration file /Users/caliane/Sources/nuclearcraft/runs/client/config/NuclearCraft/common.toml is not correct. Correcting
[04Mar2026 16:23:09.503] [FileWatcher-1-thread-1/WARN] [net.neoforged.fml.config.ConfigTracker/CONFIG]: Configuration file /Users/caliane/Sources/nuclearcraft/runs/client/config/NuclearCraft/common.toml is not correct. Correcting
[04Mar2026 16:23:11.501] [FileWatcher-1-thread-1/WARN] [net.neoforged.fml.config.ConfigTracker/CONFIG]: Configuration file /Users/caliane/Sources/nuclearcraft/runs/client/config/NuclearCraft/common.toml is not correct. Correcting
[04Mar2026 16:23:13.504] [FileWatcher-1-thread-1/WARN] [net.neoforged.fml.config.ConfigTracker/CONFIG]: Configuration file /Users/caliane/Sources/nuclearcraft/runs/client/config/NuclearCraft/common.toml is not correct. Correcting
[04Mar2026 16:23:15.502] [FileWatcher-1-thread-1/WARN] [net.neoforged.fml.config.ConfigTracker/CONFIG]: Configuration file /Users/caliane/Sources/nuclearcraft/runs/client/config/NuclearCraft/common.toml is not correct. Correcting
[04Mar2026 16:23:17.501] [FileWatcher-1-thread-1/WARN] [net.neoforged.fml.config.ConfigTracker/CONFIG]: Configuration file /Users/caliane/Sources/nuclearcraft/runs/client/config/NuclearCraft/common.toml is not correct. Correcting
[04Mar2026 16:23:19.502] [FileWatcher-1-thread-1/WARN] [net.neoforged.fml.config.ConfigTracker/CONFIG]: Configuration file /Users/caliane/Sources/nuclearcraft/runs/client/config/NuclearCraft/common.toml is not correct. Correcting
[04Mar2026 16:23:21.506] [FileWatcher-1-thread-1/WARN] [net.neoforged.fml.config.ConfigTracker/CONFIG]: Configuration file /Users/caliane/Sources/nuclearcraft/runs/client/config/NuclearCraft/common.toml is not correct. Correcting
[04Mar2026 16:23:23.502] [FileWatcher-1-thread-1/WARN] [net.neoforged.fml.config.ConfigTracker/CONFIG]: Configuration file /Users/caliane/Sources/nuclearcraft/runs/client/config/NuclearCraft/common.toml is not correct. Correcting
[04Mar2026 16:23:25.505] [FileWatcher-1-thread-1/WARN] [net.neoforged.fml.config.ConfigTracker/CONFIG]: Configuration file /Users/caliane/Sources/nuclearcraft/runs/client/config/NuclearCraft/common.toml is not correct. Correcting
[04Mar2026 16:23:27.506] [FileWatcher-1-thread-1/WARN] [net.neoforged.fml.config.ConfigTracker/CONFIG]: Configuration file /Users/caliane/Sources/nuclearcraft/runs/client/config/NuclearCraft/common.toml is not correct. Correcting
[04Mar2026 16:23:29.502] [FileWatcher-1-thread-1/WARN] [net.neoforged.fml.config.ConfigTracker/CONFIG]: Configuration file /Users/caliane/Sources/nuclearcraft/runs/client/config/NuclearCraft/common.toml is not correct. Correcting
[04Mar2026 16:23:31.502] [FileWatcher-1-thread-1/WARN] [net.neoforged.fml.config.ConfigTracker/CONFIG]: Configuration file /Users/caliane/Sources/nuclearcraft/runs/client/config/NuclearCraft/common.toml is not correct. Correcting
[04Mar2026 16:23:33.504] [FileWatcher-1-thread-1/WARN] [net.neoforged.fml.config.ConfigTracker/CONFIG]: Configuration file /Users/caliane/Sources/nuclearcraft/runs/client/config/NuclearCraft/common.toml is not correct. Correcting
[04Mar2026 16:23:35.502] [FileWatcher-1-thread-1/WARN] [net.neoforged.fml.config.ConfigTracker/CONFIG]: Configuration file /Users/caliane/Sources/nuclearcraft/runs/client/config/NuclearCraft/common.toml is not correct. Correcting
[04Mar2026 16:23:37.505] [FileWatcher-1-thread-1/WARN] [net.neoforged.fml.config.ConfigTracker/CONFIG]: Configuration file /Users/caliane/Sources/nuclearcraft/runs/client/config/NuclearCraft/common.toml is not correct. Correcting
[04Mar2026 16:23:39.505] [FileWatcher-1-thread-1/WARN] [net.neoforged.fml.config.ConfigTracker/CONFIG]: Configuration file /Users/caliane/Sources/nuclearcraft/runs/client/config/NuclearCraft/common.toml is not correct. Correcting
[04Mar2026 16:23:41.502] [FileWatcher-1-thread-1/WARN] [net.neoforged.fml.config.ConfigTracker/CONFIG]: Configuration file /Users/caliane/Sources/nuclearcraft/runs/client/config/NuclearCraft/common.toml is not correct. Correcting
[04Mar2026 16:23:43.504] [FileWatcher-1-thread-1/WARN] [net.neoforged.fml.config.ConfigTracker/CONFIG]: Configuration file /Users/caliane/Sources/nuclearcraft/runs/client/config/NuclearCraft/common.toml is not correct. Correcting
[04Mar2026 16:23:45.503] [FileWatcher-1-thread-1/WARN] [net.neoforged.fml.config.ConfigTracker/CONFIG]: Configuration file /Users/caliane/Sources/nuclearcraft/runs/client/config/NuclearCraft/common.toml is not correct. Correcting
[04Mar2026 16:23:47.503] [FileWatcher-1-thread-1/WARN] [net.neoforged.fml.config.ConfigTracker/CONFIG]: Configuration file /Users/caliane/Sources/nuclearcraft/runs/client/config/NuclearCraft/common.toml is not correct. Correcting
[04Mar2026 16:23:49.502] [FileWatcher-1-thread-1/WARN] [net.neoforged.fml.config.ConfigTracker/CONFIG]: Configuration file /Users/caliane/Sources/nuclearcraft/runs/client/config/NuclearCraft/common.toml is not correct. Correcting
[04Mar2026 16:23:51.503] [FileWatcher-1-thread-1/WARN] [net.neoforged.fml.config.ConfigTracker/CONFIG]: Configuration file /Users/caliane/Sources/nuclearcraft/runs/client/config/NuclearCraft/common.toml is not correct. Correcting
[04Mar2026 16:23:53.502] [FileWatcher-1-thread-1/WARN] [net.neoforged.fml.config.ConfigTracker/CONFIG]: Configuration file /Users/caliane/Sources/nuclearcraft/runs/client/config/NuclearCraft/common.toml is not correct. Correcting
[04Mar2026 16:23:55.506] [FileWatcher-1-thread-1/WARN] [net.neoforged.fml.config.ConfigTracker/CONFIG]: Configuration file /Users/caliane/Sources/nuclearcraft/runs/client/config/NuclearCraft/common.toml is not correct. Correcting
[04Mar2026 16:23:57.502] [FileWatcher-1-thread-1/WARN] [net.neoforged.fml.config.ConfigTracker/CONFIG]: Configuration file /Users/caliane/Sources/nuclearcraft/runs/client/config/NuclearCraft/common.toml is not correct. Correcting
[04Mar2026 16:23:59.503] [FileWatcher-1-thread-1/WARN] [net.neoforged.fml.config.ConfigTracker/CONFIG]: Configuration file /Users/caliane/Sources/nuclearcraft/runs/client/config/NuclearCraft/common.toml is not correct. Correcting
[04Mar2026 16:24:01.502] [FileWatcher-1-thread-1/WARN] [net.neoforged.fml.config.ConfigTracker/CONFIG]: Configuration file /Users/caliane/Sources/nuclearcraft/runs/client/config/NuclearCraft/common.toml is not correct. Correcting
[04Mar2026 16:24:03.501] [FileWatcher-1-thread-1/WARN] [net.neoforged.fml.config.ConfigTracker/CONFIG]: Configuration file /Users/caliane/Sources/nuclearcraft/runs/client/config/NuclearCraft/common.toml is not correct. Correcting
[04Mar2026 16:24:05.502] [FileWatcher-1-thread-1/WARN] [net.neoforged.fml.config.ConfigTracker/CONFIG]: Configuration file /Users/caliane/Sources/nuclearcraft/runs/client/config/NuclearCraft/common.toml is not correct. Correcting
[04Mar2026 16:24:07.502] [FileWatcher-1-thread-1/WARN] [net.neoforged.fml.config.ConfigTracker/CONFIG]: Configuration file /Users/caliane/Sources/nuclearcraft/runs/client/config/NuclearCraft/common.toml is not correct. Correcting
[04Mar2026 16:24:09.506] [FileWatcher-1-thread-1/WARN] [net.neoforged.fml.config.ConfigTracker/CONFIG]: Configuration file /Users/caliane/Sources/nuclearcraft/runs/client/config/NuclearCraft/common.toml is not correct. Correcting
[04Mar2026 16:24:11.506] [FileWatcher-1-thread-1/WARN] [net.neoforged.fml.config.ConfigTracker/CONFIG]: Configuration file /Users/caliane/Sources/nuclearcraft/runs/client/config/NuclearCraft/common.toml is not correct. Correcting
[04Mar2026 16:24:13.502] [FileWatcher-1-thread-1/WARN] [net.neoforged.fml.config.ConfigTracker/CONFIG]: Configuration file /Users/caliane/Sources/nuclearcraft/runs/client/config/NuclearCraft/common.toml is not correct. Correcting
[04Mar2026 16:24:15.505] [FileWatcher-1-thread-1/WARN] [net.neoforged.fml.config.ConfigTracker/CONFIG]: Configuration file /Users/caliane/Sources/nuclearcraft/runs/client/config/NuclearCraft/common.toml is not correct. Correcting
[04Mar2026 16:24:17.501] [FileWatcher-1-thread-1/WARN] [net.neoforged.fml.config.ConfigTracker/CONFIG]: Configuration file /Users/caliane/Sources/nuclearcraft/runs/client/config/NuclearCraft/common.toml is not correct. Correcting
[04Mar2026 16:24:19.502] [FileWatcher-1-thread-1/WARN] [net.neoforged.fml.config.ConfigTracker/CONFIG]: Configuration file /Users/caliane/Sources/nuclearcraft/runs/client/config/NuclearCraft/common.toml is not correct. Correcting
[04Mar2026 16:24:21.502] [FileWatcher-1-thread-1/WARN] [net.neoforged.fml.config.ConfigTracker/CONFIG]: Configuration file /Users/caliane/Sources/nuclearcraft/runs/client/config/NuclearCraft/common.toml is not correct. Correcting
[04Mar2026 16:24:23.502] [FileWatcher-1-thread-1/WARN] [net.neoforged.fml.config.ConfigTracker/CONFIG]: Configuration file /Users/caliane/Sources/nuclearcraft/runs/client/config/NuclearCraft/common.toml is not correct. Correcting
[04Mar2026 16:24:25.503] [FileWatcher-1-thread-1/WARN] [net.neoforged.fml.config.ConfigTracker/CONFIG]: Configuration file /Users/caliane/Sources/nuclearcraft/runs/client/config/NuclearCraft/common.toml is not correct. Correcting
[04Mar2026 16:24:27.502] [FileWatcher-1-thread-1/WARN] [net.neoforged.fml.config.ConfigTracker/CONFIG]: Configuration file /Users/caliane/Sources/nuclearcraft/runs/client/config/NuclearCraft/common.toml is not correct. Correcting
[04Mar2026 16:24:29.502] [FileWatcher-1-thread-1/WARN] [net.neoforged.fml.config.ConfigTracker/CONFIG]: Configuration file /Users/caliane/Sources/nuclearcraft/runs/client/config/NuclearCraft/common.toml is not correct. Correcting
[04Mar2026 16:24:31.503] [FileWatcher-1-thread-1/WARN] [net.neoforged.fml.config.ConfigTracker/CONFIG]: Configuration file /Users/caliane/Sources/nuclearcraft/runs/client/config/NuclearCraft/common.toml is not correct. Correcting
[04Mar2026 16:24:33.502] [FileWatcher-1-thread-1/WARN] [net.neoforged.fml.config.ConfigTracker/CONFIG]: Configuration file /Users/caliane/Sources/nuclearcraft/runs/client/config/NuclearCraft/common.toml is not correct. Correcting
[04Mar2026 16:24:35.502] [FileWatcher-1-thread-1/WARN] [net.neoforged.fml.config.ConfigTracker/CONFIG]: Configuration file /Users/caliane/Sources/nuclearcraft/runs/client/config/NuclearCraft/common.toml is not correct. Correcting
[04Mar2026 16:24:37.504] [FileWatcher-1-thread-1/WARN] [net.neoforged.fml.config.ConfigTracker/CONFIG]: Configuration file /Users/caliane/Sources/nuclearcraft/runs/client/config/NuclearCraft/common.toml is not correct. Correcting
[04Mar2026 16:24:39.502] [FileWatcher-1-thread-1/WARN] [net.neoforged.fml.config.ConfigTracker/CONFIG]: Configuration file /Users/caliane/Sources/nuclearcraft/runs/client/config/NuclearCraft/common.toml is not correct. Correcting
[04Mar2026 16:24:41.502] [FileWatcher-1-thread-1/WARN] [net.neoforged.fml.config.ConfigTracker/CONFIG]: Configuration file /Users/caliane/Sources/nuclearcraft/runs/client/config/NuclearCraft/common.toml is not correct. Correcting
[04Mar2026 16:24:43.501] [FileWatcher-1-thread-1/WARN] [net.neoforged.fml.config.ConfigTracker/CONFIG]: Configuration file /Users/caliane/Sources/nuclearcraft/runs/client/config/NuclearCraft/common.toml is not correct. Correcting
[04Mar2026 16:24:45.501] [FileWatcher-1-thread-1/WARN] [net.neoforged.fml.config.ConfigTracker/CONFIG]: Configuration file /Users/caliane/Sources/nuclearcraft/runs/client/config/NuclearCraft/common.toml is not correct. Correcting
[04Mar2026 16:24:47.502] [FileWatcher-1-thread-1/WARN] [net.neoforged.fml.config.ConfigTracker/CONFIG]: Configuration file /Users/caliane/Sources/nuclearcraft/runs/client/config/NuclearCraft/common.toml is not correct. Correcting
[04Mar2026 16:24:49.502] [FileWatcher-1-thread-1/WARN] [net.neoforged.fml.config.ConfigTracker/CONFIG]: Configuration file /Users/caliane/Sources/nuclearcraft/runs/client/config/NuclearCraft/common.toml is not correct. Correcting
[04Mar2026 16:24:51.502] [FileWatcher-1-thread-1/WARN] [net.neoforged.fml.config.ConfigTracker/CONFIG]: Configuration file /Users/caliane/Sources/nuclearcraft/runs/client/config/NuclearCraft/common.toml is not correct. Correcting
[04Mar2026 16:24:53.502] [FileWatcher-1-thread-1/WARN] [net.neoforged.fml.config.ConfigTracker/CONFIG]: Configuration file /Users/caliane/Sources/nuclearcraft/runs/client/config/NuclearCraft/common.toml is not correct. Correcting
[04Mar2026 16:24:55.507] [FileWatcher-1-thread-1/WARN] [net.neoforged.fml.config.ConfigTracker/CONFIG]: Configuration file /Users/caliane/Sources/nuclearcraft/runs/client/config/NuclearCraft/common.toml is not correct. Correcting
[04Mar2026 16:24:57.506] [FileWatcher-1-thread-1/WARN] [net.neoforged.fml.config.ConfigTracker/CONFIG]: Configuration file /Users/caliane/Sources/nuclearcraft/runs/client/config/NuclearCraft/common.toml is not correct. Correcting
[04Mar2026 16:24:59.505] [FileWatcher-1-thread-1/WARN] [net.neoforged.fml.config.ConfigTracker/CONFIG]: Configuration file /Users/caliane/Sources/nuclearcraft/runs/client/config/NuclearCraft/common.toml is not correct. Correcting
[04Mar2026 16:25:01.502] [FileWatcher-1-thread-1/WARN] [net.neoforged.fml.config.ConfigTracker/CONFIG]: Configuration file /Users/caliane/Sources/nuclearcraft/runs/client/config/NuclearCraft/common.toml is not correct. Correcting
[04Mar2026 16:25:03.503] [FileWatcher-1-thread-1/WARN] [net.neoforged.fml.config.ConfigTracker/CONFIG]: Configuration file /Users/caliane/Sources/nuclearcraft/runs/client/config/NuclearCraft/common.toml is not correct. Correcting
[04Mar2026 16:25:05.507] [FileWatcher-1-thread-1/WARN] [net.neoforged.fml.config.ConfigTracker/CONFIG]: Configuration file /Users/caliane/Sources/nuclearcraft/runs/client/config/NuclearCraft/common.toml is not correct. Correcting
[04Mar2026 16:25:07.502] [FileWatcher-1-thread-1/WARN] [net.neoforged.fml.config.ConfigTracker/CONFIG]: Configuration file /Users/caliane/Sources/nuclearcraft/runs/client/config/NuclearCraft/common.toml is not correct. Correcting
[04Mar2026 16:25:09.505] [FileWatcher-1-thread-1/WARN] [net.neoforged.fml.config.ConfigTracker/CONFIG]: Configuration file /Users/caliane/Sources/nuclearcraft/runs/client/config/NuclearCraft/common.toml is not correct. Correcting
[04Mar2026 16:25:11.501] [FileWatcher-1-thread-1/WARN] [net.neoforged.fml.config.ConfigTracker/CONFIG]: Configuration file /Users/caliane/Sources/nuclearcraft/runs/client/config/NuclearCraft/common.toml is not correct. Correcting
[04Mar2026 16:25:13.502] [FileWatcher-1-thread-1/WARN] [net.neoforged.fml.config.ConfigTracker/CONFIG]: Configuration file /Users/caliane/Sources/nuclearcraft/runs/client/config/NuclearCraft/common.toml is not correct. Correcting
[04Mar2026 16:25:15.502] [FileWatcher-1-thread-1/WARN] [net.neoforged.fml.config.ConfigTracker/CONFIG]: Configuration file /Users/caliane/Sources/nuclearcraft/runs/client/config/NuclearCraft/common.toml is not correct. Correcting
[04Mar2026 16:25:17.502] [FileWatcher-1-thread-1/WARN] [net.neoforged.fml.config.ConfigTracker/CONFIG]: Configuration file /Users/caliane/Sources/nuclearcraft/runs/client/config/NuclearCraft/common.toml is not correct. Correcting
[04Mar2026 16:25:19.502] [FileWatcher-1-thread-1/WARN] [net.neoforged.fml.config.ConfigTracker/CONFIG]: Configuration file /Users/caliane/Sources/nuclearcraft/runs/client/config/NuclearCraft/common.toml is not correct. Correcting
[04Mar2026 16:25:21.502] [FileWatcher-1-thread-1/WARN] [net.neoforged.fml.config.ConfigTracker/CONFIG]: Configuration file /Users/caliane/Sources/nuclearcraft/runs/client/config/NuclearCraft/common.toml is not correct. Correcting
[04Mar2026 16:25:23.506] [FileWatcher-1-thread-1/WARN] [net.neoforged.fml.config.ConfigTracker/CONFIG]: Configuration file /Users/caliane/Sources/nuclearcraft/runs/client/config/NuclearCraft/common.toml is not correct. Correcting
[04Mar2026 16:25:25.502] [FileWatcher-1-thread-1/WARN] [net.neoforged.fml.config.ConfigTracker/CONFIG]: Configuration file /Users/caliane/Sources/nuclearcraft/runs/client/config/NuclearCraft/common.toml is not correct. Correcting
[04Mar2026 16:25:27.502] [FileWatcher-1-thread-1/WARN] [net.neoforged.fml.config.ConfigTracker/CONFIG]: Configuration file /Users/caliane/Sources/nuclearcraft/runs/client/config/NuclearCraft/common.toml is not correct. Correcting
[04Mar2026 16:25:29.502] [FileWatcher-1-thread-1/WARN] [net.neoforged.fml.config.ConfigTracker/CONFIG]: Configuration file /Users/caliane/Sources/nuclearcraft/runs/client/config/NuclearCraft/common.toml is not correct. Correcting
[04Mar2026 16:25:31.502] [FileWatcher-1-thread-1/WARN] [net.neoforged.fml.config.ConfigTracker/CONFIG]: Configuration file /Users/caliane/Sources/nuclearcraft/runs/client/config/NuclearCraft/common.toml is not correct. Correcting
[04Mar2026 16:25:33.502] [FileWatcher-1-thread-1/WARN] [net.neoforged.fml.config.ConfigTracker/CONFIG]: Configuration file /Users/caliane/Sources/nuclearcraft/runs/client/config/NuclearCraft/common.toml is not correct. Correcting
[04Mar2026 16:25:35.502] [FileWatcher-1-thread-1/WARN] [net.neoforged.fml.config.ConfigTracker/CONFIG]: Configuration file /Users/caliane/Sources/nuclearcraft/runs/client/config/NuclearCraft/common.toml is not correct. Correcting
[04Mar2026 16:25:37.507] [FileWatcher-1-thread-1/WARN] [net.neoforged.fml.config.ConfigTracker/CONFIG]: Configuration file /Users/caliane/Sources/nuclearcraft/runs/client/config/NuclearCraft/common.toml is not correct. Correcting
[04Mar2026 16:25:39.509] [FileWatcher-1-thread-1/WARN] [net.neoforged.fml.config.ConfigTracker/CONFIG]: Configuration file /Users/caliane/Sources/nuclearcraft/runs/client/config/NuclearCraft/common.toml is not correct. Correcting
[04Mar2026 16:25:41.504] [FileWatcher-1-thread-1/WARN] [net.neoforged.fml.config.ConfigTracker/CONFIG]: Configuration file /Users/caliane/Sources/nuclearcraft/runs/client/config/NuclearCraft/common.toml is not correct. Correcting
[04Mar2026 16:25:43.503] [FileWatcher-1-thread-1/WARN] [net.neoforged.fml.config.ConfigTracker/CONFIG]: Configuration file /Users/caliane/Sources/nuclearcraft/runs/client/config/NuclearCraft/common.toml is not correct. Correcting
[04Mar2026 16:25:45.502] [FileWatcher-1-thread-1/WARN] [net.neoforged.fml.config.ConfigTracker/CONFIG]: Configuration file /Users/caliane/Sources/nuclearcraft/runs/client/config/NuclearCraft/common.toml is not correct. Correcting
[04Mar2026 16:25:47.502] [FileWatcher-1-thread-1/WARN] [net.neoforged.fml.config.ConfigTracker/CONFIG]: Configuration file /Users/caliane/Sources/nuclearcraft/runs/client/config/NuclearCraft/common.toml is not correct. Correcting
[04Mar2026 16:25:49.502] [FileWatcher-1-thread-1/WARN] [net.neoforged.fml.config.ConfigTracker/CONFIG]: Configuration file /Users/caliane/Sources/nuclearcraft/runs/client/config/NuclearCraft/common.toml is not correct. Correcting
[04Mar2026 16:25:51.507] [FileWatcher-1-thread-1/WARN] [net.neoforged.fml.config.ConfigTracker/CONFIG]: Configuration file /Users/caliane/Sources/nuclearcraft/runs/client/config/NuclearCraft/common.toml is not correct. Correcting
[04Mar2026 16:25:53.502] [FileWatcher-1-thread-1/WARN] [net.neoforged.fml.config.ConfigTracker/CONFIG]: Configuration file /Users/caliane/Sources/nuclearcraft/runs/client/config/NuclearCraft/common.toml is not correct. Correcting
[04Mar2026 16:25:55.503] [FileWatcher-1-thread-1/WARN] [net.neoforged.fml.config.ConfigTracker/CONFIG]: Configuration file /Users/caliane/Sources/nuclearcraft/runs/client/config/NuclearCraft/common.toml is not correct. Correcting
[04Mar2026 16:25:57.503] [FileWatcher-1-thread-1/WARN] [net.neoforged.fml.config.ConfigTracker/CONFIG]: Configuration file /Users/caliane/Sources/nuclearcraft/runs/client/config/NuclearCraft/common.toml is not correct. Correcting
[04Mar2026 16:25:59.502] [FileWatcher-1-thread-1/WARN] [net.neoforged.fml.config.ConfigTracker/CONFIG]: Configuration file /Users/caliane/Sources/nuclearcraft/runs/client/config/NuclearCraft/common.toml is not correct. Correcting
[04Mar2026 16:26:01.502] [FileWatcher-1-thread-1/WARN] [net.neoforged.fml.config.ConfigTracker/CONFIG]: Configuration file /Users/caliane/Sources/nuclearcraft/runs/client/config/NuclearCraft/common.toml is not correct. Correcting
[04Mar2026 16:26:03.502] [FileWatcher-1-thread-1/WARN] [net.neoforged.fml.config.ConfigTracker/CONFIG]: Configuration file /Users/caliane/Sources/nuclearcraft/runs/client/config/NuclearCraft/common.toml is not correct. Correcting
[04Mar2026 16:26:05.502] [FileWatcher-1-thread-1/WARN] [net.neoforged.fml.config.ConfigTracker/CONFIG]: Configuration file /Users/caliane/Sources/nuclearcraft/runs/client/config/NuclearCraft/common.toml is not correct. Correcting
[04Mar2026 16:26:07.502] [FileWatcher-1-thread-1/WARN] [net.neoforged.fml.config.ConfigTracker/CONFIG]: Configuration file /Users/caliane/Sources/nuclearcraft/runs/client/config/NuclearCraft/common.toml is not correct. Correcting
[04Mar2026 16:26:09.504] [FileWatcher-1-thread-1/WARN] [net.neoforged.fml.config.ConfigTracker/CONFIG]: Configuration file /Users/caliane/Sources/nuclearcraft/runs/client/config/NuclearCraft/common.toml is not correct. Correcting
[04Mar2026 16:26:11.502] [FileWatcher-1-thread-1/WARN] [net.neoforged.fml.config.ConfigTracker/CONFIG]: Configuration file /Users/caliane/Sources/nuclearcraft/runs/client/config/NuclearCraft/common.toml is not correct. Correcting
[04Mar2026 16:26:13.503] [FileWatcher-1-thread-1/WARN] [net.neoforged.fml.config.ConfigTracker/CONFIG]: Configuration file /Users/caliane/Sources/nuclearcraft/runs/client/config/NuclearCraft/common.toml is not correct. Correcting
[04Mar2026 16:26:15.506] [FileWatcher-1-thread-1/WARN] [net.neoforged.fml.config.ConfigTracker/CONFIG]: Configuration file /Users/caliane/Sources/nuclearcraft/runs/client/config/NuclearCraft/common.toml is not correct. Correcting
[04Mar2026 16:26:17.502] [FileWatcher-1-thread-1/WARN] [net.neoforged.fml.config.ConfigTracker/CONFIG]: Configuration file /Users/caliane/Sources/nuclearcraft/runs/client/config/NuclearCraft/common.toml is not correct. Correcting
[04Mar2026 16:26:19.502] [FileWatcher-1-thread-1/WARN] [net.neoforged.fml.config.ConfigTracker/CONFIG]: Configuration file /Users/caliane/Sources/nuclearcraft/runs/client/config/NuclearCraft/common.toml is not correct. Correcting
[04Mar2026 16:26:21.502] [FileWatcher-1-thread-1/WARN] [net.neoforged.fml.config.ConfigTracker/CONFIG]: Configuration file /Users/caliane/Sources/nuclearcraft/runs/client/config/NuclearCraft/common.toml is not correct. Correcting
[04Mar2026 16:26:23.502] [FileWatcher-1-thread-1/WARN] [net.neoforged.fml.config.ConfigTracker/CONFIG]: Configuration file /Users/caliane/Sources/nuclearcraft/runs/client/config/NuclearCraft/common.toml is not correct. Correcting
[04Mar2026 16:26:25.501] [FileWatcher-1-thread-1/WARN] [net.neoforged.fml.config.ConfigTracker/CONFIG]: Configuration file /Users/caliane/Sources/nuclearcraft/runs/client/config/NuclearCraft/common.toml is not correct. Correcting
[04Mar2026 16:26:27.506] [FileWatcher-1-thread-1/WARN] [net.neoforged.fml.config.ConfigTracker/CONFIG]: Configuration file /Users/caliane/Sources/nuclearcraft/runs/client/config/NuclearCraft/common.toml is not correct. Correcting
[04Mar2026 16:26:29.503] [FileWatcher-1-thread-1/WARN] [net.neoforged.fml.config.ConfigTracker/CONFIG]: Configuration file /Users/caliane/Sources/nuclearcraft/runs/client/config/NuclearCraft/common.toml is not correct. Correcting
[04Mar2026 16:26:31.504] [FileWatcher-1-thread-1/WARN] [net.neoforged.fml.config.ConfigTracker/CONFIG]: Configuration file /Users/caliane/Sources/nuclearcraft/runs/client/config/NuclearCraft/common.toml is not correct. Correcting
[04Mar2026 16:26:33.508] [FileWatcher-1-thread-1/WARN] [net.neoforged.fml.config.ConfigTracker/CONFIG]: Configuration file /Users/caliane/Sources/nuclearcraft/runs/client/config/NuclearCraft/common.toml is not correct. Correcting
[04Mar2026 16:26:35.502] [FileWatcher-1-thread-1/WARN] [net.neoforged.fml.config.ConfigTracker/CONFIG]: Configuration file /Users/caliane/Sources/nuclearcraft/runs/client/config/NuclearCraft/common.toml is not correct. Correcting
[04Mar2026 16:26:37.503] [FileWatcher-1-thread-1/WARN] [net.neoforged.fml.config.ConfigTracker/CONFIG]: Configuration file /Users/caliane/Sources/nuclearcraft/runs/client/config/NuclearCraft/common.toml is not correct. Correcting
[04Mar2026 16:26:39.502] [FileWatcher-1-thread-1/WARN] [net.neoforged.fml.config.ConfigTracker/CONFIG]: Configuration file /Users/caliane/Sources/nuclearcraft/runs/client/config/NuclearCraft/common.toml is not correct. Correcting
[04Mar2026 16:26:41.503] [FileWatcher-1-thread-1/WARN] [net.neoforged.fml.config.ConfigTracker/CONFIG]: Configuration file /Users/caliane/Sources/nuclearcraft/runs/client/config/NuclearCraft/common.toml is not correct. Correcting
[04Mar2026 16:26:43.502] [FileWatcher-1-thread-1/WARN] [net.neoforged.fml.config.ConfigTracker/CONFIG]: Configuration file /Users/caliane/Sources/nuclearcraft/runs/client/config/NuclearCraft/common.toml is not correct. Correcting
[04Mar2026 16:26:45.507] [FileWatcher-1-thread-1/WARN] [net.neoforged.fml.config.ConfigTracker/CONFIG]: Configuration file /Users/caliane/Sources/nuclearcraft/runs/client/config/NuclearCraft/common.toml is not correct. Correcting
[04Mar2026 16:26:47.504] [FileWatcher-1-thread-1/WARN] [net.neoforged.fml.config.ConfigTracker/CONFIG]: Configuration file /Users/caliane/Sources/nuclearcraft/runs/client/config/NuclearCraft/common.toml is not correct. Correcting
[04Mar2026 16:26:49.503] [FileWatcher-1-thread-1/WARN] [net.neoforged.fml.config.ConfigTracker/CONFIG]: Configuration file /Users/caliane/Sources/nuclearcraft/runs/client/config/NuclearCraft/common.toml is not correct. Correcting
[04Mar2026 16:26:51.506] [FileWatcher-1-thread-1/WARN] [net.neoforged.fml.config.ConfigTracker/CONFIG]: Configuration file /Users/caliane/Sources/nuclearcraft/runs/client/config/NuclearCraft/common.toml is not correct. Correcting
[04Mar2026 16:26:53.502] [FileWatcher-1-thread-1/WARN] [net.neoforged.fml.config.ConfigTracker/CONFIG]: Configuration file /Users/caliane/Sources/nuclearcraft/runs/client/config/NuclearCraft/common.toml is not correct. Correcting
[04Mar2026 16:26:55.502] [FileWatcher-1-thread-1/WARN] [net.neoforged.fml.config.ConfigTracker/CONFIG]: Configuration file /Users/caliane/Sources/nuclearcraft/runs/client/config/NuclearCraft/common.toml is not correct. Correcting
[04Mar2026 16:26:57.502] [FileWatcher-1-thread-1/WARN] [net.neoforged.fml.config.ConfigTracker/CONFIG]: Configuration file /Users/caliane/Sources/nuclearcraft/runs/client/config/NuclearCraft/common.toml is not correct. Correcting
[04Mar2026 16:26:59.502] [FileWatcher-1-thread-1/WARN] [net.neoforged.fml.config.ConfigTracker/CONFIG]: Configuration file /Users/caliane/Sources/nuclearcraft/runs/client/config/NuclearCraft/common.toml is not correct. Correcting
[04Mar2026 16:27:01.502] [FileWatcher-1-thread-1/WARN] [net.neoforged.fml.config.ConfigTracker/CONFIG]: Configuration file /Users/caliane/Sources/nuclearcraft/runs/client/config/NuclearCraft/common.toml is not correct. Correcting
[04Mar2026 16:27:03.503] [FileWatcher-1-thread-1/WARN] [net.neoforged.fml.config.ConfigTracker/CONFIG]: Configuration file /Users/caliane/Sources/nuclearcraft/runs/client/config/NuclearCraft/common.toml is not correct. Correcting
[04Mar2026 16:27:05.502] [FileWatcher-1-thread-1/WARN] [net.neoforged.fml.config.ConfigTracker/CONFIG]: Configuration file /Users/caliane/Sources/nuclearcraft/runs/client/config/NuclearCraft/common.toml is not correct. Correcting
[04Mar2026 16:27:07.503] [FileWatcher-1-thread-1/WARN] [net.neoforged.fml.config.ConfigTracker/CONFIG]: Configuration file /Users/caliane/Sources/nuclearcraft/runs/client/config/NuclearCraft/common.toml is not correct. Correcting
[04Mar2026 16:27:09.504] [FileWatcher-1-thread-1/WARN] [net.neoforged.fml.config.ConfigTracker/CONFIG]: Configuration file /Users/caliane/Sources/nuclearcraft/runs/client/config/NuclearCraft/common.toml is not correct. Correcting
[04Mar2026 16:27:11.502] [FileWatcher-1-thread-1/WARN] [net.neoforged.fml.config.ConfigTracker/CONFIG]: Configuration file /Users/caliane/Sources/nuclearcraft/runs/client/config/NuclearCraft/common.toml is not correct. Correcting
[04Mar2026 16:27:13.503] [FileWatcher-1-thread-1/WARN] [net.neoforged.fml.config.ConfigTracker/CONFIG]: Configuration file /Users/caliane/Sources/nuclearcraft/runs/client/config/NuclearCraft/common.toml is not correct. Correcting
[04Mar2026 16:27:15.502] [FileWatcher-1-thread-1/WARN] [net.neoforged.fml.config.ConfigTracker/CONFIG]: Configuration file /Users/caliane/Sources/nuclearcraft/runs/client/config/NuclearCraft/common.toml is not correct. Correcting
[04Mar2026 16:27:17.508] [FileWatcher-1-thread-1/WARN] [net.neoforged.fml.config.ConfigTracker/CONFIG]: Configuration file /Users/caliane/Sources/nuclearcraft/runs/client/config/NuclearCraft/common.toml is not correct. Correcting
[04Mar2026 16:27:19.502] [FileWatcher-1-thread-1/WARN] [net.neoforged.fml.config.ConfigTracker/CONFIG]: Configuration file /Users/caliane/Sources/nuclearcraft/runs/client/config/NuclearCraft/common.toml is not correct. Correcting
[04Mar2026 16:27:21.503] [FileWatcher-1-thread-1/WARN] [net.neoforged.fml.config.ConfigTracker/CONFIG]: Configuration file /Users/caliane/Sources/nuclearcraft/runs/client/config/NuclearCraft/common.toml is not correct. Correcting
[04Mar2026 16:27:23.502] [FileWatcher-1-thread-1/WARN] [net.neoforged.fml.config.ConfigTracker/CONFIG]: Configuration file /Users/caliane/Sources/nuclearcraft/runs/client/config/NuclearCraft/common.toml is not correct. Correcting
[04Mar2026 16:27:25.504] [FileWatcher-1-thread-1/WARN] [net.neoforged.fml.config.ConfigTracker/CONFIG]: Configuration file /Users/caliane/Sources/nuclearcraft/runs/client/config/NuclearCraft/common.toml is not correct. Correcting
[04Mar2026 16:27:27.502] [FileWatcher-1-thread-1/WARN] [net.neoforged.fml.config.ConfigTracker/CONFIG]: Configuration file /Users/caliane/Sources/nuclearcraft/runs/client/config/NuclearCraft/common.toml is not correct. Correcting
[04Mar2026 16:27:29.503] [FileWatcher-1-thread-1/WARN] [net.neoforged.fml.config.ConfigTracker/CONFIG]: Configuration file /Users/caliane/Sources/nuclearcraft/runs/client/config/NuclearCraft/common.toml is not correct. Correcting
[04Mar2026 16:27:31.504] [FileWatcher-1-thread-1/WARN] [net.neoforged.fml.config.ConfigTracker/CONFIG]: Configuration file /Users/caliane/Sources/nuclearcraft/runs/client/config/NuclearCraft/common.toml is not correct. Correcting
[04Mar2026 16:27:33.502] [FileWatcher-1-thread-1/WARN] [net.neoforged.fml.config.ConfigTracker/CONFIG]: Configuration file /Users/caliane/Sources/nuclearcraft/runs/client/config/NuclearCraft/common.toml is not correct. Correcting
[04Mar2026 16:27:35.504] [FileWatcher-1-thread-1/WARN] [net.neoforged.fml.config.ConfigTracker/CONFIG]: Configuration file /Users/caliane/Sources/nuclearcraft/runs/client/config/NuclearCraft/common.toml is not correct. Correcting
[04Mar2026 16:27:37.506] [FileWatcher-1-thread-1/WARN] [net.neoforged.fml.config.ConfigTracker/CONFIG]: Configuration file /Users/caliane/Sources/nuclearcraft/runs/client/config/NuclearCraft/common.toml is not correct. Correcting
[04Mar2026 16:27:39.505] [FileWatcher-1-thread-1/WARN] [net.neoforged.fml.config.ConfigTracker/CONFIG]: Configuration file /Users/caliane/Sources/nuclearcraft/runs/client/config/NuclearCraft/common.toml is not correct. Correcting
[04Mar2026 16:27:41.505] [FileWatcher-1-thread-1/WARN] [net.neoforged.fml.config.ConfigTracker/CONFIG]: Configuration file /Users/caliane/Sources/nuclearcraft/runs/client/config/NuclearCraft/common.toml is not correct. Correcting
[04Mar2026 16:27:43.502] [FileWatcher-1-thread-1/WARN] [net.neoforged.fml.config.ConfigTracker/CONFIG]: Configuration file /Users/caliane/Sources/nuclearcraft/runs/client/config/NuclearCraft/common.toml is not correct. Correcting
[04Mar2026 16:27:45.504] [FileWatcher-1-thread-1/WARN] [net.neoforged.fml.config.ConfigTracker/CONFIG]: Configuration file /Users/caliane/Sources/nuclearcraft/runs/client/config/NuclearCraft/common.toml is not correct. Correcting
[04Mar2026 16:27:47.502] [FileWatcher-1-thread-1/WARN] [net.neoforged.fml.config.ConfigTracker/CONFIG]: Configuration file /Users/caliane/Sources/nuclearcraft/runs/client/config/NuclearCraft/common.toml is not correct. Correcting
[04Mar2026 16:27:49.508] [FileWatcher-1-thread-1/WARN] [net.neoforged.fml.config.ConfigTracker/CONFIG]: Configuration file /Users/caliane/Sources/nuclearcraft/runs/client/config/NuclearCraft/common.toml is not correct. Correcting
[04Mar2026 16:27:51.503] [FileWatcher-1-thread-1/WARN] [net.neoforged.fml.config.ConfigTracker/CONFIG]: Configuration file /Users/caliane/Sources/nuclearcraft/runs/client/config/NuclearCraft/common.toml is not correct. Correcting
[04Mar2026 16:27:53.505] [FileWatcher-1-thread-1/WARN] [net.neoforged.fml.config.ConfigTracker/CONFIG]: Configuration file /Users/caliane/Sources/nuclearcraft/runs/client/config/NuclearCraft/common.toml is not correct. Correcting
[04Mar2026 16:27:55.503] [FileWatcher-1-thread-1/WARN] [net.neoforged.fml.config.ConfigTracker/CONFIG]: Configuration file /Users/caliane/Sources/nuclearcraft/runs/client/config/NuclearCraft/common.toml is not correct. Correcting
[04Mar2026 16:27:57.506] [FileWatcher-1-thread-1/WARN] [net.neoforged.fml.config.ConfigTracker/CONFIG]: Configuration file /Users/caliane/Sources/nuclearcraft/runs/client/config/NuclearCraft/common.toml is not correct. Correcting
[04Mar2026 16:27:59.502] [FileWatcher-1-thread-1/WARN] [net.neoforged.fml.config.ConfigTracker/CONFIG]: Configuration file /Users/caliane/Sources/nuclearcraft/runs/client/config/NuclearCraft/common.toml is not correct. Correcting
[04Mar2026 16:28:01.502] [FileWatcher-1-thread-1/WARN] [net.neoforged.fml.config.ConfigTracker/CONFIG]: Configuration file /Users/caliane/Sources/nuclearcraft/runs/client/config/NuclearCraft/common.toml is not correct. Correcting
[04Mar2026 16:28:03.503] [FileWatcher-1-thread-1/WARN] [net.neoforged.fml.config.ConfigTracker/CONFIG]: Configuration file /Users/caliane/Sources/nuclearcraft/runs/client/config/NuclearCraft/common.toml is not correct. Correcting
[04Mar2026 16:28:05.504] [FileWatcher-1-thread-1/WARN] [net.neoforged.fml.config.ConfigTracker/CONFIG]: Configuration file /Users/caliane/Sources/nuclearcraft/runs/client/config/NuclearCraft/common.toml is not correct. Correcting
[04Mar2026 16:28:07.502] [FileWatcher-1-thread-1/WARN] [net.neoforged.fml.config.ConfigTracker/CONFIG]: Configuration file /Users/caliane/Sources/nuclearcraft/runs/client/config/NuclearCraft/common.toml is not correct. Correcting
[04Mar2026 16:28:09.504] [FileWatcher-1-thread-1/WARN] [net.neoforged.fml.config.ConfigTracker/CONFIG]: Configuration file /Users/caliane/Sources/nuclearcraft/runs/client/config/NuclearCraft/common.toml is not correct. Correcting
[04Mar2026 16:28:11.502] [FileWatcher-1-thread-1/WARN] [net.neoforged.fml.config.ConfigTracker/CONFIG]: Configuration file /Users/caliane/Sources/nuclearcraft/runs/client/config/NuclearCraft/common.toml is not correct. Correcting
[04Mar2026 16:28:13.502] [FileWatcher-1-thread-1/WARN] [net.neoforged.fml.config.ConfigTracker/CONFIG]: Configuration file /Users/caliane/Sources/nuclearcraft/runs/client/config/NuclearCraft/common.toml is not correct. Correcting
[04Mar2026 16:28:15.502] [FileWatcher-1-thread-1/WARN] [net.neoforged.fml.config.ConfigTracker/CONFIG]: Configuration file /Users/caliane/Sources/nuclearcraft/runs/client/config/NuclearCraft/common.toml is not correct. Correcting
[04Mar2026 16:28:17.502] [FileWatcher-1-thread-1/WARN] [net.neoforged.fml.config.ConfigTracker/CONFIG]: Configuration file /Users/caliane/Sources/nuclearcraft/runs/client/config/NuclearCraft/common.toml is not correct. Correcting
[04Mar2026 16:28:19.502] [FileWatcher-1-thread-1/WARN] [net.neoforged.fml.config.ConfigTracker/CONFIG]: Configuration file /Users/caliane/Sources/nuclearcraft/runs/client/config/NuclearCraft/common.toml is not correct. Correcting
[04Mar2026 16:28:21.502] [FileWatcher-1-thread-1/WARN] [net.neoforged.fml.config.ConfigTracker/CONFIG]: Configuration file /Users/caliane/Sources/nuclearcraft/runs/client/config/NuclearCraft/common.toml is not correct. Correcting
[04Mar2026 16:28:23.509] [FileWatcher-1-thread-1/WARN] [net.neoforged.fml.config.ConfigTracker/CONFIG]: Configuration file /Users/caliane/Sources/nuclearcraft/runs/client/config/NuclearCraft/common.toml is not correct. Correcting
[04Mar2026 16:28:25.502] [FileWatcher-1-thread-1/WARN] [net.neoforged.fml.config.ConfigTracker/CONFIG]: Configuration file /Users/caliane/Sources/nuclearcraft/runs/client/config/NuclearCraft/common.toml is not correct. Correcting
[04Mar2026 16:28:27.503] [FileWatcher-1-thread-1/WARN] [net.neoforged.fml.config.ConfigTracker/CONFIG]: Configuration file /Users/caliane/Sources/nuclearcraft/runs/client/config/NuclearCraft/common.toml is not correct. Correcting
[04Mar2026 16:28:29.502] [FileWatcher-1-thread-1/WARN] [net.neoforged.fml.config.ConfigTracker/CONFIG]: Configuration file /Users/caliane/Sources/nuclearcraft/runs/client/config/NuclearCraft/common.toml is not correct. Correcting
[04Mar2026 16:28:31.502] [FileWatcher-1-thread-1/WARN] [net.neoforged.fml.config.ConfigTracker/CONFIG]: Configuration file /Users/caliane/Sources/nuclearcraft/runs/client/config/NuclearCraft/common.toml is not correct. Correcting
[04Mar2026 16:28:33.503] [FileWatcher-1-thread-1/WARN] [net.neoforged.fml.config.ConfigTracker/CONFIG]: Configuration file /Users/caliane/Sources/nuclearcraft/runs/client/config/NuclearCraft/common.toml is not correct. Correcting
[04Mar2026 16:28:35.503] [FileWatcher-1-thread-1/WARN] [net.neoforged.fml.config.ConfigTracker/CONFIG]: Configuration file /Users/caliane/Sources/nuclearcraft/runs/client/config/NuclearCraft/common.toml is not correct. Correcting
[04Mar2026 16:28:37.503] [FileWatcher-1-thread-1/WARN] [net.neoforged.fml.config.ConfigTracker/CONFIG]: Configuration file /Users/caliane/Sources/nuclearcraft/runs/client/config/NuclearCraft/common.toml is not correct. Correcting
[04Mar2026 16:28:39.502] [FileWatcher-1-thread-1/WARN] [net.neoforged.fml.config.ConfigTracker/CONFIG]: Configuration file /Users/caliane/Sources/nuclearcraft/runs/client/config/NuclearCraft/common.toml is not correct. Correcting
[04Mar2026 16:28:41.503] [FileWatcher-1-thread-1/WARN] [net.neoforged.fml.config.ConfigTracker/CONFIG]: Configuration file /Users/caliane/Sources/nuclearcraft/runs/client/config/NuclearCraft/common.toml is not correct. Correcting
[04Mar2026 16:28:43.503] [FileWatcher-1-thread-1/WARN] [net.neoforged.fml.config.ConfigTracker/CONFIG]: Configuration file /Users/caliane/Sources/nuclearcraft/runs/client/config/NuclearCraft/common.toml is not correct. Correcting
[04Mar2026 16:28:45.502] [FileWatcher-1-thread-1/WARN] [net.neoforged.fml.config.ConfigTracker/CONFIG]: Configuration file /Users/caliane/Sources/nuclearcraft/runs/client/config/NuclearCraft/common.toml is not correct. Correcting
[04Mar2026 16:28:47.502] [FileWatcher-1-thread-1/WARN] [net.neoforged.fml.config.ConfigTracker/CONFIG]: Configuration file /Users/caliane/Sources/nuclearcraft/runs/client/config/NuclearCraft/common.toml is not correct. Correcting
[04Mar2026 16:28:49.502] [FileWatcher-1-thread-1/WARN] [net.neoforged.fml.config.ConfigTracker/CONFIG]: Configuration file /Users/caliane/Sources/nuclearcraft/runs/client/config/NuclearCraft/common.toml is not correct. Correcting
[04Mar2026 16:28:51.502] [FileWatcher-1-thread-1/WARN] [net.neoforged.fml.config.ConfigTracker/CONFIG]: Configuration file /Users/caliane/Sources/nuclearcraft/runs/client/config/NuclearCraft/common.toml is not correct. Correcting
[04Mar2026 16:28:53.503] [FileWatcher-1-thread-1/WARN] [net.neoforged.fml.config.ConfigTracker/CONFIG]: Configuration file /Users/caliane/Sources/nuclearcraft/runs/client/config/NuclearCraft/common.toml is not correct. Correcting
[04Mar2026 16:28:55.503] [FileWatcher-1-thread-1/WARN] [net.neoforged.fml.config.ConfigTracker/CONFIG]: Configuration file /Users/caliane/Sources/nuclearcraft/runs/client/config/NuclearCraft/common.toml is not correct. Correcting
[04Mar2026 16:28:57.505] [FileWatcher-1-thread-1/WARN] [net.neoforged.fml.config.ConfigTracker/CONFIG]: Configuration file /Users/caliane/Sources/nuclearcraft/runs/client/config/NuclearCraft/common.toml is not correct. Correcting
[04Mar2026 16:28:59.502] [FileWatcher-1-thread-1/WARN] [net.neoforged.fml.config.ConfigTracker/CONFIG]: Configuration file /Users/caliane/Sources/nuclearcraft/runs/client/config/NuclearCraft/common.toml is not correct. Correcting
[04Mar2026 16:29:01.502] [FileWatcher-1-thread-1/WARN] [net.neoforged.fml.config.ConfigTracker/CONFIG]: Configuration file /Users/caliane/Sources/nuclearcraft/runs/client/config/NuclearCraft/common.toml is not correct. Correcting
[04Mar2026 16:29:03.502] [FileWatcher-1-thread-1/WARN] [net.neoforged.fml.config.ConfigTracker/CONFIG]: Configuration file /Users/caliane/Sources/nuclearcraft/runs/client/config/NuclearCraft/common.toml is not correct. Correcting
[04Mar2026 16:29:05.502] [FileWatcher-1-thread-1/WARN] [net.neoforged.fml.config.ConfigTracker/CONFIG]: Configuration file /Users/caliane/Sources/nuclearcraft/runs/client/config/NuclearCraft/common.toml is not correct. Correcting
[04Mar2026 16:29:07.502] [FileWatcher-1-thread-1/WARN] [net.neoforged.fml.config.ConfigTracker/CONFIG]: Configuration file /Users/caliane/Sources/nuclearcraft/runs/client/config/NuclearCraft/common.toml is not correct. Correcting
[04Mar2026 16:29:09.504] [FileWatcher-1-thread-1/WARN] [net.neoforged.fml.config.ConfigTracker/CONFIG]: Configuration file /Users/caliane/Sources/nuclearcraft/runs/client/config/NuclearCraft/common.toml is not correct. Correcting
[04Mar2026 16:29:11.502] [FileWatcher-1-thread-1/WARN] [net.neoforged.fml.config.ConfigTracker/CONFIG]: Configuration file /Users/caliane/Sources/nuclearcraft/runs/client/config/NuclearCraft/common.toml is not correct. Correcting
[04Mar2026 16:29:13.504] [FileWatcher-1-thread-1/WARN] [net.neoforged.fml.config.ConfigTracker/CONFIG]: Configuration file /Users/caliane/Sources/nuclearcraft/runs/client/config/NuclearCraft/common.toml is not correct. Correcting
[04Mar2026 16:29:15.503] [FileWatcher-1-thread-1/WARN] [net.neoforged.fml.config.ConfigTracker/CONFIG]: Configuration file /Users/caliane/Sources/nuclearcraft/runs/client/config/NuclearCraft/common.toml is not correct. Correcting
[04Mar2026 16:29:17.502] [FileWatcher-1-thread-1/WARN] [net.neoforged.fml.config.ConfigTracker/CONFIG]: Configuration file /Users/caliane/Sources/nuclearcraft/runs/client/config/NuclearCraft/common.toml is not correct. Correcting
[04Mar2026 16:29:19.502] [FileWatcher-1-thread-1/WARN] [net.neoforged.fml.config.ConfigTracker/CONFIG]: Configuration file /Users/caliane/Sources/nuclearcraft/runs/client/config/NuclearCraft/common.toml is not correct. Correcting
[04Mar2026 16:29:21.504] [FileWatcher-1-thread-1/WARN] [net.neoforged.fml.config.ConfigTracker/CONFIG]: Configuration file /Users/caliane/Sources/nuclearcraft/runs/client/config/NuclearCraft/common.toml is not correct. Correcting
[04Mar2026 16:29:23.505] [FileWatcher-1-thread-1/WARN] [net.neoforged.fml.config.ConfigTracker/CONFIG]: Configuration file /Users/caliane/Sources/nuclearcraft/runs/client/config/NuclearCraft/common.toml is not correct. Correcting
[04Mar2026 16:29:25.502] [FileWatcher-1-thread-1/WARN] [net.neoforged.fml.config.ConfigTracker/CONFIG]: Configuration file /Users/caliane/Sources/nuclearcraft/runs/client/config/NuclearCraft/common.toml is not correct. Correcting
[04Mar2026 16:29:27.511] [FileWatcher-1-thread-1/WARN] [net.neoforged.fml.config.ConfigTracker/CONFIG]: Configuration file /Users/caliane/Sources/nuclearcraft/runs/client/config/NuclearCraft/common.toml is not correct. Correcting
[04Mar2026 16:29:29.505] [FileWatcher-1-thread-1/WARN] [net.neoforged.fml.config.ConfigTracker/CONFIG]: Configuration file /Users/caliane/Sources/nuclearcraft/runs/client/config/NuclearCraft/common.toml is not correct. Correcting
[04Mar2026 16:29:31.503] [FileWatcher-1-thread-1/WARN] [net.neoforged.fml.config.ConfigTracker/CONFIG]: Configuration file /Users/caliane/Sources/nuclearcraft/runs/client/config/NuclearCraft/common.toml is not correct. Correcting
[04Mar2026 16:29:33.507] [FileWatcher-1-thread-1/WARN] [net.neoforged.fml.config.ConfigTracker/CONFIG]: Configuration file /Users/caliane/Sources/nuclearcraft/runs/client/config/NuclearCraft/common.toml is not correct. Correcting
[04Mar2026 16:29:35.507] [FileWatcher-1-thread-1/WARN] [net.neoforged.fml.config.ConfigTracker/CONFIG]: Configuration file /Users/caliane/Sources/nuclearcraft/runs/client/config/NuclearCraft/common.toml is not correct. Correcting
[04Mar2026 16:29:37.506] [FileWatcher-1-thread-1/WARN] [net.neoforged.fml.config.ConfigTracker/CONFIG]: Configuration file /Users/caliane/Sources/nuclearcraft/runs/client/config/NuclearCraft/common.toml is not correct. Correcting
[04Mar2026 16:29:39.510] [FileWatcher-1-thread-1/WARN] [net.neoforged.fml.config.ConfigTracker/CONFIG]: Configuration file /Users/caliane/Sources/nuclearcraft/runs/client/config/NuclearCraft/common.toml is not correct. Correcting
[04Mar2026 16:29:41.503] [FileWatcher-1-thread-1/WARN] [net.neoforged.fml.config.ConfigTracker/CONFIG]: Configuration file /Users/caliane/Sources/nuclearcraft/runs/client/config/NuclearCraft/common.toml is not correct. Correcting
[04Mar2026 16:29:43.505] [FileWatcher-1-thread-1/WARN] [net.neoforged.fml.config.ConfigTracker/CONFIG]: Configuration file /Users/caliane/Sources/nuclearcraft/runs/client/config/NuclearCraft/common.toml is not correct. Correcting
[04Mar2026 16:29:45.507] [FileWatcher-1-thread-1/WARN] [net.neoforged.fml.config.ConfigTracker/CONFIG]: Configuration file /Users/caliane/Sources/nuclearcraft/runs/client/config/NuclearCraft/common.toml is not correct. Correcting
[04Mar2026 16:29:47.507] [FileWatcher-1-thread-1/WARN] [net.neoforged.fml.config.ConfigTracker/CONFIG]: Configuration file /Users/caliane/Sources/nuclearcraft/runs/client/config/NuclearCraft/common.toml is not correct. Correcting
[04Mar2026 16:29:49.506] [FileWatcher-1-thread-1/WARN] [net.neoforged.fml.config.ConfigTracker/CONFIG]: Configuration file /Users/caliane/Sources/nuclearcraft/runs/client/config/NuclearCraft/common.toml is not correct. Correcting
[04Mar2026 16:29:51.506] [FileWatcher-1-thread-1/WARN] [net.neoforged.fml.config.ConfigTracker/CONFIG]: Configuration file /Users/caliane/Sources/nuclearcraft/runs/client/config/NuclearCraft/common.toml is not correct. Correcting
[04Mar2026 16:29:53.508] [FileWatcher-1-thread-1/WARN] [net.neoforged.fml.config.ConfigTracker/CONFIG]: Configuration file /Users/caliane/Sources/nuclearcraft/runs/client/config/NuclearCraft/common.toml is not correct. Correcting
[04Mar2026 16:29:55.511] [FileWatcher-1-thread-1/WARN] [net.neoforged.fml.config.ConfigTracker/CONFIG]: Configuration file /Users/caliane/Sources/nuclearcraft/runs/client/config/NuclearCraft/common.toml is not correct. Correcting
[04Mar2026 16:29:57.502] [FileWatcher-1-thread-1/WARN] [net.neoforged.fml.config.ConfigTracker/CONFIG]: Configuration file /Users/caliane/Sources/nuclearcraft/runs/client/config/NuclearCraft/common.toml is not correct. Correcting
[04Mar2026 16:29:59.502] [FileWatcher-1-thread-1/WARN] [net.neoforged.fml.config.ConfigTracker/CONFIG]: Configuration file /Users/caliane/Sources/nuclearcraft/runs/client/config/NuclearCraft/common.toml is not correct. Correcting
[04Mar2026 16:30:01.502] [FileWatcher-1-thread-1/WARN] [net.neoforged.fml.config.ConfigTracker/CONFIG]: Configuration file /Users/caliane/Sources/nuclearcraft/runs/client/config/NuclearCraft/common.toml is not correct. Correcting
[04Mar2026 16:30:03.504] [FileWatcher-1-thread-1/WARN] [net.neoforged.fml.config.ConfigTracker/CONFIG]: Configuration file /Users/caliane/Sources/nuclearcraft/runs/client/config/NuclearCraft/common.toml is not correct. Correcting
[04Mar2026 16:30:05.507] [FileWatcher-1-thread-1/WARN] [net.neoforged.fml.config.ConfigTracker/CONFIG]: Configuration file /Users/caliane/Sources/nuclearcraft/runs/client/config/NuclearCraft/common.toml is not correct. Correcting
[04Mar2026 16:30:07.502] [FileWatcher-1-thread-1/WARN] [net.neoforged.fml.config.ConfigTracker/CONFIG]: Configuration file /Users/caliane/Sources/nuclearcraft/runs/client/config/NuclearCraft/common.toml is not correct. Correcting
[04Mar2026 16:30:09.505] [FileWatcher-1-thread-1/WARN] [net.neoforged.fml.config.ConfigTracker/CONFIG]: Configuration file /Users/caliane/Sources/nuclearcraft/runs/client/config/NuclearCraft/common.toml is not correct. Correcting
[04Mar2026 16:30:11.505] [FileWatcher-1-thread-1/WARN] [net.neoforged.fml.config.ConfigTracker/CONFIG]: Configuration file /Users/caliane/Sources/nuclearcraft/runs/client/config/NuclearCraft/common.toml is not correct. Correcting
[04Mar2026 16:30:13.506] [FileWatcher-1-thread-1/WARN] [net.neoforged.fml.config.ConfigTracker/CONFIG]: Configuration file /Users/caliane/Sources/nuclearcraft/runs/client/config/NuclearCraft/common.toml is not correct. Correcting
[04Mar2026 16:30:15.504] [FileWatcher-1-thread-1/WARN] [net.neoforged.fml.config.ConfigTracker/CONFIG]: Configuration file /Users/caliane/Sources/nuclearcraft/runs/client/config/NuclearCraft/common.toml is not correct. Correcting
[04Mar2026 16:30:17.505] [FileWatcher-1-thread-1/WARN] [net.neoforged.fml.config.ConfigTracker/CONFIG]: Configuration file /Users/caliane/Sources/nuclearcraft/runs/client/config/NuclearCraft/common.toml is not correct. Correcting
[04Mar2026 16:30:19.504] [FileWatcher-1-thread-1/WARN] [net.neoforged.fml.config.ConfigTracker/CONFIG]: Configuration file /Users/caliane/Sources/nuclearcraft/runs/client/config/NuclearCraft/common.toml is not correct. Correcting
[04Mar2026 16:30:21.507] [FileWatcher-1-thread-1/WARN] [net.neoforged.fml.config.ConfigTracker/CONFIG]: Configuration file /Users/caliane/Sources/nuclearcraft/runs/client/config/NuclearCraft/common.toml is not correct. Correcting
[04Mar2026 16:30:23.507] [FileWatcher-1-thread-1/WARN] [net.neoforged.fml.config.ConfigTracker/CONFIG]: Configuration file /Users/caliane/Sources/nuclearcraft/runs/client/config/NuclearCraft/common.toml is not correct. Correcting
[04Mar2026 16:30:25.511] [FileWatcher-1-thread-1/WARN] [net.neoforged.fml.config.ConfigTracker/CONFIG]: Configuration file /Users/caliane/Sources/nuclearcraft/runs/client/config/NuclearCraft/common.toml is not correct. Correcting
[04Mar2026 16:30:27.510] [FileWatcher-1-thread-1/WARN] [net.neoforged.fml.config.ConfigTracker/CONFIG]: Configuration file /Users/caliane/Sources/nuclearcraft/runs/client/config/NuclearCraft/common.toml is not correct. Correcting
[04Mar2026 16:30:29.504] [FileWatcher-1-thread-1/WARN] [net.neoforged.fml.config.ConfigTracker/CONFIG]: Configuration file /Users/caliane/Sources/nuclearcraft/runs/client/config/NuclearCraft/common.toml is not correct. Correcting
[04Mar2026 16:30:31.504] [FileWatcher-1-thread-1/WARN] [net.neoforged.fml.config.ConfigTracker/CONFIG]: Configuration file /Users/caliane/Sources/nuclearcraft/runs/client/config/NuclearCraft/common.toml is not correct. Correcting
[04Mar2026 16:30:33.502] [FileWatcher-1-thread-1/WARN] [net.neoforged.fml.config.ConfigTracker/CONFIG]: Configuration file /Users/caliane/Sources/nuclearcraft/runs/client/config/NuclearCraft/common.toml is not correct. Correcting
[04Mar2026 16:30:35.509] [FileWatcher-1-thread-1/WARN] [net.neoforged.fml.config.ConfigTracker/CONFIG]: Configuration file /Users/caliane/Sources/nuclearcraft/runs/client/config/NuclearCraft/common.toml is not correct. Correcting
[04Mar2026 16:30:37.507] [FileWatcher-1-thread-1/WARN] [net.neoforged.fml.config.ConfigTracker/CONFIG]: Configuration file /Users/caliane/Sources/nuclearcraft/runs/client/config/NuclearCraft/common.toml is not correct. Correcting
[04Mar2026 16:30:39.509] [FileWatcher-1-thread-1/WARN] [net.neoforged.fml.config.ConfigTracker/CONFIG]: Configuration file /Users/caliane/Sources/nuclearcraft/runs/client/config/NuclearCraft/common.toml is not correct. Correcting
[04Mar2026 16:30:41.506] [FileWatcher-1-thread-1/WARN] [net.neoforged.fml.config.ConfigTracker/CONFIG]: Configuration file /Users/caliane/Sources/nuclearcraft/runs/client/config/NuclearCraft/common.toml is not correct. Correcting
[04Mar2026 16:30:43.506] [FileWatcher-1-thread-1/WARN] [net.neoforged.fml.config.ConfigTracker/CONFIG]: Configuration file /Users/caliane/Sources/nuclearcraft/runs/client/config/NuclearCraft/common.toml is not correct. Correcting
[04Mar2026 16:30:45.504] [FileWatcher-1-thread-1/WARN] [net.neoforged.fml.config.ConfigTracker/CONFIG]: Configuration file /Users/caliane/Sources/nuclearcraft/runs/client/config/NuclearCraft/common.toml is not correct. Correcting
[04Mar2026 16:30:47.505] [FileWatcher-1-thread-1/WARN] [net.neoforged.fml.config.ConfigTracker/CONFIG]: Configuration file /Users/caliane/Sources/nuclearcraft/runs/client/config/NuclearCraft/common.toml is not correct. Correcting
[04Mar2026 16:30:49.507] [FileWatcher-1-thread-1/WARN] [net.neoforged.fml.config.ConfigTracker/CONFIG]: Configuration file /Users/caliane/Sources/nuclearcraft/runs/client/config/NuclearCraft/common.toml is not correct. Correcting
[04Mar2026 16:30:51.502] [FileWatcher-1-thread-1/WARN] [net.neoforged.fml.config.ConfigTracker/CONFIG]: Configuration file /Users/caliane/Sources/nuclearcraft/runs/client/config/NuclearCraft/common.toml is not correct. Correcting
[04Mar2026 16:30:53.505] [FileWatcher-1-thread-1/WARN] [net.neoforged.fml.config.ConfigTracker/CONFIG]: Configuration file /Users/caliane/Sources/nuclearcraft/runs/client/config/NuclearCraft/common.toml is not correct. Correcting
[04Mar2026 16:30:55.509] [FileWatcher-1-thread-1/WARN] [net.neoforged.fml.config.ConfigTracker/CONFIG]: Configuration file /Users/caliane/Sources/nuclearcraft/runs/client/config/NuclearCraft/common.toml is not correct. Correcting
[04Mar2026 16:30:57.506] [FileWatcher-1-thread-1/WARN] [net.neoforged.fml.config.ConfigTracker/CONFIG]: Configuration file /Users/caliane/Sources/nuclearcraft/runs/client/config/NuclearCraft/common.toml is not correct. Correcting
[04Mar2026 16:30:59.510] [FileWatcher-1-thread-1/WARN] [net.neoforged.fml.config.ConfigTracker/CONFIG]: Configuration file /Users/caliane/Sources/nuclearcraft/runs/client/config/NuclearCraft/common.toml is not correct. Correcting
[04Mar2026 16:31:01.505] [FileWatcher-1-thread-1/WARN] [net.neoforged.fml.config.ConfigTracker/CONFIG]: Configuration file /Users/caliane/Sources/nuclearcraft/runs/client/config/NuclearCraft/common.toml is not correct. Correcting
[04Mar2026 16:31:03.508] [FileWatcher-1-thread-1/WARN] [net.neoforged.fml.config.ConfigTracker/CONFIG]: Configuration file /Users/caliane/Sources/nuclearcraft/runs/client/config/NuclearCraft/common.toml is not correct. Correcting
[04Mar2026 16:31:05.506] [FileWatcher-1-thread-1/WARN] [net.neoforged.fml.config.ConfigTracker/CONFIG]: Configuration file /Users/caliane/Sources/nuclearcraft/runs/client/config/NuclearCraft/common.toml is not correct. Correcting
[04Mar2026 16:31:07.508] [FileWatcher-1-thread-1/WARN] [net.neoforged.fml.config.ConfigTracker/CONFIG]: Configuration file /Users/caliane/Sources/nuclearcraft/runs/client/config/NuclearCraft/common.toml is not correct. Correcting
[04Mar2026 16:31:09.509] [FileWatcher-1-thread-1/WARN] [net.neoforged.fml.config.ConfigTracker/CONFIG]: Configuration file /Users/caliane/Sources/nuclearcraft/runs/client/config/NuclearCraft/common.toml is not correct. Correcting
[04Mar2026 16:31:11.505] [FileWatcher-1-thread-1/WARN] [net.neoforged.fml.config.ConfigTracker/CONFIG]: Configuration file /Users/caliane/Sources/nuclearcraft/runs/client/config/NuclearCraft/common.toml is not correct. Correcting
[04Mar2026 16:31:13.511] [FileWatcher-1-thread-1/WARN] [net.neoforged.fml.config.ConfigTracker/CONFIG]: Configuration file /Users/caliane/Sources/nuclearcraft/runs/client/config/NuclearCraft/common.toml is not correct. Correcting
[04Mar2026 16:31:15.511] [FileWatcher-1-thread-1/WARN] [net.neoforged.fml.config.ConfigTracker/CONFIG]: Configuration file /Users/caliane/Sources/nuclearcraft/runs/client/config/NuclearCraft/common.toml is not correct. Correcting
[04Mar2026 16:31:17.507] [FileWatcher-1-thread-1/WARN] [net.neoforged.fml.config.ConfigTracker/CONFIG]: Configuration file /Users/caliane/Sources/nuclearcraft/runs/client/config/NuclearCraft/common.toml is not correct. Correcting
[04Mar2026 16:31:19.506] [FileWatcher-1-thread-1/WARN] [net.neoforged.fml.config.ConfigTracker/CONFIG]: Configuration file /Users/caliane/Sources/nuclearcraft/runs/client/config/NuclearCraft/common.toml is not correct. Correcting
[04Mar2026 16:31:21.507] [FileWatcher-1-thread-1/WARN] [net.neoforged.fml.config.ConfigTracker/CONFIG]: Configuration file /Users/caliane/Sources/nuclearcraft/runs/client/config/NuclearCraft/common.toml is not correct. Correcting
[04Mar2026 16:31:23.511] [FileWatcher-1-thread-1/WARN] [net.neoforged.fml.config.ConfigTracker/CONFIG]: Configuration file /Users/caliane/Sources/nuclearcraft/runs/client/config/NuclearCraft/common.toml is not correct. Correcting
[04Mar2026 16:31:25.504] [FileWatcher-1-thread-1/WARN] [net.neoforged.fml.config.ConfigTracker/CONFIG]: Configuration file /Users/caliane/Sources/nuclearcraft/runs/client/config/NuclearCraft/common.toml is not correct. Correcting
[04Mar2026 16:31:27.504] [FileWatcher-1-thread-1/WARN] [net.neoforged.fml.config.ConfigTracker/CONFIG]: Configuration file /Users/caliane/Sources/nuclearcraft/runs/client/config/NuclearCraft/common.toml is not correct. Correcting
[04Mar2026 16:31:29.505] [FileWatcher-1-thread-1/WARN] [net.neoforged.fml.config.ConfigTracker/CONFIG]: Configuration file /Users/caliane/Sources/nuclearcraft/runs/client/config/NuclearCraft/common.toml is not correct. Correcting
[04Mar2026 16:31:31.503] [FileWatcher-1-thread-1/WARN] [net.neoforged.fml.config.ConfigTracker/CONFIG]: Configuration file /Users/caliane/Sources/nuclearcraft/runs/client/config/NuclearCraft/common.toml is not correct. Correcting
[04Mar2026 16:31:33.508] [FileWatcher-1-thread-1/WARN] [net.neoforged.fml.config.ConfigTracker/CONFIG]: Configuration file /Users/caliane/Sources/nuclearcraft/runs/client/config/NuclearCraft/common.toml is not correct. Correcting
[04Mar2026 16:31:35.506] [FileWatcher-1-thread-1/WARN] [net.neoforged.fml.config.ConfigTracker/CONFIG]: Configuration file /Users/caliane/Sources/nuclearcraft/runs/client/config/NuclearCraft/common.toml is not correct. Correcting
[04Mar2026 16:31:37.509] [FileWatcher-1-thread-1/WARN] [net.neoforged.fml.config.ConfigTracker/CONFIG]: Configuration file /Users/caliane/Sources/nuclearcraft/runs/client/config/NuclearCraft/common.toml is not correct. Correcting
[04Mar2026 16:31:39.507] [FileWatcher-1-thread-1/WARN] [net.neoforged.fml.config.ConfigTracker/CONFIG]: Configuration file /Users/caliane/Sources/nuclearcraft/runs/client/config/NuclearCraft/common.toml is not correct. Correcting
[04Mar2026 16:31:41.506] [FileWatcher-1-thread-1/WARN] [net.neoforged.fml.config.ConfigTracker/CONFIG]: Configuration file /Users/caliane/Sources/nuclearcraft/runs/client/config/NuclearCraft/common.toml is not correct. Correcting
[04Mar2026 16:31:43.505] [FileWatcher-1-thread-1/WARN] [net.neoforged.fml.config.ConfigTracker/CONFIG]: Configuration file /Users/caliane/Sources/nuclearcraft/runs/client/config/NuclearCraft/common.toml is not correct. Correcting
[04Mar2026 16:31:45.507] [FileWatcher-1-thread-1/WARN] [net.neoforged.fml.config.ConfigTracker/CONFIG]: Configuration file /Users/caliane/Sources/nuclearcraft/runs/client/config/NuclearCraft/common.toml is not correct. Correcting
[04Mar2026 16:31:47.507] [FileWatcher-1-thread-1/WARN] [net.neoforged.fml.config.ConfigTracker/CONFIG]: Configuration file /Users/caliane/Sources/nuclearcraft/runs/client/config/NuclearCraft/common.toml is not correct. Correcting
[04Mar2026 16:31:49.502] [FileWatcher-1-thread-1/WARN] [net.neoforged.fml.config.ConfigTracker/CONFIG]: Configuration file /Users/caliane/Sources/nuclearcraft/runs/client/config/NuclearCraft/common.toml is not correct. Correcting
[04Mar2026 16:31:51.504] [FileWatcher-1-thread-1/WARN] [net.neoforged.fml.config.ConfigTracker/CONFIG]: Configuration file /Users/caliane/Sources/nuclearcraft/runs/client/config/NuclearCraft/common.toml is not correct. Correcting
[04Mar2026 16:31:53.505] [FileWatcher-1-thread-1/WARN] [net.neoforged.fml.config.ConfigTracker/CONFIG]: Configuration file /Users/caliane/Sources/nuclearcraft/runs/client/config/NuclearCraft/common.toml is not correct. Correcting
[04Mar2026 16:31:55.506] [FileWatcher-1-thread-1/WARN] [net.neoforged.fml.config.ConfigTracker/CONFIG]: Configuration file /Users/caliane/Sources/nuclearcraft/runs/client/config/NuclearCraft/common.toml is not correct. Correcting
[04Mar2026 16:31:57.503] [FileWatcher-1-thread-1/WARN] [net.neoforged.fml.config.ConfigTracker/CONFIG]: Configuration file /Users/caliane/Sources/nuclearcraft/runs/client/config/NuclearCraft/common.toml is not correct. Correcting
[04Mar2026 16:31:59.507] [FileWatcher-1-thread-1/WARN] [net.neoforged.fml.config.ConfigTracker/CONFIG]: Configuration file /Users/caliane/Sources/nuclearcraft/runs/client/config/NuclearCraft/common.toml is not correct. Correcting
[04Mar2026 16:32:01.506] [FileWatcher-1-thread-1/WARN] [net.neoforged.fml.config.ConfigTracker/CONFIG]: Configuration file /Users/caliane/Sources/nuclearcraft/runs/client/config/NuclearCraft/common.toml is not correct. Correcting
[04Mar2026 16:32:03.508] [FileWatcher-1-thread-1/WARN] [net.neoforged.fml.config.ConfigTracker/CONFIG]: Configuration file /Users/caliane/Sources/nuclearcraft/runs/client/config/NuclearCraft/common.toml is not correct. Correcting
[04Mar2026 16:32:05.507] [FileWatcher-1-thread-1/WARN] [net.neoforged.fml.config.ConfigTracker/CONFIG]: Configuration file /Users/caliane/Sources/nuclearcraft/runs/client/config/NuclearCraft/common.toml is not correct. Correcting
[04Mar2026 16:32:07.507] [FileWatcher-1-thread-1/WARN] [net.neoforged.fml.config.ConfigTracker/CONFIG]: Configuration file /Users/caliane/Sources/nuclearcraft/runs/client/config/NuclearCraft/common.toml is not correct. Correcting
[04Mar2026 16:32:09.502] [FileWatcher-1-thread-1/WARN] [net.neoforged.fml.config.ConfigTracker/CONFIG]: Configuration file /Users/caliane/Sources/nuclearcraft/runs/client/config/NuclearCraft/common.toml is not correct. Correcting
[04Mar2026 16:32:11.505] [FileWatcher-1-thread-1/WARN] [net.neoforged.fml.config.ConfigTracker/CONFIG]: Configuration file /Users/caliane/Sources/nuclearcraft/runs/client/config/NuclearCraft/common.toml is not correct. Correcting
[04Mar2026 16:32:13.509] [FileWatcher-1-thread-1/WARN] [net.neoforged.fml.config.ConfigTracker/CONFIG]: Configuration file /Users/caliane/Sources/nuclearcraft/runs/client/config/NuclearCraft/common.toml is not correct. Correcting
[04Mar2026 16:32:15.508] [FileWatcher-1-thread-1/WARN] [net.neoforged.fml.config.ConfigTracker/CONFIG]: Configuration file /Users/caliane/Sources/nuclearcraft/runs/client/config/NuclearCraft/common.toml is not correct. Correcting
[04Mar2026 16:32:17.502] [FileWatcher-1-thread-1/WARN] [net.neoforged.fml.config.ConfigTracker/CONFIG]: Configuration file /Users/caliane/Sources/nuclearcraft/runs/client/config/NuclearCraft/common.toml is not correct. Correcting
[04Mar2026 16:32:19.506] [FileWatcher-1-thread-1/WARN] [net.neoforged.fml.config.ConfigTracker/CONFIG]: Configuration file /Users/caliane/Sources/nuclearcraft/runs/client/config/NuclearCraft/common.toml is not correct. Correcting
[04Mar2026 16:32:21.503] [FileWatcher-1-thread-1/WARN] [net.neoforged.fml.config.ConfigTracker/CONFIG]: Configuration file /Users/caliane/Sources/nuclearcraft/runs/client/config/NuclearCraft/common.toml is not correct. Correcting
[04Mar2026 16:32:23.511] [FileWatcher-1-thread-1/WARN] [net.neoforged.fml.config.ConfigTracker/CONFIG]: Configuration file /Users/caliane/Sources/nuclearcraft/runs/client/config/NuclearCraft/common.toml is not correct. Correcting
[04Mar2026 16:32:25.505] [FileWatcher-1-thread-1/WARN] [net.neoforged.fml.config.ConfigTracker/CONFIG]: Configuration file /Users/caliane/Sources/nuclearcraft/runs/client/config/NuclearCraft/common.toml is not correct. Correcting
[04Mar2026 16:32:27.507] [FileWatcher-1-thread-1/WARN] [net.neoforged.fml.config.ConfigTracker/CONFIG]: Configuration file /Users/caliane/Sources/nuclearcraft/runs/client/config/NuclearCraft/common.toml is not correct. Correcting
[04Mar2026 16:32:29.507] [FileWatcher-1-thread-1/WARN] [net.neoforged.fml.config.ConfigTracker/CONFIG]: Configuration file /Users/caliane/Sources/nuclearcraft/runs/client/config/NuclearCraft/common.toml is not correct. Correcting
[04Mar2026 16:32:31.509] [FileWatcher-1-thread-1/WARN] [net.neoforged.fml.config.ConfigTracker/CONFIG]: Configuration file /Users/caliane/Sources/nuclearcraft/runs/client/config/NuclearCraft/common.toml is not correct. Correcting
[04Mar2026 16:32:33.509] [FileWatcher-1-thread-1/WARN] [net.neoforged.fml.config.ConfigTracker/CONFIG]: Configuration file /Users/caliane/Sources/nuclearcraft/runs/client/config/NuclearCraft/common.toml is not correct. Correcting
[04Mar2026 16:32:35.508] [FileWatcher-1-thread-1/WARN] [net.neoforged.fml.config.ConfigTracker/CONFIG]: Configuration file /Users/caliane/Sources/nuclearcraft/runs/client/config/NuclearCraft/common.toml is not correct. Correcting
[04Mar2026 16:32:37.509] [FileWatcher-1-thread-1/WARN] [net.neoforged.fml.config.ConfigTracker/CONFIG]: Configuration file /Users/caliane/Sources/nuclearcraft/runs/client/config/NuclearCraft/common.toml is not correct. Correcting
[04Mar2026 16:32:39.502] [FileWatcher-1-thread-1/WARN] [net.neoforged.fml.config.ConfigTracker/CONFIG]: Configuration file /Users/caliane/Sources/nuclearcraft/runs/client/config/NuclearCraft/common.toml is not correct. Correcting
[04Mar2026 16:32:41.502] [FileWatcher-1-thread-1/WARN] [net.neoforged.fml.config.ConfigTracker/CONFIG]: Configuration file /Users/caliane/Sources/nuclearcraft/runs/client/config/NuclearCraft/common.toml is not correct. Correcting
[04Mar2026 16:32:43.503] [FileWatcher-1-thread-1/WARN] [net.neoforged.fml.config.ConfigTracker/CONFIG]: Configuration file /Users/caliane/Sources/nuclearcraft/runs/client/config/NuclearCraft/common.toml is not correct. Correcting
[04Mar2026 16:32:45.507] [FileWatcher-1-thread-1/WARN] [net.neoforged.fml.config.ConfigTracker/CONFIG]: Configuration file /Users/caliane/Sources/nuclearcraft/runs/client/config/NuclearCraft/common.toml is not correct. Correcting
[04Mar2026 16:32:47.503] [FileWatcher-1-thread-1/WARN] [net.neoforged.fml.config.ConfigTracker/CONFIG]: Configuration file /Users/caliane/Sources/nuclearcraft/runs/client/config/NuclearCraft/common.toml is not correct. Correcting
[04Mar2026 16:32:49.504] [FileWatcher-1-thread-1/WARN] [net.neoforged.fml.config.ConfigTracker/CONFIG]: Configuration file /Users/caliane/Sources/nuclearcraft/runs/client/config/NuclearCraft/common.toml is not correct. Correcting
[04Mar2026 16:32:51.502] [FileWatcher-1-thread-1/WARN] [net.neoforged.fml.config.ConfigTracker/CONFIG]: Configuration file /Users/caliane/Sources/nuclearcraft/runs/client/config/NuclearCraft/common.toml is not correct. Correcting
[04Mar2026 16:32:53.503] [FileWatcher-1-thread-1/WARN] [net.neoforged.fml.config.ConfigTracker/CONFIG]: Configuration file /Users/caliane/Sources/nuclearcraft/runs/client/config/NuclearCraft/common.toml is not correct. Correcting
[04Mar2026 16:32:55.502] [FileWatcher-1-thread-1/WARN] [net.neoforged.fml.config.ConfigTracker/CONFIG]: Configuration file /Users/caliane/Sources/nuclearcraft/runs/client/config/NuclearCraft/common.toml is not correct. Correcting
[04Mar2026 16:32:57.503] [FileWatcher-1-thread-1/WARN] [net.neoforged.fml.config.ConfigTracker/CONFIG]: Configuration file /Users/caliane/Sources/nuclearcraft/runs/client/config/NuclearCraft/common.toml is not correct. Correcting
[04Mar2026 16:32:59.503] [FileWatcher-1-thread-1/WARN] [net.neoforged.fml.config.ConfigTracker/CONFIG]: Configuration file /Users/caliane/Sources/nuclearcraft/runs/client/config/NuclearCraft/common.toml is not correct. Correcting
[04Mar2026 16:33:01.503] [FileWatcher-1-thread-1/WARN] [net.neoforged.fml.config.ConfigTracker/CONFIG]: Configuration file /Users/caliane/Sources/nuclearcraft/runs/client/config/NuclearCraft/common.toml is not correct. Correcting
[04Mar2026 16:33:03.502] [FileWatcher-1-thread-1/WARN] [net.neoforged.fml.config.ConfigTracker/CONFIG]: Configuration file /Users/caliane/Sources/nuclearcraft/runs/client/config/NuclearCraft/common.toml is not correct. Correcting
[04Mar2026 16:33:05.503] [FileWatcher-1-thread-1/WARN] [net.neoforged.fml.config.ConfigTracker/CONFIG]: Configuration file /Users/caliane/Sources/nuclearcraft/runs/client/config/NuclearCraft/common.toml is not correct. Correcting
[04Mar2026 16:33:07.503] [FileWatcher-1-thread-1/WARN] [net.neoforged.fml.config.ConfigTracker/CONFIG]: Configuration file /Users/caliane/Sources/nuclearcraft/runs/client/config/NuclearCraft/common.toml is not correct. Correcting
[04Mar2026 16:33:09.503] [FileWatcher-1-thread-1/WARN] [net.neoforged.fml.config.ConfigTracker/CONFIG]: Configuration file /Users/caliane/Sources/nuclearcraft/runs/client/config/NuclearCraft/common.toml is not correct. Correcting
[04Mar2026 16:33:11.502] [FileWatcher-1-thread-1/WARN] [net.neoforged.fml.config.ConfigTracker/CONFIG]: Configuration file /Users/caliane/Sources/nuclearcraft/runs/client/config/NuclearCraft/common.toml is not correct. Correcting
[04Mar2026 16:33:13.503] [FileWatcher-1-thread-1/WARN] [net.neoforged.fml.config.ConfigTracker/CONFIG]: Configuration file /Users/caliane/Sources/nuclearcraft/runs/client/config/NuclearCraft/common.toml is not correct. Correcting
[04Mar2026 16:33:15.503] [FileWatcher-1-thread-1/WARN] [net.neoforged.fml.config.ConfigTracker/CONFIG]: Configuration file /Users/caliane/Sources/nuclearcraft/runs/client/config/NuclearCraft/common.toml is not correct. Correcting
[04Mar2026 16:33:17.503] [FileWatcher-1-thread-1/WARN] [net.neoforged.fml.config.ConfigTracker/CONFIG]: Configuration file /Users/caliane/Sources/nuclearcraft/runs/client/config/NuclearCraft/common.toml is not correct. Correcting
[04Mar2026 16:33:19.503] [FileWatcher-1-thread-1/WARN] [net.neoforged.fml.config.ConfigTracker/CONFIG]: Configuration file /Users/caliane/Sources/nuclearcraft/runs/client/config/NuclearCraft/common.toml is not correct. Correcting
[04Mar2026 16:33:21.505] [FileWatcher-1-thread-1/WARN] [net.neoforged.fml.config.ConfigTracker/CONFIG]: Configuration file /Users/caliane/Sources/nuclearcraft/runs/client/config/NuclearCraft/common.toml is not correct. Correcting
[04Mar2026 16:33:23.504] [FileWatcher-1-thread-1/WARN] [net.neoforged.fml.config.ConfigTracker/CONFIG]: Configuration file /Users/caliane/Sources/nuclearcraft/runs/client/config/NuclearCraft/common.toml is not correct. Correcting
[04Mar2026 16:33:25.507] [FileWatcher-1-thread-1/WARN] [net.neoforged.fml.config.ConfigTracker/CONFIG]: Configuration file /Users/caliane/Sources/nuclearcraft/runs/client/config/NuclearCraft/common.toml is not correct. Correcting
[04Mar2026 16:33:27.502] [FileWatcher-1-thread-1/WARN] [net.neoforged.fml.config.ConfigTracker/CONFIG]: Configuration file /Users/caliane/Sources/nuclearcraft/runs/client/config/NuclearCraft/common.toml is not correct. Correcting
[04Mar2026 16:33:29.506] [FileWatcher-1-thread-1/WARN] [net.neoforged.fml.config.ConfigTracker/CONFIG]: Configuration file /Users/caliane/Sources/nuclearcraft/runs/client/config/NuclearCraft/common.toml is not correct. Correcting
[04Mar2026 16:33:31.508] [FileWatcher-1-thread-1/WARN] [net.neoforged.fml.config.ConfigTracker/CONFIG]: Configuration file /Users/caliane/Sources/nuclearcraft/runs/client/config/NuclearCraft/common.toml is not correct. Correcting
[04Mar2026 16:33:33.504] [FileWatcher-1-thread-1/WARN] [net.neoforged.fml.config.ConfigTracker/CONFIG]: Configuration file /Users/caliane/Sources/nuclearcraft/runs/client/config/NuclearCraft/common.toml is not correct. Correcting
[04Mar2026 16:33:35.507] [FileWatcher-1-thread-1/WARN] [net.neoforged.fml.config.ConfigTracker/CONFIG]: Configuration file /Users/caliane/Sources/nuclearcraft/runs/client/config/NuclearCraft/common.toml is not correct. Correcting
[04Mar2026 16:33:37.509] [FileWatcher-1-thread-1/WARN] [net.neoforged.fml.config.ConfigTracker/CONFIG]: Configuration file /Users/caliane/Sources/nuclearcraft/runs/client/config/NuclearCraft/common.toml is not correct. Correcting
[04Mar2026 16:33:39.504] [FileWatcher-1-thread-1/WARN] [net.neoforged.fml.config.ConfigTracker/CONFIG]: Configuration file /Users/caliane/Sources/nuclearcraft/runs/client/config/NuclearCraft/common.toml is not correct. Correcting
[04Mar2026 16:33:41.505] [FileWatcher-1-thread-1/WARN] [net.neoforged.fml.config.ConfigTracker/CONFIG]: Configuration file /Users/caliane/Sources/nuclearcraft/runs/client/config/NuclearCraft/common.toml is not correct. Correcting
[04Mar2026 16:33:43.507] [FileWatcher-1-thread-1/WARN] [net.neoforged.fml.config.ConfigTracker/CONFIG]: Configuration file /Users/caliane/Sources/nuclearcraft/runs/client/config/NuclearCraft/common.toml is not correct. Correcting
[04Mar2026 16:33:45.502] [FileWatcher-1-thread-1/WARN] [net.neoforged.fml.config.ConfigTracker/CONFIG]: Configuration file /Users/caliane/Sources/nuclearcraft/runs/client/config/NuclearCraft/common.toml is not correct. Correcting
[04Mar2026 16:33:47.512] [FileWatcher-1-thread-1/WARN] [net.neoforged.fml.config.ConfigTracker/CONFIG]: Configuration file /Users/caliane/Sources/nuclearcraft/runs/client/config/NuclearCraft/common.toml is not correct. Correcting
[04Mar2026 16:33:49.509] [FileWatcher-1-thread-1/WARN] [net.neoforged.fml.config.ConfigTracker/CONFIG]: Configuration file /Users/caliane/Sources/nuclearcraft/runs/client/config/NuclearCraft/common.toml is not correct. Correcting
[04Mar2026 16:33:51.506] [FileWatcher-1-thread-1/WARN] [net.neoforged.fml.config.ConfigTracker/CONFIG]: Configuration file /Users/caliane/Sources/nuclearcraft/runs/client/config/NuclearCraft/common.toml is not correct. Correcting
[04Mar2026 16:33:53.509] [FileWatcher-1-thread-1/WARN] [net.neoforged.fml.config.ConfigTracker/CONFIG]: Configuration file /Users/caliane/Sources/nuclearcraft/runs/client/config/NuclearCraft/common.toml is not correct. Correcting
[04Mar2026 16:33:55.508] [FileWatcher-1-thread-1/WARN] [net.neoforged.fml.config.ConfigTracker/CONFIG]: Configuration file /Users/caliane/Sources/nuclearcraft/runs/client/config/NuclearCraft/common.toml is not correct. Correcting
[04Mar2026 16:33:57.502] [FileWatcher-1-thread-1/WARN] [net.neoforged.fml.config.ConfigTracker/CONFIG]: Configuration file /Users/caliane/Sources/nuclearcraft/runs/client/config/NuclearCraft/common.toml is not correct. Correcting
[04Mar2026 16:33:59.505] [FileWatcher-1-thread-1/WARN] [net.neoforged.fml.config.ConfigTracker/CONFIG]: Configuration file /Users/caliane/Sources/nuclearcraft/runs/client/config/NuclearCraft/common.toml is not correct. Correcting
[04Mar2026 16:34:01.507] [FileWatcher-1-thread-1/WARN] [net.neoforged.fml.config.ConfigTracker/CONFIG]: Configuration file /Users/caliane/Sources/nuclearcraft/runs/client/config/NuclearCraft/common.toml is not correct. Correcting
[04Mar2026 16:34:03.503] [FileWatcher-1-thread-1/WARN] [net.neoforged.fml.config.ConfigTracker/CONFIG]: Configuration file /Users/caliane/Sources/nuclearcraft/runs/client/config/NuclearCraft/common.toml is not correct. Correcting
[04Mar2026 16:34:05.507] [FileWatcher-1-thread-1/WARN] [net.neoforged.fml.config.ConfigTracker/CONFIG]: Configuration file /Users/caliane/Sources/nuclearcraft/runs/client/config/NuclearCraft/common.toml is not correct. Correcting
[04Mar2026 16:34:07.506] [FileWatcher-1-thread-1/WARN] [net.neoforged.fml.config.ConfigTracker/CONFIG]: Configuration file /Users/caliane/Sources/nuclearcraft/runs/client/config/NuclearCraft/common.toml is not correct. Correcting
[04Mar2026 16:34:09.508] [FileWatcher-1-thread-1/WARN] [net.neoforged.fml.config.ConfigTracker/CONFIG]: Configuration file /Users/caliane/Sources/nuclearcraft/runs/client/config/NuclearCraft/common.toml is not correct. Correcting
[04Mar2026 16:34:11.507] [FileWatcher-1-thread-1/WARN] [net.neoforged.fml.config.ConfigTracker/CONFIG]: Configuration file /Users/caliane/Sources/nuclearcraft/runs/client/config/NuclearCraft/common.toml is not correct. Correcting
[04Mar2026 16:34:13.503] [FileWatcher-1-thread-1/WARN] [net.neoforged.fml.config.ConfigTracker/CONFIG]: Configuration file /Users/caliane/Sources/nuclearcraft/runs/client/config/NuclearCraft/common.toml is not correct. Correcting
[04Mar2026 16:34:15.505] [FileWatcher-1-thread-1/WARN] [net.neoforged.fml.config.ConfigTracker/CONFIG]: Configuration file /Users/caliane/Sources/nuclearcraft/runs/client/config/NuclearCraft/common.toml is not correct. Correcting
[04Mar2026 16:34:17.502] [FileWatcher-1-thread-1/WARN] [net.neoforged.fml.config.ConfigTracker/CONFIG]: Configuration file /Users/caliane/Sources/nuclearcraft/runs/client/config/NuclearCraft/common.toml is not correct. Correcting
[04Mar2026 16:34:19.508] [FileWatcher-1-thread-1/WARN] [net.neoforged.fml.config.ConfigTracker/CONFIG]: Configuration file /Users/caliane/Sources/nuclearcraft/runs/client/config/NuclearCraft/common.toml is not correct. Correcting
[04Mar2026 16:34:21.505] [FileWatcher-1-thread-1/WARN] [net.neoforged.fml.config.ConfigTracker/CONFIG]: Configuration file /Users/caliane/Sources/nuclearcraft/runs/client/config/NuclearCraft/common.toml is not correct. Correcting
[04Mar2026 16:34:23.507] [FileWatcher-1-thread-1/WARN] [net.neoforged.fml.config.ConfigTracker/CONFIG]: Configuration file /Users/caliane/Sources/nuclearcraft/runs/client/config/NuclearCraft/common.toml is not correct. Correcting
[04Mar2026 16:34:25.502] [FileWatcher-1-thread-1/WARN] [net.neoforged.fml.config.ConfigTracker/CONFIG]: Configuration file /Users/caliane/Sources/nuclearcraft/runs/client/config/NuclearCraft/common.toml is not correct. Correcting
[04Mar2026 16:34:27.510] [FileWatcher-1-thread-1/WARN] [net.neoforged.fml.config.ConfigTracker/CONFIG]: Configuration file /Users/caliane/Sources/nuclearcraft/runs/client/config/NuclearCraft/common.toml is not correct. Correcting
[04Mar2026 16:34:29.507] [FileWatcher-1-thread-1/WARN] [net.neoforged.fml.config.ConfigTracker/CONFIG]: Configuration file /Users/caliane/Sources/nuclearcraft/runs/client/config/NuclearCraft/common.toml is not correct. Correcting
[04Mar2026 16:34:31.512] [FileWatcher-1-thread-1/WARN] [net.neoforged.fml.config.ConfigTracker/CONFIG]: Configuration file /Users/caliane/Sources/nuclearcraft/runs/client/config/NuclearCraft/common.toml is not correct. Correcting
[04Mar2026 16:34:33.506] [FileWatcher-1-thread-1/WARN] [net.neoforged.fml.config.ConfigTracker/CONFIG]: Configuration file /Users/caliane/Sources/nuclearcraft/runs/client/config/NuclearCraft/common.toml is not correct. Correcting
[04Mar2026 16:34:35.505] [FileWatcher-1-thread-1/WARN] [net.neoforged.fml.config.ConfigTracker/CONFIG]: Configuration file /Users/caliane/Sources/nuclearcraft/runs/client/config/NuclearCraft/common.toml is not correct. Correcting
[04Mar2026 16:34:37.507] [FileWatcher-1-thread-1/WARN] [net.neoforged.fml.config.ConfigTracker/CONFIG]: Configuration file /Users/caliane/Sources/nuclearcraft/runs/client/config/NuclearCraft/common.toml is not correct. Correcting
[04Mar2026 16:34:39.507] [FileWatcher-1-thread-1/WARN] [net.neoforged.fml.config.ConfigTracker/CONFIG]: Configuration file /Users/caliane/Sources/nuclearcraft/runs/client/config/NuclearCraft/common.toml is not correct. Correcting
[04Mar2026 16:34:41.504] [FileWatcher-1-thread-1/WARN] [net.neoforged.fml.config.ConfigTracker/CONFIG]: Configuration file /Users/caliane/Sources/nuclearcraft/runs/client/config/NuclearCraft/common.toml is not correct. Correcting
[04Mar2026 16:34:43.503] [FileWatcher-1-thread-1/WARN] [net.neoforged.fml.config.ConfigTracker/CONFIG]: Configuration file /Users/caliane/Sources/nuclearcraft/runs/client/config/NuclearCraft/common.toml is not correct. Correcting
[04Mar2026 16:34:45.502] [FileWatcher-1-thread-1/WARN] [net.neoforged.fml.config.ConfigTracker/CONFIG]: Configuration file /Users/caliane/Sources/nuclearcraft/runs/client/config/NuclearCraft/common.toml is not correct. Correcting
[04Mar2026 16:34:47.508] [FileWatcher-1-thread-1/WARN] [net.neoforged.fml.config.ConfigTracker/CONFIG]: Configuration file /Users/caliane/Sources/nuclearcraft/runs/client/config/NuclearCraft/common.toml is not correct. Correcting
[04Mar2026 16:34:49.505] [FileWatcher-1-thread-1/WARN] [net.neoforged.fml.config.ConfigTracker/CONFIG]: Configuration file /Users/caliane/Sources/nuclearcraft/runs/client/config/NuclearCraft/common.toml is not correct. Correcting
[04Mar2026 16:34:51.510] [FileWatcher-1-thread-1/WARN] [net.neoforged.fml.config.ConfigTracker/CONFIG]: Configuration file /Users/caliane/Sources/nuclearcraft/runs/client/config/NuclearCraft/common.toml is not correct. Correcting
[04Mar2026 16:34:53.503] [FileWatcher-1-thread-1/WARN] [net.neoforged.fml.config.ConfigTracker/CONFIG]: Configuration file /Users/caliane/Sources/nuclearcraft/runs/client/config/NuclearCraft/common.toml is not correct. Correcting
[04Mar2026 16:34:55.507] [FileWatcher-1-thread-1/WARN] [net.neoforged.fml.config.ConfigTracker/CONFIG]: Configuration file /Users/caliane/Sources/nuclearcraft/runs/client/config/NuclearCraft/common.toml is not correct. Correcting
[04Mar2026 16:34:57.506] [FileWatcher-1-thread-1/WARN] [net.neoforged.fml.config.ConfigTracker/CONFIG]: Configuration file /Users/caliane/Sources/nuclearcraft/runs/client/config/NuclearCraft/common.toml is not correct. Correcting
[04Mar2026 16:34:59.503] [FileWatcher-1-thread-1/WARN] [net.neoforged.fml.config.ConfigTracker/CONFIG]: Configuration file /Users/caliane/Sources/nuclearcraft/runs/client/config/NuclearCraft/common.toml is not correct. Correcting
[04Mar2026 16:35:01.511] [FileWatcher-1-thread-1/WARN] [net.neoforged.fml.config.ConfigTracker/CONFIG]: Configuration file /Users/caliane/Sources/nuclearcraft/runs/client/config/NuclearCraft/common.toml is not correct. Correcting
[04Mar2026 16:35:03.504] [FileWatcher-1-thread-1/WARN] [net.neoforged.fml.config.ConfigTracker/CONFIG]: Configuration file /Users/caliane/Sources/nuclearcraft/runs/client/config/NuclearCraft/common.toml is not correct. Correcting
[04Mar2026 16:35:05.504] [FileWatcher-1-thread-1/WARN] [net.neoforged.fml.config.ConfigTracker/CONFIG]: Configuration file /Users/caliane/Sources/nuclearcraft/runs/client/config/NuclearCraft/common.toml is not correct. Correcting
[04Mar2026 16:35:07.504] [FileWatcher-1-thread-1/WARN] [net.neoforged.fml.config.ConfigTracker/CONFIG]: Configuration file /Users/caliane/Sources/nuclearcraft/runs/client/config/NuclearCraft/common.toml is not correct. Correcting
[04Mar2026 16:35:09.504] [FileWatcher-1-thread-1/WARN] [net.neoforged.fml.config.ConfigTracker/CONFIG]: Configuration file /Users/caliane/Sources/nuclearcraft/runs/client/config/NuclearCraft/common.toml is not correct. Correcting
[04Mar2026 16:35:11.507] [FileWatcher-1-thread-1/WARN] [net.neoforged.fml.config.ConfigTracker/CONFIG]: Configuration file /Users/caliane/Sources/nuclearcraft/runs/client/config/NuclearCraft/common.toml is not correct. Correcting
[04Mar2026 16:35:13.502] [FileWatcher-1-thread-1/WARN] [net.neoforged.fml.config.ConfigTracker/CONFIG]: Configuration file /Users/caliane/Sources/nuclearcraft/runs/client/config/NuclearCraft/common.toml is not correct. Correcting
[04Mar2026 16:35:15.507] [FileWatcher-1-thread-1/WARN] [net.neoforged.fml.config.ConfigTracker/CONFIG]: Configuration file /Users/caliane/Sources/nuclearcraft/runs/client/config/NuclearCraft/common.toml is not correct. Correcting
[04Mar2026 16:35:17.264] [Render thread/INFO] [net.minecraft.client.Minecraft/]: Stopping!
